
=== 2026-09-05T17:05:29.856935 | batch=8 ===
UYARI: tensorflow_addons yüklü değil. Histogram eşitleme devre dışı.

============================================================
                    YAPILANDIRMA
============================================================
  Veri Dizini:        E:\temp\tez__ayna\python_calismalar\larger-google-sat2maps-dataset\islenmis\sonuclar_19
  Giris Renk Modu:    grayscale (1 kanal)
  Cikis Renk Modu:    grayscale (1 kanal)
  Görüntü Boyutu:     544x544
  Model Tipi:         flat_bottleneck
  Önceden Eğitilmiş:  Yok
  Gizli Aktivasyon:   elu
  Cikis Aktivasyonu:  sigmoid
  Filtre Sayısı:      48
  Kernel Boyutu:      (4, 4)
  Stride:             (1, 1)
  Batch Size:         8
  Epochs:             6
  Learning Rate:      0.001
  Optimizer:          adam
  Loss:               weighted_hybrid
  Train/Val Split:    0.9/0.09999999999999998
  Random Seed:        42
============================================================

Veri setleri oluşturuluyor...
Toplam dosya sayısı: 6716
?? Dosya doğrulama: CACHE MODUNDA
? Cache'den yüklendi: 6716 geçerli dosya
Eğitim seti: 6044 görüntü
Doğrulama seti: 672 görüntü
Bos karo filtresi aktif: white>=245.0, max_white_ratio=0.99, min_dark_ratio=0.005
2026-09-05 17:05:32.015499: W tensorflow/core/common_runtime/gpu/gpu_device.cc:2027] TensorFlow was not built with CUDA kernel binaries compatible with compute capability 12.0. CUDA kernels will be jit-compiled from PTX, which could take 30 minutes or longer.
2026-09-05 17:05:32.015981: I tensorflow/core/platform/cpu_feature_guard.cc:193] This TensorFlow binary is optimized with oneAPI Deep Neural Network Library (oneDNN) to use the following CPU instructions in performance-critical operations:  AVX AVX2
To enable them in other operations, rebuild TensorFlow with the appropriate compiler flags.
2026-09-05 17:05:32.016907: W tensorflow/core/common_runtime/gpu/gpu_device.cc:2027] TensorFlow was not built with CUDA kernel binaries compatible with compute capability 12.0. CUDA kernels will be jit-compiled from PTX, which could take 30 minutes or longer.
2026-09-05 17:07:51.188998: I tensorflow/core/common_runtime/gpu/gpu_device.cc:1616] Created device /job:localhost/replica:0/task:0/device:GPU:0 with 13500 MB memory:  -> device: 0, name: NVIDIA GeForce RTX 5060 Ti, pci bus id: 0000:01:00.0, compute capability: 12.0
Giriş boyutu: (544, 544, 1)
Model oluşturuluyor: flat_bottleneck
Model: "model"
_________________________________________________________________
 Layer (type)                Output Shape              Param #   
=================================================================
 input_1 (InputLayer)        [(None, 544, 544, 1)]     0         
                                                                 
 conv2d (Conv2D)             (None, 544, 544, 48)      816       
                                                                 
 conv2d_1 (Conv2D)           (None, 544, 544, 24)      18456     
                                                                 
 conv2d_2 (Conv2D)           (None, 544, 544, 12)      4620      
                                                                 
 conv2d_transpose (Conv2DTra  (None, 544, 544, 12)     2316      
 nspose)                                                         
                                                                 
 conv2d_transpose_1 (Conv2DT  (None, 544, 544, 24)     4632      
 ranspose)                                                       
                                                                 
 conv2d_transpose_2 (Conv2DT  (None, 544, 544, 48)     18480     
 ranspose)                                                       
                                                                 
 model_output (Conv2D)       (None, 544, 544, 1)       769       
                                                                 
=================================================================
Total params: 50,089
Trainable params: 50,089
Non-trainable params: 0
_________________________________________________________________

============================================================
                    EĞİTİM BLIYOR
============================================================

Epoch 1/6
2026-09-05 17:09:05.783585: I tensorflow/stream_executor/cuda/cuda_dnn.cc:384] Loaded cuDNN version 8100

      1/Unknown - 305s 305s/step - loss: 0.5847 - mae: 0.4163 - mse: 0.1984 - ssim_metric: 0.1647
      2/Unknown - 305s 411ms/step - loss: 0.5492 - mae: 0.5047 - mse: 0.2922 - ssim_metric: 0.1590
      3/Unknown - 306s 412ms/step - loss: 0.5618 - mae: 0.6022 - mse: 0.4296 - ssim_metric: 0.1339
      4/Unknown - 306s 412ms/step - loss: 0.5316 - mae: 0.6175 - mse: 0.4604 - ssim_metric: 0.1316
      5/Unknown - 307s 412ms/step - loss: 0.5147 - mae: 0.6302 - mse: 0.4855 - ssim_metric: 0.1255
      6/Unknown - 307s 412ms/step - loss: 0.4998 - mae: 0.6492 - mse: 0.5215 - ssim_metric: 0.1335
      7/Unknown - 307s 412ms/step - loss: 0.4892 - mae: 0.6680 - mse: 0.5575 - ssim_metric: 0.1350
      8/Unknown - 308s 412ms/step - loss: 0.4815 - mae: 0.6835 - mse: 0.5864 - ssim_metric: 0.1391
      9/Unknown - 308s 412ms/step - loss: 0.4684 - mae: 0.6890 - mse: 0.6024 - ssim_metric: 0.1472
     10/Unknown - 309s 412ms/step - loss: 0.4937 - mae: 0.7140 - mse: 0.6360 - ssim_metric: 0.1361
     11/Unknown - 309s 412ms/step - loss: 0.4930 - mae: 0.7248 - mse: 0.6538 - ssim_metric: 0.1342
     12/Unknown - 309s 412ms/step - loss: 0.4883 - mae: 0.7310 - mse: 0.6658 - ssim_metric: 0.1353
     13/Unknown - 310s 412ms/step - loss: 0.4916 - mae: 0.7410 - mse: 0.6809 - ssim_metric: 0.1327
     14/Unknown - 310s 412ms/step - loss: 0.4868 - mae: 0.7445 - mse: 0.6886 - ssim_metric: 0.1347
     15/Unknown - 311s 412ms/step - loss: 0.4887 - mae: 0.7518 - mse: 0.6995 - ssim_metric: 0.1326
     16/Unknown - 311s 412ms/step - loss: 0.4941 - mae: 0.7600 - mse: 0.7111 - ssim_metric: 0.1295
     17/Unknown - 312s 412ms/step - loss: 0.5025 - mae: 0.7690 - mse: 0.7229 - ssim_metric: 0.1259
     18/Unknown - 312s 412ms/step - loss: 0.5042 - mae: 0.7741 - mse: 0.7306 - ssim_metric: 0.1242
     19/Unknown - 312s 412ms/step - loss: 0.5082 - mae: 0.7801 - mse: 0.7389 - ssim_metric: 0.1218
     20/Unknown - 313s 412ms/step - loss: 0.5049 - mae: 0.7813 - mse: 0.7422 - ssim_metric: 0.1234
     21/Unknown - 313s 412ms/step - loss: 0.4990 - mae: 0.7800 - mse: 0.7426 - ssim_metric: 0.1269
     22/Unknown - 314s 412ms/step - loss: 0.4962 - mae: 0.7810 - mse: 0.7453 - ssim_metric: 0.1282
     23/Unknown - 314s 412ms/step - loss: 0.5005 - mae: 0.7859 - mse: 0.7518 - ssim_metric: 0.1260
     24/Unknown - 314s 412ms/step - loss: 0.4946 - mae: 0.7834 - mse: 0.7507 - ssim_metric: 0.1292
     25/Unknown - 315s 412ms/step - loss: 0.4910 - mae: 0.7830 - mse: 0.7516 - ssim_metric: 0.1311
     26/Unknown - 315s 412ms/step - loss: 0.4884 - mae: 0.7833 - mse: 0.7531 - ssim_metric: 0.1325
     27/Unknown - 316s 412ms/step - loss: 0.4831 - mae: 0.7808 - mse: 0.7517 - ssim_metric: 0.1360
     28/Unknown - 316s 412ms/step - loss: 0.4806 - mae: 0.7808 - mse: 0.7528 - ssim_metric: 0.1373
     29/Unknown - 317s 412ms/step - loss: 0.4858 - mae: 0.7853 - mse: 0.7582 - ssim_metric: 0.1348
     30/Unknown - 317s 412ms/step - loss: 0.4892 - mae: 0.7888 - mse: 0.7626 - ssim_metric: 0.1330
     31/Unknown - 317s 412ms/step - loss: 0.4859 - mae: 0.7879 - mse: 0.7626 - ssim_metric: 0.1353
     32/Unknown - 318s 412ms/step - loss: 0.4842 - mae: 0.7881 - mse: 0.7636 - ssim_metric: 0.1358
     33/Unknown - 318s 412ms/step - loss: 0.4884 - mae: 0.7917 - mse: 0.7679 - ssim_metric: 0.1339
     34/Unknown - 319s 412ms/step - loss: 0.4857 - mae: 0.7909 - mse: 0.7679 - ssim_metric: 0.1352
     35/Unknown - 319s 412ms/step - loss: 0.4819 - mae: 0.7890 - mse: 0.7666 - ssim_metric: 0.1376
     36/Unknown - 319s 412ms/step - loss: 0.4816 - mae: 0.7900 - mse: 0.7682 - ssim_metric: 0.1374
     37/Unknown - 320s 412ms/step - loss: 0.4811 - mae: 0.7909 - mse: 0.7697 - ssim_metric: 0.1374
     38/Unknown - 320s 412ms/step - loss: 0.4798 - mae: 0.7910 - mse: 0.7703 - ssim_metric: 0.1379
     39/Unknown - 321s 412ms/step - loss: 0.4828 - mae: 0.7937 - mse: 0.7735 - ssim_metric: 0.1362
     40/Unknown - 321s 412ms/step - loss: 0.4862 - mae: 0.7964 - mse: 0.7768 - ssim_metric: 0.1343
     41/Unknown - 321s 412ms/step - loss: 0.4881 - mae: 0.7984 - mse: 0.7793 - ssim_metric: 0.1331
     42/Unknown - 322s 412ms/step - loss: 0.4900 - mae: 0.8004 - mse: 0.7817 - ssim_metric: 0.1320
     43/Unknown - 322s 412ms/step - loss: 0.4934 - mae: 0.8029 - mse: 0.7847 - ssim_metric: 0.1303
     44/Unknown - 323s 412ms/step - loss: 0.4928 - mae: 0.8034 - mse: 0.7855 - ssim_metric: 0.1305
     45/Unknown - 323s 412ms/step - loss: 0.4947 - mae: 0.8052 - mse: 0.7878 - ssim_metric: 0.1297
     46/Unknown - 324s 412ms/step - loss: 0.4953 - mae: 0.8064 - mse: 0.7894 - ssim_metric: 0.1295
     47/Unknown - 324s 412ms/step - loss: 0.4965 - mae: 0.8079 - mse: 0.7912 - ssim_metric: 0.1286
     48/Unknown - 324s 412ms/step - loss: 0.4954 - mae: 0.8078 - mse: 0.7914 - ssim_metric: 0.1289
     49/Unknown - 325s 412ms/step - loss: 0.4929 - mae: 0.8064 - mse: 0.7904 - ssim_metric: 0.1304
     50/Unknown - 325s 412ms/step - loss: 0.4915 - mae: 0.8060 - mse: 0.7903 - ssim_metric: 0.1307
     51/Unknown - 326s 412ms/step - loss: 0.4896 - mae: 0.8052 - mse: 0.7898 - ssim_metric: 0.1318
     52/Unknown - 326s 412ms/step - loss: 0.4895 - mae: 0.8058 - mse: 0.7907 - ssim_metric: 0.1316
     53/Unknown - 326s 412ms/step - loss: 0.4885 - mae: 0.8057 - mse: 0.7909 - ssim_metric: 0.1320
     54/Unknown - 327s 412ms/step - loss: 0.4896 - mae: 0.8069 - mse: 0.7924 - ssim_metric: 0.1312
     55/Unknown - 327s 412ms/step - loss: 0.4897 - mae: 0.8075 - mse: 0.7932 - ssim_metric: 0.1310
     56/Unknown - 328s 412ms/step - loss: 0.4884 - mae: 0.8071 - mse: 0.7931 - ssim_metric: 0.1318
     57/Unknown - 328s 412ms/step - loss: 0.4879 - mae: 0.8073 - mse: 0.7935 - ssim_metric: 0.1319
     58/Unknown - 328s 412ms/step - loss: 0.4881 - mae: 0.8079 - mse: 0.7944 - ssim_metric: 0.1315
     59/Unknown - 329s 412ms/step - loss: 0.4880 - mae: 0.8083 - mse: 0.7950 - ssim_metric: 0.1312
     60/Unknown - 329s 412ms/step - loss: 0.4867 - mae: 0.8079 - mse: 0.7948 - ssim_metric: 0.1321
     61/Unknown - 330s 412ms/step - loss: 0.4863 - mae: 0.8080 - mse: 0.7952 - ssim_metric: 0.1321
     62/Unknown - 330s 412ms/step - loss: 0.4859 - mae: 0.8082 - mse: 0.7956 - ssim_metric: 0.1320
     63/Unknown - 331s 412ms/step - loss: 0.4844 - mae: 0.8075 - mse: 0.7950 - ssim_metric: 0.1330
     64/Unknown - 331s 412ms/step - loss: 0.4826 - mae: 0.8064 - mse: 0.7942 - ssim_metric: 0.1342
     65/Unknown - 331s 412ms/step - loss: 0.4857 - mae: 0.8083 - mse: 0.7962 - ssim_metric: 0.1329
     66/Unknown - 332s 412ms/step - loss: 0.4871 - mae: 0.8095 - mse: 0.7976 - ssim_metric: 0.1321
     67/Unknown - 332s 412ms/step - loss: 0.4856 - mae: 0.8087 - mse: 0.7970 - ssim_metric: 0.1328
     68/Unknown - 333s 412ms/step - loss: 0.4853 - mae: 0.8089 - mse: 0.7974 - ssim_metric: 0.1329
     69/Unknown - 333s 412ms/step - loss: 0.4851 - mae: 0.8091 - mse: 0.7978 - ssim_metric: 0.1329
     70/Unknown - 333s 412ms/step - loss: 0.4872 - mae: 0.8106 - mse: 0.7993 - ssim_metric: 0.1319
     71/Unknown - 334s 412ms/step - loss: 0.4874 - mae: 0.8111 - mse: 0.8000 - ssim_metric: 0.1317
     72/Unknown - 334s 412ms/step - loss: 0.4864 - mae: 0.8106 - mse: 0.7997 - ssim_metric: 0.1321
     73/Unknown - 335s 412ms/step - loss: 0.4879 - mae: 0.8118 - mse: 0.8011 - ssim_metric: 0.1314
     74/Unknown - 335s 412ms/step - loss: 0.4886 - mae: 0.8125 - mse: 0.8019 - ssim_metric: 0.1310
     75/Unknown - 335s 412ms/step - loss: 0.4891 - mae: 0.8132 - mse: 0.8027 - ssim_metric: 0.1305
     76/Unknown - 336s 412ms/step - loss: 0.4898 - mae: 0.8139 - mse: 0.8036 - ssim_metric: 0.1301
     77/Unknown - 336s 412ms/step - loss: 0.4893 - mae: 0.8138 - mse: 0.8036 - ssim_metric: 0.1303
     78/Unknown - 337s 412ms/step - loss: 0.4896 - mae: 0.8144 - mse: 0.8043 - ssim_metric: 0.1300
     79/Unknown - 337s 412ms/step - loss: 0.4909 - mae: 0.8153 - mse: 0.8054 - ssim_metric: 0.1293
     80/Unknown - 338s 412ms/step - loss: 0.4907 - mae: 0.8155 - mse: 0.8057 - ssim_metric: 0.1292
     81/Unknown - 338s 412ms/step - loss: 0.4916 - mae: 0.8163 - mse: 0.8066 - ssim_metric: 0.1287
     82/Unknown - 338s 412ms/step - loss: 0.4914 - mae: 0.8165 - mse: 0.8069 - ssim_metric: 0.1288
     83/Unknown - 339s 412ms/step - loss: 0.4938 - mae: 0.8178 - mse: 0.8084 - ssim_metric: 0.1277
     84/Unknown - 339s 412ms/step - loss: 0.4956 - mae: 0.8189 - mse: 0.8096 - ssim_metric: 0.1269
     85/Unknown - 340s 412ms/step - loss: 0.4950 - mae: 0.8188 - mse: 0.8096 - ssim_metric: 0.1273
     86/Unknown - 340s 412ms/step - loss: 0.4956 - mae: 0.8195 - mse: 0.8103 - ssim_metric: 0.1268
     87/Unknown - 340s 412ms/step - loss: 0.4955 - mae: 0.8196 - mse: 0.8106 - ssim_metric: 0.1267
     88/Unknown - 341s 412ms/step - loss: 0.4943 - mae: 0.8189 - mse: 0.8100 - ssim_metric: 0.1274
     89/Unknown - 341s 412ms/step - loss: 0.4937 - mae: 0.8187 - mse: 0.8099 - ssim_metric: 0.1276
     90/Unknown - 342s 412ms/step - loss: 0.4917 - mae: 0.8172 - mse: 0.8085 - ssim_metric: 0.1290
     91/Unknown - 342s 412ms/step - loss: 0.4918 - mae: 0.8175 - mse: 0.8088 - ssim_metric: 0.1289
     92/Unknown - 342s 412ms/step - loss: 0.4910 - mae: 0.8171 - mse: 0.8086 - ssim_metric: 0.1292
     93/Unknown - 343s 412ms/step - loss: 0.4904 - mae: 0.8169 - mse: 0.8085 - ssim_metric: 0.1295
     94/Unknown - 343s 413ms/step - loss: 0.4922 - mae: 0.8180 - mse: 0.8097 - ssim_metric: 0.1286
     95/Unknown - 344s 413ms/step - loss: 0.4933 - mae: 0.8188 - mse: 0.8106 - ssim_metric: 0.1281
     96/Unknown - 344s 413ms/step - loss: 0.4956 - mae: 0.8201 - mse: 0.8119 - ssim_metric: 0.1271
     97/Unknown - 345s 413ms/step - loss: 0.4940 - mae: 0.8189 - mse: 0.8108 - ssim_metric: 0.1283
     98/Unknown - 345s 413ms/step - loss: 0.4935 - mae: 0.8188 - mse: 0.8108 - ssim_metric: 0.1285
     99/Unknown - 345s 413ms/step - loss: 0.4947 - mae: 0.8196 - mse: 0.8117 - ssim_metric: 0.1279
    100/Unknown - 346s 412ms/step - loss: 0.4939 - mae: 0.8192 - mse: 0.8114 - ssim_metric: 0.1284
    101/Unknown - 346s 412ms/step - loss: 0.4957 - mae: 0.8203 - mse: 0.8125 - ssim_metric: 0.1276
    102/Unknown - 347s 412ms/step - loss: 0.4955 - mae: 0.8204 - mse: 0.8127 - ssim_metric: 0.1276
    103/Unknown - 347s 413ms/step - loss: 0.4944 - mae: 0.8198 - mse: 0.8121 - ssim_metric: 0.1284
    104/Unknown - 347s 413ms/step - loss: 0.4950 - mae: 0.8203 - mse: 0.8128 - ssim_metric: 0.1280
    105/Unknown - 348s 413ms/step - loss: 0.4968 - mae: 0.8213 - mse: 0.8138 - ssim_metric: 0.1272
    106/Unknown - 348s 413ms/step - loss: 0.4957 - mae: 0.8207 - mse: 0.8133 - ssim_metric: 0.1277
    107/Unknown - 349s 413ms/step - loss: 0.4945 - mae: 0.8200 - mse: 0.8126 - ssim_metric: 0.1287
    108/Unknown - 349s 413ms/step - loss: 0.4953 - mae: 0.8206 - mse: 0.8133 - ssim_metric: 0.1282
    109/Unknown - 350s 413ms/step - loss: 0.4949 - mae: 0.8205 - mse: 0.8133 - ssim_metric: 0.1284
    110/Unknown - 350s 413ms/step - loss: 0.4947 - mae: 0.8206 - mse: 0.8135 - ssim_metric: 0.1284
    111/Unknown - 350s 413ms/step - loss: 0.4939 - mae: 0.8202 - mse: 0.8131 - ssim_metric: 0.1288
    112/Unknown - 351s 413ms/step - loss: 0.4947 - mae: 0.8208 - mse: 0.8138 - ssim_metric: 0.1283
    113/Unknown - 351s 413ms/step - loss: 0.4950 - mae: 0.8211 - mse: 0.8142 - ssim_metric: 0.1280
    114/Unknown - 352s 413ms/step - loss: 0.4955 - mae: 0.8216 - mse: 0.8147 - ssim_metric: 0.1276
    115/Unknown - 352s 413ms/step - loss: 0.4942 - mae: 0.8206 - mse: 0.8138 - ssim_metric: 0.1285
    116/Unknown - 352s 413ms/step - loss: 0.4938 - mae: 0.8206 - mse: 0.8138 - ssim_metric: 0.1287
    117/Unknown - 353s 413ms/step - loss: 0.4934 - mae: 0.8204 - mse: 0.8137 - ssim_metric: 0.1288
    118/Unknown - 353s 413ms/step - loss: 0.4934 - mae: 0.8206 - mse: 0.8140 - ssim_metric: 0.1287
    119/Unknown - 354s 413ms/step - loss: 0.4924 - mae: 0.8199 - mse: 0.8133 - ssim_metric: 0.1292
    120/Unknown - 354s 413ms/step - loss: 0.4919 - mae: 0.8197 - mse: 0.8132 - ssim_metric: 0.1295
    121/Unknown - 354s 413ms/step - loss: 0.4924 - mae: 0.8202 - mse: 0.8137 - ssim_metric: 0.1293
    122/Unknown - 355s 413ms/step - loss: 0.4934 - mae: 0.8208 - mse: 0.8144 - ssim_metric: 0.1288
    123/Unknown - 355s 413ms/step - loss: 0.4940 - mae: 0.8213 - mse: 0.8150 - ssim_metric: 0.1285
    124/Unknown - 356s 413ms/step - loss: 0.4949 - mae: 0.8220 - mse: 0.8157 - ssim_metric: 0.1280
    125/Unknown - 356s 413ms/step - loss: 0.4947 - mae: 0.8220 - mse: 0.8157 - ssim_metric: 0.1280
    126/Unknown - 357s 413ms/step - loss: 0.4939 - mae: 0.8215 - mse: 0.8153 - ssim_metric: 0.1284
    127/Unknown - 357s 413ms/step - loss: 0.4937 - mae: 0.8215 - mse: 0.8153 - ssim_metric: 0.1285
    128/Unknown - 357s 413ms/step - loss: 0.4955 - mae: 0.8225 - mse: 0.8163 - ssim_metric: 0.1278
    129/Unknown - 358s 413ms/step - loss: 0.4962 - mae: 0.8230 - mse: 0.8169 - ssim_metric: 0.1275
    130/Unknown - 358s 413ms/step - loss: 0.4968 - mae: 0.8235 - mse: 0.8174 - ssim_metric: 0.1271
    131/Unknown - 359s 413ms/step - loss: 0.4963 - mae: 0.8233 - mse: 0.8173 - ssim_metric: 0.1275
    132/Unknown - 359s 413ms/step - loss: 0.4953 - mae: 0.8226 - mse: 0.8166 - ssim_metric: 0.1281
    133/Unknown - 359s 413ms/step - loss: 0.4945 - mae: 0.8221 - mse: 0.8162 - ssim_metric: 0.1284
    134/Unknown - 360s 413ms/step - loss: 0.4951 - mae: 0.8226 - mse: 0.8167 - ssim_metric: 0.1281
    135/Unknown - 360s 413ms/step - loss: 0.4948 - mae: 0.8225 - mse: 0.8167 - ssim_metric: 0.1281
    136/Unknown - 361s 413ms/step - loss: 0.4946 - mae: 0.8225 - mse: 0.8167 - ssim_metric: 0.1283
    137/Unknown - 361s 413ms/step - loss: 0.4936 - mae: 0.8219 - mse: 0.8162 - ssim_metric: 0.1289
    138/Unknown - 361s 413ms/step - loss: 0.4940 - mae: 0.8223 - mse: 0.8166 - ssim_metric: 0.1286
    139/Unknown - 362s 413ms/step - loss: 0.4934 - mae: 0.8219 - mse: 0.8163 - ssim_metric: 0.1290
    140/Unknown - 362s 413ms/step - loss: 0.4935 - mae: 0.8221 - mse: 0.8165 - ssim_metric: 0.1289
    141/Unknown - 363s 413ms/step - loss: 0.4936 - mae: 0.8223 - mse: 0.8167 - ssim_metric: 0.1287
    142/Unknown - 363s 413ms/step - loss: 0.4933 - mae: 0.8222 - mse: 0.8167 - ssim_metric: 0.1288
    143/Unknown - 364s 413ms/step - loss: 0.4920 - mae: 0.8212 - mse: 0.8157 - ssim_metric: 0.1298
    144/Unknown - 364s 413ms/step - loss: 0.4920 - mae: 0.8213 - mse: 0.8159 - ssim_metric: 0.1297
    145/Unknown - 364s 413ms/step - loss: 0.4918 - mae: 0.8213 - mse: 0.8158 - ssim_metric: 0.1298
    146/Unknown - 365s 413ms/step - loss: 0.4917 - mae: 0.8213 - mse: 0.8160 - ssim_metric: 0.1297
    147/Unknown - 365s 413ms/step - loss: 0.4919 - mae: 0.8216 - mse: 0.8162 - ssim_metric: 0.1296
    148/Unknown - 366s 413ms/step - loss: 0.4917 - mae: 0.8216 - mse: 0.8162 - ssim_metric: 0.1297
    149/Unknown - 366s 413ms/step - loss: 0.4923 - mae: 0.8220 - mse: 0.8167 - ssim_metric: 0.1293
    150/Unknown - 366s 413ms/step - loss: 0.4923 - mae: 0.8221 - mse: 0.8169 - ssim_metric: 0.1292
    151/Unknown - 367s 413ms/step - loss: 0.4928 - mae: 0.8225 - mse: 0.8173 - ssim_metric: 0.1290
    152/Unknown - 367s 413ms/step - loss: 0.4938 - mae: 0.8231 - mse: 0.8179 - ssim_metric: 0.1285
    153/Unknown - 368s 413ms/step - loss: 0.4935 - mae: 0.8230 - mse: 0.8179 - ssim_metric: 0.1286
    154/Unknown - 368s 413ms/step - loss: 0.4931 - mae: 0.8228 - mse: 0.8177 - ssim_metric: 0.1288
    155/Unknown - 368s 413ms/step - loss: 0.4927 - mae: 0.8227 - mse: 0.8176 - ssim_metric: 0.1290
    156/Unknown - 369s 413ms/step - loss: 0.4931 - mae: 0.8230 - mse: 0.8180 - ssim_metric: 0.1288
    157/Unknown - 369s 413ms/step - loss: 0.4922 - mae: 0.8224 - mse: 0.8174 - ssim_metric: 0.1295
    158/Unknown - 370s 413ms/step - loss: 0.4921 - mae: 0.8225 - mse: 0.8175 - ssim_metric: 0.1295
    159/Unknown - 370s 413ms/step - loss: 0.4915 - mae: 0.8221 - mse: 0.8172 - ssim_metric: 0.1298
    160/Unknown - 371s 413ms/step - loss: 0.4913 - mae: 0.8220 - mse: 0.8171 - ssim_metric: 0.1299
    161/Unknown - 371s 413ms/step - loss: 0.4913 - mae: 0.8222 - mse: 0.8173 - ssim_metric: 0.1298
    162/Unknown - 371s 413ms/step - loss: 0.4912 - mae: 0.8222 - mse: 0.8174 - ssim_metric: 0.1299
    163/Unknown - 372s 413ms/step - loss: 0.4908 - mae: 0.8220 - mse: 0.8172 - ssim_metric: 0.1300
    164/Unknown - 372s 413ms/step - loss: 0.4906 - mae: 0.8220 - mse: 0.8172 - ssim_metric: 0.1300
    165/Unknown - 373s 413ms/step - loss: 0.4904 - mae: 0.8220 - mse: 0.8172 - ssim_metric: 0.1302
    166/Unknown - 373s 413ms/step - loss: 0.4906 - mae: 0.8222 - mse: 0.8175 - ssim_metric: 0.1300
    167/Unknown - 373s 413ms/step - loss: 0.4899 - mae: 0.8218 - mse: 0.8170 - ssim_metric: 0.1304
    168/Unknown - 374s 413ms/step - loss: 0.4900 - mae: 0.8219 - mse: 0.8172 - ssim_metric: 0.1304
    169/Unknown - 374s 413ms/step - loss: 0.4901 - mae: 0.8221 - mse: 0.8174 - ssim_metric: 0.1302
    170/Unknown - 375s 413ms/step - loss: 0.4911 - mae: 0.8226 - mse: 0.8180 - ssim_metric: 0.1297
    171/Unknown - 375s 413ms/step - loss: 0.4909 - mae: 0.8226 - mse: 0.8180 - ssim_metric: 0.1298
    172/Unknown - 376s 413ms/step - loss: 0.4906 - mae: 0.8225 - mse: 0.8179 - ssim_metric: 0.1300
    173/Unknown - 376s 413ms/step - loss: 0.4906 - mae: 0.8225 - mse: 0.8180 - ssim_metric: 0.1299
    174/Unknown - 376s 413ms/step - loss: 0.4911 - mae: 0.8229 - mse: 0.8184 - ssim_metric: 0.1297
    175/Unknown - 377s 413ms/step - loss: 0.4917 - mae: 0.8233 - mse: 0.8188 - ssim_metric: 0.1293
    176/Unknown - 377s 413ms/step - loss: 0.4916 - mae: 0.8233 - mse: 0.8188 - ssim_metric: 0.1293
    177/Unknown - 378s 413ms/step - loss: 0.4918 - mae: 0.8235 - mse: 0.8191 - ssim_metric: 0.1292
    178/Unknown - 378s 413ms/step - loss: 0.4917 - mae: 0.8236 - mse: 0.8192 - ssim_metric: 0.1292
    179/Unknown - 378s 413ms/step - loss: 0.4912 - mae: 0.8232 - mse: 0.8188 - ssim_metric: 0.1295
    180/Unknown - 379s 413ms/step - loss: 0.4909 - mae: 0.8231 - mse: 0.8187 - ssim_metric: 0.1296
    181/Unknown - 379s 413ms/step - loss: 0.4912 - mae: 0.8234 - mse: 0.8190 - ssim_metric: 0.1294
    182/Unknown - 380s 413ms/step - loss: 0.4909 - mae: 0.8232 - mse: 0.8189 - ssim_metric: 0.1295
    183/Unknown - 380s 413ms/step - loss: 0.4906 - mae: 0.8231 - mse: 0.8188 - ssim_metric: 0.1296
    184/Unknown - 380s 413ms/step - loss: 0.4910 - mae: 0.8234 - mse: 0.8191 - ssim_metric: 0.1294
    185/Unknown - 381s 413ms/step - loss: 0.4911 - mae: 0.8236 - mse: 0.8193 - ssim_metric: 0.1293
    186/Unknown - 381s 413ms/step - loss: 0.4907 - mae: 0.8234 - mse: 0.8192 - ssim_metric: 0.1295
    187/Unknown - 382s 413ms/step - loss: 0.4906 - mae: 0.8234 - mse: 0.8192 - ssim_metric: 0.1296
    188/Unknown - 382s 413ms/step - loss: 0.4903 - mae: 0.8233 - mse: 0.8191 - ssim_metric: 0.1297
    189/Unknown - 383s 413ms/step - loss: 0.4898 - mae: 0.8230 - mse: 0.8188 - ssim_metric: 0.1299
    190/Unknown - 383s 413ms/step - loss: 0.4893 - mae: 0.8226 - mse: 0.8185 - ssim_metric: 0.1303
    191/Unknown - 383s 413ms/step - loss: 0.4894 - mae: 0.8228 - mse: 0.8187 - ssim_metric: 0.1302
    192/Unknown - 384s 413ms/step - loss: 0.4894 - mae: 0.8229 - mse: 0.8188 - ssim_metric: 0.1301
    193/Unknown - 384s 413ms/step - loss: 0.4892 - mae: 0.8228 - mse: 0.8187 - ssim_metric: 0.1303
    194/Unknown - 385s 413ms/step - loss: 0.4893 - mae: 0.8229 - mse: 0.8189 - ssim_metric: 0.1301
    195/Unknown - 385s 413ms/step - loss: 0.4897 - mae: 0.8232 - mse: 0.8192 - ssim_metric: 0.1299
    196/Unknown - 385s 413ms/step - loss: 0.4898 - mae: 0.8234 - mse: 0.8194 - ssim_metric: 0.1298
    197/Unknown - 386s 413ms/step - loss: 0.4899 - mae: 0.8235 - mse: 0.8195 - ssim_metric: 0.1297
    198/Unknown - 386s 413ms/step - loss: 0.4900 - mae: 0.8236 - mse: 0.8196 - ssim_metric: 0.1297
    199/Unknown - 387s 413ms/step - loss: 0.4892 - mae: 0.8231 - mse: 0.8191 - ssim_metric: 0.1301
    200/Unknown - 387s 413ms/step - loss: 0.4898 - mae: 0.8235 - mse: 0.8195 - ssim_metric: 0.1298
    201/Unknown - 388s 413ms/step - loss: 0.4907 - mae: 0.8240 - mse: 0.8200 - ssim_metric: 0.1295
    202/Unknown - 388s 413ms/step - loss: 0.4906 - mae: 0.8240 - mse: 0.8201 - ssim_metric: 0.1295
    203/Unknown - 388s 413ms/step - loss: 0.4907 - mae: 0.8241 - mse: 0.8202 - ssim_metric: 0.1293
    204/Unknown - 389s 413ms/step - loss: 0.4912 - mae: 0.8244 - mse: 0.8206 - ssim_metric: 0.1291
    205/Unknown - 389s 413ms/step - loss: 0.4910 - mae: 0.8243 - mse: 0.8205 - ssim_metric: 0.1292
    206/Unknown - 390s 413ms/step - loss: 0.4904 - mae: 0.8240 - mse: 0.8201 - ssim_metric: 0.1296
    207/Unknown - 390s 413ms/step - loss: 0.4903 - mae: 0.8240 - mse: 0.8202 - ssim_metric: 0.1296
    208/Unknown - 390s 413ms/step - loss: 0.4903 - mae: 0.8240 - mse: 0.8203 - ssim_metric: 0.1296
    209/Unknown - 391s 413ms/step - loss: 0.4901 - mae: 0.8240 - mse: 0.8202 - ssim_metric: 0.1296
    210/Unknown - 391s 413ms/step - loss: 0.4904 - mae: 0.8242 - mse: 0.8205 - ssim_metric: 0.1294
    211/Unknown - 392s 413ms/step - loss: 0.4910 - mae: 0.8246 - mse: 0.8209 - ssim_metric: 0.1292
    212/Unknown - 392s 413ms/step - loss: 0.4913 - mae: 0.8248 - mse: 0.8211 - ssim_metric: 0.1290
    213/Unknown - 392s 413ms/step - loss: 0.4913 - mae: 0.8249 - mse: 0.8212 - ssim_metric: 0.1290
    214/Unknown - 393s 413ms/step - loss: 0.4912 - mae: 0.8249 - mse: 0.8212 - ssim_metric: 0.1290
    215/Unknown - 393s 413ms/step - loss: 0.4905 - mae: 0.8244 - mse: 0.8207 - ssim_metric: 0.1296
    216/Unknown - 394s 413ms/step - loss: 0.4903 - mae: 0.8243 - mse: 0.8207 - ssim_metric: 0.1296
    217/Unknown - 394s 413ms/step - loss: 0.4904 - mae: 0.8244 - mse: 0.8208 - ssim_metric: 0.1296
    218/Unknown - 395s 413ms/step - loss: 0.4908 - mae: 0.8247 - mse: 0.8211 - ssim_metric: 0.1294
    219/Unknown - 395s 413ms/step - loss: 0.4905 - mae: 0.8246 - mse: 0.8210 - ssim_metric: 0.1295
    220/Unknown - 395s 413ms/step - loss: 0.4900 - mae: 0.8243 - mse: 0.8207 - ssim_metric: 0.1298
    221/Unknown - 396s 413ms/step - loss: 0.4899 - mae: 0.8243 - mse: 0.8207 - ssim_metric: 0.1298
    222/Unknown - 396s 413ms/step - loss: 0.4904 - mae: 0.8246 - mse: 0.8211 - ssim_metric: 0.1295
    223/Unknown - 397s 413ms/step - loss: 0.4899 - mae: 0.8242 - mse: 0.8207 - ssim_metric: 0.1299
    224/Unknown - 397s 413ms/step - loss: 0.4902 - mae: 0.8244 - mse: 0.8209 - ssim_metric: 0.1297
    225/Unknown - 397s 413ms/step - loss: 0.4904 - mae: 0.8246 - mse: 0.8211 - ssim_metric: 0.1296
    226/Unknown - 398s 413ms/step - loss: 0.4903 - mae: 0.8246 - mse: 0.8211 - ssim_metric: 0.1296
    227/Unknown - 398s 413ms/step - loss: 0.4902 - mae: 0.8247 - mse: 0.8212 - ssim_metric: 0.1296
    228/Unknown - 399s 413ms/step - loss: 0.4904 - mae: 0.8248 - mse: 0.8213 - ssim_metric: 0.1295
    229/Unknown - 399s 413ms/step - loss: 0.4904 - mae: 0.8249 - mse: 0.8215 - ssim_metric: 0.1294
    230/Unknown - 400s 413ms/step - loss: 0.4900 - mae: 0.8246 - mse: 0.8212 - ssim_metric: 0.1296
    231/Unknown - 400s 413ms/step - loss: 0.4900 - mae: 0.8247 - mse: 0.8213 - ssim_metric: 0.1296
    232/Unknown - 400s 413ms/step - loss: 0.4899 - mae: 0.8247 - mse: 0.8213 - ssim_metric: 0.1296
    233/Unknown - 401s 413ms/step - loss: 0.4895 - mae: 0.8244 - mse: 0.8211 - ssim_metric: 0.1298
    234/Unknown - 401s 413ms/step - loss: 0.4892 - mae: 0.8243 - mse: 0.8209 - ssim_metric: 0.1299
    235/Unknown - 402s 413ms/step - loss: 0.4896 - mae: 0.8245 - mse: 0.8212 - ssim_metric: 0.1297
    236/Unknown - 402s 413ms/step - loss: 0.4897 - mae: 0.8247 - mse: 0.8213 - ssim_metric: 0.1296
    237/Unknown - 402s 413ms/step - loss: 0.4900 - mae: 0.8249 - mse: 0.8216 - ssim_metric: 0.1294
    238/Unknown - 403s 413ms/step - loss: 0.4900 - mae: 0.8250 - mse: 0.8217 - ssim_metric: 0.1294
    239/Unknown - 403s 413ms/step - loss: 0.4899 - mae: 0.8249 - mse: 0.8216 - ssim_metric: 0.1294
    240/Unknown - 404s 413ms/step - loss: 0.4902 - mae: 0.8251 - mse: 0.8218 - ssim_metric: 0.1293
    241/Unknown - 404s 413ms/step - loss: 0.4903 - mae: 0.8253 - mse: 0.8220 - ssim_metric: 0.1291
    242/Unknown - 404s 413ms/step - loss: 0.4907 - mae: 0.8255 - mse: 0.8223 - ssim_metric: 0.1290
    243/Unknown - 405s 413ms/step - loss: 0.4903 - mae: 0.8253 - mse: 0.8220 - ssim_metric: 0.1292
    244/Unknown - 405s 413ms/step - loss: 0.4905 - mae: 0.8254 - mse: 0.8222 - ssim_metric: 0.1291
    245/Unknown - 406s 413ms/step - loss: 0.4902 - mae: 0.8253 - mse: 0.8221 - ssim_metric: 0.1292
    246/Unknown - 406s 413ms/step - loss: 0.4899 - mae: 0.8251 - mse: 0.8219 - ssim_metric: 0.1294
    247/Unknown - 407s 413ms/step - loss: 0.4894 - mae: 0.8248 - mse: 0.8216 - ssim_metric: 0.1296
    248/Unknown - 407s 413ms/step - loss: 0.4892 - mae: 0.8247 - mse: 0.8215 - ssim_metric: 0.1297
    249/Unknown - 407s 413ms/step - loss: 0.4902 - mae: 0.8252 - mse: 0.8220 - ssim_metric: 0.1294
    250/Unknown - 408s 413ms/step - loss: 0.4897 - mae: 0.8249 - mse: 0.8217 - ssim_metric: 0.1297
    251/Unknown - 408s 413ms/step - loss: 0.4902 - mae: 0.8252 - mse: 0.8220 - ssim_metric: 0.1295
    252/Unknown - 409s 413ms/step - loss: 0.4901 - mae: 0.8251 - mse: 0.8220 - ssim_metric: 0.1295
    253/Unknown - 409s 413ms/step - loss: 0.4904 - mae: 0.8254 - mse: 0.8223 - ssim_metric: 0.1294
    254/Unknown - 409s 413ms/step - loss: 0.4905 - mae: 0.8254 - mse: 0.8223 - ssim_metric: 0.1294
    255/Unknown - 410s 413ms/step - loss: 0.4906 - mae: 0.8256 - mse: 0.8225 - ssim_metric: 0.1292
    256/Unknown - 410s 413ms/step - loss: 0.4908 - mae: 0.8257 - mse: 0.8226 - ssim_metric: 0.1291
    257/Unknown - 411s 413ms/step - loss: 0.4907 - mae: 0.8257 - mse: 0.8226 - ssim_metric: 0.1292
    258/Unknown - 411s 413ms/step - loss: 0.4909 - mae: 0.8259 - mse: 0.8228 - ssim_metric: 0.1290
    259/Unknown - 412s 413ms/step - loss: 0.4907 - mae: 0.8258 - mse: 0.8227 - ssim_metric: 0.1291
    260/Unknown - 412s 413ms/step - loss: 0.4900 - mae: 0.8253 - mse: 0.8222 - ssim_metric: 0.1296
    261/Unknown - 412s 413ms/step - loss: 0.4896 - mae: 0.8250 - mse: 0.8220 - ssim_metric: 0.1298
    262/Unknown - 413s 413ms/step - loss: 0.4899 - mae: 0.8252 - mse: 0.8222 - ssim_metric: 0.1296
    263/Unknown - 413s 413ms/step - loss: 0.4899 - mae: 0.8253 - mse: 0.8223 - ssim_metric: 0.1296
    264/Unknown - 414s 413ms/step - loss: 0.4899 - mae: 0.8253 - mse: 0.8223 - ssim_metric: 0.1296
    265/Unknown - 414s 413ms/step - loss: 0.4897 - mae: 0.8252 - mse: 0.8222 - ssim_metric: 0.1297
    266/Unknown - 414s 413ms/step - loss: 0.4897 - mae: 0.8253 - mse: 0.8223 - ssim_metric: 0.1297
    267/Unknown - 415s 413ms/step - loss: 0.4893 - mae: 0.8249 - mse: 0.8220 - ssim_metric: 0.1300
    268/Unknown - 415s 413ms/step - loss: 0.4893 - mae: 0.8250 - mse: 0.8220 - ssim_metric: 0.1299
    269/Unknown - 416s 413ms/step - loss: 0.4896 - mae: 0.8252 - mse: 0.8223 - ssim_metric: 0.1298
    270/Unknown - 416s 413ms/step - loss: 0.4890 - mae: 0.8247 - mse: 0.8217 - ssim_metric: 0.1302
    271/Unknown - 416s 413ms/step - loss: 0.4885 - mae: 0.8243 - mse: 0.8214 - ssim_metric: 0.1305
    272/Unknown - 417s 413ms/step - loss: 0.4885 - mae: 0.8243 - mse: 0.8214 - ssim_metric: 0.1305
    273/Unknown - 417s 413ms/step - loss: 0.4889 - mae: 0.8246 - mse: 0.8217 - ssim_metric: 0.1303
    274/Unknown - 418s 413ms/step - loss: 0.4889 - mae: 0.8246 - mse: 0.8217 - ssim_metric: 0.1303
    275/Unknown - 418s 413ms/step - loss: 0.4885 - mae: 0.8244 - mse: 0.8215 - ssim_metric: 0.1304
    276/Unknown - 419s 413ms/step - loss: 0.4885 - mae: 0.8244 - mse: 0.8216 - ssim_metric: 0.1304
    277/Unknown - 419s 413ms/step - loss: 0.4883 - mae: 0.8243 - mse: 0.8215 - ssim_metric: 0.1305
    278/Unknown - 419s 413ms/step - loss: 0.4885 - mae: 0.8245 - mse: 0.8217 - ssim_metric: 0.1304
    279/Unknown - 420s 413ms/step - loss: 0.4879 - mae: 0.8240 - mse: 0.8212 - ssim_metric: 0.1308
    280/Unknown - 420s 413ms/step - loss: 0.4882 - mae: 0.8242 - mse: 0.8214 - ssim_metric: 0.1306
    281/Unknown - 421s 413ms/step - loss: 0.4880 - mae: 0.8242 - mse: 0.8214 - ssim_metric: 0.1307
    282/Unknown - 421s 413ms/step - loss: 0.4878 - mae: 0.8241 - mse: 0.8213 - ssim_metric: 0.1308
    283/Unknown - 421s 413ms/step - loss: 0.4875 - mae: 0.8238 - mse: 0.8210 - ssim_metric: 0.1311
    284/Unknown - 422s 413ms/step - loss: 0.4884 - mae: 0.8243 - mse: 0.8215 - ssim_metric: 0.1307
    285/Unknown - 422s 413ms/step - loss: 0.4882 - mae: 0.8242 - mse: 0.8214 - ssim_metric: 0.1308
    286/Unknown - 423s 413ms/step - loss: 0.4880 - mae: 0.8241 - mse: 0.8213 - ssim_metric: 0.1309
    287/Unknown - 423s 413ms/step - loss: 0.4881 - mae: 0.8241 - mse: 0.8214 - ssim_metric: 0.1309
    288/Unknown - 424s 413ms/step - loss: 0.4880 - mae: 0.8242 - mse: 0.8214 - ssim_metric: 0.1308
    289/Unknown - 424s 413ms/step - loss: 0.4880 - mae: 0.8242 - mse: 0.8214 - ssim_metric: 0.1309
    290/Unknown - 424s 413ms/step - loss: 0.4882 - mae: 0.8243 - mse: 0.8216 - ssim_metric: 0.1308
    291/Unknown - 425s 413ms/step - loss: 0.4886 - mae: 0.8246 - mse: 0.8219 - ssim_metric: 0.1306
    292/Unknown - 425s 413ms/step - loss: 0.4884 - mae: 0.8245 - mse: 0.8218 - ssim_metric: 0.1307
    293/Unknown - 426s 413ms/step - loss: 0.4879 - mae: 0.8241 - mse: 0.8214 - ssim_metric: 0.1311
    294/Unknown - 426s 413ms/step - loss: 0.4878 - mae: 0.8241 - mse: 0.8214 - ssim_metric: 0.1311
    295/Unknown - 426s 413ms/step - loss: 0.4879 - mae: 0.8242 - mse: 0.8215 - ssim_metric: 0.1310
    296/Unknown - 427s 413ms/step - loss: 0.4881 - mae: 0.8243 - mse: 0.8217 - ssim_metric: 0.1309
    297/Unknown - 427s 413ms/step - loss: 0.4880 - mae: 0.8243 - mse: 0.8216 - ssim_metric: 0.1309
    298/Unknown - 428s 413ms/step - loss: 0.4875 - mae: 0.8240 - mse: 0.8213 - ssim_metric: 0.1313
    299/Unknown - 428s 413ms/step - loss: 0.4880 - mae: 0.8242 - mse: 0.8216 - ssim_metric: 0.1310
    300/Unknown - 428s 413ms/step - loss: 0.4877 - mae: 0.8240 - mse: 0.8214 - ssim_metric: 0.1312
    301/Unknown - 429s 413ms/step - loss: 0.4873 - mae: 0.8238 - mse: 0.8212 - ssim_metric: 0.1314
    302/Unknown - 429s 413ms/step - loss: 0.4870 - mae: 0.8236 - mse: 0.8210 - ssim_metric: 0.1316
    303/Unknown - 430s 413ms/step - loss: 0.4870 - mae: 0.8236 - mse: 0.8210 - ssim_metric: 0.1315
    304/Unknown - 430s 413ms/step - loss: 0.4867 - mae: 0.8235 - mse: 0.8209 - ssim_metric: 0.1317
    305/Unknown - 431s 413ms/step - loss: 0.4869 - mae: 0.8236 - mse: 0.8211 - ssim_metric: 0.1316
    306/Unknown - 431s 413ms/step - loss: 0.4868 - mae: 0.8236 - mse: 0.8210 - ssim_metric: 0.1316
    307/Unknown - 431s 413ms/step - loss: 0.4872 - mae: 0.8238 - mse: 0.8213 - ssim_metric: 0.1315
    308/Unknown - 432s 413ms/step - loss: 0.4870 - mae: 0.8238 - mse: 0.8212 - ssim_metric: 0.1315
    309/Unknown - 432s 413ms/step - loss: 0.4873 - mae: 0.8240 - mse: 0.8214 - ssim_metric: 0.1313
    310/Unknown - 433s 413ms/step - loss: 0.4870 - mae: 0.8238 - mse: 0.8212 - ssim_metric: 0.1315
    311/Unknown - 433s 413ms/step - loss: 0.4870 - mae: 0.8238 - mse: 0.8213 - ssim_metric: 0.1315
    312/Unknown - 433s 413ms/step - loss: 0.4873 - mae: 0.8240 - mse: 0.8215 - ssim_metric: 0.1314
    313/Unknown - 434s 413ms/step - loss: 0.4872 - mae: 0.8240 - mse: 0.8215 - ssim_metric: 0.1314
    314/Unknown - 434s 413ms/step - loss: 0.4871 - mae: 0.8240 - mse: 0.8215 - ssim_metric: 0.1314
    315/Unknown - 435s 413ms/step - loss: 0.4872 - mae: 0.8241 - mse: 0.8216 - ssim_metric: 0.1313
    316/Unknown - 435s 413ms/step - loss: 0.4867 - mae: 0.8236 - mse: 0.8211 - ssim_metric: 0.1317
    317/Unknown - 435s 413ms/step - loss: 0.4866 - mae: 0.8236 - mse: 0.8211 - ssim_metric: 0.1318
    318/Unknown - 436s 413ms/step - loss: 0.4864 - mae: 0.8235 - mse: 0.8210 - ssim_metric: 0.1319
    319/Unknown - 436s 413ms/step - loss: 0.4862 - mae: 0.8234 - mse: 0.8210 - ssim_metric: 0.1319
    320/Unknown - 437s 413ms/step - loss: 0.4862 - mae: 0.8234 - mse: 0.8210 - ssim_metric: 0.1319
    321/Unknown - 437s 413ms/step - loss: 0.4862 - mae: 0.8234 - mse: 0.8210 - ssim_metric: 0.1319
    322/Unknown - 438s 413ms/step - loss: 0.4858 - mae: 0.8231 - mse: 0.8207 - ssim_metric: 0.1322
    323/Unknown - 438s 413ms/step - loss: 0.4863 - mae: 0.8234 - mse: 0.8210 - ssim_metric: 0.1319
    324/Unknown - 438s 413ms/step - loss: 0.4861 - mae: 0.8233 - mse: 0.8209 - ssim_metric: 0.1320
    325/Unknown - 439s 413ms/step - loss: 0.4864 - mae: 0.8235 - mse: 0.8211 - ssim_metric: 0.1319
    326/Unknown - 439s 413ms/step - loss: 0.4866 - mae: 0.8237 - mse: 0.8213 - ssim_metric: 0.1317
    327/Unknown - 440s 413ms/step - loss: 0.4863 - mae: 0.8235 - mse: 0.8211 - ssim_metric: 0.1318
    328/Unknown - 440s 413ms/step - loss: 0.4866 - mae: 0.8237 - mse: 0.8213 - ssim_metric: 0.1317
    329/Unknown - 440s 413ms/step - loss: 0.4864 - mae: 0.8236 - mse: 0.8213 - ssim_metric: 0.1318
    330/Unknown - 441s 413ms/step - loss: 0.4864 - mae: 0.8236 - mse: 0.8212 - ssim_metric: 0.1318
    331/Unknown - 441s 413ms/step - loss: 0.4862 - mae: 0.8236 - mse: 0.8212 - ssim_metric: 0.1319
    332/Unknown - 442s 413ms/step - loss: 0.4860 - mae: 0.8234 - mse: 0.8210 - ssim_metric: 0.1320
    333/Unknown - 442s 413ms/step - loss: 0.4858 - mae: 0.8233 - mse: 0.8209 - ssim_metric: 0.1321
    334/Unknown - 443s 413ms/step - loss: 0.4857 - mae: 0.8233 - mse: 0.8210 - ssim_metric: 0.1321
    335/Unknown - 443s 413ms/step - loss: 0.4854 - mae: 0.8231 - mse: 0.8207 - ssim_metric: 0.1323
    336/Unknown - 443s 413ms/step - loss: 0.4852 - mae: 0.8229 - mse: 0.8206 - ssim_metric: 0.1324
    337/Unknown - 444s 413ms/step - loss: 0.4855 - mae: 0.8231 - mse: 0.8208 - ssim_metric: 0.1323
    338/Unknown - 444s 413ms/step - loss: 0.4856 - mae: 0.8233 - mse: 0.8209 - ssim_metric: 0.1322
    339/Unknown - 445s 413ms/step - loss: 0.4854 - mae: 0.8232 - mse: 0.8208 - ssim_metric: 0.1323
    340/Unknown - 445s 413ms/step - loss: 0.4853 - mae: 0.8231 - mse: 0.8208 - ssim_metric: 0.1323
    341/Unknown - 445s 413ms/step - loss: 0.4851 - mae: 0.8230 - mse: 0.8207 - ssim_metric: 0.1324
    342/Unknown - 446s 413ms/step - loss: 0.4855 - mae: 0.8232 - mse: 0.8209 - ssim_metric: 0.1323
    343/Unknown - 446s 413ms/step - loss: 0.4856 - mae: 0.8233 - mse: 0.8210 - ssim_metric: 0.1322
    344/Unknown - 447s 413ms/step - loss: 0.4858 - mae: 0.8235 - mse: 0.8212 - ssim_metric: 0.1320
    345/Unknown - 447s 413ms/step - loss: 0.4856 - mae: 0.8233 - mse: 0.8211 - ssim_metric: 0.1322
    346/Unknown - 447s 413ms/step - loss: 0.4855 - mae: 0.8233 - mse: 0.8210 - ssim_metric: 0.1322
    347/Unknown - 448s 413ms/step - loss: 0.4857 - mae: 0.8234 - mse: 0.8212 - ssim_metric: 0.1321
    348/Unknown - 448s 413ms/step - loss: 0.4855 - mae: 0.8233 - mse: 0.8211 - ssim_metric: 0.1321
    349/Unknown - 449s 413ms/step - loss: 0.4852 - mae: 0.8232 - mse: 0.8209 - ssim_metric: 0.1323
    350/Unknown - 449s 413ms/step - loss: 0.4851 - mae: 0.8231 - mse: 0.8209 - ssim_metric: 0.1323
    351/Unknown - 450s 413ms/step - loss: 0.4852 - mae: 0.8232 - mse: 0.8209 - ssim_metric: 0.1323
    352/Unknown - 450s 413ms/step - loss: 0.4849 - mae: 0.8230 - mse: 0.8208 - ssim_metric: 0.1325
    353/Unknown - 450s 413ms/step - loss: 0.4846 - mae: 0.8229 - mse: 0.8206 - ssim_metric: 0.1326
    354/Unknown - 451s 413ms/step - loss: 0.4848 - mae: 0.8230 - mse: 0.8208 - ssim_metric: 0.1325
    355/Unknown - 451s 413ms/step - loss: 0.4845 - mae: 0.8228 - mse: 0.8206 - ssim_metric: 0.1327
    356/Unknown - 452s 413ms/step - loss: 0.4841 - mae: 0.8225 - mse: 0.8202 - ssim_metric: 0.1330
    357/Unknown - 452s 413ms/step - loss: 0.4843 - mae: 0.8226 - mse: 0.8204 - ssim_metric: 0.1329
    358/Unknown - 452s 413ms/step - loss: 0.4839 - mae: 0.8223 - mse: 0.8201 - ssim_metric: 0.1332
    359/Unknown - 453s 413ms/step - loss: 0.4835 - mae: 0.8220 - mse: 0.8198 - ssim_metric: 0.1335
    360/Unknown - 453s 413ms/step - loss: 0.4840 - mae: 0.8223 - mse: 0.8201 - ssim_metric: 0.1333
    361/Unknown - 454s 413ms/step - loss: 0.4836 - mae: 0.8219 - mse: 0.8197 - ssim_metric: 0.1336
    362/Unknown - 454s 413ms/step - loss: 0.4835 - mae: 0.8219 - mse: 0.8197 - ssim_metric: 0.1336
    363/Unknown - 455s 413ms/step - loss: 0.4833 - mae: 0.8218 - mse: 0.8196 - ssim_metric: 0.1337
    364/Unknown - 455s 413ms/step - loss: 0.4835 - mae: 0.8219 - mse: 0.8197 - ssim_metric: 0.1336
    365/Unknown - 455s 413ms/step - loss: 0.4835 - mae: 0.8219 - mse: 0.8198 - ssim_metric: 0.1336
    366/Unknown - 456s 413ms/step - loss: 0.4836 - mae: 0.8220 - mse: 0.8199 - ssim_metric: 0.1335
    367/Unknown - 456s 413ms/step - loss: 0.4834 - mae: 0.8219 - mse: 0.8198 - ssim_metric: 0.1336
    368/Unknown - 457s 413ms/step - loss: 0.4835 - mae: 0.8220 - mse: 0.8199 - ssim_metric: 0.1335
    369/Unknown - 457s 413ms/step - loss: 0.4832 - mae: 0.8218 - mse: 0.8197 - ssim_metric: 0.1337
    370/Unknown - 457s 413ms/step - loss: 0.4832 - mae: 0.8218 - mse: 0.8197 - ssim_metric: 0.1337
    371/Unknown - 458s 413ms/step - loss: 0.4828 - mae: 0.8215 - mse: 0.8194 - ssim_metric: 0.1339
    372/Unknown - 458s 413ms/step - loss: 0.4827 - mae: 0.8214 - mse: 0.8193 - ssim_metric: 0.1340
    373/Unknown - 459s 413ms/step - loss: 0.4824 - mae: 0.8212 - mse: 0.8191 - ssim_metric: 0.1342
    374/Unknown - 459s 413ms/step - loss: 0.4822 - mae: 0.8211 - mse: 0.8190 - ssim_metric: 0.1343
    375/Unknown - 459s 413ms/step - loss: 0.4822 - mae: 0.8212 - mse: 0.8191 - ssim_metric: 0.1342
    376/Unknown - 460s 413ms/step - loss: 0.4821 - mae: 0.8211 - mse: 0.8190 - ssim_metric: 0.1343
    377/Unknown - 460s 413ms/step - loss: 0.4827 - mae: 0.8214 - mse: 0.8193 - ssim_metric: 0.1341
    378/Unknown - 461s 413ms/step - loss: 0.4826 - mae: 0.8214 - mse: 0.8193 - ssim_metric: 0.1341
    379/Unknown - 461s 413ms/step - loss: 0.4827 - mae: 0.8215 - mse: 0.8194 - ssim_metric: 0.1340
    380/Unknown - 462s 413ms/step - loss: 0.4828 - mae: 0.8216 - mse: 0.8195 - ssim_metric: 0.1340
    381/Unknown - 462s 413ms/step - loss: 0.4828 - mae: 0.8216 - mse: 0.8196 - ssim_metric: 0.1339
    382/Unknown - 462s 413ms/step - loss: 0.4829 - mae: 0.8217 - mse: 0.8196 - ssim_metric: 0.1339
    383/Unknown - 463s 413ms/step - loss: 0.4831 - mae: 0.8218 - mse: 0.8198 - ssim_metric: 0.1338
    384/Unknown - 463s 413ms/step - loss: 0.4830 - mae: 0.8218 - mse: 0.8197 - ssim_metric: 0.1338
    385/Unknown - 464s 413ms/step - loss: 0.4831 - mae: 0.8219 - mse: 0.8198 - ssim_metric: 0.1337
    386/Unknown - 464s 413ms/step - loss: 0.4829 - mae: 0.8218 - mse: 0.8197 - ssim_metric: 0.1338
    387/Unknown - 464s 413ms/step - loss: 0.4830 - mae: 0.8219 - mse: 0.8198 - ssim_metric: 0.1337
    388/Unknown - 465s 413ms/step - loss: 0.4833 - mae: 0.8221 - mse: 0.8200 - ssim_metric: 0.1336
    389/Unknown - 465s 413ms/step - loss: 0.4831 - mae: 0.8220 - mse: 0.8199 - ssim_metric: 0.1337
    390/Unknown - 466s 413ms/step - loss: 0.4831 - mae: 0.8220 - mse: 0.8200 - ssim_metric: 0.1337
    391/Unknown - 466s 413ms/step - loss: 0.4829 - mae: 0.8219 - mse: 0.8198 - ssim_metric: 0.1338
    392/Unknown - 467s 413ms/step - loss: 0.4828 - mae: 0.8218 - mse: 0.8198 - ssim_metric: 0.1338
    393/Unknown - 467s 413ms/step - loss: 0.4829 - mae: 0.8219 - mse: 0.8199 - ssim_metric: 0.1338
    394/Unknown - 467s 413ms/step - loss: 0.4830 - mae: 0.8220 - mse: 0.8200 - ssim_metric: 0.1337
    395/Unknown - 468s 413ms/step - loss: 0.4829 - mae: 0.8219 - mse: 0.8199 - ssim_metric: 0.1337
    396/Unknown - 468s 413ms/step - loss: 0.4831 - mae: 0.8221 - mse: 0.8201 - ssim_metric: 0.1336
    397/Unknown - 469s 413ms/step - loss: 0.4833 - mae: 0.8222 - mse: 0.8202 - ssim_metric: 0.1335
    398/Unknown - 469s 413ms/step - loss: 0.4832 - mae: 0.8222 - mse: 0.8202 - ssim_metric: 0.1335
    399/Unknown - 469s 413ms/step - loss: 0.4830 - mae: 0.8220 - mse: 0.8201 - ssim_metric: 0.1336
    400/Unknown - 470s 413ms/step - loss: 0.4831 - mae: 0.8222 - mse: 0.8202 - ssim_metric: 0.1335
    401/Unknown - 470s 413ms/step - loss: 0.4832 - mae: 0.8222 - mse: 0.8202 - ssim_metric: 0.1335
    402/Unknown - 471s 413ms/step - loss: 0.4832 - mae: 0.8223 - mse: 0.8203 - ssim_metric: 0.1334
    403/Unknown - 471s 413ms/step - loss: 0.4832 - mae: 0.8223 - mse: 0.8203 - ssim_metric: 0.1334
    404/Unknown - 471s 413ms/step - loss: 0.4829 - mae: 0.8221 - mse: 0.8202 - ssim_metric: 0.1336
    405/Unknown - 472s 413ms/step - loss: 0.4828 - mae: 0.8221 - mse: 0.8201 - ssim_metric: 0.1337
    406/Unknown - 472s 413ms/step - loss: 0.4825 - mae: 0.8218 - mse: 0.8199 - ssim_metric: 0.1339
    407/Unknown - 473s 413ms/step - loss: 0.4824 - mae: 0.8218 - mse: 0.8199 - ssim_metric: 0.1339
    408/Unknown - 473s 413ms/step - loss: 0.4826 - mae: 0.8219 - mse: 0.8200 - ssim_metric: 0.1338
    409/Unknown - 474s 413ms/step - loss: 0.4830 - mae: 0.8222 - mse: 0.8202 - ssim_metric: 0.1336
    410/Unknown - 474s 413ms/step - loss: 0.4831 - mae: 0.8222 - mse: 0.8203 - ssim_metric: 0.1335
    411/Unknown - 474s 413ms/step - loss: 0.4830 - mae: 0.8222 - mse: 0.8203 - ssim_metric: 0.1335
    412/Unknown - 475s 413ms/step - loss: 0.4830 - mae: 0.8222 - mse: 0.8203 - ssim_metric: 0.1335
    413/Unknown - 475s 413ms/step - loss: 0.4830 - mae: 0.8222 - mse: 0.8203 - ssim_metric: 0.1336
    414/Unknown - 476s 413ms/step - loss: 0.4831 - mae: 0.8223 - mse: 0.8204 - ssim_metric: 0.1334
    415/Unknown - 476s 413ms/step - loss: 0.4832 - mae: 0.8224 - mse: 0.8205 - ssim_metric: 0.1334
    416/Unknown - 476s 413ms/step - loss: 0.4831 - mae: 0.8224 - mse: 0.8205 - ssim_metric: 0.1334
    417/Unknown - 477s 413ms/step - loss: 0.4830 - mae: 0.8223 - mse: 0.8205 - ssim_metric: 0.1334
    418/Unknown - 477s 413ms/step - loss: 0.4830 - mae: 0.8223 - mse: 0.8205 - ssim_metric: 0.1334
    419/Unknown - 478s 413ms/step - loss: 0.4827 - mae: 0.8221 - mse: 0.8202 - ssim_metric: 0.1336
    420/Unknown - 478s 413ms/step - loss: 0.4827 - mae: 0.8221 - mse: 0.8202 - ssim_metric: 0.1336
    421/Unknown - 479s 413ms/step - loss: 0.4827 - mae: 0.8222 - mse: 0.8203 - ssim_metric: 0.1336
    422/Unknown - 479s 413ms/step - loss: 0.4828 - mae: 0.8223 - mse: 0.8204 - ssim_metric: 0.1336
    423/Unknown - 479s 413ms/step - loss: 0.4829 - mae: 0.8223 - mse: 0.8205 - ssim_metric: 0.1335
    424/Unknown - 480s 413ms/step - loss: 0.4829 - mae: 0.8224 - mse: 0.8205 - ssim_metric: 0.1335
    425/Unknown - 480s 413ms/step - loss: 0.4833 - mae: 0.8226 - mse: 0.8207 - ssim_metric: 0.1333
    426/Unknown - 481s 413ms/step - loss: 0.4831 - mae: 0.8224 - mse: 0.8206 - ssim_metric: 0.1334
    427/Unknown - 481s 413ms/step - loss: 0.4830 - mae: 0.8224 - mse: 0.8206 - ssim_metric: 0.1334
    428/Unknown - 481s 413ms/step - loss: 0.4828 - mae: 0.8223 - mse: 0.8205 - ssim_metric: 0.1335
    429/Unknown - 482s 413ms/step - loss: 0.4827 - mae: 0.8223 - mse: 0.8204 - ssim_metric: 0.1335
    430/Unknown - 482s 413ms/step - loss: 0.4827 - mae: 0.8223 - mse: 0.8204 - ssim_metric: 0.1336
    431/Unknown - 483s 413ms/step - loss: 0.4827 - mae: 0.8223 - mse: 0.8205 - ssim_metric: 0.1335
    432/Unknown - 483s 413ms/step - loss: 0.4829 - mae: 0.8224 - mse: 0.8206 - ssim_metric: 0.1335
    433/Unknown - 483s 413ms/step - loss: 0.4826 - mae: 0.8222 - mse: 0.8204 - ssim_metric: 0.1336
    434/Unknown - 484s 413ms/step - loss: 0.4828 - mae: 0.8223 - mse: 0.8205 - ssim_metric: 0.1335
    435/Unknown - 484s 413ms/step - loss: 0.4829 - mae: 0.8225 - mse: 0.8207 - ssim_metric: 0.1334
    436/Unknown - 485s 413ms/step - loss: 0.4826 - mae: 0.8222 - mse: 0.8204 - ssim_metric: 0.1337
    437/Unknown - 485s 413ms/step - loss: 0.4824 - mae: 0.8221 - mse: 0.8203 - ssim_metric: 0.1338
    438/Unknown - 486s 413ms/step - loss: 0.4825 - mae: 0.8222 - mse: 0.8204 - ssim_metric: 0.1337
    439/Unknown - 486s 413ms/step - loss: 0.4824 - mae: 0.8221 - mse: 0.8203 - ssim_metric: 0.1338
    440/Unknown - 486s 413ms/step - loss: 0.4823 - mae: 0.8221 - mse: 0.8203 - ssim_metric: 0.1338
    441/Unknown - 487s 413ms/step - loss: 0.4821 - mae: 0.8220 - mse: 0.8202 - ssim_metric: 0.1339
    442/Unknown - 487s 413ms/step - loss: 0.4820 - mae: 0.8219 - mse: 0.8201 - ssim_metric: 0.1340
    443/Unknown - 488s 413ms/step - loss: 0.4820 - mae: 0.8219 - mse: 0.8201 - ssim_metric: 0.1340
    444/Unknown - 488s 413ms/step - loss: 0.4818 - mae: 0.8218 - mse: 0.8200 - ssim_metric: 0.1340
    445/Unknown - 488s 413ms/step - loss: 0.4818 - mae: 0.8218 - mse: 0.8200 - ssim_metric: 0.1340
    446/Unknown - 489s 413ms/step - loss: 0.4820 - mae: 0.8219 - mse: 0.8202 - ssim_metric: 0.1339
    447/Unknown - 489s 413ms/step - loss: 0.4820 - mae: 0.8220 - mse: 0.8202 - ssim_metric: 0.1339
    448/Unknown - 490s 413ms/step - loss: 0.4816 - mae: 0.8217 - mse: 0.8200 - ssim_metric: 0.1341
    449/Unknown - 490s 413ms/step - loss: 0.4814 - mae: 0.8215 - mse: 0.8198 - ssim_metric: 0.1343
    450/Unknown - 491s 413ms/step - loss: 0.4815 - mae: 0.8216 - mse: 0.8199 - ssim_metric: 0.1342
    451/Unknown - 491s 413ms/step - loss: 0.4816 - mae: 0.8217 - mse: 0.8199 - ssim_metric: 0.1342
    452/Unknown - 491s 413ms/step - loss: 0.4815 - mae: 0.8216 - mse: 0.8199 - ssim_metric: 0.1342
    453/Unknown - 492s 413ms/step - loss: 0.4818 - mae: 0.8218 - mse: 0.8201 - ssim_metric: 0.1341
    454/Unknown - 492s 413ms/step - loss: 0.4817 - mae: 0.8218 - mse: 0.8201 - ssim_metric: 0.1341
    455/Unknown - 493s 413ms/step - loss: 0.4818 - mae: 0.8219 - mse: 0.8201 - ssim_metric: 0.1340
    456/Unknown - 493s 413ms/step - loss: 0.4817 - mae: 0.8219 - mse: 0.8201 - ssim_metric: 0.1340
    457/Unknown - 493s 413ms/step - loss: 0.4815 - mae: 0.8217 - mse: 0.8200 - ssim_metric: 0.1341
    458/Unknown - 494s 413ms/step - loss: 0.4813 - mae: 0.8216 - mse: 0.8198 - ssim_metric: 0.1343
    459/Unknown - 494s 413ms/step - loss: 0.4813 - mae: 0.8216 - mse: 0.8199 - ssim_metric: 0.1343
    460/Unknown - 495s 413ms/step - loss: 0.4813 - mae: 0.8216 - mse: 0.8199 - ssim_metric: 0.1343
    461/Unknown - 495s 413ms/step - loss: 0.4812 - mae: 0.8216 - mse: 0.8198 - ssim_metric: 0.1343
    462/Unknown - 496s 413ms/step - loss: 0.4813 - mae: 0.8217 - mse: 0.8200 - ssim_metric: 0.1343
    463/Unknown - 496s 413ms/step - loss: 0.4814 - mae: 0.8217 - mse: 0.8200 - ssim_metric: 0.1342
    464/Unknown - 496s 413ms/step - loss: 0.4813 - mae: 0.8217 - mse: 0.8200 - ssim_metric: 0.1342
    465/Unknown - 497s 413ms/step - loss: 0.4815 - mae: 0.8218 - mse: 0.8201 - ssim_metric: 0.1341
    466/Unknown - 497s 413ms/step - loss: 0.4814 - mae: 0.8218 - mse: 0.8201 - ssim_metric: 0.1342
    467/Unknown - 498s 413ms/step - loss: 0.4813 - mae: 0.8218 - mse: 0.8201 - ssim_metric: 0.1342
    468/Unknown - 498s 413ms/step - loss: 0.4811 - mae: 0.8216 - mse: 0.8199 - ssim_metric: 0.1343
    469/Unknown - 498s 413ms/step - loss: 0.4809 - mae: 0.8215 - mse: 0.8198 - ssim_metric: 0.1345
    470/Unknown - 499s 413ms/step - loss: 0.4812 - mae: 0.8216 - mse: 0.8200 - ssim_metric: 0.1343
    471/Unknown - 499s 413ms/step - loss: 0.4813 - mae: 0.8217 - mse: 0.8201 - ssim_metric: 0.1343
    472/Unknown - 500s 413ms/step - loss: 0.4818 - mae: 0.8220 - mse: 0.8203 - ssim_metric: 0.1341
    473/Unknown - 500s 413ms/step - loss: 0.4820 - mae: 0.8221 - mse: 0.8205 - ssim_metric: 0.1340
    474/Unknown - 500s 413ms/step - loss: 0.4820 - mae: 0.8221 - mse: 0.8205 - ssim_metric: 0.1340
    475/Unknown - 501s 413ms/step - loss: 0.4816 - mae: 0.8218 - mse: 0.8202 - ssim_metric: 0.1342
    476/Unknown - 501s 413ms/step - loss: 0.4820 - mae: 0.8220 - mse: 0.8204 - ssim_metric: 0.1341
    477/Unknown - 502s 413ms/step - loss: 0.4822 - mae: 0.8222 - mse: 0.8205 - ssim_metric: 0.1340
    478/Unknown - 502s 413ms/step - loss: 0.4825 - mae: 0.8223 - mse: 0.8207 - ssim_metric: 0.1338
    479/Unknown - 503s 413ms/step - loss: 0.4824 - mae: 0.8223 - mse: 0.8206 - ssim_metric: 0.1339
    480/Unknown - 503s 413ms/step - loss: 0.4823 - mae: 0.8223 - mse: 0.8206 - ssim_metric: 0.1339
    481/Unknown - 503s 413ms/step - loss: 0.4822 - mae: 0.8222 - mse: 0.8205 - ssim_metric: 0.1340
    482/Unknown - 504s 413ms/step - loss: 0.4822 - mae: 0.8222 - mse: 0.8206 - ssim_metric: 0.1339
    483/Unknown - 504s 413ms/step - loss: 0.4826 - mae: 0.8224 - mse: 0.8208 - ssim_metric: 0.1338
    484/Unknown - 505s 413ms/step - loss: 0.4827 - mae: 0.8225 - mse: 0.8209 - ssim_metric: 0.1337
    485/Unknown - 505s 413ms/step - loss: 0.4829 - mae: 0.8226 - mse: 0.8210 - ssim_metric: 0.1336
    486/Unknown - 505s 413ms/step - loss: 0.4828 - mae: 0.8226 - mse: 0.8210 - ssim_metric: 0.1336
    487/Unknown - 506s 413ms/step - loss: 0.4829 - mae: 0.8227 - mse: 0.8211 - ssim_metric: 0.1336
    488/Unknown - 506s 413ms/step - loss: 0.4826 - mae: 0.8225 - mse: 0.8209 - ssim_metric: 0.1337
    489/Unknown - 507s 413ms/step - loss: 0.4826 - mae: 0.8225 - mse: 0.8209 - ssim_metric: 0.1337
    490/Unknown - 507s 413ms/step - loss: 0.4826 - mae: 0.8225 - mse: 0.8209 - ssim_metric: 0.1337
    491/Unknown - 508s 413ms/step - loss: 0.4825 - mae: 0.8225 - mse: 0.8209 - ssim_metric: 0.1338
    492/Unknown - 508s 413ms/step - loss: 0.4826 - mae: 0.8226 - mse: 0.8210 - ssim_metric: 0.1337
    493/Unknown - 508s 413ms/step - loss: 0.4826 - mae: 0.8226 - mse: 0.8210 - ssim_metric: 0.1337
    494/Unknown - 509s 413ms/step - loss: 0.4826 - mae: 0.8226 - mse: 0.8210 - ssim_metric: 0.1337
    495/Unknown - 509s 413ms/step - loss: 0.4824 - mae: 0.8225 - mse: 0.8209 - ssim_metric: 0.1338
    496/Unknown - 510s 413ms/step - loss: 0.4823 - mae: 0.8224 - mse: 0.8209 - ssim_metric: 0.1339
    497/Unknown - 510s 413ms/step - loss: 0.4821 - mae: 0.8223 - mse: 0.8207 - ssim_metric: 0.1340
    498/Unknown - 510s 413ms/step - loss: 0.4820 - mae: 0.8222 - mse: 0.8206 - ssim_metric: 0.1341
    499/Unknown - 511s 413ms/step - loss: 0.4820 - mae: 0.8223 - mse: 0.8207 - ssim_metric: 0.1340
    500/Unknown - 511s 413ms/step - loss: 0.4820 - mae: 0.8223 - mse: 0.8207 - ssim_metric: 0.1340
    501/Unknown - 512s 413ms/step - loss: 0.4820 - mae: 0.8223 - mse: 0.8207 - ssim_metric: 0.1340
    502/Unknown - 512s 413ms/step - loss: 0.4820 - mae: 0.8223 - mse: 0.8207 - ssim_metric: 0.1340
    503/Unknown - 512s 413ms/step - loss: 0.4823 - mae: 0.8225 - mse: 0.8209 - ssim_metric: 0.1338
    504/Unknown - 513s 413ms/step - loss: 0.4826 - mae: 0.8226 - mse: 0.8211 - ssim_metric: 0.1337
    505/Unknown - 513s 413ms/step - loss: 0.4823 - mae: 0.8224 - mse: 0.8209 - ssim_metric: 0.1339
    506/Unknown - 514s 413ms/step - loss: 0.4822 - mae: 0.8224 - mse: 0.8208 - ssim_metric: 0.1340
    507/Unknown - 514s 413ms/step - loss: 0.4821 - mae: 0.8224 - mse: 0.8208 - ssim_metric: 0.1340
    508/Unknown - 515s 413ms/step - loss: 0.4821 - mae: 0.8224 - mse: 0.8208 - ssim_metric: 0.1340
    509/Unknown - 515s 413ms/step - loss: 0.4823 - mae: 0.8225 - mse: 0.8209 - ssim_metric: 0.1339
    510/Unknown - 515s 413ms/step - loss: 0.4825 - mae: 0.8226 - mse: 0.8211 - ssim_metric: 0.1338
    511/Unknown - 516s 413ms/step - loss: 0.4826 - mae: 0.8227 - mse: 0.8211 - ssim_metric: 0.1337
    512/Unknown - 516s 413ms/step - loss: 0.4823 - mae: 0.8225 - mse: 0.8209 - ssim_metric: 0.1339
    513/Unknown - 517s 413ms/step - loss: 0.4822 - mae: 0.8224 - mse: 0.8209 - ssim_metric: 0.1339
    514/Unknown - 517s 413ms/step - loss: 0.4823 - mae: 0.8225 - mse: 0.8209 - ssim_metric: 0.1338
    515/Unknown - 517s 413ms/step - loss: 0.4821 - mae: 0.8223 - mse: 0.8208 - ssim_metric: 0.1340
    516/Unknown - 518s 413ms/step - loss: 0.4821 - mae: 0.8224 - mse: 0.8208 - ssim_metric: 0.1340
    517/Unknown - 518s 413ms/step - loss: 0.4820 - mae: 0.8223 - mse: 0.8208 - ssim_metric: 0.1340
    518/Unknown - 519s 413ms/step - loss: 0.4818 - mae: 0.8222 - mse: 0.8206 - ssim_metric: 0.1341
    519/Unknown - 519s 413ms/step - loss: 0.4818 - mae: 0.8222 - mse: 0.8207 - ssim_metric: 0.1341
    520/Unknown - 520s 413ms/step - loss: 0.4819 - mae: 0.8223 - mse: 0.8208 - ssim_metric: 0.1340
    521/Unknown - 520s 413ms/step - loss: 0.4821 - mae: 0.8224 - mse: 0.8209 - ssim_metric: 0.1339
    522/Unknown - 520s 413ms/step - loss: 0.4819 - mae: 0.8223 - mse: 0.8208 - ssim_metric: 0.1340
    523/Unknown - 521s 413ms/step - loss: 0.4822 - mae: 0.8225 - mse: 0.8210 - ssim_metric: 0.1339
    524/Unknown - 521s 413ms/step - loss: 0.4823 - mae: 0.8225 - mse: 0.8210 - ssim_metric: 0.1338
    525/Unknown - 522s 413ms/step - loss: 0.4820 - mae: 0.8223 - mse: 0.8208 - ssim_metric: 0.1341
    526/Unknown - 522s 413ms/step - loss: 0.4819 - mae: 0.8223 - mse: 0.8208 - ssim_metric: 0.1341
    527/Unknown - 522s 413ms/step - loss: 0.4820 - mae: 0.8223 - mse: 0.8208 - ssim_metric: 0.1341
    528/Unknown - 523s 413ms/step - loss: 0.4818 - mae: 0.8222 - mse: 0.8207 - ssim_metric: 0.1342
    529/Unknown - 523s 413ms/step - loss: 0.4818 - mae: 0.8222 - mse: 0.8207 - ssim_metric: 0.1342
    530/Unknown - 524s 413ms/step - loss: 0.4816 - mae: 0.8221 - mse: 0.8206 - ssim_metric: 0.1343
    531/Unknown - 524s 413ms/step - loss: 0.4816 - mae: 0.8221 - mse: 0.8206 - ssim_metric: 0.1343
    532/Unknown - 524s 413ms/step - loss: 0.4815 - mae: 0.8220 - mse: 0.8206 - ssim_metric: 0.1343
    533/Unknown - 525s 413ms/step - loss: 0.4813 - mae: 0.8220 - mse: 0.8205 - ssim_metric: 0.1344
    534/Unknown - 525s 413ms/step - loss: 0.4812 - mae: 0.8219 - mse: 0.8204 - ssim_metric: 0.1345
    535/Unknown - 526s 413ms/step - loss: 0.4811 - mae: 0.8219 - mse: 0.8204 - ssim_metric: 0.1345
    536/Unknown - 526s 413ms/step - loss: 0.4812 - mae: 0.8219 - mse: 0.8204 - ssim_metric: 0.1345
    537/Unknown - 527s 413ms/step - loss: 0.4813 - mae: 0.8220 - mse: 0.8205 - ssim_metric: 0.1344
    538/Unknown - 527s 413ms/step - loss: 0.4812 - mae: 0.8220 - mse: 0.8205 - ssim_metric: 0.1345
    539/Unknown - 527s 413ms/step - loss: 0.4811 - mae: 0.8219 - mse: 0.8204 - ssim_metric: 0.1345
    540/Unknown - 528s 413ms/step - loss: 0.4810 - mae: 0.8218 - mse: 0.8204 - ssim_metric: 0.1346
    541/Unknown - 528s 413ms/step - loss: 0.4810 - mae: 0.8219 - mse: 0.8204 - ssim_metric: 0.1346
    542/Unknown - 529s 413ms/step - loss: 0.4809 - mae: 0.8218 - mse: 0.8204 - ssim_metric: 0.1346
    543/Unknown - 529s 413ms/step - loss: 0.4810 - mae: 0.8219 - mse: 0.8204 - ssim_metric: 0.1346
    544/Unknown - 529s 413ms/step - loss: 0.4808 - mae: 0.8218 - mse: 0.8203 - ssim_metric: 0.1346
    545/Unknown - 530s 413ms/step - loss: 0.4808 - mae: 0.8218 - mse: 0.8204 - ssim_metric: 0.1346
    546/Unknown - 530s 413ms/step - loss: 0.4812 - mae: 0.8220 - mse: 0.8205 - ssim_metric: 0.1345
    547/Unknown - 531s 413ms/step - loss: 0.4810 - mae: 0.8219 - mse: 0.8205 - ssim_metric: 0.1345
    548/Unknown - 531s 413ms/step - loss: 0.4810 - mae: 0.8219 - mse: 0.8205 - ssim_metric: 0.1345
    549/Unknown - 532s 413ms/step - loss: 0.4809 - mae: 0.8219 - mse: 0.8204 - ssim_metric: 0.1346
    550/Unknown - 532s 413ms/step - loss: 0.4809 - mae: 0.8219 - mse: 0.8204 - ssim_metric: 0.1346
    551/Unknown - 532s 413ms/step - loss: 0.4807 - mae: 0.8218 - mse: 0.8203 - ssim_metric: 0.1347
    552/Unknown - 533s 413ms/step - loss: 0.4808 - mae: 0.8218 - mse: 0.8204 - ssim_metric: 0.1346
    553/Unknown - 533s 413ms/step - loss: 0.4807 - mae: 0.8218 - mse: 0.8204 - ssim_metric: 0.1347
    554/Unknown - 534s 413ms/step - loss: 0.4805 - mae: 0.8217 - mse: 0.8202 - ssim_metric: 0.1348
    555/Unknown - 534s 413ms/step - loss: 0.4808 - mae: 0.8218 - mse: 0.8204 - ssim_metric: 0.1347
    556/Unknown - 534s 413ms/step - loss: 0.4806 - mae: 0.8217 - mse: 0.8203 - ssim_metric: 0.1348
    557/Unknown - 535s 413ms/step - loss: 0.4808 - mae: 0.8218 - mse: 0.8204 - ssim_metric: 0.1347
    558/Unknown - 535s 413ms/step - loss: 0.4808 - mae: 0.8218 - mse: 0.8204 - ssim_metric: 0.1347
    559/Unknown - 536s 413ms/step - loss: 0.4808 - mae: 0.8218 - mse: 0.8204 - ssim_metric: 0.1347
    560/Unknown - 536s 413ms/step - loss: 0.4807 - mae: 0.8218 - mse: 0.8204 - ssim_metric: 0.1347
    561/Unknown - 536s 413ms/step - loss: 0.4806 - mae: 0.8217 - mse: 0.8203 - ssim_metric: 0.1348
    562/Unknown - 537s 413ms/step - loss: 0.4805 - mae: 0.8217 - mse: 0.8203 - ssim_metric: 0.1348
    563/Unknown - 537s 413ms/step - loss: 0.4803 - mae: 0.8216 - mse: 0.8202 - ssim_metric: 0.1350
    564/Unknown - 538s 413ms/step - loss: 0.4805 - mae: 0.8217 - mse: 0.8203 - ssim_metric: 0.1349
    565/Unknown - 538s 413ms/step - loss: 0.4807 - mae: 0.8218 - mse: 0.8204 - ssim_metric: 0.1348
    566/Unknown - 539s 413ms/step - loss: 0.4804 - mae: 0.8216 - mse: 0.8202 - ssim_metric: 0.1350
    567/Unknown - 539s 413ms/step - loss: 0.4804 - mae: 0.8216 - mse: 0.8202 - ssim_metric: 0.1350
    568/Unknown - 539s 413ms/step - loss: 0.4805 - mae: 0.8217 - mse: 0.8203 - ssim_metric: 0.1349
    569/Unknown - 540s 413ms/step - loss: 0.4803 - mae: 0.8215 - mse: 0.8201 - ssim_metric: 0.1351
    570/Unknown - 540s 413ms/step - loss: 0.4802 - mae: 0.8215 - mse: 0.8201 - ssim_metric: 0.1351
    571/Unknown - 541s 413ms/step - loss: 0.4804 - mae: 0.8216 - mse: 0.8202 - ssim_metric: 0.1350
    572/Unknown - 541s 413ms/step - loss: 0.4802 - mae: 0.8214 - mse: 0.8201 - ssim_metric: 0.1352
    573/Unknown - 541s 413ms/step - loss: 0.4801 - mae: 0.8214 - mse: 0.8200 - ssim_metric: 0.1352
    574/Unknown - 542s 413ms/step - loss: 0.4799 - mae: 0.8213 - mse: 0.8199 - ssim_metric: 0.1354
    575/Unknown - 542s 413ms/step - loss: 0.4797 - mae: 0.8210 - mse: 0.8197 - ssim_metric: 0.1356
    576/Unknown - 543s 413ms/step - loss: 0.4796 - mae: 0.8210 - mse: 0.8197 - ssim_metric: 0.1356
    577/Unknown - 543s 413ms/step - loss: 0.4799 - mae: 0.8212 - mse: 0.8198 - ssim_metric: 0.1354
    578/Unknown - 544s 413ms/step - loss: 0.4797 - mae: 0.8210 - mse: 0.8196 - ssim_metric: 0.1356
    579/Unknown - 544s 413ms/step - loss: 0.4799 - mae: 0.8212 - mse: 0.8198 - ssim_metric: 0.1355
    580/Unknown - 544s 413ms/step - loss: 0.4796 - mae: 0.8209 - mse: 0.8196 - ssim_metric: 0.1358
    581/Unknown - 545s 413ms/step - loss: 0.4797 - mae: 0.8210 - mse: 0.8196 - ssim_metric: 0.1357
    582/Unknown - 545s 413ms/step - loss: 0.4795 - mae: 0.8209 - mse: 0.8195 - ssim_metric: 0.1358
    583/Unknown - 546s 413ms/step - loss: 0.4797 - mae: 0.8210 - mse: 0.8196 - ssim_metric: 0.1357
    584/Unknown - 546s 413ms/step - loss: 0.4798 - mae: 0.8211 - mse: 0.8197 - ssim_metric: 0.1356
    585/Unknown - 546s 413ms/step - loss: 0.4799 - mae: 0.8211 - mse: 0.8198 - ssim_metric: 0.1356
    586/Unknown - 547s 413ms/step - loss: 0.4799 - mae: 0.8211 - mse: 0.8198 - ssim_metric: 0.1356
    587/Unknown - 547s 413ms/step - loss: 0.4798 - mae: 0.8211 - mse: 0.8198 - ssim_metric: 0.1356
    588/Unknown - 548s 413ms/step - loss: 0.4797 - mae: 0.8210 - mse: 0.8197 - ssim_metric: 0.1357
    589/Unknown - 548s 413ms/step - loss: 0.4798 - mae: 0.8211 - mse: 0.8197 - ssim_metric: 0.1356
    590/Unknown - 548s 413ms/step - loss: 0.4796 - mae: 0.8210 - mse: 0.8197 - ssim_metric: 0.1357
    591/Unknown - 549s 413ms/step - loss: 0.4796 - mae: 0.8210 - mse: 0.8197 - ssim_metric: 0.1357
    592/Unknown - 549s 413ms/step - loss: 0.4797 - mae: 0.8211 - mse: 0.8198 - ssim_metric: 0.1356
    593/Unknown - 550s 413ms/step - loss: 0.4796 - mae: 0.8210 - mse: 0.8197 - ssim_metric: 0.1357
    594/Unknown - 550s 413ms/step - loss: 0.4795 - mae: 0.8210 - mse: 0.8197 - ssim_metric: 0.1357
    595/Unknown - 551s 413ms/step - loss: 0.4798 - mae: 0.8211 - mse: 0.8198 - ssim_metric: 0.1356
    596/Unknown - 551s 413ms/step - loss: 0.4801 - mae: 0.8213 - mse: 0.8200 - ssim_metric: 0.1355
    597/Unknown - 551s 413ms/step - loss: 0.4800 - mae: 0.8213 - mse: 0.8200 - ssim_metric: 0.1355
    598/Unknown - 552s 413ms/step - loss: 0.4802 - mae: 0.8214 - mse: 0.8201 - ssim_metric: 0.1354
    599/Unknown - 552s 413ms/step - loss: 0.4802 - mae: 0.8214 - mse: 0.8201 - ssim_metric: 0.1354
    600/Unknown - 553s 413ms/step - loss: 0.4801 - mae: 0.8213 - mse: 0.8200 - ssim_metric: 0.1354
    601/Unknown - 553s 413ms/step - loss: 0.4803 - mae: 0.8214 - mse: 0.8201 - ssim_metric: 0.1353
    602/Unknown - 553s 413ms/step - loss: 0.4803 - mae: 0.8215 - mse: 0.8202 - ssim_metric: 0.1353
    603/Unknown - 554s 413ms/step - loss: 0.4802 - mae: 0.8214 - mse: 0.8201 - ssim_metric: 0.1354
    604/Unknown - 554s 413ms/step - loss: 0.4800 - mae: 0.8213 - mse: 0.8200 - ssim_metric: 0.1354
    605/Unknown - 555s 413ms/step - loss: 0.4799 - mae: 0.8213 - mse: 0.8199 - ssim_metric: 0.1354
    606/Unknown - 555s 413ms/step - loss: 0.4800 - mae: 0.8213 - mse: 0.8200 - ssim_metric: 0.1354
    607/Unknown - 556s 413ms/step - loss: 0.4800 - mae: 0.8213 - mse: 0.8200 - ssim_metric: 0.1354
    608/Unknown - 556s 413ms/step - loss: 0.4799 - mae: 0.8213 - mse: 0.8200 - ssim_metric: 0.1354
    609/Unknown - 556s 413ms/step - loss: 0.4799 - mae: 0.8213 - mse: 0.8200 - ssim_metric: 0.1355
    610/Unknown - 557s 413ms/step - loss: 0.4798 - mae: 0.8212 - mse: 0.8199 - ssim_metric: 0.1355
    611/Unknown - 557s 413ms/step - loss: 0.4798 - mae: 0.8212 - mse: 0.8199 - ssim_metric: 0.1354
    612/Unknown - 558s 413ms/step - loss: 0.4797 - mae: 0.8212 - mse: 0.8199 - ssim_metric: 0.1355
    613/Unknown - 558s 413ms/step - loss: 0.4797 - mae: 0.8212 - mse: 0.8199 - ssim_metric: 0.1355
    614/Unknown - 558s 413ms/step - loss: 0.4795 - mae: 0.8210 - mse: 0.8197 - ssim_metric: 0.1356
    615/Unknown - 559s 413ms/step - loss: 0.4795 - mae: 0.8210 - mse: 0.8198 - ssim_metric: 0.1356
    616/Unknown - 559s 413ms/step - loss: 0.4796 - mae: 0.8211 - mse: 0.8199 - ssim_metric: 0.1356
    617/Unknown - 560s 413ms/step - loss: 0.4797 - mae: 0.8212 - mse: 0.8199 - ssim_metric: 0.1355
    618/Unknown - 560s 413ms/step - loss: 0.4797 - mae: 0.8212 - mse: 0.8199 - ssim_metric: 0.1355
    619/Unknown - 560s 413ms/step - loss: 0.4795 - mae: 0.8211 - mse: 0.8198 - ssim_metric: 0.1356
    620/Unknown - 561s 413ms/step - loss: 0.4796 - mae: 0.8211 - mse: 0.8198 - ssim_metric: 0.1356
    621/Unknown - 561s 413ms/step - loss: 0.4798 - mae: 0.8213 - mse: 0.8200 - ssim_metric: 0.1355
    622/Unknown - 562s 413ms/step - loss: 0.4797 - mae: 0.8212 - mse: 0.8200 - ssim_metric: 0.1355
    623/Unknown - 562s 413ms/step - loss: 0.4800 - mae: 0.8214 - mse: 0.8201 - ssim_metric: 0.1354
    624/Unknown - 563s 413ms/step - loss: 0.4798 - mae: 0.8212 - mse: 0.8200 - ssim_metric: 0.1355
    625/Unknown - 563s 413ms/step - loss: 0.4797 - mae: 0.8212 - mse: 0.8199 - ssim_metric: 0.1355
    626/Unknown - 563s 413ms/step - loss: 0.4797 - mae: 0.8212 - mse: 0.8199 - ssim_metric: 0.1355
    627/Unknown - 564s 413ms/step - loss: 0.4795 - mae: 0.8211 - mse: 0.8198 - ssim_metric: 0.1356
    628/Unknown - 564s 413ms/step - loss: 0.4796 - mae: 0.8211 - mse: 0.8199 - ssim_metric: 0.1356
    629/Unknown - 565s 413ms/step - loss: 0.4795 - mae: 0.8211 - mse: 0.8198 - ssim_metric: 0.1357
    630/Unknown - 565s 413ms/step - loss: 0.4794 - mae: 0.8210 - mse: 0.8197 - ssim_metric: 0.1357
    631/Unknown - 565s 413ms/step - loss: 0.4793 - mae: 0.8210 - mse: 0.8197 - ssim_metric: 0.1357
    632/Unknown - 566s 413ms/step - loss: 0.4794 - mae: 0.8210 - mse: 0.8198 - ssim_metric: 0.1357
    633/Unknown - 566s 413ms/step - loss: 0.4794 - mae: 0.8210 - mse: 0.8198 - ssim_metric: 0.1357
    634/Unknown - 567s 413ms/step - loss: 0.4794 - mae: 0.8211 - mse: 0.8198 - ssim_metric: 0.1356
    635/Unknown - 567s 413ms/step - loss: 0.4794 - mae: 0.8211 - mse: 0.8199 - ssim_metric: 0.1356
    636/Unknown - 568s 413ms/step - loss: 0.4795 - mae: 0.8211 - mse: 0.8199 - ssim_metric: 0.1356
    637/Unknown - 568s 413ms/step - loss: 0.4794 - mae: 0.8211 - mse: 0.8198 - ssim_metric: 0.1356
    638/Unknown - 568s 413ms/step - loss: 0.4791 - mae: 0.8209 - mse: 0.8196 - ssim_metric: 0.1359
    639/Unknown - 569s 413ms/step - loss: 0.4789 - mae: 0.8207 - mse: 0.8195 - ssim_metric: 0.1360
    640/Unknown - 569s 413ms/step - loss: 0.4791 - mae: 0.8208 - mse: 0.8196 - ssim_metric: 0.1359
    641/Unknown - 570s 413ms/step - loss: 0.4790 - mae: 0.8208 - mse: 0.8196 - ssim_metric: 0.1359
    642/Unknown - 570s 413ms/step - loss: 0.4789 - mae: 0.8208 - mse: 0.8195 - ssim_metric: 0.1360
    643/Unknown - 570s 413ms/step - loss: 0.4791 - mae: 0.8209 - mse: 0.8196 - ssim_metric: 0.1359
    644/Unknown - 571s 413ms/step - loss: 0.4792 - mae: 0.8209 - mse: 0.8197 - ssim_metric: 0.1358
    645/Unknown - 571s 413ms/step - loss: 0.4792 - mae: 0.8210 - mse: 0.8197 - ssim_metric: 0.1358
    646/Unknown - 572s 413ms/step - loss: 0.4792 - mae: 0.8210 - mse: 0.8197 - ssim_metric: 0.1358
    647/Unknown - 572s 413ms/step - loss: 0.4792 - mae: 0.8210 - mse: 0.8197 - ssim_metric: 0.1358
    648/Unknown - 572s 413ms/step - loss: 0.4789 - mae: 0.8208 - mse: 0.8195 - ssim_metric: 0.1360
    649/Unknown - 573s 413ms/step - loss: 0.4788 - mae: 0.8207 - mse: 0.8194 - ssim_metric: 0.1360
    650/Unknown - 573s 413ms/step - loss: 0.4789 - mae: 0.8208 - mse: 0.8195 - ssim_metric: 0.1360
    651/Unknown - 574s 413ms/step - loss: 0.4788 - mae: 0.8207 - mse: 0.8194 - ssim_metric: 0.1361
    652/Unknown - 576s 416ms/step - loss: 0.4789 - mae: 0.8207 - mse: 0.8195 - ssim_metric: 0.1360
Epoch 1: saving model to C:\d_surucusu\visual_navigation\benchmark\models_pipeline\_lr_batch_probe\lr1e-3_b8\_JOB_lr1e-3_b8_05_09_2026__17_07_model_f48_k4_epoch_00001_helu_osigmoid_(1, 1)_.h5

Epoch 1: val_loss improved from inf to 0.51466, saving model to C:\d_surucusu\visual_navigation\benchmark\models_pipeline\_lr_batch_probe\lr1e-3_b8\_JOB_lr1e-3_b8_05_09_2026__17_07_best_val_loss_model_f48_k4.h5

Epoch 1: val_mae improved from inf to 0.84426, saving model to C:\d_surucusu\visual_navigation\benchmark\models_pipeline\_lr_batch_probe\lr1e-3_b8\_JOB_lr1e-3_b8_05_09_2026__17_07_best_mae_model_f48_k4.h5

Epoch 1: val_ssim_metric improved from -inf to 0.11815, saving model to C:\d_surucusu\visual_navigation\benchmark\models_pipeline\_lr_batch_probe\lr1e-3_b8\_JOB_lr1e-3_b8_05_09_2026__17_07_best_ssim_model_f48_k4.h5

652/652 [==============================] - 593s 442ms/step - loss: 0.4789 - mae: 0.8207 - mse: 0.8195 - ssim_metric: 0.1360 - val_loss: 0.5147 - val_mae: 0.8443 - val_mse: 0.8442 - val_ssim_metric: 0.1181
Epoch 2/6

  1/652 [..............................] - ETA: 4:50 - loss: 0.4563 - mae: 0.8153 - mse: 0.8153 - ssim_metric: 0.1406
  2/652 [..............................] - ETA: 4:29 - loss: 0.4200 - mae: 0.7851 - mse: 0.7851 - ssim_metric: 0.1672
  3/652 [..............................] - ETA: 4:28 - loss: 0.4649 - mae: 0.8152 - mse: 0.8152 - ssim_metric: 0.1433
  4/652 [..............................] - ETA: 4:28 - loss: 0.4409 - mae: 0.7964 - mse: 0.7964 - ssim_metric: 0.1593
  5/652 [..............................] - ETA: 4:28 - loss: 0.4255 - mae: 0.7839 - mse: 0.7839 - ssim_metric: 0.1685
  6/652 [..............................] - ETA: 4:27 - loss: 0.4267 - mae: 0.7863 - mse: 0.7863 - ssim_metric: 0.1666
  7/652 [..............................] - ETA: 4:26 - loss: 0.4246 - mae: 0.7858 - mse: 0.7858 - ssim_metric: 0.1689
  8/652 [..............................] - ETA: 4:26 - loss: 0.4249 - mae: 0.7869 - mse: 0.7869 - ssim_metric: 0.1691
  9/652 [..............................] - ETA: 4:26 - loss: 0.4178 - mae: 0.7810 - mse: 0.7810 - ssim_metric: 0.1749
 10/652 [..............................] - ETA: 4:25 - loss: 0.4481 - mae: 0.7969 - mse: 0.7969 - ssim_metric: 0.1610
 11/652 [..............................] - ETA: 4:25 - loss: 0.4513 - mae: 0.8002 - mse: 0.8002 - ssim_metric: 0.1576
 12/652 [..............................] - ETA: 4:24 - loss: 0.4500 - mae: 0.8001 - mse: 0.8001 - ssim_metric: 0.1570
 13/652 [..............................] - ETA: 4:24 - loss: 0.4562 - mae: 0.8049 - mse: 0.8049 - ssim_metric: 0.1528
 14/652 [..............................] - ETA: 4:24 - loss: 0.4539 - mae: 0.8038 - mse: 0.8038 - ssim_metric: 0.1534
 15/652 [..............................] - ETA: 4:23 - loss: 0.4580 - mae: 0.8071 - mse: 0.8071 - ssim_metric: 0.1501
 16/652 [..............................] - ETA: 4:23 - loss: 0.4653 - mae: 0.8119 - mse: 0.8119 - ssim_metric: 0.1459
 17/652 [..............................] - ETA: 4:22 - loss: 0.4755 - mae: 0.8178 - mse: 0.8178 - ssim_metric: 0.1414
 18/652 [..............................] - ETA: 4:22 - loss: 0.4786 - mae: 0.8203 - mse: 0.8203 - ssim_metric: 0.1388
 19/652 [..............................] - ETA: 4:22 - loss: 0.4840 - mae: 0.8238 - mse: 0.8238 - ssim_metric: 0.1356
 20/652 [..............................] - ETA: 4:21 - loss: 0.4819 - mae: 0.8229 - mse: 0.8229 - ssim_metric: 0.1366
 21/652 [..............................] - ETA: 4:21 - loss: 0.4770 - mae: 0.8195 - mse: 0.8195 - ssim_metric: 0.1395
 22/652 [>.............................] - ETA: 4:20 - loss: 0.4752 - mae: 0.8187 - mse: 0.8187 - ssim_metric: 0.1403
 23/652 [>.............................] - ETA: 4:20 - loss: 0.4805 - mae: 0.8220 - mse: 0.8220 - ssim_metric: 0.1375
 24/652 [>.............................] - ETA: 4:20 - loss: 0.4754 - mae: 0.8180 - mse: 0.8180 - ssim_metric: 0.1403
 25/652 [>.............................] - ETA: 4:19 - loss: 0.4726 - mae: 0.8162 - mse: 0.8162 - ssim_metric: 0.1417
 26/652 [>.............................] - ETA: 4:19 - loss: 0.4706 - mae: 0.8152 - mse: 0.8152 - ssim_metric: 0.1427
 27/652 [>.............................] - ETA: 4:18 - loss: 0.4660 - mae: 0.8115 - mse: 0.8115 - ssim_metric: 0.1458
 28/652 [>.............................] - ETA: 4:18 - loss: 0.4641 - mae: 0.8105 - mse: 0.8105 - ssim_metric: 0.1468
 29/652 [>.............................] - ETA: 4:17 - loss: 0.4699 - mae: 0.8139 - mse: 0.8139 - ssim_metric: 0.1440
 30/652 [>.............................] - ETA: 4:17 - loss: 0.4738 - mae: 0.8165 - mse: 0.8164 - ssim_metric: 0.1418
 31/652 [>.............................] - ETA: 4:17 - loss: 0.4710 - mae: 0.8147 - mse: 0.8147 - ssim_metric: 0.1439
 32/652 [>.............................] - ETA: 4:16 - loss: 0.4698 - mae: 0.8141 - mse: 0.8141 - ssim_metric: 0.1441
 33/652 [>.............................] - ETA: 4:16 - loss: 0.4744 - mae: 0.8169 - mse: 0.8168 - ssim_metric: 0.1419
 34/652 [>.............................] - ETA: 4:15 - loss: 0.4721 - mae: 0.8154 - mse: 0.8154 - ssim_metric: 0.1430
 35/652 [>.............................] - ETA: 4:15 - loss: 0.4687 - mae: 0.8128 - mse: 0.8128 - ssim_metric: 0.1452
 36/652 [>.............................] - ETA: 4:15 - loss: 0.4687 - mae: 0.8131 - mse: 0.8131 - ssim_metric: 0.1447
 37/652 [>.............................] - ETA: 4:14 - loss: 0.4687 - mae: 0.8133 - mse: 0.8133 - ssim_metric: 0.1446
 38/652 [>.............................] - ETA: 4:14 - loss: 0.4676 - mae: 0.8128 - mse: 0.8128 - ssim_metric: 0.1449
 39/652 [>.............................] - ETA: 4:13 - loss: 0.4710 - mae: 0.8149 - mse: 0.8149 - ssim_metric: 0.1430
 40/652 [>.............................] - ETA: 4:13 - loss: 0.4746 - mae: 0.8171 - mse: 0.8171 - ssim_metric: 0.1409
 41/652 [>.............................] - ETA: 4:13 - loss: 0.4768 - mae: 0.8187 - mse: 0.8186 - ssim_metric: 0.1395
 42/652 [>.............................] - ETA: 4:12 - loss: 0.4790 - mae: 0.8202 - mse: 0.8201 - ssim_metric: 0.1383
 43/652 [>.............................] - ETA: 4:12 - loss: 0.4827 - mae: 0.8222 - mse: 0.8222 - ssim_metric: 0.1365
 44/652 [=>............................] - ETA: 4:11 - loss: 0.4823 - mae: 0.8222 - mse: 0.8222 - ssim_metric: 0.1365
 45/652 [=>............................] - ETA: 4:11 - loss: 0.4844 - mae: 0.8237 - mse: 0.8237 - ssim_metric: 0.1355
 46/652 [=>............................] - ETA: 4:10 - loss: 0.4853 - mae: 0.8245 - mse: 0.8245 - ssim_metric: 0.1352
 47/652 [=>............................] - ETA: 4:10 - loss: 0.4867 - mae: 0.8255 - mse: 0.8255 - ssim_metric: 0.1342
 48/652 [=>............................] - ETA: 4:10 - loss: 0.4858 - mae: 0.8251 - mse: 0.8251 - ssim_metric: 0.1344
 49/652 [=>............................] - ETA: 4:09 - loss: 0.4835 - mae: 0.8234 - mse: 0.8233 - ssim_metric: 0.1358
 50/652 [=>............................] - ETA: 4:09 - loss: 0.4822 - mae: 0.8226 - mse: 0.8226 - ssim_metric: 0.1360
 51/652 [=>............................] - ETA: 4:08 - loss: 0.4805 - mae: 0.8215 - mse: 0.8215 - ssim_metric: 0.1370
 52/652 [=>............................] - ETA: 4:08 - loss: 0.4807 - mae: 0.8218 - mse: 0.8218 - ssim_metric: 0.1367
 53/652 [=>............................] - ETA: 4:08 - loss: 0.4798 - mae: 0.8213 - mse: 0.8213 - ssim_metric: 0.1369
 54/652 [=>............................] - ETA: 4:07 - loss: 0.4811 - mae: 0.8223 - mse: 0.8223 - ssim_metric: 0.1361
 55/652 [=>............................] - ETA: 4:07 - loss: 0.4813 - mae: 0.8226 - mse: 0.8226 - ssim_metric: 0.1358
 56/652 [=>............................] - ETA: 4:06 - loss: 0.4802 - mae: 0.8220 - mse: 0.8219 - ssim_metric: 0.1365
 57/652 [=>............................] - ETA: 4:06 - loss: 0.4798 - mae: 0.8219 - mse: 0.8219 - ssim_metric: 0.1365
 58/652 [=>............................] - ETA: 4:05 - loss: 0.4801 - mae: 0.8222 - mse: 0.8222 - ssim_metric: 0.1360
 59/652 [=>............................] - ETA: 4:05 - loss: 0.4802 - mae: 0.8224 - mse: 0.8224 - ssim_metric: 0.1357
 60/652 [=>............................] - ETA: 4:05 - loss: 0.4790 - mae: 0.8217 - mse: 0.8217 - ssim_metric: 0.1365
 61/652 [=>............................] - ETA: 4:04 - loss: 0.4787 - mae: 0.8216 - mse: 0.8216 - ssim_metric: 0.1364
 62/652 [=>............................] - ETA: 4:04 - loss: 0.4785 - mae: 0.8216 - mse: 0.8216 - ssim_metric: 0.1363
 63/652 [=>............................] - ETA: 4:03 - loss: 0.4771 - mae: 0.8207 - mse: 0.8206 - ssim_metric: 0.1372
 64/652 [=>............................] - ETA: 4:03 - loss: 0.4754 - mae: 0.8194 - mse: 0.8194 - ssim_metric: 0.1383
 65/652 [=>............................] - ETA: 4:03 - loss: 0.4786 - mae: 0.8211 - mse: 0.8211 - ssim_metric: 0.1370
 66/652 [==>...........................] - ETA: 4:02 - loss: 0.4801 - mae: 0.8221 - mse: 0.8220 - ssim_metric: 0.1362
 67/652 [==>...........................] - ETA: 4:02 - loss: 0.4787 - mae: 0.8211 - mse: 0.8211 - ssim_metric: 0.1368
 68/652 [==>...........................] - ETA: 4:01 - loss: 0.4785 - mae: 0.8211 - mse: 0.8211 - ssim_metric: 0.1368
 69/652 [==>...........................] - ETA: 4:01 - loss: 0.4784 - mae: 0.8212 - mse: 0.8211 - ssim_metric: 0.1368
 70/652 [==>...........................] - ETA: 4:01 - loss: 0.4806 - mae: 0.8224 - mse: 0.8224 - ssim_metric: 0.1357
 71/652 [==>...........................] - ETA: 4:00 - loss: 0.4809 - mae: 0.8228 - mse: 0.8228 - ssim_metric: 0.1354
 72/652 [==>...........................] - ETA: 4:00 - loss: 0.4800 - mae: 0.8222 - mse: 0.8221 - ssim_metric: 0.1358
 73/652 [==>...........................] - ETA: 3:59 - loss: 0.4816 - mae: 0.8232 - mse: 0.8232 - ssim_metric: 0.1350
 74/652 [==>...........................] - ETA: 3:59 - loss: 0.4824 - mae: 0.8238 - mse: 0.8237 - ssim_metric: 0.1345
 75/652 [==>...........................] - ETA: 3:58 - loss: 0.4830 - mae: 0.8242 - mse: 0.8242 - ssim_metric: 0.1340
 76/652 [==>...........................] - ETA: 3:58 - loss: 0.4837 - mae: 0.8248 - mse: 0.8248 - ssim_metric: 0.1336
 77/652 [==>...........................] - ETA: 3:58 - loss: 0.4833 - mae: 0.8246 - mse: 0.8246 - ssim_metric: 0.1338
 78/652 [==>...........................] - ETA: 3:57 - loss: 0.4837 - mae: 0.8250 - mse: 0.8250 - ssim_metric: 0.1334
 79/652 [==>...........................] - ETA: 3:57 - loss: 0.4850 - mae: 0.8258 - mse: 0.8258 - ssim_metric: 0.1327
 80/652 [==>...........................] - ETA: 3:56 - loss: 0.4849 - mae: 0.8259 - mse: 0.8258 - ssim_metric: 0.1326
 81/652 [==>...........................] - ETA: 3:56 - loss: 0.4859 - mae: 0.8265 - mse: 0.8265 - ssim_metric: 0.1320
 82/652 [==>...........................] - ETA: 3:56 - loss: 0.4858 - mae: 0.8266 - mse: 0.8266 - ssim_metric: 0.1320
 83/652 [==>...........................] - ETA: 3:55 - loss: 0.4882 - mae: 0.8278 - mse: 0.8278 - ssim_metric: 0.1309
 84/652 [==>...........................] - ETA: 3:55 - loss: 0.4901 - mae: 0.8288 - mse: 0.8288 - ssim_metric: 0.1301
 85/652 [==>...........................] - ETA: 3:54 - loss: 0.4895 - mae: 0.8286 - mse: 0.8286 - ssim_metric: 0.1304
 86/652 [==>...........................] - ETA: 3:54 - loss: 0.4903 - mae: 0.8291 - mse: 0.8291 - ssim_metric: 0.1299
 87/652 [===>..........................] - ETA: 3:53 - loss: 0.4902 - mae: 0.8292 - mse: 0.8291 - ssim_metric: 0.1297
 88/652 [===>..........................] - ETA: 3:53 - loss: 0.4890 - mae: 0.8283 - mse: 0.8283 - ssim_metric: 0.1304
 89/652 [===>..........................] - ETA: 3:53 - loss: 0.4885 - mae: 0.8281 - mse: 0.8281 - ssim_metric: 0.1306
 90/652 [===>..........................] - ETA: 3:52 - loss: 0.4866 - mae: 0.8264 - mse: 0.8264 - ssim_metric: 0.1319
 91/652 [===>..........................] - ETA: 3:52 - loss: 0.4867 - mae: 0.8266 - mse: 0.8266 - ssim_metric: 0.1318
 92/652 [===>..........................] - ETA: 3:51 - loss: 0.4860 - mae: 0.8262 - mse: 0.8262 - ssim_metric: 0.1321
 93/652 [===>..........................] - ETA: 3:51 - loss: 0.4854 - mae: 0.8259 - mse: 0.8258 - ssim_metric: 0.1323
 94/652 [===>..........................] - ETA: 3:51 - loss: 0.4873 - mae: 0.8269 - mse: 0.8268 - ssim_metric: 0.1315
 95/652 [===>..........................] - ETA: 3:50 - loss: 0.4884 - mae: 0.8276 - mse: 0.8276 - ssim_metric: 0.1309
 96/652 [===>..........................] - ETA: 3:50 - loss: 0.4908 - mae: 0.8287 - mse: 0.8287 - ssim_metric: 0.1299
 97/652 [===>..........................] - ETA: 3:49 - loss: 0.4893 - mae: 0.8275 - mse: 0.8275 - ssim_metric: 0.1311
 98/652 [===>..........................] - ETA: 3:49 - loss: 0.4888 - mae: 0.8273 - mse: 0.8273 - ssim_metric: 0.1312
 99/652 [===>..........................] - ETA: 3:48 - loss: 0.4900 - mae: 0.8280 - mse: 0.8280 - ssim_metric: 0.1306
100/652 [===>..........................] - ETA: 3:48 - loss: 0.4892 - mae: 0.8276 - mse: 0.8275 - ssim_metric: 0.1311
101/652 [===>..........................] - ETA: 3:48 - loss: 0.4911 - mae: 0.8285 - mse: 0.8285 - ssim_metric: 0.1303
102/652 [===>..........................] - ETA: 3:47 - loss: 0.4910 - mae: 0.8285 - mse: 0.8285 - ssim_metric: 0.1302
103/652 [===>..........................] - ETA: 3:47 - loss: 0.4899 - mae: 0.8278 - mse: 0.8278 - ssim_metric: 0.1309
104/652 [===>..........................] - ETA: 3:46 - loss: 0.4906 - mae: 0.8283 - mse: 0.8283 - ssim_metric: 0.1305
105/652 [===>..........................] - ETA: 3:46 - loss: 0.4924 - mae: 0.8292 - mse: 0.8292 - ssim_metric: 0.1297
106/652 [===>..........................] - ETA: 3:46 - loss: 0.4914 - mae: 0.8285 - mse: 0.8285 - ssim_metric: 0.1302
107/652 [===>..........................] - ETA: 3:45 - loss: 0.4902 - mae: 0.8278 - mse: 0.8277 - ssim_metric: 0.1312
108/652 [===>..........................] - ETA: 3:45 - loss: 0.4910 - mae: 0.8283 - mse: 0.8283 - ssim_metric: 0.1307
109/652 [====>.........................] - ETA: 3:44 - loss: 0.4906 - mae: 0.8281 - mse: 0.8281 - ssim_metric: 0.1309
110/652 [====>.........................] - ETA: 3:44 - loss: 0.4905 - mae: 0.8282 - mse: 0.8281 - ssim_metric: 0.1308
111/652 [====>.........................] - ETA: 3:43 - loss: 0.4898 - mae: 0.8277 - mse: 0.8277 - ssim_metric: 0.1312
112/652 [====>.........................] - ETA: 3:43 - loss: 0.4906 - mae: 0.8282 - mse: 0.8282 - ssim_metric: 0.1307
113/652 [====>.........................] - ETA: 3:43 - loss: 0.4909 - mae: 0.8285 - mse: 0.8285 - ssim_metric: 0.1304
114/652 [====>.........................] - ETA: 3:42 - loss: 0.4915 - mae: 0.8289 - mse: 0.8288 - ssim_metric: 0.1300
115/652 [====>.........................] - ETA: 3:42 - loss: 0.4902 - mae: 0.8279 - mse: 0.8278 - ssim_metric: 0.1308
116/652 [====>.........................] - ETA: 3:41 - loss: 0.4899 - mae: 0.8277 - mse: 0.8277 - ssim_metric: 0.1309
117/652 [====>.........................] - ETA: 3:41 - loss: 0.4894 - mae: 0.8275 - mse: 0.8275 - ssim_metric: 0.1311
118/652 [====>.........................] - ETA: 3:41 - loss: 0.4895 - mae: 0.8277 - mse: 0.8276 - ssim_metric: 0.1309
119/652 [====>.........................] - ETA: 3:40 - loss: 0.4885 - mae: 0.8269 - mse: 0.8269 - ssim_metric: 0.1315
120/652 [====>.........................] - ETA: 3:40 - loss: 0.4880 - mae: 0.8267 - mse: 0.8266 - ssim_metric: 0.1318
121/652 [====>.........................] - ETA: 3:39 - loss: 0.4886 - mae: 0.8271 - mse: 0.8270 - ssim_metric: 0.1315
122/652 [====>.........................] - ETA: 3:39 - loss: 0.4896 - mae: 0.8277 - mse: 0.8276 - ssim_metric: 0.1310
123/652 [====>.........................] - ETA: 3:39 - loss: 0.4902 - mae: 0.8281 - mse: 0.8281 - ssim_metric: 0.1306
124/652 [====>.........................] - ETA: 3:38 - loss: 0.4912 - mae: 0.8287 - mse: 0.8287 - ssim_metric: 0.1301
125/652 [====>.........................] - ETA: 3:38 - loss: 0.4910 - mae: 0.8286 - mse: 0.8286 - ssim_metric: 0.1302
126/652 [====>.........................] - ETA: 3:37 - loss: 0.4903 - mae: 0.8281 - mse: 0.8281 - ssim_metric: 0.1305
127/652 [====>.........................] - ETA: 3:37 - loss: 0.4900 - mae: 0.8281 - mse: 0.8280 - ssim_metric: 0.1306
128/652 [====>.........................] - ETA: 3:36 - loss: 0.4919 - mae: 0.8289 - mse: 0.8289 - ssim_metric: 0.1299
129/652 [====>.........................] - ETA: 3:36 - loss: 0.4926 - mae: 0.8294 - mse: 0.8294 - ssim_metric: 0.1295
130/652 [====>.........................] - ETA: 3:36 - loss: 0.4932 - mae: 0.8298 - mse: 0.8298 - ssim_metric: 0.1291
131/652 [=====>........................] - ETA: 3:35 - loss: 0.4928 - mae: 0.8296 - mse: 0.8296 - ssim_metric: 0.1295
132/652 [=====>........................] - ETA: 3:35 - loss: 0.4918 - mae: 0.8289 - mse: 0.8288 - ssim_metric: 0.1301
133/652 [=====>........................] - ETA: 3:34 - loss: 0.4910 - mae: 0.8284 - mse: 0.8284 - ssim_metric: 0.1304
134/652 [=====>........................] - ETA: 3:34 - loss: 0.4916 - mae: 0.8288 - mse: 0.8288 - ssim_metric: 0.1301
135/652 [=====>........................] - ETA: 3:34 - loss: 0.4914 - mae: 0.8287 - mse: 0.8287 - ssim_metric: 0.1301
136/652 [=====>........................] - ETA: 3:33 - loss: 0.4912 - mae: 0.8286 - mse: 0.8286 - ssim_metric: 0.1302
137/652 [=====>........................] - ETA: 3:33 - loss: 0.4903 - mae: 0.8280 - mse: 0.8280 - ssim_metric: 0.1308
138/652 [=====>........................] - ETA: 3:32 - loss: 0.4907 - mae: 0.8283 - mse: 0.8283 - ssim_metric: 0.1305
139/652 [=====>........................] - ETA: 3:32 - loss: 0.4900 - mae: 0.8279 - mse: 0.8279 - ssim_metric: 0.1309
140/652 [=====>........................] - ETA: 3:31 - loss: 0.4902 - mae: 0.8281 - mse: 0.8280 - ssim_metric: 0.1308
141/652 [=====>........................] - ETA: 3:31 - loss: 0.4903 - mae: 0.8282 - mse: 0.8282 - ssim_metric: 0.1306
142/652 [=====>........................] - ETA: 3:31 - loss: 0.4900 - mae: 0.8281 - mse: 0.8281 - ssim_metric: 0.1306
143/652 [=====>........................] - ETA: 3:30 - loss: 0.4888 - mae: 0.8270 - mse: 0.8270 - ssim_metric: 0.1317
144/652 [=====>........................] - ETA: 3:30 - loss: 0.4888 - mae: 0.8271 - mse: 0.8271 - ssim_metric: 0.1315
145/652 [=====>........................] - ETA: 3:29 - loss: 0.4886 - mae: 0.8270 - mse: 0.8270 - ssim_metric: 0.1316
146/652 [=====>........................] - ETA: 3:29 - loss: 0.4885 - mae: 0.8270 - mse: 0.8270 - ssim_metric: 0.1316
147/652 [=====>........................] - ETA: 3:29 - loss: 0.4888 - mae: 0.8272 - mse: 0.8272 - ssim_metric: 0.1314
148/652 [=====>........................] - ETA: 3:28 - loss: 0.4886 - mae: 0.8272 - mse: 0.8271 - ssim_metric: 0.1315
149/652 [=====>........................] - ETA: 3:28 - loss: 0.4892 - mae: 0.8276 - mse: 0.8276 - ssim_metric: 0.1311
150/652 [=====>........................] - ETA: 3:27 - loss: 0.4893 - mae: 0.8277 - mse: 0.8277 - ssim_metric: 0.1310
151/652 [=====>........................] - ETA: 3:27 - loss: 0.4897 - mae: 0.8280 - mse: 0.8280 - ssim_metric: 0.1307
152/652 [=====>........................] - ETA: 3:27 - loss: 0.4908 - mae: 0.8286 - mse: 0.8286 - ssim_metric: 0.1302
153/652 [======>.......................] - ETA: 3:26 - loss: 0.4905 - mae: 0.8284 - mse: 0.8284 - ssim_metric: 0.1303
154/652 [======>.......................] - ETA: 3:26 - loss: 0.4901 - mae: 0.8282 - mse: 0.8282 - ssim_metric: 0.1305
155/652 [======>.......................] - ETA: 3:25 - loss: 0.4898 - mae: 0.8281 - mse: 0.8281 - ssim_metric: 0.1307
156/652 [======>.......................] - ETA: 3:25 - loss: 0.4901 - mae: 0.8284 - mse: 0.8283 - ssim_metric: 0.1305
157/652 [======>.......................] - ETA: 3:24 - loss: 0.4893 - mae: 0.8277 - mse: 0.8277 - ssim_metric: 0.1312
158/652 [======>.......................] - ETA: 3:24 - loss: 0.4892 - mae: 0.8277 - mse: 0.8277 - ssim_metric: 0.1312
159/652 [======>.......................] - ETA: 3:24 - loss: 0.4886 - mae: 0.8273 - mse: 0.8273 - ssim_metric: 0.1314
160/652 [======>.......................] - ETA: 3:23 - loss: 0.4884 - mae: 0.8272 - mse: 0.8272 - ssim_metric: 0.1315
161/652 [======>.......................] - ETA: 3:23 - loss: 0.4884 - mae: 0.8273 - mse: 0.8273 - ssim_metric: 0.1315
162/652 [======>.......................] - ETA: 3:22 - loss: 0.4883 - mae: 0.8273 - mse: 0.8273 - ssim_metric: 0.1315
163/652 [======>.......................] - ETA: 3:22 - loss: 0.4880 - mae: 0.8271 - mse: 0.8271 - ssim_metric: 0.1317
164/652 [======>.......................] - ETA: 3:22 - loss: 0.4878 - mae: 0.8271 - mse: 0.8271 - ssim_metric: 0.1317
165/652 [======>.......................] - ETA: 3:21 - loss: 0.4876 - mae: 0.8270 - mse: 0.8270 - ssim_metric: 0.1318
166/652 [======>.......................] - ETA: 3:21 - loss: 0.4878 - mae: 0.8272 - mse: 0.8272 - ssim_metric: 0.1316
167/652 [======>.......................] - ETA: 3:20 - loss: 0.4872 - mae: 0.8267 - mse: 0.8267 - ssim_metric: 0.1320
168/652 [======>.......................] - ETA: 3:20 - loss: 0.4872 - mae: 0.8268 - mse: 0.8268 - ssim_metric: 0.1319
169/652 [======>.......................] - ETA: 3:19 - loss: 0.4874 - mae: 0.8270 - mse: 0.8270 - ssim_metric: 0.1318
170/652 [======>.......................] - ETA: 3:19 - loss: 0.4884 - mae: 0.8275 - mse: 0.8275 - ssim_metric: 0.1313
171/652 [======>.......................] - ETA: 3:19 - loss: 0.4883 - mae: 0.8275 - mse: 0.8275 - ssim_metric: 0.1313
172/652 [======>.......................] - ETA: 3:18 - loss: 0.4879 - mae: 0.8273 - mse: 0.8273 - ssim_metric: 0.1315
173/652 [======>.......................] - ETA: 3:18 - loss: 0.4879 - mae: 0.8273 - mse: 0.8273 - ssim_metric: 0.1315
174/652 [=======>......................] - ETA: 3:17 - loss: 0.4884 - mae: 0.8277 - mse: 0.8277 - ssim_metric: 0.1312
175/652 [=======>......................] - ETA: 3:17 - loss: 0.4891 - mae: 0.8281 - mse: 0.8281 - ssim_metric: 0.1308
176/652 [=======>......................] - ETA: 3:17 - loss: 0.4889 - mae: 0.8280 - mse: 0.8280 - ssim_metric: 0.1308
177/652 [=======>......................] - ETA: 3:16 - loss: 0.4892 - mae: 0.8282 - mse: 0.8282 - ssim_metric: 0.1307
178/652 [=======>......................] - ETA: 3:16 - loss: 0.4892 - mae: 0.8283 - mse: 0.8283 - ssim_metric: 0.1306
179/652 [=======>......................] - ETA: 3:15 - loss: 0.4886 - mae: 0.8279 - mse: 0.8279 - ssim_metric: 0.1310
180/652 [=======>......................] - ETA: 3:15 - loss: 0.4883 - mae: 0.8277 - mse: 0.8277 - ssim_metric: 0.1311
181/652 [=======>......................] - ETA: 3:14 - loss: 0.4887 - mae: 0.8280 - mse: 0.8280 - ssim_metric: 0.1308
182/652 [=======>......................] - ETA: 3:14 - loss: 0.4883 - mae: 0.8278 - mse: 0.8278 - ssim_metric: 0.1310
183/652 [=======>......................] - ETA: 3:14 - loss: 0.4881 - mae: 0.8277 - mse: 0.8277 - ssim_metric: 0.1310
184/652 [=======>......................] - ETA: 3:13 - loss: 0.4885 - mae: 0.8279 - mse: 0.8279 - ssim_metric: 0.1308
185/652 [=======>......................] - ETA: 3:13 - loss: 0.4886 - mae: 0.8280 - mse: 0.8280 - ssim_metric: 0.1307
186/652 [=======>......................] - ETA: 3:12 - loss: 0.4882 - mae: 0.8279 - mse: 0.8278 - ssim_metric: 0.1309
187/652 [=======>......................] - ETA: 3:12 - loss: 0.4882 - mae: 0.8279 - mse: 0.8279 - ssim_metric: 0.1310
188/652 [=======>......................] - ETA: 3:12 - loss: 0.4879 - mae: 0.8277 - mse: 0.8277 - ssim_metric: 0.1311
189/652 [=======>......................] - ETA: 3:11 - loss: 0.4874 - mae: 0.8274 - mse: 0.8273 - ssim_metric: 0.1313
190/652 [=======>......................] - ETA: 3:11 - loss: 0.4869 - mae: 0.8270 - mse: 0.8270 - ssim_metric: 0.1317
191/652 [=======>......................] - ETA: 3:10 - loss: 0.4870 - mae: 0.8271 - mse: 0.8271 - ssim_metric: 0.1315
192/652 [=======>......................] - ETA: 3:10 - loss: 0.4870 - mae: 0.8272 - mse: 0.8272 - ssim_metric: 0.1315
193/652 [=======>......................] - ETA: 3:10 - loss: 0.4868 - mae: 0.8271 - mse: 0.8271 - ssim_metric: 0.1316
194/652 [=======>......................] - ETA: 3:09 - loss: 0.4869 - mae: 0.8272 - mse: 0.8272 - ssim_metric: 0.1315
195/652 [=======>......................] - ETA: 3:09 - loss: 0.4873 - mae: 0.8275 - mse: 0.8275 - ssim_metric: 0.1313
196/652 [========>.....................] - ETA: 3:08 - loss: 0.4874 - mae: 0.8276 - mse: 0.8276 - ssim_metric: 0.1312
197/652 [========>.....................] - ETA: 3:08 - loss: 0.4876 - mae: 0.8277 - mse: 0.8277 - ssim_metric: 0.1311
198/652 [========>.....................] - ETA: 3:07 - loss: 0.4876 - mae: 0.8278 - mse: 0.8278 - ssim_metric: 0.1310
199/652 [========>.....................] - ETA: 3:07 - loss: 0.4869 - mae: 0.8273 - mse: 0.8273 - ssim_metric: 0.1315
200/652 [========>.....................] - ETA: 3:07 - loss: 0.4875 - mae: 0.8276 - mse: 0.8276 - ssim_metric: 0.1312
201/652 [========>.....................] - ETA: 3:06 - loss: 0.4884 - mae: 0.8281 - mse: 0.8281 - ssim_metric: 0.1308
202/652 [========>.....................] - ETA: 3:06 - loss: 0.4883 - mae: 0.8281 - mse: 0.8281 - ssim_metric: 0.1308
203/652 [========>.....................] - ETA: 3:05 - loss: 0.4884 - mae: 0.8282 - mse: 0.8282 - ssim_metric: 0.1306
204/652 [========>.....................] - ETA: 3:05 - loss: 0.4889 - mae: 0.8285 - mse: 0.8285 - ssim_metric: 0.1304
205/652 [========>.....................] - ETA: 3:05 - loss: 0.4887 - mae: 0.8284 - mse: 0.8284 - ssim_metric: 0.1304
206/652 [========>.....................] - ETA: 3:04 - loss: 0.4881 - mae: 0.8280 - mse: 0.8280 - ssim_metric: 0.1309
207/652 [========>.....................] - ETA: 3:04 - loss: 0.4880 - mae: 0.8280 - mse: 0.8280 - ssim_metric: 0.1309
208/652 [========>.....................] - ETA: 3:03 - loss: 0.4881 - mae: 0.8280 - mse: 0.8280 - ssim_metric: 0.1308
209/652 [========>.....................] - ETA: 3:03 - loss: 0.4879 - mae: 0.8279 - mse: 0.8279 - ssim_metric: 0.1309
210/652 [========>.....................] - ETA: 3:02 - loss: 0.4883 - mae: 0.8282 - mse: 0.8282 - ssim_metric: 0.1307
211/652 [========>.....................] - ETA: 3:02 - loss: 0.4888 - mae: 0.8285 - mse: 0.8285 - ssim_metric: 0.1304
212/652 [========>.....................] - ETA: 3:02 - loss: 0.4891 - mae: 0.8287 - mse: 0.8287 - ssim_metric: 0.1303
213/652 [========>.....................] - ETA: 3:01 - loss: 0.4891 - mae: 0.8288 - mse: 0.8288 - ssim_metric: 0.1302
214/652 [========>.....................] - ETA: 3:01 - loss: 0.4891 - mae: 0.8288 - mse: 0.8288 - ssim_metric: 0.1303
215/652 [========>.....................] - ETA: 3:00 - loss: 0.4884 - mae: 0.8283 - mse: 0.8282 - ssim_metric: 0.1308
216/652 [========>.....................] - ETA: 3:00 - loss: 0.4882 - mae: 0.8282 - mse: 0.8282 - ssim_metric: 0.1309
217/652 [========>.....................] - ETA: 3:00 - loss: 0.4882 - mae: 0.8282 - mse: 0.8282 - ssim_metric: 0.1308
218/652 [=========>....................] - ETA: 2:59 - loss: 0.4886 - mae: 0.8285 - mse: 0.8285 - ssim_metric: 0.1306
219/652 [=========>....................] - ETA: 2:59 - loss: 0.4884 - mae: 0.8284 - mse: 0.8284 - ssim_metric: 0.1307
220/652 [=========>....................] - ETA: 2:58 - loss: 0.4879 - mae: 0.8281 - mse: 0.8280 - ssim_metric: 0.1310
221/652 [=========>....................] - ETA: 2:58 - loss: 0.4878 - mae: 0.8280 - mse: 0.8280 - ssim_metric: 0.1310
222/652 [=========>....................] - ETA: 2:57 - loss: 0.4884 - mae: 0.8283 - mse: 0.8283 - ssim_metric: 0.1307
223/652 [=========>....................] - ETA: 2:57 - loss: 0.4878 - mae: 0.8279 - mse: 0.8279 - ssim_metric: 0.1311
224/652 [=========>....................] - ETA: 2:57 - loss: 0.4881 - mae: 0.8281 - mse: 0.8281 - ssim_metric: 0.1309
225/652 [=========>....................] - ETA: 2:56 - loss: 0.4883 - mae: 0.8283 - mse: 0.8283 - ssim_metric: 0.1308
226/652 [=========>....................] - ETA: 2:56 - loss: 0.4883 - mae: 0.8283 - mse: 0.8283 - ssim_metric: 0.1307
227/652 [=========>....................] - ETA: 2:55 - loss: 0.4882 - mae: 0.8283 - mse: 0.8283 - ssim_metric: 0.1308
228/652 [=========>....................] - ETA: 2:55 - loss: 0.4883 - mae: 0.8284 - mse: 0.8284 - ssim_metric: 0.1307
229/652 [=========>....................] - ETA: 2:55 - loss: 0.4884 - mae: 0.8285 - mse: 0.8285 - ssim_metric: 0.1306
230/652 [=========>....................] - ETA: 2:54 - loss: 0.4880 - mae: 0.8283 - mse: 0.8282 - ssim_metric: 0.1308
231/652 [=========>....................] - ETA: 2:54 - loss: 0.4880 - mae: 0.8283 - mse: 0.8283 - ssim_metric: 0.1307
232/652 [=========>....................] - ETA: 2:53 - loss: 0.4879 - mae: 0.8282 - mse: 0.8282 - ssim_metric: 0.1307
233/652 [=========>....................] - ETA: 2:53 - loss: 0.4875 - mae: 0.8280 - mse: 0.8280 - ssim_metric: 0.1309
234/652 [=========>....................] - ETA: 2:53 - loss: 0.4873 - mae: 0.8278 - mse: 0.8278 - ssim_metric: 0.1310
235/652 [=========>....................] - ETA: 2:52 - loss: 0.4877 - mae: 0.8281 - mse: 0.8281 - ssim_metric: 0.1308
236/652 [=========>....................] - ETA: 2:52 - loss: 0.4878 - mae: 0.8282 - mse: 0.8282 - ssim_metric: 0.1307
237/652 [=========>....................] - ETA: 2:51 - loss: 0.4881 - mae: 0.8284 - mse: 0.8284 - ssim_metric: 0.1306
238/652 [=========>....................] - ETA: 2:51 - loss: 0.4881 - mae: 0.8285 - mse: 0.8284 - ssim_metric: 0.1305
239/652 [=========>....................] - ETA: 2:50 - loss: 0.4880 - mae: 0.8284 - mse: 0.8284 - ssim_metric: 0.1305
240/652 [==========>...................] - ETA: 2:50 - loss: 0.4882 - mae: 0.8286 - mse: 0.8286 - ssim_metric: 0.1304
241/652 [==========>...................] - ETA: 2:50 - loss: 0.4884 - mae: 0.8287 - mse: 0.8287 - ssim_metric: 0.1302
242/652 [==========>...................] - ETA: 2:49 - loss: 0.4887 - mae: 0.8289 - mse: 0.8289 - ssim_metric: 0.1301
243/652 [==========>...................] - ETA: 2:49 - loss: 0.4884 - mae: 0.8287 - mse: 0.8287 - ssim_metric: 0.1303
244/652 [==========>...................] - ETA: 2:48 - loss: 0.4886 - mae: 0.8288 - mse: 0.8288 - ssim_metric: 0.1302
245/652 [==========>...................] - ETA: 2:48 - loss: 0.4883 - mae: 0.8287 - mse: 0.8287 - ssim_metric: 0.1303
246/652 [==========>...................] - ETA: 2:48 - loss: 0.4880 - mae: 0.8285 - mse: 0.8285 - ssim_metric: 0.1304
247/652 [==========>...................] - ETA: 2:47 - loss: 0.4876 - mae: 0.8282 - mse: 0.8282 - ssim_metric: 0.1307
248/652 [==========>...................] - ETA: 2:47 - loss: 0.4873 - mae: 0.8280 - mse: 0.8280 - ssim_metric: 0.1308
249/652 [==========>...................] - ETA: 2:46 - loss: 0.4883 - mae: 0.8285 - mse: 0.8285 - ssim_metric: 0.1305
250/652 [==========>...................] - ETA: 2:46 - loss: 0.4878 - mae: 0.8282 - mse: 0.8282 - ssim_metric: 0.1308
251/652 [==========>...................] - ETA: 2:45 - loss: 0.4884 - mae: 0.8285 - mse: 0.8285 - ssim_metric: 0.1305
252/652 [==========>...................] - ETA: 2:45 - loss: 0.4882 - mae: 0.8284 - mse: 0.8284 - ssim_metric: 0.1306
253/652 [==========>...................] - ETA: 2:45 - loss: 0.4886 - mae: 0.8287 - mse: 0.8286 - ssim_metric: 0.1304
254/652 [==========>...................] - ETA: 2:44 - loss: 0.4886 - mae: 0.8287 - mse: 0.8287 - ssim_metric: 0.1304
255/652 [==========>...................] - ETA: 2:44 - loss: 0.4888 - mae: 0.8288 - mse: 0.8288 - ssim_metric: 0.1303
256/652 [==========>...................] - ETA: 2:43 - loss: 0.4890 - mae: 0.8290 - mse: 0.8290 - ssim_metric: 0.1301
257/652 [==========>...................] - ETA: 2:43 - loss: 0.4889 - mae: 0.8289 - mse: 0.8289 - ssim_metric: 0.1302
258/652 [==========>...................] - ETA: 2:43 - loss: 0.4891 - mae: 0.8291 - mse: 0.8291 - ssim_metric: 0.1301
259/652 [==========>...................] - ETA: 2:42 - loss: 0.4889 - mae: 0.8290 - mse: 0.8290 - ssim_metric: 0.1301
260/652 [==========>...................] - ETA: 2:42 - loss: 0.4882 - mae: 0.8285 - mse: 0.8284 - ssim_metric: 0.1306
261/652 [===========>..................] - ETA: 2:41 - loss: 0.4878 - mae: 0.8281 - mse: 0.8281 - ssim_metric: 0.1308
262/652 [===========>..................] - ETA: 2:41 - loss: 0.4882 - mae: 0.8284 - mse: 0.8284 - ssim_metric: 0.1306
263/652 [===========>..................] - ETA: 2:41 - loss: 0.4882 - mae: 0.8284 - mse: 0.8284 - ssim_metric: 0.1306
264/652 [===========>..................] - ETA: 2:40 - loss: 0.4882 - mae: 0.8284 - mse: 0.8284 - ssim_metric: 0.1306
265/652 [===========>..................] - ETA: 2:40 - loss: 0.4880 - mae: 0.8283 - mse: 0.8283 - ssim_metric: 0.1307
266/652 [===========>..................] - ETA: 2:39 - loss: 0.4880 - mae: 0.8284 - mse: 0.8284 - ssim_metric: 0.1307
267/652 [===========>..................] - ETA: 2:39 - loss: 0.4875 - mae: 0.8280 - mse: 0.8280 - ssim_metric: 0.1310
268/652 [===========>..................] - ETA: 2:38 - loss: 0.4876 - mae: 0.8281 - mse: 0.8281 - ssim_metric: 0.1309
269/652 [===========>..................] - ETA: 2:38 - loss: 0.4879 - mae: 0.8283 - mse: 0.8283 - ssim_metric: 0.1307
270/652 [===========>..................] - ETA: 2:38 - loss: 0.4873 - mae: 0.8277 - mse: 0.8277 - ssim_metric: 0.1312
271/652 [===========>..................] - ETA: 2:37 - loss: 0.4868 - mae: 0.8273 - mse: 0.8273 - ssim_metric: 0.1315
272/652 [===========>..................] - ETA: 2:37 - loss: 0.4868 - mae: 0.8274 - mse: 0.8274 - ssim_metric: 0.1315
273/652 [===========>..................] - ETA: 2:36 - loss: 0.4872 - mae: 0.8276 - mse: 0.8276 - ssim_metric: 0.1312
274/652 [===========>..................] - ETA: 2:36 - loss: 0.4872 - mae: 0.8276 - mse: 0.8276 - ssim_metric: 0.1312
275/652 [===========>..................] - ETA: 2:36 - loss: 0.4868 - mae: 0.8274 - mse: 0.8274 - ssim_metric: 0.1314
276/652 [===========>..................] - ETA: 2:35 - loss: 0.4868 - mae: 0.8274 - mse: 0.8274 - ssim_metric: 0.1314
277/652 [===========>..................] - ETA: 2:35 - loss: 0.4866 - mae: 0.8273 - mse: 0.8273 - ssim_metric: 0.1315
278/652 [===========>..................] - ETA: 2:34 - loss: 0.4868 - mae: 0.8275 - mse: 0.8275 - ssim_metric: 0.1313
279/652 [===========>..................] - ETA: 2:34 - loss: 0.4863 - mae: 0.8270 - mse: 0.8270 - ssim_metric: 0.1317
280/652 [===========>..................] - ETA: 2:33 - loss: 0.4865 - mae: 0.8272 - mse: 0.8272 - ssim_metric: 0.1316
281/652 [===========>..................] - ETA: 2:33 - loss: 0.4864 - mae: 0.8271 - mse: 0.8271 - ssim_metric: 0.1316
282/652 [===========>..................] - ETA: 2:33 - loss: 0.4862 - mae: 0.8270 - mse: 0.8270 - ssim_metric: 0.1318
283/652 [============>.................] - ETA: 2:32 - loss: 0.4858 - mae: 0.8268 - mse: 0.8268 - ssim_metric: 0.1320
284/652 [============>.................] - ETA: 2:32 - loss: 0.4868 - mae: 0.8272 - mse: 0.8272 - ssim_metric: 0.1317
285/652 [============>.................] - ETA: 2:31 - loss: 0.4866 - mae: 0.8271 - mse: 0.8271 - ssim_metric: 0.1317
286/652 [============>.................] - ETA: 2:31 - loss: 0.4864 - mae: 0.8270 - mse: 0.8269 - ssim_metric: 0.1319
287/652 [============>.................] - ETA: 2:31 - loss: 0.4864 - mae: 0.8270 - mse: 0.8270 - ssim_metric: 0.1318
288/652 [============>.................] - ETA: 2:30 - loss: 0.4864 - mae: 0.8271 - mse: 0.8270 - ssim_metric: 0.1318
289/652 [============>.................] - ETA: 2:30 - loss: 0.4864 - mae: 0.8270 - mse: 0.8270 - ssim_metric: 0.1318
290/652 [============>.................] - ETA: 2:29 - loss: 0.4866 - mae: 0.8272 - mse: 0.8272 - ssim_metric: 0.1317
291/652 [============>.................] - ETA: 2:29 - loss: 0.4870 - mae: 0.8274 - mse: 0.8274 - ssim_metric: 0.1315
292/652 [============>.................] - ETA: 2:29 - loss: 0.4868 - mae: 0.8273 - mse: 0.8273 - ssim_metric: 0.1316
293/652 [============>.................] - ETA: 2:28 - loss: 0.4863 - mae: 0.8269 - mse: 0.8269 - ssim_metric: 0.1320
294/652 [============>.................] - ETA: 2:28 - loss: 0.4862 - mae: 0.8269 - mse: 0.8269 - ssim_metric: 0.1320
295/652 [============>.................] - ETA: 2:27 - loss: 0.4863 - mae: 0.8270 - mse: 0.8270 - ssim_metric: 0.1319
296/652 [============>.................] - ETA: 2:27 - loss: 0.4865 - mae: 0.8271 - mse: 0.8271 - ssim_metric: 0.1318
297/652 [============>.................] - ETA: 2:26 - loss: 0.4864 - mae: 0.8271 - mse: 0.8271 - ssim_metric: 0.1318
298/652 [============>.................] - ETA: 2:26 - loss: 0.4860 - mae: 0.8267 - mse: 0.8267 - ssim_metric: 0.1321
299/652 [============>.................] - ETA: 2:26 - loss: 0.4864 - mae: 0.8270 - mse: 0.8270 - ssim_metric: 0.1319
300/652 [============>.................] - ETA: 2:25 - loss: 0.4861 - mae: 0.8268 - mse: 0.8268 - ssim_metric: 0.1321
301/652 [============>.................] - ETA: 2:25 - loss: 0.4858 - mae: 0.8265 - mse: 0.8265 - ssim_metric: 0.1323
302/652 [============>.................] - ETA: 2:24 - loss: 0.4855 - mae: 0.8264 - mse: 0.8264 - ssim_metric: 0.1324
303/652 [============>.................] - ETA: 2:24 - loss: 0.4855 - mae: 0.8264 - mse: 0.8264 - ssim_metric: 0.1324
304/652 [============>.................] - ETA: 2:24 - loss: 0.4852 - mae: 0.8262 - mse: 0.8262 - ssim_metric: 0.1326
305/652 [=============>................] - ETA: 2:23 - loss: 0.4854 - mae: 0.8264 - mse: 0.8264 - ssim_metric: 0.1325
306/652 [=============>................] - ETA: 2:23 - loss: 0.4853 - mae: 0.8263 - mse: 0.8263 - ssim_metric: 0.1325
307/652 [=============>................] - ETA: 2:22 - loss: 0.4857 - mae: 0.8265 - mse: 0.8265 - ssim_metric: 0.1323
308/652 [=============>................] - ETA: 2:22 - loss: 0.4855 - mae: 0.8265 - mse: 0.8265 - ssim_metric: 0.1324
309/652 [=============>................] - ETA: 2:21 - loss: 0.4858 - mae: 0.8267 - mse: 0.8267 - ssim_metric: 0.1322
310/652 [=============>................] - ETA: 2:21 - loss: 0.4855 - mae: 0.8265 - mse: 0.8264 - ssim_metric: 0.1324
311/652 [=============>................] - ETA: 2:21 - loss: 0.4856 - mae: 0.8265 - mse: 0.8265 - ssim_metric: 0.1324
312/652 [=============>................] - ETA: 2:20 - loss: 0.4858 - mae: 0.8267 - mse: 0.8267 - ssim_metric: 0.1322
313/652 [=============>................] - ETA: 2:20 - loss: 0.4857 - mae: 0.8266 - mse: 0.8266 - ssim_metric: 0.1322
314/652 [=============>................] - ETA: 2:19 - loss: 0.4856 - mae: 0.8266 - mse: 0.8266 - ssim_metric: 0.1322
315/652 [=============>................] - ETA: 2:19 - loss: 0.4858 - mae: 0.8267 - mse: 0.8267 - ssim_metric: 0.1321
316/652 [=============>................] - ETA: 2:19 - loss: 0.4852 - mae: 0.8262 - mse: 0.8262 - ssim_metric: 0.1326
317/652 [=============>................] - ETA: 2:18 - loss: 0.4851 - mae: 0.8262 - mse: 0.8262 - ssim_metric: 0.1326
318/652 [=============>................] - ETA: 2:18 - loss: 0.4849 - mae: 0.8261 - mse: 0.8261 - ssim_metric: 0.1327
319/652 [=============>................] - ETA: 2:17 - loss: 0.4848 - mae: 0.8260 - mse: 0.8260 - ssim_metric: 0.1328
320/652 [=============>................] - ETA: 2:17 - loss: 0.4848 - mae: 0.8260 - mse: 0.8260 - ssim_metric: 0.1328
321/652 [=============>................] - ETA: 2:16 - loss: 0.4847 - mae: 0.8260 - mse: 0.8260 - ssim_metric: 0.1327
322/652 [=============>................] - ETA: 2:16 - loss: 0.4843 - mae: 0.8257 - mse: 0.8257 - ssim_metric: 0.1330
323/652 [=============>................] - ETA: 2:16 - loss: 0.4849 - mae: 0.8260 - mse: 0.8260 - ssim_metric: 0.1328
324/652 [=============>................] - ETA: 2:15 - loss: 0.4847 - mae: 0.8259 - mse: 0.8259 - ssim_metric: 0.1328
325/652 [=============>................] - ETA: 2:15 - loss: 0.4850 - mae: 0.8261 - mse: 0.8261 - ssim_metric: 0.1327
326/652 [==============>...............] - ETA: 2:14 - loss: 0.4852 - mae: 0.8262 - mse: 0.8262 - ssim_metric: 0.1326
327/652 [==============>...............] - ETA: 2:14 - loss: 0.4849 - mae: 0.8261 - mse: 0.8261 - ssim_metric: 0.1327
328/652 [==============>...............] - ETA: 2:14 - loss: 0.4852 - mae: 0.8262 - mse: 0.8262 - ssim_metric: 0.1325
329/652 [==============>...............] - ETA: 2:13 - loss: 0.4850 - mae: 0.8262 - mse: 0.8262 - ssim_metric: 0.1326
330/652 [==============>...............] - ETA: 2:13 - loss: 0.4850 - mae: 0.8261 - mse: 0.8261 - ssim_metric: 0.1326
331/652 [==============>...............] - ETA: 2:12 - loss: 0.4848 - mae: 0.8261 - mse: 0.8261 - ssim_metric: 0.1327
332/652 [==============>...............] - ETA: 2:12 - loss: 0.4846 - mae: 0.8259 - mse: 0.8259 - ssim_metric: 0.1328
333/652 [==============>...............] - ETA: 2:12 - loss: 0.4844 - mae: 0.8258 - mse: 0.8258 - ssim_metric: 0.1329
334/652 [==============>...............] - ETA: 2:11 - loss: 0.4844 - mae: 0.8258 - mse: 0.8258 - ssim_metric: 0.1329
335/652 [==============>...............] - ETA: 2:11 - loss: 0.4840 - mae: 0.8256 - mse: 0.8255 - ssim_metric: 0.1331
336/652 [==============>...............] - ETA: 2:10 - loss: 0.4838 - mae: 0.8254 - mse: 0.8254 - ssim_metric: 0.1332
337/652 [==============>...............] - ETA: 2:10 - loss: 0.4841 - mae: 0.8256 - mse: 0.8256 - ssim_metric: 0.1331
338/652 [==============>...............] - ETA: 2:09 - loss: 0.4842 - mae: 0.8257 - mse: 0.8257 - ssim_metric: 0.1330
339/652 [==============>...............] - ETA: 2:09 - loss: 0.4841 - mae: 0.8256 - mse: 0.8256 - ssim_metric: 0.1331
340/652 [==============>...............] - ETA: 2:09 - loss: 0.4840 - mae: 0.8256 - mse: 0.8256 - ssim_metric: 0.1331
341/652 [==============>...............] - ETA: 2:08 - loss: 0.4838 - mae: 0.8254 - mse: 0.8254 - ssim_metric: 0.1332
342/652 [==============>...............] - ETA: 2:08 - loss: 0.4841 - mae: 0.8257 - mse: 0.8256 - ssim_metric: 0.1330
343/652 [==============>...............] - ETA: 2:07 - loss: 0.4843 - mae: 0.8258 - mse: 0.8257 - ssim_metric: 0.1330
344/652 [==============>...............] - ETA: 2:07 - loss: 0.4845 - mae: 0.8259 - mse: 0.8259 - ssim_metric: 0.1328
345/652 [==============>...............] - ETA: 2:07 - loss: 0.4843 - mae: 0.8257 - mse: 0.8257 - ssim_metric: 0.1329
346/652 [==============>...............] - ETA: 2:06 - loss: 0.4842 - mae: 0.8257 - mse: 0.8257 - ssim_metric: 0.1330
347/652 [==============>...............] - ETA: 2:06 - loss: 0.4843 - mae: 0.8258 - mse: 0.8258 - ssim_metric: 0.1328
348/652 [===============>..............] - ETA: 2:05 - loss: 0.4842 - mae: 0.8257 - mse: 0.8257 - ssim_metric: 0.1329
349/652 [===============>..............] - ETA: 2:05 - loss: 0.4839 - mae: 0.8256 - mse: 0.8255 - ssim_metric: 0.1331
350/652 [===============>..............] - ETA: 2:04 - loss: 0.4838 - mae: 0.8255 - mse: 0.8255 - ssim_metric: 0.1331
351/652 [===============>..............] - ETA: 2:04 - loss: 0.4838 - mae: 0.8256 - mse: 0.8255 - ssim_metric: 0.1331
352/652 [===============>..............] - ETA: 2:04 - loss: 0.4836 - mae: 0.8254 - mse: 0.8253 - ssim_metric: 0.1332
353/652 [===============>..............] - ETA: 2:03 - loss: 0.4833 - mae: 0.8252 - mse: 0.8252 - ssim_metric: 0.1334
354/652 [===============>..............] - ETA: 2:03 - loss: 0.4835 - mae: 0.8253 - mse: 0.8253 - ssim_metric: 0.1333
355/652 [===============>..............] - ETA: 2:02 - loss: 0.4832 - mae: 0.8251 - mse: 0.8251 - ssim_metric: 0.1335
356/652 [===============>..............] - ETA: 2:02 - loss: 0.4828 - mae: 0.8248 - mse: 0.8248 - ssim_metric: 0.1338
357/652 [===============>..............] - ETA: 2:02 - loss: 0.4830 - mae: 0.8249 - mse: 0.8249 - ssim_metric: 0.1337
358/652 [===============>..............] - ETA: 2:01 - loss: 0.4826 - mae: 0.8246 - mse: 0.8246 - ssim_metric: 0.1339
359/652 [===============>..............] - ETA: 2:01 - loss: 0.4822 - mae: 0.8243 - mse: 0.8243 - ssim_metric: 0.1342
360/652 [===============>..............] - ETA: 2:00 - loss: 0.4827 - mae: 0.8246 - mse: 0.8246 - ssim_metric: 0.1340
361/652 [===============>..............] - ETA: 2:00 - loss: 0.4823 - mae: 0.8242 - mse: 0.8242 - ssim_metric: 0.1344
362/652 [===============>..............] - ETA: 2:00 - loss: 0.4823 - mae: 0.8242 - mse: 0.8242 - ssim_metric: 0.1343
363/652 [===============>..............] - ETA: 1:59 - loss: 0.4820 - mae: 0.8240 - mse: 0.8240 - ssim_metric: 0.1344
364/652 [===============>..............] - ETA: 1:59 - loss: 0.4822 - mae: 0.8242 - mse: 0.8242 - ssim_metric: 0.1343
365/652 [===============>..............] - ETA: 1:58 - loss: 0.4822 - mae: 0.8242 - mse: 0.8242 - ssim_metric: 0.1343
366/652 [===============>..............] - ETA: 1:58 - loss: 0.4824 - mae: 0.8243 - mse: 0.8243 - ssim_metric: 0.1342
367/652 [===============>..............] - ETA: 1:57 - loss: 0.4822 - mae: 0.8242 - mse: 0.8242 - ssim_metric: 0.1343
368/652 [===============>..............] - ETA: 1:57 - loss: 0.4823 - mae: 0.8243 - mse: 0.8243 - ssim_metric: 0.1342
369/652 [===============>..............] - ETA: 1:57 - loss: 0.4820 - mae: 0.8241 - mse: 0.8240 - ssim_metric: 0.1344
370/652 [================>.............] - ETA: 1:56 - loss: 0.4820 - mae: 0.8241 - mse: 0.8241 - ssim_metric: 0.1344
371/652 [================>.............] - ETA: 1:56 - loss: 0.4816 - mae: 0.8238 - mse: 0.8238 - ssim_metric: 0.1346
372/652 [================>.............] - ETA: 1:55 - loss: 0.4814 - mae: 0.8237 - mse: 0.8237 - ssim_metric: 0.1347
373/652 [================>.............] - ETA: 1:55 - loss: 0.4811 - mae: 0.8234 - mse: 0.8234 - ssim_metric: 0.1349
374/652 [================>.............] - ETA: 1:55 - loss: 0.4810 - mae: 0.8233 - mse: 0.8233 - ssim_metric: 0.1350
375/652 [================>.............] - ETA: 1:54 - loss: 0.4810 - mae: 0.8234 - mse: 0.8234 - ssim_metric: 0.1350
376/652 [================>.............] - ETA: 1:54 - loss: 0.4809 - mae: 0.8233 - mse: 0.8233 - ssim_metric: 0.1350
377/652 [================>.............] - ETA: 1:53 - loss: 0.4815 - mae: 0.8236 - mse: 0.8236 - ssim_metric: 0.1348
378/652 [================>.............] - ETA: 1:53 - loss: 0.4814 - mae: 0.8236 - mse: 0.8236 - ssim_metric: 0.1348
379/652 [================>.............] - ETA: 1:52 - loss: 0.4815 - mae: 0.8237 - mse: 0.8237 - ssim_metric: 0.1347
380/652 [================>.............] - ETA: 1:52 - loss: 0.4816 - mae: 0.8237 - mse: 0.8237 - ssim_metric: 0.1347
381/652 [================>.............] - ETA: 1:52 - loss: 0.4816 - mae: 0.8238 - mse: 0.8238 - ssim_metric: 0.1346
382/652 [================>.............] - ETA: 1:51 - loss: 0.4817 - mae: 0.8239 - mse: 0.8238 - ssim_metric: 0.1346
383/652 [================>.............] - ETA: 1:51 - loss: 0.4819 - mae: 0.8240 - mse: 0.8240 - ssim_metric: 0.1345
384/652 [================>.............] - ETA: 1:50 - loss: 0.4818 - mae: 0.8240 - mse: 0.8240 - ssim_metric: 0.1345
385/652 [================>.............] - ETA: 1:50 - loss: 0.4819 - mae: 0.8240 - mse: 0.8240 - ssim_metric: 0.1344
386/652 [================>.............] - ETA: 1:50 - loss: 0.4817 - mae: 0.8239 - mse: 0.8239 - ssim_metric: 0.1345
387/652 [================>.............] - ETA: 1:49 - loss: 0.4818 - mae: 0.8240 - mse: 0.8240 - ssim_metric: 0.1344
388/652 [================>.............] - ETA: 1:49 - loss: 0.4821 - mae: 0.8242 - mse: 0.8242 - ssim_metric: 0.1342
389/652 [================>.............] - ETA: 1:48 - loss: 0.4819 - mae: 0.8241 - mse: 0.8241 - ssim_metric: 0.1344
390/652 [================>.............] - ETA: 1:48 - loss: 0.4819 - mae: 0.8241 - mse: 0.8241 - ssim_metric: 0.1343
391/652 [================>.............] - ETA: 1:48 - loss: 0.4817 - mae: 0.8240 - mse: 0.8240 - ssim_metric: 0.1344
392/652 [=================>............] - ETA: 1:47 - loss: 0.4817 - mae: 0.8239 - mse: 0.8239 - ssim_metric: 0.1345
393/652 [=================>............] - ETA: 1:47 - loss: 0.4817 - mae: 0.8240 - mse: 0.8240 - ssim_metric: 0.1345
394/652 [=================>............] - ETA: 1:46 - loss: 0.4818 - mae: 0.8241 - mse: 0.8241 - ssim_metric: 0.1344
395/652 [=================>............] - ETA: 1:46 - loss: 0.4817 - mae: 0.8240 - mse: 0.8240 - ssim_metric: 0.1344
396/652 [=================>............] - ETA: 1:45 - loss: 0.4819 - mae: 0.8242 - mse: 0.8242 - ssim_metric: 0.1343
397/652 [=================>............] - ETA: 1:45 - loss: 0.4821 - mae: 0.8243 - mse: 0.8243 - ssim_metric: 0.1342
398/652 [=================>............] - ETA: 1:45 - loss: 0.4820 - mae: 0.8242 - mse: 0.8242 - ssim_metric: 0.1342
399/652 [=================>............] - ETA: 1:44 - loss: 0.4818 - mae: 0.8241 - mse: 0.8241 - ssim_metric: 0.1343
400/652 [=================>............] - ETA: 1:44 - loss: 0.4820 - mae: 0.8242 - mse: 0.8242 - ssim_metric: 0.1342
401/652 [=================>............] - ETA: 1:43 - loss: 0.4820 - mae: 0.8243 - mse: 0.8243 - ssim_metric: 0.1341
402/652 [=================>............] - ETA: 1:43 - loss: 0.4821 - mae: 0.8243 - mse: 0.8243 - ssim_metric: 0.1341
403/652 [=================>............] - ETA: 1:43 - loss: 0.4820 - mae: 0.8243 - mse: 0.8243 - ssim_metric: 0.1341
404/652 [=================>............] - ETA: 1:42 - loss: 0.4818 - mae: 0.8242 - mse: 0.8242 - ssim_metric: 0.1343
405/652 [=================>............] - ETA: 1:42 - loss: 0.4817 - mae: 0.8241 - mse: 0.8241 - ssim_metric: 0.1343
406/652 [=================>............] - ETA: 1:41 - loss: 0.4813 - mae: 0.8238 - mse: 0.8238 - ssim_metric: 0.1345
407/652 [=================>............] - ETA: 1:41 - loss: 0.4813 - mae: 0.8238 - mse: 0.8238 - ssim_metric: 0.1345
408/652 [=================>............] - ETA: 1:40 - loss: 0.4814 - mae: 0.8239 - mse: 0.8239 - ssim_metric: 0.1344
409/652 [=================>............] - ETA: 1:40 - loss: 0.4819 - mae: 0.8242 - mse: 0.8242 - ssim_metric: 0.1342
410/652 [=================>............] - ETA: 1:40 - loss: 0.4819 - mae: 0.8242 - mse: 0.8242 - ssim_metric: 0.1342
411/652 [=================>............] - ETA: 1:39 - loss: 0.4819 - mae: 0.8242 - mse: 0.8242 - ssim_metric: 0.1342
412/652 [=================>............] - ETA: 1:39 - loss: 0.4819 - mae: 0.8243 - mse: 0.8242 - ssim_metric: 0.1342
413/652 [==================>...........] - ETA: 1:38 - loss: 0.4818 - mae: 0.8242 - mse: 0.8242 - ssim_metric: 0.1342
414/652 [==================>...........] - ETA: 1:38 - loss: 0.4820 - mae: 0.8243 - mse: 0.8243 - ssim_metric: 0.1341
415/652 [==================>...........] - ETA: 1:38 - loss: 0.4821 - mae: 0.8244 - mse: 0.8244 - ssim_metric: 0.1340
416/652 [==================>...........] - ETA: 1:37 - loss: 0.4820 - mae: 0.8243 - mse: 0.8243 - ssim_metric: 0.1340
417/652 [==================>...........] - ETA: 1:37 - loss: 0.4819 - mae: 0.8243 - mse: 0.8243 - ssim_metric: 0.1341
418/652 [==================>...........] - ETA: 1:36 - loss: 0.4819 - mae: 0.8243 - mse: 0.8243 - ssim_metric: 0.1340
419/652 [==================>...........] - ETA: 1:36 - loss: 0.4816 - mae: 0.8241 - mse: 0.8241 - ssim_metric: 0.1343
420/652 [==================>...........] - ETA: 1:36 - loss: 0.4816 - mae: 0.8241 - mse: 0.8241 - ssim_metric: 0.1342
421/652 [==================>...........] - ETA: 1:35 - loss: 0.4816 - mae: 0.8242 - mse: 0.8242 - ssim_metric: 0.1342
422/652 [==================>...........] - ETA: 1:35 - loss: 0.4817 - mae: 0.8242 - mse: 0.8242 - ssim_metric: 0.1342
423/652 [==================>...........] - ETA: 1:34 - loss: 0.4818 - mae: 0.8243 - mse: 0.8243 - ssim_metric: 0.1341
424/652 [==================>...........] - ETA: 1:34 - loss: 0.4818 - mae: 0.8243 - mse: 0.8243 - ssim_metric: 0.1341
425/652 [==================>...........] - ETA: 1:33 - loss: 0.4822 - mae: 0.8245 - mse: 0.8245 - ssim_metric: 0.1339
426/652 [==================>...........] - ETA: 1:33 - loss: 0.4820 - mae: 0.8244 - mse: 0.8244 - ssim_metric: 0.1340
427/652 [==================>...........] - ETA: 1:33 - loss: 0.4819 - mae: 0.8244 - mse: 0.8244 - ssim_metric: 0.1340
428/652 [==================>...........] - ETA: 1:32 - loss: 0.4818 - mae: 0.8243 - mse: 0.8243 - ssim_metric: 0.1341
429/652 [==================>...........] - ETA: 1:32 - loss: 0.4817 - mae: 0.8242 - mse: 0.8242 - ssim_metric: 0.1341
430/652 [==================>...........] - ETA: 1:31 - loss: 0.4816 - mae: 0.8242 - mse: 0.8242 - ssim_metric: 0.1342
431/652 [==================>...........] - ETA: 1:31 - loss: 0.4816 - mae: 0.8242 - mse: 0.8242 - ssim_metric: 0.1342
432/652 [==================>...........] - ETA: 1:31 - loss: 0.4818 - mae: 0.8243 - mse: 0.8243 - ssim_metric: 0.1341
433/652 [==================>...........] - ETA: 1:30 - loss: 0.4815 - mae: 0.8241 - mse: 0.8241 - ssim_metric: 0.1342
434/652 [==================>...........] - ETA: 1:30 - loss: 0.4817 - mae: 0.8243 - mse: 0.8242 - ssim_metric: 0.1341
435/652 [===================>..........] - ETA: 1:29 - loss: 0.4819 - mae: 0.8244 - mse: 0.8244 - ssim_metric: 0.1340
436/652 [===================>..........] - ETA: 1:29 - loss: 0.4816 - mae: 0.8241 - mse: 0.8241 - ssim_metric: 0.1343
437/652 [===================>..........] - ETA: 1:28 - loss: 0.4814 - mae: 0.8240 - mse: 0.8240 - ssim_metric: 0.1344
438/652 [===================>..........] - ETA: 1:28 - loss: 0.4815 - mae: 0.8241 - mse: 0.8241 - ssim_metric: 0.1343
439/652 [===================>..........] - ETA: 1:28 - loss: 0.4813 - mae: 0.8240 - mse: 0.8240 - ssim_metric: 0.1344
440/652 [===================>..........] - ETA: 1:27 - loss: 0.4812 - mae: 0.8240 - mse: 0.8239 - ssim_metric: 0.1344
441/652 [===================>..........] - ETA: 1:27 - loss: 0.4811 - mae: 0.8238 - mse: 0.8238 - ssim_metric: 0.1345
442/652 [===================>..........] - ETA: 1:26 - loss: 0.4809 - mae: 0.8238 - mse: 0.8238 - ssim_metric: 0.1346
443/652 [===================>..........] - ETA: 1:26 - loss: 0.4809 - mae: 0.8238 - mse: 0.8238 - ssim_metric: 0.1346
444/652 [===================>..........] - ETA: 1:26 - loss: 0.4808 - mae: 0.8237 - mse: 0.8237 - ssim_metric: 0.1346
445/652 [===================>..........] - ETA: 1:25 - loss: 0.4807 - mae: 0.8237 - mse: 0.8237 - ssim_metric: 0.1346
446/652 [===================>..........] - ETA: 1:25 - loss: 0.4809 - mae: 0.8238 - mse: 0.8238 - ssim_metric: 0.1345
447/652 [===================>..........] - ETA: 1:24 - loss: 0.4809 - mae: 0.8238 - mse: 0.8238 - ssim_metric: 0.1345
448/652 [===================>..........] - ETA: 1:24 - loss: 0.4806 - mae: 0.8236 - mse: 0.8236 - ssim_metric: 0.1347
449/652 [===================>..........] - ETA: 1:24 - loss: 0.4804 - mae: 0.8234 - mse: 0.8234 - ssim_metric: 0.1349
450/652 [===================>..........] - ETA: 1:23 - loss: 0.4805 - mae: 0.8235 - mse: 0.8235 - ssim_metric: 0.1348
451/652 [===================>..........] - ETA: 1:23 - loss: 0.4805 - mae: 0.8235 - mse: 0.8235 - ssim_metric: 0.1348
452/652 [===================>..........] - ETA: 1:22 - loss: 0.4804 - mae: 0.8235 - mse: 0.8235 - ssim_metric: 0.1348
453/652 [===================>..........] - ETA: 1:22 - loss: 0.4808 - mae: 0.8237 - mse: 0.8236 - ssim_metric: 0.1347
454/652 [===================>..........] - ETA: 1:21 - loss: 0.4807 - mae: 0.8236 - mse: 0.8236 - ssim_metric: 0.1347
455/652 [===================>..........] - ETA: 1:21 - loss: 0.4808 - mae: 0.8237 - mse: 0.8237 - ssim_metric: 0.1346
456/652 [===================>..........] - ETA: 1:21 - loss: 0.4807 - mae: 0.8237 - mse: 0.8237 - ssim_metric: 0.1346
457/652 [====================>.........] - ETA: 1:20 - loss: 0.4805 - mae: 0.8236 - mse: 0.8235 - ssim_metric: 0.1347
458/652 [====================>.........] - ETA: 1:20 - loss: 0.4803 - mae: 0.8234 - mse: 0.8234 - ssim_metric: 0.1349
459/652 [====================>.........] - ETA: 1:19 - loss: 0.4803 - mae: 0.8234 - mse: 0.8234 - ssim_metric: 0.1349
460/652 [====================>.........] - ETA: 1:19 - loss: 0.4803 - mae: 0.8234 - mse: 0.8234 - ssim_metric: 0.1349
461/652 [====================>.........] - ETA: 1:19 - loss: 0.4802 - mae: 0.8234 - mse: 0.8233 - ssim_metric: 0.1349
462/652 [====================>.........] - ETA: 1:18 - loss: 0.4803 - mae: 0.8235 - mse: 0.8235 - ssim_metric: 0.1348
463/652 [====================>.........] - ETA: 1:18 - loss: 0.4804 - mae: 0.8235 - mse: 0.8235 - ssim_metric: 0.1348
464/652 [====================>.........] - ETA: 1:17 - loss: 0.4803 - mae: 0.8235 - mse: 0.8235 - ssim_metric: 0.1348
465/652 [====================>.........] - ETA: 1:17 - loss: 0.4805 - mae: 0.8236 - mse: 0.8236 - ssim_metric: 0.1347
466/652 [====================>.........] - ETA: 1:16 - loss: 0.4804 - mae: 0.8236 - mse: 0.8236 - ssim_metric: 0.1347
467/652 [====================>.........] - ETA: 1:16 - loss: 0.4804 - mae: 0.8236 - mse: 0.8235 - ssim_metric: 0.1348
468/652 [====================>.........] - ETA: 1:16 - loss: 0.4801 - mae: 0.8234 - mse: 0.8234 - ssim_metric: 0.1349
469/652 [====================>.........] - ETA: 1:15 - loss: 0.4799 - mae: 0.8232 - mse: 0.8232 - ssim_metric: 0.1350
470/652 [====================>.........] - ETA: 1:15 - loss: 0.4802 - mae: 0.8234 - mse: 0.8234 - ssim_metric: 0.1349
471/652 [====================>.........] - ETA: 1:14 - loss: 0.4804 - mae: 0.8235 - mse: 0.8235 - ssim_metric: 0.1348
472/652 [====================>.........] - ETA: 1:14 - loss: 0.4808 - mae: 0.8237 - mse: 0.8237 - ssim_metric: 0.1346
473/652 [====================>.........] - ETA: 1:14 - loss: 0.4811 - mae: 0.8239 - mse: 0.8239 - ssim_metric: 0.1345
474/652 [====================>.........] - ETA: 1:13 - loss: 0.4810 - mae: 0.8239 - mse: 0.8239 - ssim_metric: 0.1345
475/652 [====================>.........] - ETA: 1:13 - loss: 0.4807 - mae: 0.8236 - mse: 0.8236 - ssim_metric: 0.1348
476/652 [====================>.........] - ETA: 1:12 - loss: 0.4810 - mae: 0.8238 - mse: 0.8238 - ssim_metric: 0.1346
477/652 [====================>.........] - ETA: 1:12 - loss: 0.4812 - mae: 0.8239 - mse: 0.8239 - ssim_metric: 0.1345
478/652 [====================>.........] - ETA: 1:12 - loss: 0.4815 - mae: 0.8241 - mse: 0.8241 - ssim_metric: 0.1344
479/652 [=====================>........] - ETA: 1:11 - loss: 0.4814 - mae: 0.8240 - mse: 0.8240 - ssim_metric: 0.1345
480/652 [=====================>........] - ETA: 1:11 - loss: 0.4814 - mae: 0.8240 - mse: 0.8240 - ssim_metric: 0.1345
481/652 [=====================>........] - ETA: 1:10 - loss: 0.4812 - mae: 0.8239 - mse: 0.8239 - ssim_metric: 0.1345
482/652 [=====================>........] - ETA: 1:10 - loss: 0.4813 - mae: 0.8240 - mse: 0.8239 - ssim_metric: 0.1345
483/652 [=====================>........] - ETA: 1:09 - loss: 0.4816 - mae: 0.8241 - mse: 0.8241 - ssim_metric: 0.1343
484/652 [=====================>........] - ETA: 1:09 - loss: 0.4818 - mae: 0.8242 - mse: 0.8242 - ssim_metric: 0.1342
485/652 [=====================>........] - ETA: 1:09 - loss: 0.4819 - mae: 0.8243 - mse: 0.8243 - ssim_metric: 0.1342
486/652 [=====================>........] - ETA: 1:08 - loss: 0.4819 - mae: 0.8243 - mse: 0.8243 - ssim_metric: 0.1342
487/652 [=====================>........] - ETA: 1:08 - loss: 0.4819 - mae: 0.8244 - mse: 0.8244 - ssim_metric: 0.1342
488/652 [=====================>........] - ETA: 1:07 - loss: 0.4817 - mae: 0.8242 - mse: 0.8242 - ssim_metric: 0.1343
489/652 [=====================>........] - ETA: 1:07 - loss: 0.4816 - mae: 0.8242 - mse: 0.8242 - ssim_metric: 0.1343
490/652 [=====================>........] - ETA: 1:07 - loss: 0.4816 - mae: 0.8242 - mse: 0.8242 - ssim_metric: 0.1343
491/652 [=====================>........] - ETA: 1:06 - loss: 0.4816 - mae: 0.8242 - mse: 0.8242 - ssim_metric: 0.1343
492/652 [=====================>........] - ETA: 1:06 - loss: 0.4817 - mae: 0.8243 - mse: 0.8243 - ssim_metric: 0.1342
493/652 [=====================>........] - ETA: 1:05 - loss: 0.4817 - mae: 0.8243 - mse: 0.8243 - ssim_metric: 0.1342
494/652 [=====================>........] - ETA: 1:05 - loss: 0.4817 - mae: 0.8243 - mse: 0.8243 - ssim_metric: 0.1342
495/652 [=====================>........] - ETA: 1:04 - loss: 0.4815 - mae: 0.8242 - mse: 0.8242 - ssim_metric: 0.1343
496/652 [=====================>........] - ETA: 1:04 - loss: 0.4814 - mae: 0.8241 - mse: 0.8241 - ssim_metric: 0.1344
497/652 [=====================>........] - ETA: 1:04 - loss: 0.4812 - mae: 0.8240 - mse: 0.8240 - ssim_metric: 0.1345
498/652 [=====================>........] - ETA: 1:03 - loss: 0.4810 - mae: 0.8239 - mse: 0.8239 - ssim_metric: 0.1346
499/652 [=====================>........] - ETA: 1:03 - loss: 0.4811 - mae: 0.8240 - mse: 0.8239 - ssim_metric: 0.1345
500/652 [======================>.......] - ETA: 1:02 - loss: 0.4811 - mae: 0.8239 - mse: 0.8239 - ssim_metric: 0.1345
501/652 [======================>.......] - ETA: 1:02 - loss: 0.4810 - mae: 0.8239 - mse: 0.8239 - ssim_metric: 0.1345
502/652 [======================>.......] - ETA: 1:02 - loss: 0.4810 - mae: 0.8240 - mse: 0.8239 - ssim_metric: 0.1345
503/652 [======================>.......] - ETA: 1:01 - loss: 0.4814 - mae: 0.8241 - mse: 0.8241 - ssim_metric: 0.1344
504/652 [======================>.......] - ETA: 1:01 - loss: 0.4817 - mae: 0.8243 - mse: 0.8243 - ssim_metric: 0.1342
505/652 [======================>.......] - ETA: 1:00 - loss: 0.4814 - mae: 0.8241 - mse: 0.8241 - ssim_metric: 0.1344
506/652 [======================>.......] - ETA: 1:00 - loss: 0.4813 - mae: 0.8240 - mse: 0.8240 - ssim_metric: 0.1345
507/652 [======================>.......] - ETA: 1:00 - loss: 0.4812 - mae: 0.8240 - mse: 0.8240 - ssim_metric: 0.1345
508/652 [======================>.......] - ETA: 59s - loss: 0.4812 - mae: 0.8240 - mse: 0.8240 - ssim_metric: 0.1345 
509/652 [======================>.......] - ETA: 59s - loss: 0.4814 - mae: 0.8241 - mse: 0.8241 - ssim_metric: 0.1344
510/652 [======================>.......] - ETA: 58s - loss: 0.4816 - mae: 0.8242 - mse: 0.8242 - ssim_metric: 0.1343
511/652 [======================>.......] - ETA: 58s - loss: 0.4816 - mae: 0.8243 - mse: 0.8243 - ssim_metric: 0.1342
512/652 [======================>.......] - ETA: 57s - loss: 0.4814 - mae: 0.8241 - mse: 0.8241 - ssim_metric: 0.1344
513/652 [======================>.......] - ETA: 57s - loss: 0.4813 - mae: 0.8240 - mse: 0.8240 - ssim_metric: 0.1344
514/652 [======================>.......] - ETA: 57s - loss: 0.4814 - mae: 0.8241 - mse: 0.8241 - ssim_metric: 0.1344
515/652 [======================>.......] - ETA: 56s - loss: 0.4812 - mae: 0.8239 - mse: 0.8239 - ssim_metric: 0.1345
516/652 [======================>.......] - ETA: 56s - loss: 0.4812 - mae: 0.8240 - mse: 0.8240 - ssim_metric: 0.1345
517/652 [======================>.......] - ETA: 55s - loss: 0.4811 - mae: 0.8239 - mse: 0.8239 - ssim_metric: 0.1345
518/652 [======================>.......] - ETA: 55s - loss: 0.4809 - mae: 0.8238 - mse: 0.8237 - ssim_metric: 0.1346
519/652 [======================>.......] - ETA: 55s - loss: 0.4810 - mae: 0.8238 - mse: 0.8238 - ssim_metric: 0.1346
520/652 [======================>.......] - ETA: 54s - loss: 0.4810 - mae: 0.8239 - mse: 0.8239 - ssim_metric: 0.1345
521/652 [======================>.......] - ETA: 54s - loss: 0.4812 - mae: 0.8240 - mse: 0.8240 - ssim_metric: 0.1345
522/652 [=======================>......] - ETA: 53s - loss: 0.4810 - mae: 0.8239 - mse: 0.8239 - ssim_metric: 0.1345
523/652 [=======================>......] - ETA: 53s - loss: 0.4813 - mae: 0.8241 - mse: 0.8240 - ssim_metric: 0.1344
524/652 [=======================>......] - ETA: 52s - loss: 0.4814 - mae: 0.8241 - mse: 0.8241 - ssim_metric: 0.1343
525/652 [=======================>......] - ETA: 52s - loss: 0.4811 - mae: 0.8238 - mse: 0.8238 - ssim_metric: 0.1346
526/652 [=======================>......] - ETA: 52s - loss: 0.4811 - mae: 0.8238 - mse: 0.8238 - ssim_metric: 0.1346
527/652 [=======================>......] - ETA: 51s - loss: 0.4811 - mae: 0.8239 - mse: 0.8239 - ssim_metric: 0.1346
528/652 [=======================>......] - ETA: 51s - loss: 0.4809 - mae: 0.8238 - mse: 0.8237 - ssim_metric: 0.1347
529/652 [=======================>......] - ETA: 50s - loss: 0.4809 - mae: 0.8238 - mse: 0.8238 - ssim_metric: 0.1347
530/652 [=======================>......] - ETA: 50s - loss: 0.4808 - mae: 0.8237 - mse: 0.8237 - ssim_metric: 0.1348
531/652 [=======================>......] - ETA: 50s - loss: 0.4807 - mae: 0.8237 - mse: 0.8237 - ssim_metric: 0.1348
532/652 [=======================>......] - ETA: 49s - loss: 0.4806 - mae: 0.8236 - mse: 0.8236 - ssim_metric: 0.1348
533/652 [=======================>......] - ETA: 49s - loss: 0.4805 - mae: 0.8235 - mse: 0.8235 - ssim_metric: 0.1349
534/652 [=======================>......] - ETA: 48s - loss: 0.4804 - mae: 0.8235 - mse: 0.8235 - ssim_metric: 0.1350
535/652 [=======================>......] - ETA: 48s - loss: 0.4803 - mae: 0.8234 - mse: 0.8234 - ssim_metric: 0.1350
536/652 [=======================>......] - ETA: 48s - loss: 0.4803 - mae: 0.8234 - mse: 0.8234 - ssim_metric: 0.1350
537/652 [=======================>......] - ETA: 47s - loss: 0.4804 - mae: 0.8235 - mse: 0.8235 - ssim_metric: 0.1349
538/652 [=======================>......] - ETA: 47s - loss: 0.4803 - mae: 0.8235 - mse: 0.8235 - ssim_metric: 0.1349
539/652 [=======================>......] - ETA: 46s - loss: 0.4802 - mae: 0.8234 - mse: 0.8234 - ssim_metric: 0.1350
540/652 [=======================>......] - ETA: 46s - loss: 0.4801 - mae: 0.8234 - mse: 0.8234 - ssim_metric: 0.1351
541/652 [=======================>......] - ETA: 45s - loss: 0.4802 - mae: 0.8234 - mse: 0.8234 - ssim_metric: 0.1350
542/652 [=======================>......] - ETA: 45s - loss: 0.4801 - mae: 0.8234 - mse: 0.8233 - ssim_metric: 0.1351
543/652 [=======================>......] - ETA: 45s - loss: 0.4801 - mae: 0.8234 - mse: 0.8234 - ssim_metric: 0.1350
544/652 [========================>.....] - ETA: 44s - loss: 0.4800 - mae: 0.8233 - mse: 0.8233 - ssim_metric: 0.1351
545/652 [========================>.....] - ETA: 44s - loss: 0.4800 - mae: 0.8233 - mse: 0.8233 - ssim_metric: 0.1351
546/652 [========================>.....] - ETA: 43s - loss: 0.4803 - mae: 0.8235 - mse: 0.8235 - ssim_metric: 0.1350
547/652 [========================>.....] - ETA: 43s - loss: 0.4802 - mae: 0.8234 - mse: 0.8234 - ssim_metric: 0.1350
548/652 [========================>.....] - ETA: 43s - loss: 0.4801 - mae: 0.8234 - mse: 0.8234 - ssim_metric: 0.1350
549/652 [========================>.....] - ETA: 42s - loss: 0.4801 - mae: 0.8234 - mse: 0.8234 - ssim_metric: 0.1351
550/652 [========================>.....] - ETA: 42s - loss: 0.4801 - mae: 0.8234 - mse: 0.8234 - ssim_metric: 0.1351
551/652 [========================>.....] - ETA: 41s - loss: 0.4799 - mae: 0.8233 - mse: 0.8233 - ssim_metric: 0.1352
552/652 [========================>.....] - ETA: 41s - loss: 0.4800 - mae: 0.8233 - mse: 0.8233 - ssim_metric: 0.1351
553/652 [========================>.....] - ETA: 40s - loss: 0.4799 - mae: 0.8233 - mse: 0.8233 - ssim_metric: 0.1352
554/652 [========================>.....] - ETA: 40s - loss: 0.4797 - mae: 0.8232 - mse: 0.8231 - ssim_metric: 0.1353
555/652 [========================>.....] - ETA: 40s - loss: 0.4800 - mae: 0.8233 - mse: 0.8233 - ssim_metric: 0.1352
556/652 [========================>.....] - ETA: 39s - loss: 0.4798 - mae: 0.8232 - mse: 0.8232 - ssim_metric: 0.1353
557/652 [========================>.....] - ETA: 39s - loss: 0.4799 - mae: 0.8233 - mse: 0.8233 - ssim_metric: 0.1352
558/652 [========================>.....] - ETA: 38s - loss: 0.4799 - mae: 0.8233 - mse: 0.8233 - ssim_metric: 0.1352
559/652 [========================>.....] - ETA: 38s - loss: 0.4800 - mae: 0.8233 - mse: 0.8233 - ssim_metric: 0.1352
560/652 [========================>.....] - ETA: 38s - loss: 0.4799 - mae: 0.8233 - mse: 0.8233 - ssim_metric: 0.1352
561/652 [========================>.....] - ETA: 37s - loss: 0.4798 - mae: 0.8232 - mse: 0.8232 - ssim_metric: 0.1352
562/652 [========================>.....] - ETA: 37s - loss: 0.4797 - mae: 0.8232 - mse: 0.8232 - ssim_metric: 0.1353
563/652 [========================>.....] - ETA: 36s - loss: 0.4795 - mae: 0.8230 - mse: 0.8230 - ssim_metric: 0.1355
564/652 [========================>.....] - ETA: 36s - loss: 0.4797 - mae: 0.8231 - mse: 0.8231 - ssim_metric: 0.1354
565/652 [========================>.....] - ETA: 36s - loss: 0.4799 - mae: 0.8233 - mse: 0.8233 - ssim_metric: 0.1352
566/652 [=========================>....] - ETA: 35s - loss: 0.4796 - mae: 0.8230 - mse: 0.8230 - ssim_metric: 0.1355
567/652 [=========================>....] - ETA: 35s - loss: 0.4796 - mae: 0.8230 - mse: 0.8230 - ssim_metric: 0.1355
568/652 [=========================>....] - ETA: 34s - loss: 0.4797 - mae: 0.8231 - mse: 0.8231 - ssim_metric: 0.1354
569/652 [=========================>....] - ETA: 34s - loss: 0.4795 - mae: 0.8229 - mse: 0.8229 - ssim_metric: 0.1356
570/652 [=========================>....] - ETA: 33s - loss: 0.4794 - mae: 0.8229 - mse: 0.8229 - ssim_metric: 0.1356
571/652 [=========================>....] - ETA: 33s - loss: 0.4796 - mae: 0.8230 - mse: 0.8230 - ssim_metric: 0.1355
572/652 [=========================>....] - ETA: 33s - loss: 0.4794 - mae: 0.8229 - mse: 0.8229 - ssim_metric: 0.1356
573/652 [=========================>....] - ETA: 32s - loss: 0.4793 - mae: 0.8229 - mse: 0.8229 - ssim_metric: 0.1357
574/652 [=========================>....] - ETA: 32s - loss: 0.4791 - mae: 0.8227 - mse: 0.8227 - ssim_metric: 0.1358
575/652 [=========================>....] - ETA: 31s - loss: 0.4789 - mae: 0.8225 - mse: 0.8225 - ssim_metric: 0.1360
576/652 [=========================>....] - ETA: 31s - loss: 0.4788 - mae: 0.8225 - mse: 0.8225 - ssim_metric: 0.1360
577/652 [=========================>....] - ETA: 31s - loss: 0.4791 - mae: 0.8226 - mse: 0.8226 - ssim_metric: 0.1359
578/652 [=========================>....] - ETA: 30s - loss: 0.4789 - mae: 0.8225 - mse: 0.8224 - ssim_metric: 0.1361
579/652 [=========================>....] - ETA: 30s - loss: 0.4791 - mae: 0.8226 - mse: 0.8226 - ssim_metric: 0.1360
580/652 [=========================>....] - ETA: 29s - loss: 0.4788 - mae: 0.8224 - mse: 0.8223 - ssim_metric: 0.1362
581/652 [=========================>....] - ETA: 29s - loss: 0.4789 - mae: 0.8224 - mse: 0.8224 - ssim_metric: 0.1362
582/652 [=========================>....] - ETA: 28s - loss: 0.4787 - mae: 0.8223 - mse: 0.8223 - ssim_metric: 0.1363
583/652 [=========================>....] - ETA: 28s - loss: 0.4789 - mae: 0.8224 - mse: 0.8224 - ssim_metric: 0.1362
584/652 [=========================>....] - ETA: 28s - loss: 0.4791 - mae: 0.8225 - mse: 0.8225 - ssim_metric: 0.1361
585/652 [=========================>....] - ETA: 27s - loss: 0.4791 - mae: 0.8225 - mse: 0.8225 - ssim_metric: 0.1361
586/652 [=========================>....] - ETA: 27s - loss: 0.4791 - mae: 0.8226 - mse: 0.8225 - ssim_metric: 0.1361
587/652 [==========================>...] - ETA: 26s - loss: 0.4790 - mae: 0.8225 - mse: 0.8225 - ssim_metric: 0.1361
588/652 [==========================>...] - ETA: 26s - loss: 0.4789 - mae: 0.8224 - mse: 0.8224 - ssim_metric: 0.1362
589/652 [==========================>...] - ETA: 26s - loss: 0.4790 - mae: 0.8225 - mse: 0.8225 - ssim_metric: 0.1361
590/652 [==========================>...] - ETA: 25s - loss: 0.4789 - mae: 0.8224 - mse: 0.8224 - ssim_metric: 0.1361
591/652 [==========================>...] - ETA: 25s - loss: 0.4788 - mae: 0.8224 - mse: 0.8224 - ssim_metric: 0.1361
592/652 [==========================>...] - ETA: 24s - loss: 0.4789 - mae: 0.8225 - mse: 0.8225 - ssim_metric: 0.1361
593/652 [==========================>...] - ETA: 24s - loss: 0.4788 - mae: 0.8224 - mse: 0.8224 - ssim_metric: 0.1362
594/652 [==========================>...] - ETA: 24s - loss: 0.4788 - mae: 0.8224 - mse: 0.8224 - ssim_metric: 0.1362
595/652 [==========================>...] - ETA: 23s - loss: 0.4790 - mae: 0.8225 - mse: 0.8225 - ssim_metric: 0.1361
596/652 [==========================>...] - ETA: 23s - loss: 0.4793 - mae: 0.8227 - mse: 0.8227 - ssim_metric: 0.1359
597/652 [==========================>...] - ETA: 22s - loss: 0.4793 - mae: 0.8227 - mse: 0.8227 - ssim_metric: 0.1359
598/652 [==========================>...] - ETA: 22s - loss: 0.4794 - mae: 0.8228 - mse: 0.8228 - ssim_metric: 0.1358
599/652 [==========================>...] - ETA: 21s - loss: 0.4794 - mae: 0.8228 - mse: 0.8228 - ssim_metric: 0.1358
600/652 [==========================>...] - ETA: 21s - loss: 0.4793 - mae: 0.8227 - mse: 0.8227 - ssim_metric: 0.1359
601/652 [==========================>...] - ETA: 21s - loss: 0.4795 - mae: 0.8228 - mse: 0.8228 - ssim_metric: 0.1358
602/652 [==========================>...] - ETA: 20s - loss: 0.4796 - mae: 0.8229 - mse: 0.8229 - ssim_metric: 0.1357
603/652 [==========================>...] - ETA: 20s - loss: 0.4794 - mae: 0.8228 - mse: 0.8227 - ssim_metric: 0.1358
604/652 [==========================>...] - ETA: 19s - loss: 0.4793 - mae: 0.8227 - mse: 0.8227 - ssim_metric: 0.1359
605/652 [==========================>...] - ETA: 19s - loss: 0.4792 - mae: 0.8226 - mse: 0.8226 - ssim_metric: 0.1359
606/652 [==========================>...] - ETA: 19s - loss: 0.4792 - mae: 0.8227 - mse: 0.8227 - ssim_metric: 0.1359
607/652 [==========================>...] - ETA: 18s - loss: 0.4792 - mae: 0.8227 - mse: 0.8227 - ssim_metric: 0.1358
608/652 [==========================>...] - ETA: 18s - loss: 0.4792 - mae: 0.8226 - mse: 0.8226 - ssim_metric: 0.1359
609/652 [===========================>..] - ETA: 17s - loss: 0.4791 - mae: 0.8226 - mse: 0.8226 - ssim_metric: 0.1359
610/652 [===========================>..] - ETA: 17s - loss: 0.4790 - mae: 0.8226 - mse: 0.8226 - ssim_metric: 0.1359
611/652 [===========================>..] - ETA: 16s - loss: 0.4790 - mae: 0.8226 - mse: 0.8226 - ssim_metric: 0.1359
612/652 [===========================>..] - ETA: 16s - loss: 0.4789 - mae: 0.8225 - mse: 0.8225 - ssim_metric: 0.1359
613/652 [===========================>..] - ETA: 16s - loss: 0.4789 - mae: 0.8225 - mse: 0.8225 - ssim_metric: 0.1359
614/652 [===========================>..] - ETA: 15s - loss: 0.4787 - mae: 0.8224 - mse: 0.8224 - ssim_metric: 0.1361
615/652 [===========================>..] - ETA: 15s - loss: 0.4787 - mae: 0.8224 - mse: 0.8224 - ssim_metric: 0.1360
616/652 [===========================>..] - ETA: 14s - loss: 0.4789 - mae: 0.8225 - mse: 0.8225 - ssim_metric: 0.1360
617/652 [===========================>..] - ETA: 14s - loss: 0.4790 - mae: 0.8226 - mse: 0.8225 - ssim_metric: 0.1359
618/652 [===========================>..] - ETA: 14s - loss: 0.4789 - mae: 0.8225 - mse: 0.8225 - ssim_metric: 0.1359
619/652 [===========================>..] - ETA: 13s - loss: 0.4787 - mae: 0.8224 - mse: 0.8224 - ssim_metric: 0.1361
620/652 [===========================>..] - ETA: 13s - loss: 0.4788 - mae: 0.8225 - mse: 0.8225 - ssim_metric: 0.1360
621/652 [===========================>..] - ETA: 12s - loss: 0.4791 - mae: 0.8226 - mse: 0.8226 - ssim_metric: 0.1359
622/652 [===========================>..] - ETA: 12s - loss: 0.4790 - mae: 0.8226 - mse: 0.8226 - ssim_metric: 0.1359
623/652 [===========================>..] - ETA: 12s - loss: 0.4792 - mae: 0.8227 - mse: 0.8227 - ssim_metric: 0.1358
624/652 [===========================>..] - ETA: 11s - loss: 0.4791 - mae: 0.8226 - mse: 0.8226 - ssim_metric: 0.1359
625/652 [===========================>..] - ETA: 11s - loss: 0.4790 - mae: 0.8225 - mse: 0.8225 - ssim_metric: 0.1359
626/652 [===========================>..] - ETA: 10s - loss: 0.4789 - mae: 0.8225 - mse: 0.8225 - ssim_metric: 0.1359
627/652 [===========================>..] - ETA: 10s - loss: 0.4788 - mae: 0.8224 - mse: 0.8224 - ssim_metric: 0.1361
628/652 [===========================>..] - ETA: 9s - loss: 0.4789 - mae: 0.8225 - mse: 0.8224 - ssim_metric: 0.1360 
629/652 [===========================>..] - ETA: 9s - loss: 0.4787 - mae: 0.8224 - mse: 0.8224 - ssim_metric: 0.1361
630/652 [===========================>..] - ETA: 9s - loss: 0.4786 - mae: 0.8223 - mse: 0.8223 - ssim_metric: 0.1361
631/652 [============================>.] - ETA: 8s - loss: 0.4786 - mae: 0.8223 - mse: 0.8223 - ssim_metric: 0.1361
632/652 [============================>.] - ETA: 8s - loss: 0.4787 - mae: 0.8223 - mse: 0.8223 - ssim_metric: 0.1361
633/652 [============================>.] - ETA: 7s - loss: 0.4786 - mae: 0.8223 - mse: 0.8223 - ssim_metric: 0.1361
634/652 [============================>.] - ETA: 7s - loss: 0.4787 - mae: 0.8224 - mse: 0.8224 - ssim_metric: 0.1361
635/652 [============================>.] - ETA: 7s - loss: 0.4787 - mae: 0.8224 - mse: 0.8224 - ssim_metric: 0.1360
636/652 [============================>.] - ETA: 6s - loss: 0.4787 - mae: 0.8225 - mse: 0.8224 - ssim_metric: 0.1360
637/652 [============================>.] - ETA: 6s - loss: 0.4786 - mae: 0.8224 - mse: 0.8224 - ssim_metric: 0.1361
638/652 [============================>.] - ETA: 5s - loss: 0.4784 - mae: 0.8222 - mse: 0.8221 - ssim_metric: 0.1363
639/652 [============================>.] - ETA: 5s - loss: 0.4782 - mae: 0.8220 - mse: 0.8220 - ssim_metric: 0.1364
640/652 [============================>.] - ETA: 4s - loss: 0.4783 - mae: 0.8221 - mse: 0.8221 - ssim_metric: 0.1363
641/652 [============================>.] - ETA: 4s - loss: 0.4783 - mae: 0.8221 - mse: 0.8221 - ssim_metric: 0.1363
642/652 [============================>.] - ETA: 4s - loss: 0.4782 - mae: 0.8220 - mse: 0.8220 - ssim_metric: 0.1364
643/652 [============================>.] - ETA: 3s - loss: 0.4784 - mae: 0.8222 - mse: 0.8221 - ssim_metric: 0.1363
644/652 [============================>.] - ETA: 3s - loss: 0.4784 - mae: 0.8222 - mse: 0.8222 - ssim_metric: 0.1362
645/652 [============================>.] - ETA: 2s - loss: 0.4785 - mae: 0.8222 - mse: 0.8222 - ssim_metric: 0.1362
646/652 [============================>.] - ETA: 2s - loss: 0.4785 - mae: 0.8222 - mse: 0.8222 - ssim_metric: 0.1362
647/652 [============================>.] - ETA: 2s - loss: 0.4785 - mae: 0.8223 - mse: 0.8222 - ssim_metric: 0.1362
648/652 [============================>.] - ETA: 1s - loss: 0.4782 - mae: 0.8220 - mse: 0.8220 - ssim_metric: 0.1364
649/652 [============================>.] - ETA: 1s - loss: 0.4781 - mae: 0.8219 - mse: 0.8219 - ssim_metric: 0.1365
650/652 [============================>.] - ETA: 0s - loss: 0.4782 - mae: 0.8220 - mse: 0.8220 - ssim_metric: 0.1364
651/652 [============================>.] - ETA: 0s - loss: 0.4781 - mae: 0.8219 - mse: 0.8219 - ssim_metric: 0.1365
652/652 [==============================] - ETA: 0s - loss: 0.4781 - mae: 0.8220 - mse: 0.8220 - ssim_metric: 0.1364
Epoch 2: saving model to C:\d_surucusu\visual_navigation\benchmark\models_pipeline\_lr_batch_probe\lr1e-3_b8\_JOB_lr1e-3_b8_05_09_2026__17_07_model_f48_k4_epoch_00002_helu_osigmoid_(1, 1)_.h5

Epoch 2: val_loss did not improve from 0.51466

Epoch 2: val_mae did not improve from 0.84426

Epoch 2: val_ssim_metric did not improve from 0.11815

652/652 [==============================] - 286s 439ms/step - loss: 0.4781 - mae: 0.8220 - mse: 0.8220 - ssim_metric: 0.1364 - val_loss: 0.5147 - val_mae: 0.8443 - val_mse: 0.8442 - val_ssim_metric: 0.1181
Epoch 3/6

  1/652 [..............................] - ETA: 4:47 - loss: 0.4563 - mae: 0.8153 - mse: 0.8153 - ssim_metric: 0.1406
  2/652 [..............................] - ETA: 4:29 - loss: 0.4200 - mae: 0.7851 - mse: 0.7851 - ssim_metric: 0.1672
  3/652 [..............................] - ETA: 4:29 - loss: 0.4649 - mae: 0.8152 - mse: 0.8152 - ssim_metric: 0.1433
  4/652 [..............................] - ETA: 4:28 - loss: 0.4409 - mae: 0.7964 - mse: 0.7964 - ssim_metric: 0.1593
  5/652 [..............................] - ETA: 4:27 - loss: 0.4255 - mae: 0.7839 - mse: 0.7839 - ssim_metric: 0.1685
  6/652 [..............................] - ETA: 4:27 - loss: 0.4267 - mae: 0.7863 - mse: 0.7863 - ssim_metric: 0.1666
  7/652 [..............................] - ETA: 4:26 - loss: 0.4246 - mae: 0.7858 - mse: 0.7858 - ssim_metric: 0.1689
  8/652 [..............................] - ETA: 4:26 - loss: 0.4249 - mae: 0.7869 - mse: 0.7869 - ssim_metric: 0.1691
  9/652 [..............................] - ETA: 4:26 - loss: 0.4178 - mae: 0.7810 - mse: 0.7810 - ssim_metric: 0.1749
 10/652 [..............................] - ETA: 4:25 - loss: 0.4481 - mae: 0.7969 - mse: 0.7969 - ssim_metric: 0.1610
 11/652 [..............................] - ETA: 4:25 - loss: 0.4513 - mae: 0.8002 - mse: 0.8002 - ssim_metric: 0.1576
 12/652 [..............................] - ETA: 4:24 - loss: 0.4500 - mae: 0.8001 - mse: 0.8001 - ssim_metric: 0.1570
 13/652 [..............................] - ETA: 4:24 - loss: 0.4562 - mae: 0.8049 - mse: 0.8049 - ssim_metric: 0.1528
 14/652 [..............................] - ETA: 4:23 - loss: 0.4539 - mae: 0.8038 - mse: 0.8038 - ssim_metric: 0.1534
 15/652 [..............................] - ETA: 4:23 - loss: 0.4580 - mae: 0.8071 - mse: 0.8071 - ssim_metric: 0.1501
 16/652 [..............................] - ETA: 4:23 - loss: 0.4653 - mae: 0.8119 - mse: 0.8119 - ssim_metric: 0.1459
 17/652 [..............................] - ETA: 4:22 - loss: 0.4755 - mae: 0.8178 - mse: 0.8178 - ssim_metric: 0.1414
 18/652 [..............................] - ETA: 4:22 - loss: 0.4786 - mae: 0.8203 - mse: 0.8203 - ssim_metric: 0.1388
 19/652 [..............................] - ETA: 4:21 - loss: 0.4840 - mae: 0.8238 - mse: 0.8238 - ssim_metric: 0.1356
 20/652 [..............................] - ETA: 4:21 - loss: 0.4819 - mae: 0.8229 - mse: 0.8229 - ssim_metric: 0.1366
 21/652 [..............................] - ETA: 4:21 - loss: 0.4770 - mae: 0.8195 - mse: 0.8195 - ssim_metric: 0.1395
 22/652 [>.............................] - ETA: 4:20 - loss: 0.4752 - mae: 0.8187 - mse: 0.8187 - ssim_metric: 0.1403
 23/652 [>.............................] - ETA: 4:20 - loss: 0.4805 - mae: 0.8220 - mse: 0.8220 - ssim_metric: 0.1375
 24/652 [>.............................] - ETA: 4:19 - loss: 0.4754 - mae: 0.8180 - mse: 0.8180 - ssim_metric: 0.1403
 25/652 [>.............................] - ETA: 4:19 - loss: 0.4726 - mae: 0.8162 - mse: 0.8162 - ssim_metric: 0.1417
 26/652 [>.............................] - ETA: 4:19 - loss: 0.4706 - mae: 0.8152 - mse: 0.8152 - ssim_metric: 0.1427
 27/652 [>.............................] - ETA: 4:18 - loss: 0.4660 - mae: 0.8115 - mse: 0.8115 - ssim_metric: 0.1458
 28/652 [>.............................] - ETA: 4:18 - loss: 0.4641 - mae: 0.8105 - mse: 0.8105 - ssim_metric: 0.1468
 29/652 [>.............................] - ETA: 4:17 - loss: 0.4699 - mae: 0.8139 - mse: 0.8139 - ssim_metric: 0.1440
 30/652 [>.............................] - ETA: 4:17 - loss: 0.4738 - mae: 0.8165 - mse: 0.8164 - ssim_metric: 0.1418
 31/652 [>.............................] - ETA: 4:16 - loss: 0.4710 - mae: 0.8147 - mse: 0.8147 - ssim_metric: 0.1439
 32/652 [>.............................] - ETA: 4:16 - loss: 0.4698 - mae: 0.8141 - mse: 0.8141 - ssim_metric: 0.1441
 33/652 [>.............................] - ETA: 4:16 - loss: 0.4744 - mae: 0.8169 - mse: 0.8168 - ssim_metric: 0.1419
 34/652 [>.............................] - ETA: 4:15 - loss: 0.4721 - mae: 0.8154 - mse: 0.8154 - ssim_metric: 0.1430
 35/652 [>.............................] - ETA: 4:15 - loss: 0.4687 - mae: 0.8128 - mse: 0.8128 - ssim_metric: 0.1452
 36/652 [>.............................] - ETA: 4:14 - loss: 0.4687 - mae: 0.8131 - mse: 0.8131 - ssim_metric: 0.1447
 37/652 [>.............................] - ETA: 4:14 - loss: 0.4687 - mae: 0.8133 - mse: 0.8133 - ssim_metric: 0.1446
 38/652 [>.............................] - ETA: 4:14 - loss: 0.4676 - mae: 0.8128 - mse: 0.8128 - ssim_metric: 0.1449
 39/652 [>.............................] - ETA: 4:13 - loss: 0.4710 - mae: 0.8149 - mse: 0.8149 - ssim_metric: 0.1430
 40/652 [>.............................] - ETA: 4:13 - loss: 0.4746 - mae: 0.8171 - mse: 0.8171 - ssim_metric: 0.1409
 41/652 [>.............................] - ETA: 4:12 - loss: 0.4768 - mae: 0.8187 - mse: 0.8186 - ssim_metric: 0.1395
 42/652 [>.............................] - ETA: 4:12 - loss: 0.4790 - mae: 0.8202 - mse: 0.8201 - ssim_metric: 0.1383
 43/652 [>.............................] - ETA: 4:11 - loss: 0.4827 - mae: 0.8222 - mse: 0.8222 - ssim_metric: 0.1365
 44/652 [=>............................] - ETA: 4:11 - loss: 0.4823 - mae: 0.8222 - mse: 0.8222 - ssim_metric: 0.1365
 45/652 [=>............................] - ETA: 4:11 - loss: 0.4844 - mae: 0.8237 - mse: 0.8237 - ssim_metric: 0.1355
 46/652 [=>............................] - ETA: 4:10 - loss: 0.4853 - mae: 0.8245 - mse: 0.8245 - ssim_metric: 0.1352
 47/652 [=>............................] - ETA: 4:10 - loss: 0.4867 - mae: 0.8255 - mse: 0.8255 - ssim_metric: 0.1342
 48/652 [=>............................] - ETA: 4:09 - loss: 0.4858 - mae: 0.8251 - mse: 0.8251 - ssim_metric: 0.1344
 49/652 [=>............................] - ETA: 4:09 - loss: 0.4835 - mae: 0.8234 - mse: 0.8233 - ssim_metric: 0.1358
 50/652 [=>............................] - ETA: 4:09 - loss: 0.4822 - mae: 0.8226 - mse: 0.8226 - ssim_metric: 0.1360
 51/652 [=>............................] - ETA: 4:08 - loss: 0.4805 - mae: 0.8215 - mse: 0.8215 - ssim_metric: 0.1370
 52/652 [=>............................] - ETA: 4:08 - loss: 0.4807 - mae: 0.8218 - mse: 0.8218 - ssim_metric: 0.1367
 53/652 [=>............................] - ETA: 4:07 - loss: 0.4798 - mae: 0.8213 - mse: 0.8213 - ssim_metric: 0.1369
 54/652 [=>............................] - ETA: 4:07 - loss: 0.4811 - mae: 0.8223 - mse: 0.8223 - ssim_metric: 0.1361
 55/652 [=>............................] - ETA: 4:06 - loss: 0.4813 - mae: 0.8226 - mse: 0.8226 - ssim_metric: 0.1358
 56/652 [=>............................] - ETA: 4:06 - loss: 0.4802 - mae: 0.8220 - mse: 0.8219 - ssim_metric: 0.1365
 57/652 [=>............................] - ETA: 4:06 - loss: 0.4798 - mae: 0.8219 - mse: 0.8219 - ssim_metric: 0.1365
 58/652 [=>............................] - ETA: 4:05 - loss: 0.4801 - mae: 0.8222 - mse: 0.8222 - ssim_metric: 0.1360
 59/652 [=>............................] - ETA: 4:05 - loss: 0.4802 - mae: 0.8224 - mse: 0.8224 - ssim_metric: 0.1357
 60/652 [=>............................] - ETA: 4:04 - loss: 0.4790 - mae: 0.8217 - mse: 0.8217 - ssim_metric: 0.1365
 61/652 [=>............................] - ETA: 4:04 - loss: 0.4787 - mae: 0.8216 - mse: 0.8216 - ssim_metric: 0.1364
 62/652 [=>............................] - ETA: 4:04 - loss: 0.4785 - mae: 0.8216 - mse: 0.8216 - ssim_metric: 0.1363
 63/652 [=>............................] - ETA: 4:03 - loss: 0.4771 - mae: 0.8207 - mse: 0.8206 - ssim_metric: 0.1372
 64/652 [=>............................] - ETA: 4:03 - loss: 0.4754 - mae: 0.8194 - mse: 0.8194 - ssim_metric: 0.1383
 65/652 [=>............................] - ETA: 4:02 - loss: 0.4786 - mae: 0.8211 - mse: 0.8211 - ssim_metric: 0.1370
 66/652 [==>...........................] - ETA: 4:02 - loss: 0.4801 - mae: 0.8221 - mse: 0.8220 - ssim_metric: 0.1362
 67/652 [==>...........................] - ETA: 4:02 - loss: 0.4787 - mae: 0.8211 - mse: 0.8211 - ssim_metric: 0.1368
 68/652 [==>...........................] - ETA: 4:01 - loss: 0.4785 - mae: 0.8211 - mse: 0.8211 - ssim_metric: 0.1368
 69/652 [==>...........................] - ETA: 4:01 - loss: 0.4784 - mae: 0.8212 - mse: 0.8211 - ssim_metric: 0.1368
 70/652 [==>...........................] - ETA: 4:00 - loss: 0.4806 - mae: 0.8224 - mse: 0.8224 - ssim_metric: 0.1357
 71/652 [==>...........................] - ETA: 4:00 - loss: 0.4809 - mae: 0.8228 - mse: 0.8228 - ssim_metric: 0.1354
 72/652 [==>...........................] - ETA: 3:59 - loss: 0.4800 - mae: 0.8222 - mse: 0.8221 - ssim_metric: 0.1358
 73/652 [==>...........................] - ETA: 3:59 - loss: 0.4816 - mae: 0.8232 - mse: 0.8232 - ssim_metric: 0.1350
 74/652 [==>...........................] - ETA: 3:59 - loss: 0.4824 - mae: 0.8238 - mse: 0.8237 - ssim_metric: 0.1345
 75/652 [==>...........................] - ETA: 3:58 - loss: 0.4830 - mae: 0.8242 - mse: 0.8242 - ssim_metric: 0.1340
 76/652 [==>...........................] - ETA: 3:58 - loss: 0.4837 - mae: 0.8248 - mse: 0.8248 - ssim_metric: 0.1336
 77/652 [==>...........................] - ETA: 3:57 - loss: 0.4833 - mae: 0.8246 - mse: 0.8246 - ssim_metric: 0.1338
 78/652 [==>...........................] - ETA: 3:57 - loss: 0.4837 - mae: 0.8250 - mse: 0.8250 - ssim_metric: 0.1334
 79/652 [==>...........................] - ETA: 3:57 - loss: 0.4850 - mae: 0.8258 - mse: 0.8258 - ssim_metric: 0.1327
 80/652 [==>...........................] - ETA: 3:56 - loss: 0.4849 - mae: 0.8259 - mse: 0.8258 - ssim_metric: 0.1326
 81/652 [==>...........................] - ETA: 3:56 - loss: 0.4859 - mae: 0.8265 - mse: 0.8265 - ssim_metric: 0.1320
 82/652 [==>...........................] - ETA: 3:55 - loss: 0.4858 - mae: 0.8266 - mse: 0.8266 - ssim_metric: 0.1320
 83/652 [==>...........................] - ETA: 3:55 - loss: 0.4882 - mae: 0.8278 - mse: 0.8278 - ssim_metric: 0.1309
 84/652 [==>...........................] - ETA: 3:55 - loss: 0.4901 - mae: 0.8288 - mse: 0.8288 - ssim_metric: 0.1301
 85/652 [==>...........................] - ETA: 3:54 - loss: 0.4895 - mae: 0.8286 - mse: 0.8286 - ssim_metric: 0.1304
 86/652 [==>...........................] - ETA: 3:54 - loss: 0.4903 - mae: 0.8291 - mse: 0.8291 - ssim_metric: 0.1299
 87/652 [===>..........................] - ETA: 3:53 - loss: 0.4902 - mae: 0.8292 - mse: 0.8291 - ssim_metric: 0.1297
 88/652 [===>..........................] - ETA: 3:53 - loss: 0.4890 - mae: 0.8283 - mse: 0.8283 - ssim_metric: 0.1304
 89/652 [===>..........................] - ETA: 3:52 - loss: 0.4885 - mae: 0.8281 - mse: 0.8281 - ssim_metric: 0.1306
 90/652 [===>..........................] - ETA: 3:52 - loss: 0.4866 - mae: 0.8264 - mse: 0.8264 - ssim_metric: 0.1319
 91/652 [===>..........................] - ETA: 3:52 - loss: 0.4867 - mae: 0.8266 - mse: 0.8266 - ssim_metric: 0.1318
 92/652 [===>..........................] - ETA: 3:51 - loss: 0.4860 - mae: 0.8262 - mse: 0.8262 - ssim_metric: 0.1321
 93/652 [===>..........................] - ETA: 3:51 - loss: 0.4854 - mae: 0.8259 - mse: 0.8258 - ssim_metric: 0.1323
 94/652 [===>..........................] - ETA: 3:50 - loss: 0.4873 - mae: 0.8269 - mse: 0.8268 - ssim_metric: 0.1315
 95/652 [===>..........................] - ETA: 3:50 - loss: 0.4884 - mae: 0.8276 - mse: 0.8276 - ssim_metric: 0.1309
 96/652 [===>..........................] - ETA: 3:50 - loss: 0.4908 - mae: 0.8287 - mse: 0.8287 - ssim_metric: 0.1299
 97/652 [===>..........................] - ETA: 3:49 - loss: 0.4893 - mae: 0.8275 - mse: 0.8275 - ssim_metric: 0.1311
 98/652 [===>..........................] - ETA: 3:49 - loss: 0.4888 - mae: 0.8273 - mse: 0.8273 - ssim_metric: 0.1312
 99/652 [===>..........................] - ETA: 3:48 - loss: 0.4900 - mae: 0.8280 - mse: 0.8280 - ssim_metric: 0.1306
100/652 [===>..........................] - ETA: 3:48 - loss: 0.4892 - mae: 0.8276 - mse: 0.8275 - ssim_metric: 0.1311
101/652 [===>..........................] - ETA: 3:48 - loss: 0.4911 - mae: 0.8285 - mse: 0.8285 - ssim_metric: 0.1303
102/652 [===>..........................] - ETA: 3:47 - loss: 0.4910 - mae: 0.8285 - mse: 0.8285 - ssim_metric: 0.1302
103/652 [===>..........................] - ETA: 3:47 - loss: 0.4899 - mae: 0.8278 - mse: 0.8278 - ssim_metric: 0.1309
104/652 [===>..........................] - ETA: 3:46 - loss: 0.4906 - mae: 0.8283 - mse: 0.8283 - ssim_metric: 0.1305
105/652 [===>..........................] - ETA: 3:46 - loss: 0.4924 - mae: 0.8292 - mse: 0.8292 - ssim_metric: 0.1297
106/652 [===>..........................] - ETA: 3:45 - loss: 0.4914 - mae: 0.8285 - mse: 0.8285 - ssim_metric: 0.1302
107/652 [===>..........................] - ETA: 3:45 - loss: 0.4902 - mae: 0.8278 - mse: 0.8277 - ssim_metric: 0.1312
108/652 [===>..........................] - ETA: 3:45 - loss: 0.4910 - mae: 0.8283 - mse: 0.8283 - ssim_metric: 0.1307
109/652 [====>.........................] - ETA: 3:44 - loss: 0.4906 - mae: 0.8281 - mse: 0.8281 - ssim_metric: 0.1309
110/652 [====>.........................] - ETA: 3:44 - loss: 0.4905 - mae: 0.8282 - mse: 0.8281 - ssim_metric: 0.1308
111/652 [====>.........................] - ETA: 3:43 - loss: 0.4898 - mae: 0.8277 - mse: 0.8277 - ssim_metric: 0.1312
112/652 [====>.........................] - ETA: 3:43 - loss: 0.4906 - mae: 0.8282 - mse: 0.8282 - ssim_metric: 0.1307
113/652 [====>.........................] - ETA: 3:43 - loss: 0.4909 - mae: 0.8285 - mse: 0.8285 - ssim_metric: 0.1304
114/652 [====>.........................] - ETA: 3:42 - loss: 0.4915 - mae: 0.8289 - mse: 0.8288 - ssim_metric: 0.1300
115/652 [====>.........................] - ETA: 3:42 - loss: 0.4902 - mae: 0.8279 - mse: 0.8278 - ssim_metric: 0.1308
116/652 [====>.........................] - ETA: 3:41 - loss: 0.4899 - mae: 0.8277 - mse: 0.8277 - ssim_metric: 0.1309
117/652 [====>.........................] - ETA: 3:41 - loss: 0.4894 - mae: 0.8275 - mse: 0.8275 - ssim_metric: 0.1311
118/652 [====>.........................] - ETA: 3:40 - loss: 0.4895 - mae: 0.8277 - mse: 0.8276 - ssim_metric: 0.1309
119/652 [====>.........................] - ETA: 3:40 - loss: 0.4885 - mae: 0.8269 - mse: 0.8269 - ssim_metric: 0.1315
120/652 [====>.........................] - ETA: 3:40 - loss: 0.4880 - mae: 0.8267 - mse: 0.8266 - ssim_metric: 0.1318
121/652 [====>.........................] - ETA: 3:39 - loss: 0.4886 - mae: 0.8271 - mse: 0.8270 - ssim_metric: 0.1315
122/652 [====>.........................] - ETA: 3:39 - loss: 0.4896 - mae: 0.8277 - mse: 0.8276 - ssim_metric: 0.1310
123/652 [====>.........................] - ETA: 3:38 - loss: 0.4902 - mae: 0.8281 - mse: 0.8281 - ssim_metric: 0.1306
124/652 [====>.........................] - ETA: 3:38 - loss: 0.4912 - mae: 0.8287 - mse: 0.8287 - ssim_metric: 0.1301
125/652 [====>.........................] - ETA: 3:38 - loss: 0.4910 - mae: 0.8286 - mse: 0.8286 - ssim_metric: 0.1302
126/652 [====>.........................] - ETA: 3:37 - loss: 0.4903 - mae: 0.8281 - mse: 0.8281 - ssim_metric: 0.1305
127/652 [====>.........................] - ETA: 3:37 - loss: 0.4900 - mae: 0.8281 - mse: 0.8280 - ssim_metric: 0.1306
128/652 [====>.........................] - ETA: 3:36 - loss: 0.4919 - mae: 0.8289 - mse: 0.8289 - ssim_metric: 0.1299
129/652 [====>.........................] - ETA: 3:36 - loss: 0.4926 - mae: 0.8294 - mse: 0.8294 - ssim_metric: 0.1295
130/652 [====>.........................] - ETA: 3:35 - loss: 0.4932 - mae: 0.8298 - mse: 0.8298 - ssim_metric: 0.1291
131/652 [=====>........................] - ETA: 3:35 - loss: 0.4928 - mae: 0.8296 - mse: 0.8296 - ssim_metric: 0.1295
132/652 [=====>........................] - ETA: 3:35 - loss: 0.4918 - mae: 0.8289 - mse: 0.8288 - ssim_metric: 0.1301
133/652 [=====>........................] - ETA: 3:34 - loss: 0.4910 - mae: 0.8284 - mse: 0.8284 - ssim_metric: 0.1304
134/652 [=====>........................] - ETA: 3:34 - loss: 0.4916 - mae: 0.8288 - mse: 0.8288 - ssim_metric: 0.1301
135/652 [=====>........................] - ETA: 3:33 - loss: 0.4914 - mae: 0.8287 - mse: 0.8287 - ssim_metric: 0.1301
136/652 [=====>........................] - ETA: 3:33 - loss: 0.4912 - mae: 0.8286 - mse: 0.8286 - ssim_metric: 0.1302
137/652 [=====>........................] - ETA: 3:33 - loss: 0.4903 - mae: 0.8280 - mse: 0.8280 - ssim_metric: 0.1308
138/652 [=====>........................] - ETA: 3:32 - loss: 0.4907 - mae: 0.8283 - mse: 0.8283 - ssim_metric: 0.1305
139/652 [=====>........................] - ETA: 3:32 - loss: 0.4900 - mae: 0.8279 - mse: 0.8279 - ssim_metric: 0.1309
140/652 [=====>........................] - ETA: 3:31 - loss: 0.4902 - mae: 0.8281 - mse: 0.8280 - ssim_metric: 0.1308
141/652 [=====>........................] - ETA: 3:31 - loss: 0.4903 - mae: 0.8282 - mse: 0.8282 - ssim_metric: 0.1306
142/652 [=====>........................] - ETA: 3:31 - loss: 0.4900 - mae: 0.8281 - mse: 0.8281 - ssim_metric: 0.1306
143/652 [=====>........................] - ETA: 3:30 - loss: 0.4888 - mae: 0.8270 - mse: 0.8270 - ssim_metric: 0.1317
144/652 [=====>........................] - ETA: 3:30 - loss: 0.4888 - mae: 0.8271 - mse: 0.8271 - ssim_metric: 0.1315
145/652 [=====>........................] - ETA: 3:29 - loss: 0.4886 - mae: 0.8270 - mse: 0.8270 - ssim_metric: 0.1316
146/652 [=====>........................] - ETA: 3:29 - loss: 0.4885 - mae: 0.8270 - mse: 0.8270 - ssim_metric: 0.1316
147/652 [=====>........................] - ETA: 3:28 - loss: 0.4888 - mae: 0.8272 - mse: 0.8272 - ssim_metric: 0.1314
148/652 [=====>........................] - ETA: 3:28 - loss: 0.4886 - mae: 0.8272 - mse: 0.8271 - ssim_metric: 0.1315
149/652 [=====>........................] - ETA: 3:28 - loss: 0.4892 - mae: 0.8276 - mse: 0.8276 - ssim_metric: 0.1311
150/652 [=====>........................] - ETA: 3:27 - loss: 0.4893 - mae: 0.8277 - mse: 0.8277 - ssim_metric: 0.1310
151/652 [=====>........................] - ETA: 3:27 - loss: 0.4897 - mae: 0.8280 - mse: 0.8280 - ssim_metric: 0.1307
152/652 [=====>........................] - ETA: 3:26 - loss: 0.4908 - mae: 0.8286 - mse: 0.8286 - ssim_metric: 0.1302
153/652 [======>.......................] - ETA: 3:26 - loss: 0.4905 - mae: 0.8284 - mse: 0.8284 - ssim_metric: 0.1303
154/652 [======>.......................] - ETA: 3:26 - loss: 0.4901 - mae: 0.8282 - mse: 0.8282 - ssim_metric: 0.1305
155/652 [======>.......................] - ETA: 3:25 - loss: 0.4898 - mae: 0.8281 - mse: 0.8281 - ssim_metric: 0.1307
156/652 [======>.......................] - ETA: 3:25 - loss: 0.4901 - mae: 0.8284 - mse: 0.8283 - ssim_metric: 0.1305
157/652 [======>.......................] - ETA: 3:24 - loss: 0.4893 - mae: 0.8277 - mse: 0.8277 - ssim_metric: 0.1312
158/652 [======>.......................] - ETA: 3:24 - loss: 0.4892 - mae: 0.8277 - mse: 0.8277 - ssim_metric: 0.1312
159/652 [======>.......................] - ETA: 3:23 - loss: 0.4886 - mae: 0.8273 - mse: 0.8273 - ssim_metric: 0.1314
160/652 [======>.......................] - ETA: 3:23 - loss: 0.4884 - mae: 0.8272 - mse: 0.8272 - ssim_metric: 0.1315
161/652 [======>.......................] - ETA: 3:23 - loss: 0.4884 - mae: 0.8273 - mse: 0.8273 - ssim_metric: 0.1315
162/652 [======>.......................] - ETA: 3:22 - loss: 0.4883 - mae: 0.8273 - mse: 0.8273 - ssim_metric: 0.1315
163/652 [======>.......................] - ETA: 3:22 - loss: 0.4880 - mae: 0.8271 - mse: 0.8271 - ssim_metric: 0.1317
164/652 [======>.......................] - ETA: 3:21 - loss: 0.4878 - mae: 0.8271 - mse: 0.8271 - ssim_metric: 0.1317
165/652 [======>.......................] - ETA: 3:21 - loss: 0.4876 - mae: 0.8270 - mse: 0.8270 - ssim_metric: 0.1318
166/652 [======>.......................] - ETA: 3:21 - loss: 0.4878 - mae: 0.8272 - mse: 0.8272 - ssim_metric: 0.1316
167/652 [======>.......................] - ETA: 3:20 - loss: 0.4872 - mae: 0.8267 - mse: 0.8267 - ssim_metric: 0.1320
168/652 [======>.......................] - ETA: 3:20 - loss: 0.4872 - mae: 0.8268 - mse: 0.8268 - ssim_metric: 0.1319
169/652 [======>.......................] - ETA: 3:19 - loss: 0.4874 - mae: 0.8270 - mse: 0.8270 - ssim_metric: 0.1318
170/652 [======>.......................] - ETA: 3:19 - loss: 0.4884 - mae: 0.8275 - mse: 0.8275 - ssim_metric: 0.1313
171/652 [======>.......................] - ETA: 3:19 - loss: 0.4883 - mae: 0.8275 - mse: 0.8275 - ssim_metric: 0.1313
172/652 [======>.......................] - ETA: 3:18 - loss: 0.4879 - mae: 0.8273 - mse: 0.8273 - ssim_metric: 0.1315
173/652 [======>.......................] - ETA: 3:18 - loss: 0.4879 - mae: 0.8273 - mse: 0.8273 - ssim_metric: 0.1315
174/652 [=======>......................] - ETA: 3:17 - loss: 0.4884 - mae: 0.8277 - mse: 0.8277 - ssim_metric: 0.1312
175/652 [=======>......................] - ETA: 3:17 - loss: 0.4891 - mae: 0.8281 - mse: 0.8281 - ssim_metric: 0.1308
176/652 [=======>......................] - ETA: 3:16 - loss: 0.4889 - mae: 0.8280 - mse: 0.8280 - ssim_metric: 0.1308
177/652 [=======>......................] - ETA: 3:16 - loss: 0.4892 - mae: 0.8282 - mse: 0.8282 - ssim_metric: 0.1307
178/652 [=======>......................] - ETA: 3:16 - loss: 0.4892 - mae: 0.8283 - mse: 0.8283 - ssim_metric: 0.1306
179/652 [=======>......................] - ETA: 3:15 - loss: 0.4886 - mae: 0.8279 - mse: 0.8279 - ssim_metric: 0.1310
180/652 [=======>......................] - ETA: 3:15 - loss: 0.4883 - mae: 0.8277 - mse: 0.8277 - ssim_metric: 0.1311
181/652 [=======>......................] - ETA: 3:14 - loss: 0.4887 - mae: 0.8280 - mse: 0.8280 - ssim_metric: 0.1308
182/652 [=======>......................] - ETA: 3:14 - loss: 0.4883 - mae: 0.8278 - mse: 0.8278 - ssim_metric: 0.1310
183/652 [=======>......................] - ETA: 3:14 - loss: 0.4881 - mae: 0.8277 - mse: 0.8277 - ssim_metric: 0.1310
184/652 [=======>......................] - ETA: 3:13 - loss: 0.4885 - mae: 0.8279 - mse: 0.8279 - ssim_metric: 0.1308
185/652 [=======>......................] - ETA: 3:13 - loss: 0.4886 - mae: 0.8280 - mse: 0.8280 - ssim_metric: 0.1307
186/652 [=======>......................] - ETA: 3:12 - loss: 0.4882 - mae: 0.8279 - mse: 0.8278 - ssim_metric: 0.1309
187/652 [=======>......................] - ETA: 3:12 - loss: 0.4882 - mae: 0.8279 - mse: 0.8279 - ssim_metric: 0.1310
188/652 [=======>......................] - ETA: 3:12 - loss: 0.4879 - mae: 0.8277 - mse: 0.8277 - ssim_metric: 0.1311
189/652 [=======>......................] - ETA: 3:11 - loss: 0.4874 - mae: 0.8274 - mse: 0.8273 - ssim_metric: 0.1313
190/652 [=======>......................] - ETA: 3:11 - loss: 0.4869 - mae: 0.8270 - mse: 0.8270 - ssim_metric: 0.1317
191/652 [=======>......................] - ETA: 3:10 - loss: 0.4870 - mae: 0.8271 - mse: 0.8271 - ssim_metric: 0.1315
192/652 [=======>......................] - ETA: 3:10 - loss: 0.4870 - mae: 0.8272 - mse: 0.8272 - ssim_metric: 0.1315
193/652 [=======>......................] - ETA: 3:09 - loss: 0.4868 - mae: 0.8271 - mse: 0.8271 - ssim_metric: 0.1316
194/652 [=======>......................] - ETA: 3:09 - loss: 0.4869 - mae: 0.8272 - mse: 0.8272 - ssim_metric: 0.1315
195/652 [=======>......................] - ETA: 3:09 - loss: 0.4873 - mae: 0.8275 - mse: 0.8275 - ssim_metric: 0.1313
196/652 [========>.....................] - ETA: 3:08 - loss: 0.4874 - mae: 0.8276 - mse: 0.8276 - ssim_metric: 0.1312
197/652 [========>.....................] - ETA: 3:08 - loss: 0.4876 - mae: 0.8277 - mse: 0.8277 - ssim_metric: 0.1311
198/652 [========>.....................] - ETA: 3:07 - loss: 0.4876 - mae: 0.8278 - mse: 0.8278 - ssim_metric: 0.1310
199/652 [========>.....................] - ETA: 3:07 - loss: 0.4869 - mae: 0.8273 - mse: 0.8273 - ssim_metric: 0.1315
200/652 [========>.....................] - ETA: 3:07 - loss: 0.4875 - mae: 0.8276 - mse: 0.8276 - ssim_metric: 0.1312
201/652 [========>.....................] - ETA: 3:06 - loss: 0.4884 - mae: 0.8281 - mse: 0.8281 - ssim_metric: 0.1308
202/652 [========>.....................] - ETA: 3:06 - loss: 0.4883 - mae: 0.8281 - mse: 0.8281 - ssim_metric: 0.1308
203/652 [========>.....................] - ETA: 3:05 - loss: 0.4884 - mae: 0.8282 - mse: 0.8282 - ssim_metric: 0.1306
204/652 [========>.....................] - ETA: 3:05 - loss: 0.4889 - mae: 0.8285 - mse: 0.8285 - ssim_metric: 0.1304
205/652 [========>.....................] - ETA: 3:04 - loss: 0.4887 - mae: 0.8284 - mse: 0.8284 - ssim_metric: 0.1304
206/652 [========>.....................] - ETA: 3:04 - loss: 0.4881 - mae: 0.8280 - mse: 0.8280 - ssim_metric: 0.1309
207/652 [========>.....................] - ETA: 3:04 - loss: 0.4880 - mae: 0.8280 - mse: 0.8280 - ssim_metric: 0.1309
208/652 [========>.....................] - ETA: 3:03 - loss: 0.4881 - mae: 0.8280 - mse: 0.8280 - ssim_metric: 0.1308
209/652 [========>.....................] - ETA: 3:03 - loss: 0.4879 - mae: 0.8279 - mse: 0.8279 - ssim_metric: 0.1309
210/652 [========>.....................] - ETA: 3:02 - loss: 0.4883 - mae: 0.8282 - mse: 0.8282 - ssim_metric: 0.1307
211/652 [========>.....................] - ETA: 3:02 - loss: 0.4888 - mae: 0.8285 - mse: 0.8285 - ssim_metric: 0.1304
212/652 [========>.....................] - ETA: 3:02 - loss: 0.4891 - mae: 0.8287 - mse: 0.8287 - ssim_metric: 0.1303
213/652 [========>.....................] - ETA: 3:01 - loss: 0.4891 - mae: 0.8288 - mse: 0.8288 - ssim_metric: 0.1302
214/652 [========>.....................] - ETA: 3:01 - loss: 0.4891 - mae: 0.8288 - mse: 0.8288 - ssim_metric: 0.1303
215/652 [========>.....................] - ETA: 3:00 - loss: 0.4884 - mae: 0.8283 - mse: 0.8282 - ssim_metric: 0.1308
216/652 [========>.....................] - ETA: 3:00 - loss: 0.4882 - mae: 0.8282 - mse: 0.8282 - ssim_metric: 0.1309
217/652 [========>.....................] - ETA: 3:00 - loss: 0.4882 - mae: 0.8282 - mse: 0.8282 - ssim_metric: 0.1308
218/652 [=========>....................] - ETA: 2:59 - loss: 0.4886 - mae: 0.8285 - mse: 0.8285 - ssim_metric: 0.1306
219/652 [=========>....................] - ETA: 2:59 - loss: 0.4884 - mae: 0.8284 - mse: 0.8284 - ssim_metric: 0.1307
220/652 [=========>....................] - ETA: 2:58 - loss: 0.4879 - mae: 0.8281 - mse: 0.8280 - ssim_metric: 0.1310
221/652 [=========>....................] - ETA: 2:58 - loss: 0.4878 - mae: 0.8280 - mse: 0.8280 - ssim_metric: 0.1310
222/652 [=========>....................] - ETA: 2:57 - loss: 0.4884 - mae: 0.8283 - mse: 0.8283 - ssim_metric: 0.1307
223/652 [=========>....................] - ETA: 2:57 - loss: 0.4878 - mae: 0.8279 - mse: 0.8279 - ssim_metric: 0.1311
224/652 [=========>....................] - ETA: 2:57 - loss: 0.4881 - mae: 0.8281 - mse: 0.8281 - ssim_metric: 0.1309
225/652 [=========>....................] - ETA: 2:56 - loss: 0.4883 - mae: 0.8283 - mse: 0.8283 - ssim_metric: 0.1308
226/652 [=========>....................] - ETA: 2:56 - loss: 0.4883 - mae: 0.8283 - mse: 0.8283 - ssim_metric: 0.1307
227/652 [=========>....................] - ETA: 2:55 - loss: 0.4882 - mae: 0.8283 - mse: 0.8283 - ssim_metric: 0.1308
228/652 [=========>....................] - ETA: 2:55 - loss: 0.4883 - mae: 0.8284 - mse: 0.8284 - ssim_metric: 0.1307
229/652 [=========>....................] - ETA: 2:55 - loss: 0.4884 - mae: 0.8285 - mse: 0.8285 - ssim_metric: 0.1306
230/652 [=========>....................] - ETA: 2:54 - loss: 0.4880 - mae: 0.8283 - mse: 0.8282 - ssim_metric: 0.1308
231/652 [=========>....................] - ETA: 2:54 - loss: 0.4880 - mae: 0.8283 - mse: 0.8283 - ssim_metric: 0.1307
232/652 [=========>....................] - ETA: 2:53 - loss: 0.4879 - mae: 0.8282 - mse: 0.8282 - ssim_metric: 0.1307
233/652 [=========>....................] - ETA: 2:53 - loss: 0.4875 - mae: 0.8280 - mse: 0.8280 - ssim_metric: 0.1309
234/652 [=========>....................] - ETA: 2:52 - loss: 0.4873 - mae: 0.8278 - mse: 0.8278 - ssim_metric: 0.1310
235/652 [=========>....................] - ETA: 2:52 - loss: 0.4877 - mae: 0.8281 - mse: 0.8281 - ssim_metric: 0.1308
236/652 [=========>....................] - ETA: 2:52 - loss: 0.4878 - mae: 0.8282 - mse: 0.8282 - ssim_metric: 0.1307
237/652 [=========>....................] - ETA: 2:51 - loss: 0.4881 - mae: 0.8284 - mse: 0.8284 - ssim_metric: 0.1306
238/652 [=========>....................] - ETA: 2:51 - loss: 0.4881 - mae: 0.8285 - mse: 0.8284 - ssim_metric: 0.1305
239/652 [=========>....................] - ETA: 2:50 - loss: 0.4880 - mae: 0.8284 - mse: 0.8284 - ssim_metric: 0.1305
240/652 [==========>...................] - ETA: 2:50 - loss: 0.4882 - mae: 0.8286 - mse: 0.8286 - ssim_metric: 0.1304
241/652 [==========>...................] - ETA: 2:50 - loss: 0.4884 - mae: 0.8287 - mse: 0.8287 - ssim_metric: 0.1302
242/652 [==========>...................] - ETA: 2:49 - loss: 0.4887 - mae: 0.8289 - mse: 0.8289 - ssim_metric: 0.1301
243/652 [==========>...................] - ETA: 2:49 - loss: 0.4884 - mae: 0.8287 - mse: 0.8287 - ssim_metric: 0.1303
244/652 [==========>...................] - ETA: 2:48 - loss: 0.4886 - mae: 0.8288 - mse: 0.8288 - ssim_metric: 0.1302
245/652 [==========>...................] - ETA: 2:48 - loss: 0.4883 - mae: 0.8287 - mse: 0.8287 - ssim_metric: 0.1303
246/652 [==========>...................] - ETA: 2:47 - loss: 0.4880 - mae: 0.8285 - mse: 0.8285 - ssim_metric: 0.1304
247/652 [==========>...................] - ETA: 2:47 - loss: 0.4876 - mae: 0.8282 - mse: 0.8282 - ssim_metric: 0.1307
248/652 [==========>...................] - ETA: 2:47 - loss: 0.4873 - mae: 0.8280 - mse: 0.8280 - ssim_metric: 0.1308
249/652 [==========>...................] - ETA: 2:46 - loss: 0.4883 - mae: 0.8285 - mse: 0.8285 - ssim_metric: 0.1305
250/652 [==========>...................] - ETA: 2:46 - loss: 0.4878 - mae: 0.8282 - mse: 0.8282 - ssim_metric: 0.1308
251/652 [==========>...................] - ETA: 2:45 - loss: 0.4884 - mae: 0.8285 - mse: 0.8285 - ssim_metric: 0.1305
252/652 [==========>...................] - ETA: 2:45 - loss: 0.4882 - mae: 0.8284 - mse: 0.8284 - ssim_metric: 0.1306
253/652 [==========>...................] - ETA: 2:45 - loss: 0.4886 - mae: 0.8287 - mse: 0.8286 - ssim_metric: 0.1304
254/652 [==========>...................] - ETA: 2:44 - loss: 0.4886 - mae: 0.8287 - mse: 0.8287 - ssim_metric: 0.1304
255/652 [==========>...................] - ETA: 2:44 - loss: 0.4888 - mae: 0.8288 - mse: 0.8288 - ssim_metric: 0.1303
256/652 [==========>...................] - ETA: 2:43 - loss: 0.4890 - mae: 0.8290 - mse: 0.8290 - ssim_metric: 0.1301
257/652 [==========>...................] - ETA: 2:43 - loss: 0.4889 - mae: 0.8289 - mse: 0.8289 - ssim_metric: 0.1302
258/652 [==========>...................] - ETA: 2:43 - loss: 0.4891 - mae: 0.8291 - mse: 0.8291 - ssim_metric: 0.1301
259/652 [==========>...................] - ETA: 2:42 - loss: 0.4889 - mae: 0.8290 - mse: 0.8290 - ssim_metric: 0.1301
260/652 [==========>...................] - ETA: 2:42 - loss: 0.4882 - mae: 0.8285 - mse: 0.8284 - ssim_metric: 0.1306
261/652 [===========>..................] - ETA: 2:41 - loss: 0.4878 - mae: 0.8281 - mse: 0.8281 - ssim_metric: 0.1308
262/652 [===========>..................] - ETA: 2:41 - loss: 0.4882 - mae: 0.8284 - mse: 0.8284 - ssim_metric: 0.1306
263/652 [===========>..................] - ETA: 2:40 - loss: 0.4882 - mae: 0.8284 - mse: 0.8284 - ssim_metric: 0.1306
264/652 [===========>..................] - ETA: 2:40 - loss: 0.4882 - mae: 0.8284 - mse: 0.8284 - ssim_metric: 0.1306
265/652 [===========>..................] - ETA: 2:40 - loss: 0.4880 - mae: 0.8283 - mse: 0.8283 - ssim_metric: 0.1307
266/652 [===========>..................] - ETA: 2:39 - loss: 0.4880 - mae: 0.8284 - mse: 0.8284 - ssim_metric: 0.1307
267/652 [===========>..................] - ETA: 2:39 - loss: 0.4875 - mae: 0.8280 - mse: 0.8280 - ssim_metric: 0.1310
268/652 [===========>..................] - ETA: 2:38 - loss: 0.4876 - mae: 0.8281 - mse: 0.8281 - ssim_metric: 0.1309
269/652 [===========>..................] - ETA: 2:38 - loss: 0.4879 - mae: 0.8283 - mse: 0.8283 - ssim_metric: 0.1307
270/652 [===========>..................] - ETA: 2:38 - loss: 0.4873 - mae: 0.8277 - mse: 0.8277 - ssim_metric: 0.1312
271/652 [===========>..................] - ETA: 2:37 - loss: 0.4868 - mae: 0.8273 - mse: 0.8273 - ssim_metric: 0.1315
272/652 [===========>..................] - ETA: 2:37 - loss: 0.4868 - mae: 0.8274 - mse: 0.8274 - ssim_metric: 0.1315
273/652 [===========>..................] - ETA: 2:36 - loss: 0.4872 - mae: 0.8276 - mse: 0.8276 - ssim_metric: 0.1312
274/652 [===========>..................] - ETA: 2:36 - loss: 0.4872 - mae: 0.8276 - mse: 0.8276 - ssim_metric: 0.1312
275/652 [===========>..................] - ETA: 2:35 - loss: 0.4868 - mae: 0.8274 - mse: 0.8274 - ssim_metric: 0.1314
276/652 [===========>..................] - ETA: 2:35 - loss: 0.4868 - mae: 0.8274 - mse: 0.8274 - ssim_metric: 0.1314
277/652 [===========>..................] - ETA: 2:35 - loss: 0.4866 - mae: 0.8273 - mse: 0.8273 - ssim_metric: 0.1315
278/652 [===========>..................] - ETA: 2:34 - loss: 0.4868 - mae: 0.8275 - mse: 0.8275 - ssim_metric: 0.1313
279/652 [===========>..................] - ETA: 2:34 - loss: 0.4863 - mae: 0.8270 - mse: 0.8270 - ssim_metric: 0.1317
280/652 [===========>..................] - ETA: 2:33 - loss: 0.4865 - mae: 0.8272 - mse: 0.8272 - ssim_metric: 0.1316
281/652 [===========>..................] - ETA: 2:33 - loss: 0.4864 - mae: 0.8271 - mse: 0.8271 - ssim_metric: 0.1316
282/652 [===========>..................] - ETA: 2:33 - loss: 0.4862 - mae: 0.8270 - mse: 0.8270 - ssim_metric: 0.1318
283/652 [============>.................] - ETA: 2:32 - loss: 0.4858 - mae: 0.8268 - mse: 0.8268 - ssim_metric: 0.1320
284/652 [============>.................] - ETA: 2:32 - loss: 0.4868 - mae: 0.8272 - mse: 0.8272 - ssim_metric: 0.1317
285/652 [============>.................] - ETA: 2:31 - loss: 0.4866 - mae: 0.8271 - mse: 0.8271 - ssim_metric: 0.1317
286/652 [============>.................] - ETA: 2:31 - loss: 0.4864 - mae: 0.8270 - mse: 0.8269 - ssim_metric: 0.1319
287/652 [============>.................] - ETA: 2:31 - loss: 0.4864 - mae: 0.8270 - mse: 0.8270 - ssim_metric: 0.1318
288/652 [============>.................] - ETA: 2:30 - loss: 0.4864 - mae: 0.8271 - mse: 0.8270 - ssim_metric: 0.1318
289/652 [============>.................] - ETA: 2:30 - loss: 0.4864 - mae: 0.8270 - mse: 0.8270 - ssim_metric: 0.1318
290/652 [============>.................] - ETA: 2:29 - loss: 0.4866 - mae: 0.8272 - mse: 0.8272 - ssim_metric: 0.1317
291/652 [============>.................] - ETA: 2:29 - loss: 0.4870 - mae: 0.8274 - mse: 0.8274 - ssim_metric: 0.1315
292/652 [============>.................] - ETA: 2:28 - loss: 0.4868 - mae: 0.8273 - mse: 0.8273 - ssim_metric: 0.1316
293/652 [============>.................] - ETA: 2:28 - loss: 0.4863 - mae: 0.8269 - mse: 0.8269 - ssim_metric: 0.1320
294/652 [============>.................] - ETA: 2:28 - loss: 0.4862 - mae: 0.8269 - mse: 0.8269 - ssim_metric: 0.1320
295/652 [============>.................] - ETA: 2:27 - loss: 0.4863 - mae: 0.8270 - mse: 0.8270 - ssim_metric: 0.1319
296/652 [============>.................] - ETA: 2:27 - loss: 0.4865 - mae: 0.8271 - mse: 0.8271 - ssim_metric: 0.1318
297/652 [============>.................] - ETA: 2:26 - loss: 0.4864 - mae: 0.8271 - mse: 0.8271 - ssim_metric: 0.1318
298/652 [============>.................] - ETA: 2:26 - loss: 0.4860 - mae: 0.8267 - mse: 0.8267 - ssim_metric: 0.1321
299/652 [============>.................] - ETA: 2:26 - loss: 0.4864 - mae: 0.8270 - mse: 0.8270 - ssim_metric: 0.1319
300/652 [============>.................] - ETA: 2:25 - loss: 0.4861 - mae: 0.8268 - mse: 0.8268 - ssim_metric: 0.1321
301/652 [============>.................] - ETA: 2:25 - loss: 0.4858 - mae: 0.8265 - mse: 0.8265 - ssim_metric: 0.1323
302/652 [============>.................] - ETA: 2:24 - loss: 0.4855 - mae: 0.8264 - mse: 0.8264 - ssim_metric: 0.1324
303/652 [============>.................] - ETA: 2:24 - loss: 0.4855 - mae: 0.8264 - mse: 0.8264 - ssim_metric: 0.1324
304/652 [============>.................] - ETA: 2:23 - loss: 0.4852 - mae: 0.8262 - mse: 0.8262 - ssim_metric: 0.1326
305/652 [=============>................] - ETA: 2:23 - loss: 0.4854 - mae: 0.8264 - mse: 0.8264 - ssim_metric: 0.1325
306/652 [=============>................] - ETA: 2:23 - loss: 0.4853 - mae: 0.8263 - mse: 0.8263 - ssim_metric: 0.1325
307/652 [=============>................] - ETA: 2:22 - loss: 0.4857 - mae: 0.8265 - mse: 0.8265 - ssim_metric: 0.1323
308/652 [=============>................] - ETA: 2:22 - loss: 0.4855 - mae: 0.8265 - mse: 0.8265 - ssim_metric: 0.1324
309/652 [=============>................] - ETA: 2:21 - loss: 0.4858 - mae: 0.8267 - mse: 0.8267 - ssim_metric: 0.1322
310/652 [=============>................] - ETA: 2:21 - loss: 0.4855 - mae: 0.8265 - mse: 0.8264 - ssim_metric: 0.1324
311/652 [=============>................] - ETA: 2:21 - loss: 0.4856 - mae: 0.8265 - mse: 0.8265 - ssim_metric: 0.1324
312/652 [=============>................] - ETA: 2:20 - loss: 0.4858 - mae: 0.8267 - mse: 0.8267 - ssim_metric: 0.1322
313/652 [=============>................] - ETA: 2:20 - loss: 0.4857 - mae: 0.8266 - mse: 0.8266 - ssim_metric: 0.1322
314/652 [=============>................] - ETA: 2:19 - loss: 0.4856 - mae: 0.8266 - mse: 0.8266 - ssim_metric: 0.1322
315/652 [=============>................] - ETA: 2:19 - loss: 0.4858 - mae: 0.8267 - mse: 0.8267 - ssim_metric: 0.1321
316/652 [=============>................] - ETA: 2:19 - loss: 0.4852 - mae: 0.8262 - mse: 0.8262 - ssim_metric: 0.1326
317/652 [=============>................] - ETA: 2:18 - loss: 0.4851 - mae: 0.8262 - mse: 0.8262 - ssim_metric: 0.1326
318/652 [=============>................] - ETA: 2:18 - loss: 0.4849 - mae: 0.8261 - mse: 0.8261 - ssim_metric: 0.1327
319/652 [=============>................] - ETA: 2:17 - loss: 0.4848 - mae: 0.8260 - mse: 0.8260 - ssim_metric: 0.1328
320/652 [=============>................] - ETA: 2:17 - loss: 0.4848 - mae: 0.8260 - mse: 0.8260 - ssim_metric: 0.1328
321/652 [=============>................] - ETA: 2:16 - loss: 0.4847 - mae: 0.8260 - mse: 0.8260 - ssim_metric: 0.1327
322/652 [=============>................] - ETA: 2:16 - loss: 0.4843 - mae: 0.8257 - mse: 0.8257 - ssim_metric: 0.1330
323/652 [=============>................] - ETA: 2:16 - loss: 0.4849 - mae: 0.8260 - mse: 0.8260 - ssim_metric: 0.1328
324/652 [=============>................] - ETA: 2:15 - loss: 0.4847 - mae: 0.8259 - mse: 0.8259 - ssim_metric: 0.1328
325/652 [=============>................] - ETA: 2:15 - loss: 0.4850 - mae: 0.8261 - mse: 0.8261 - ssim_metric: 0.1327
326/652 [==============>...............] - ETA: 2:14 - loss: 0.4852 - mae: 0.8262 - mse: 0.8262 - ssim_metric: 0.1326
327/652 [==============>...............] - ETA: 2:14 - loss: 0.4849 - mae: 0.8261 - mse: 0.8261 - ssim_metric: 0.1327
328/652 [==============>...............] - ETA: 2:14 - loss: 0.4852 - mae: 0.8262 - mse: 0.8262 - ssim_metric: 0.1325
329/652 [==============>...............] - ETA: 2:13 - loss: 0.4850 - mae: 0.8262 - mse: 0.8262 - ssim_metric: 0.1326
330/652 [==============>...............] - ETA: 2:13 - loss: 0.4850 - mae: 0.8261 - mse: 0.8261 - ssim_metric: 0.1326
331/652 [==============>...............] - ETA: 2:12 - loss: 0.4848 - mae: 0.8261 - mse: 0.8261 - ssim_metric: 0.1327
332/652 [==============>...............] - ETA: 2:12 - loss: 0.4846 - mae: 0.8259 - mse: 0.8259 - ssim_metric: 0.1328
333/652 [==============>...............] - ETA: 2:11 - loss: 0.4844 - mae: 0.8258 - mse: 0.8258 - ssim_metric: 0.1329
334/652 [==============>...............] - ETA: 2:11 - loss: 0.4843 - mae: 0.8258 - mse: 0.8258 - ssim_metric: 0.1329
335/652 [==============>...............] - ETA: 2:11 - loss: 0.4840 - mae: 0.8256 - mse: 0.8255 - ssim_metric: 0.1331
336/652 [==============>...............] - ETA: 2:10 - loss: 0.4838 - mae: 0.8254 - mse: 0.8254 - ssim_metric: 0.1332
337/652 [==============>...............] - ETA: 2:10 - loss: 0.4841 - mae: 0.8256 - mse: 0.8256 - ssim_metric: 0.1331
338/652 [==============>...............] - ETA: 2:09 - loss: 0.4842 - mae: 0.8257 - mse: 0.8257 - ssim_metric: 0.1330
339/652 [==============>...............] - ETA: 2:09 - loss: 0.4841 - mae: 0.8256 - mse: 0.8256 - ssim_metric: 0.1331
340/652 [==============>...............] - ETA: 2:09 - loss: 0.4840 - mae: 0.8256 - mse: 0.8256 - ssim_metric: 0.1331
341/652 [==============>...............] - ETA: 2:08 - loss: 0.4838 - mae: 0.8254 - mse: 0.8254 - ssim_metric: 0.1332
342/652 [==============>...............] - ETA: 2:08 - loss: 0.4841 - mae: 0.8257 - mse: 0.8256 - ssim_metric: 0.1330
343/652 [==============>...............] - ETA: 2:07 - loss: 0.4843 - mae: 0.8258 - mse: 0.8257 - ssim_metric: 0.1330
344/652 [==============>...............] - ETA: 2:07 - loss: 0.4845 - mae: 0.8259 - mse: 0.8259 - ssim_metric: 0.1328
345/652 [==============>...............] - ETA: 2:07 - loss: 0.4843 - mae: 0.8257 - mse: 0.8257 - ssim_metric: 0.1329
346/652 [==============>...............] - ETA: 2:06 - loss: 0.4842 - mae: 0.8257 - mse: 0.8257 - ssim_metric: 0.1330
347/652 [==============>...............] - ETA: 2:06 - loss: 0.4843 - mae: 0.8258 - mse: 0.8258 - ssim_metric: 0.1328
348/652 [===============>..............] - ETA: 2:05 - loss: 0.4842 - mae: 0.8257 - mse: 0.8257 - ssim_metric: 0.1329
349/652 [===============>..............] - ETA: 2:05 - loss: 0.4839 - mae: 0.8256 - mse: 0.8255 - ssim_metric: 0.1331
350/652 [===============>..............] - ETA: 2:04 - loss: 0.4838 - mae: 0.8255 - mse: 0.8255 - ssim_metric: 0.1331
351/652 [===============>..............] - ETA: 2:04 - loss: 0.4838 - mae: 0.8256 - mse: 0.8255 - ssim_metric: 0.1331
352/652 [===============>..............] - ETA: 2:04 - loss: 0.4836 - mae: 0.8254 - mse: 0.8253 - ssim_metric: 0.1332
353/652 [===============>..............] - ETA: 2:03 - loss: 0.4833 - mae: 0.8252 - mse: 0.8252 - ssim_metric: 0.1334
354/652 [===============>..............] - ETA: 2:03 - loss: 0.4835 - mae: 0.8253 - mse: 0.8253 - ssim_metric: 0.1333
355/652 [===============>..............] - ETA: 2:02 - loss: 0.4832 - mae: 0.8251 - mse: 0.8251 - ssim_metric: 0.1335
356/652 [===============>..............] - ETA: 2:02 - loss: 0.4828 - mae: 0.8248 - mse: 0.8248 - ssim_metric: 0.1338
357/652 [===============>..............] - ETA: 2:02 - loss: 0.4830 - mae: 0.8249 - mse: 0.8249 - ssim_metric: 0.1337
358/652 [===============>..............] - ETA: 2:01 - loss: 0.4826 - mae: 0.8246 - mse: 0.8246 - ssim_metric: 0.1339
359/652 [===============>..............] - ETA: 2:01 - loss: 0.4822 - mae: 0.8243 - mse: 0.8243 - ssim_metric: 0.1342
360/652 [===============>..............] - ETA: 2:00 - loss: 0.4827 - mae: 0.8246 - mse: 0.8246 - ssim_metric: 0.1340
361/652 [===============>..............] - ETA: 2:00 - loss: 0.4823 - mae: 0.8242 - mse: 0.8242 - ssim_metric: 0.1344
362/652 [===============>..............] - ETA: 1:59 - loss: 0.4823 - mae: 0.8242 - mse: 0.8242 - ssim_metric: 0.1343
363/652 [===============>..............] - ETA: 1:59 - loss: 0.4820 - mae: 0.8240 - mse: 0.8240 - ssim_metric: 0.1344
364/652 [===============>..............] - ETA: 1:59 - loss: 0.4822 - mae: 0.8242 - mse: 0.8242 - ssim_metric: 0.1343
365/652 [===============>..............] - ETA: 1:58 - loss: 0.4822 - mae: 0.8242 - mse: 0.8242 - ssim_metric: 0.1343
366/652 [===============>..............] - ETA: 1:58 - loss: 0.4824 - mae: 0.8243 - mse: 0.8243 - ssim_metric: 0.1342
367/652 [===============>..............] - ETA: 1:57 - loss: 0.4822 - mae: 0.8242 - mse: 0.8242 - ssim_metric: 0.1343
368/652 [===============>..............] - ETA: 1:57 - loss: 0.4823 - mae: 0.8243 - mse: 0.8243 - ssim_metric: 0.1342
369/652 [===============>..............] - ETA: 1:57 - loss: 0.4820 - mae: 0.8241 - mse: 0.8240 - ssim_metric: 0.1344
370/652 [================>.............] - ETA: 1:56 - loss: 0.4820 - mae: 0.8241 - mse: 0.8241 - ssim_metric: 0.1344
371/652 [================>.............] - ETA: 1:56 - loss: 0.4816 - mae: 0.8238 - mse: 0.8238 - ssim_metric: 0.1346
372/652 [================>.............] - ETA: 1:55 - loss: 0.4814 - mae: 0.8237 - mse: 0.8237 - ssim_metric: 0.1347
373/652 [================>.............] - ETA: 1:55 - loss: 0.4811 - mae: 0.8234 - mse: 0.8234 - ssim_metric: 0.1349
374/652 [================>.............] - ETA: 1:55 - loss: 0.4810 - mae: 0.8233 - mse: 0.8233 - ssim_metric: 0.1350
375/652 [================>.............] - ETA: 1:54 - loss: 0.4810 - mae: 0.8234 - mse: 0.8234 - ssim_metric: 0.1350
376/652 [================>.............] - ETA: 1:54 - loss: 0.4809 - mae: 0.8233 - mse: 0.8233 - ssim_metric: 0.1350
377/652 [================>.............] - ETA: 1:53 - loss: 0.4815 - mae: 0.8236 - mse: 0.8236 - ssim_metric: 0.1348
378/652 [================>.............] - ETA: 1:53 - loss: 0.4814 - mae: 0.8236 - mse: 0.8236 - ssim_metric: 0.1348
379/652 [================>.............] - ETA: 1:52 - loss: 0.4815 - mae: 0.8237 - mse: 0.8237 - ssim_metric: 0.1347
380/652 [================>.............] - ETA: 1:52 - loss: 0.4816 - mae: 0.8237 - mse: 0.8237 - ssim_metric: 0.1347
381/652 [================>.............] - ETA: 1:52 - loss: 0.4816 - mae: 0.8238 - mse: 0.8238 - ssim_metric: 0.1346
382/652 [================>.............] - ETA: 1:51 - loss: 0.4817 - mae: 0.8239 - mse: 0.8238 - ssim_metric: 0.1346
383/652 [================>.............] - ETA: 1:51 - loss: 0.4819 - mae: 0.8240 - mse: 0.8240 - ssim_metric: 0.1345
384/652 [================>.............] - ETA: 1:50 - loss: 0.4818 - mae: 0.8240 - mse: 0.8240 - ssim_metric: 0.1345
385/652 [================>.............] - ETA: 1:50 - loss: 0.4819 - mae: 0.8240 - mse: 0.8240 - ssim_metric: 0.1344
386/652 [================>.............] - ETA: 1:50 - loss: 0.4817 - mae: 0.8239 - mse: 0.8239 - ssim_metric: 0.1345
387/652 [================>.............] - ETA: 1:49 - loss: 0.4818 - mae: 0.8240 - mse: 0.8240 - ssim_metric: 0.1344
388/652 [================>.............] - ETA: 1:49 - loss: 0.4821 - mae: 0.8242 - mse: 0.8242 - ssim_metric: 0.1342
389/652 [================>.............] - ETA: 1:48 - loss: 0.4819 - mae: 0.8241 - mse: 0.8241 - ssim_metric: 0.1344
390/652 [================>.............] - ETA: 1:48 - loss: 0.4819 - mae: 0.8241 - mse: 0.8241 - ssim_metric: 0.1343
391/652 [================>.............] - ETA: 1:47 - loss: 0.4817 - mae: 0.8240 - mse: 0.8240 - ssim_metric: 0.1344
392/652 [=================>............] - ETA: 1:47 - loss: 0.4817 - mae: 0.8239 - mse: 0.8239 - ssim_metric: 0.1345
393/652 [=================>............] - ETA: 1:47 - loss: 0.4817 - mae: 0.8240 - mse: 0.8240 - ssim_metric: 0.1345
394/652 [=================>............] - ETA: 1:46 - loss: 0.4818 - mae: 0.8241 - mse: 0.8241 - ssim_metric: 0.1344
395/652 [=================>............] - ETA: 1:46 - loss: 0.4817 - mae: 0.8240 - mse: 0.8240 - ssim_metric: 0.1344
396/652 [=================>............] - ETA: 1:45 - loss: 0.4819 - mae: 0.8242 - mse: 0.8242 - ssim_metric: 0.1343
397/652 [=================>............] - ETA: 1:45 - loss: 0.4821 - mae: 0.8243 - mse: 0.8243 - ssim_metric: 0.1342
398/652 [=================>............] - ETA: 1:45 - loss: 0.4820 - mae: 0.8242 - mse: 0.8242 - ssim_metric: 0.1342
399/652 [=================>............] - ETA: 1:44 - loss: 0.4818 - mae: 0.8241 - mse: 0.8241 - ssim_metric: 0.1343
400/652 [=================>............] - ETA: 1:44 - loss: 0.4820 - mae: 0.8242 - mse: 0.8242 - ssim_metric: 0.1342
401/652 [=================>............] - ETA: 1:43 - loss: 0.4820 - mae: 0.8243 - mse: 0.8243 - ssim_metric: 0.1341
402/652 [=================>............] - ETA: 1:43 - loss: 0.4821 - mae: 0.8243 - mse: 0.8243 - ssim_metric: 0.1341
403/652 [=================>............] - ETA: 1:43 - loss: 0.4820 - mae: 0.8243 - mse: 0.8243 - ssim_metric: 0.1341
404/652 [=================>............] - ETA: 1:42 - loss: 0.4818 - mae: 0.8242 - mse: 0.8242 - ssim_metric: 0.1343
405/652 [=================>............] - ETA: 1:42 - loss: 0.4817 - mae: 0.8241 - mse: 0.8241 - ssim_metric: 0.1343
406/652 [=================>............] - ETA: 1:41 - loss: 0.4813 - mae: 0.8238 - mse: 0.8238 - ssim_metric: 0.1345
407/652 [=================>............] - ETA: 1:41 - loss: 0.4813 - mae: 0.8238 - mse: 0.8238 - ssim_metric: 0.1345
408/652 [=================>............] - ETA: 1:40 - loss: 0.4814 - mae: 0.8239 - mse: 0.8239 - ssim_metric: 0.1344
409/652 [=================>............] - ETA: 1:40 - loss: 0.4819 - mae: 0.8242 - mse: 0.8242 - ssim_metric: 0.1342
410/652 [=================>............] - ETA: 1:40 - loss: 0.4819 - mae: 0.8242 - mse: 0.8242 - ssim_metric: 0.1342
411/652 [=================>............] - ETA: 1:39 - loss: 0.4819 - mae: 0.8242 - mse: 0.8242 - ssim_metric: 0.1342
412/652 [=================>............] - ETA: 1:39 - loss: 0.4819 - mae: 0.8243 - mse: 0.8242 - ssim_metric: 0.1342
413/652 [==================>...........] - ETA: 1:38 - loss: 0.4818 - mae: 0.8242 - mse: 0.8242 - ssim_metric: 0.1342
414/652 [==================>...........] - ETA: 1:38 - loss: 0.4820 - mae: 0.8243 - mse: 0.8243 - ssim_metric: 0.1341
415/652 [==================>...........] - ETA: 1:38 - loss: 0.4821 - mae: 0.8244 - mse: 0.8244 - ssim_metric: 0.1340
416/652 [==================>...........] - ETA: 1:37 - loss: 0.4820 - mae: 0.8243 - mse: 0.8243 - ssim_metric: 0.1340
417/652 [==================>...........] - ETA: 1:37 - loss: 0.4819 - mae: 0.8243 - mse: 0.8243 - ssim_metric: 0.1341
418/652 [==================>...........] - ETA: 1:36 - loss: 0.4819 - mae: 0.8243 - mse: 0.8243 - ssim_metric: 0.1340
419/652 [==================>...........] - ETA: 1:36 - loss: 0.4816 - mae: 0.8241 - mse: 0.8241 - ssim_metric: 0.1343
420/652 [==================>...........] - ETA: 1:35 - loss: 0.4816 - mae: 0.8241 - mse: 0.8241 - ssim_metric: 0.1342
421/652 [==================>...........] - ETA: 1:35 - loss: 0.4816 - mae: 0.8242 - mse: 0.8242 - ssim_metric: 0.1342
422/652 [==================>...........] - ETA: 1:35 - loss: 0.4817 - mae: 0.8242 - mse: 0.8242 - ssim_metric: 0.1342
423/652 [==================>...........] - ETA: 1:34 - loss: 0.4818 - mae: 0.8243 - mse: 0.8243 - ssim_metric: 0.1341
424/652 [==================>...........] - ETA: 1:34 - loss: 0.4818 - mae: 0.8243 - mse: 0.8243 - ssim_metric: 0.1341
425/652 [==================>...........] - ETA: 1:33 - loss: 0.4822 - mae: 0.8245 - mse: 0.8245 - ssim_metric: 0.1339
426/652 [==================>...........] - ETA: 1:33 - loss: 0.4820 - mae: 0.8244 - mse: 0.8244 - ssim_metric: 0.1340
427/652 [==================>...........] - ETA: 1:33 - loss: 0.4819 - mae: 0.8244 - mse: 0.8244 - ssim_metric: 0.1340
428/652 [==================>...........] - ETA: 1:32 - loss: 0.4818 - mae: 0.8243 - mse: 0.8243 - ssim_metric: 0.1341
429/652 [==================>...........] - ETA: 1:32 - loss: 0.4817 - mae: 0.8242 - mse: 0.8242 - ssim_metric: 0.1341
430/652 [==================>...........] - ETA: 1:31 - loss: 0.4816 - mae: 0.8242 - mse: 0.8242 - ssim_metric: 0.1342
431/652 [==================>...........] - ETA: 1:31 - loss: 0.4816 - mae: 0.8242 - mse: 0.8242 - ssim_metric: 0.1342
432/652 [==================>...........] - ETA: 1:31 - loss: 0.4818 - mae: 0.8243 - mse: 0.8243 - ssim_metric: 0.1341
433/652 [==================>...........] - ETA: 1:30 - loss: 0.4815 - mae: 0.8241 - mse: 0.8241 - ssim_metric: 0.1342
434/652 [==================>...........] - ETA: 1:30 - loss: 0.4817 - mae: 0.8243 - mse: 0.8242 - ssim_metric: 0.1341
435/652 [===================>..........] - ETA: 1:29 - loss: 0.4819 - mae: 0.8244 - mse: 0.8244 - ssim_metric: 0.1340
436/652 [===================>..........] - ETA: 1:29 - loss: 0.4816 - mae: 0.8241 - mse: 0.8241 - ssim_metric: 0.1343
437/652 [===================>..........] - ETA: 1:28 - loss: 0.4814 - mae: 0.8240 - mse: 0.8240 - ssim_metric: 0.1344
438/652 [===================>..........] - ETA: 1:28 - loss: 0.4815 - mae: 0.8241 - mse: 0.8241 - ssim_metric: 0.1343
439/652 [===================>..........] - ETA: 1:28 - loss: 0.4813 - mae: 0.8240 - mse: 0.8240 - ssim_metric: 0.1344
440/652 [===================>..........] - ETA: 1:27 - loss: 0.4812 - mae: 0.8240 - mse: 0.8239 - ssim_metric: 0.1344
441/652 [===================>..........] - ETA: 1:27 - loss: 0.4811 - mae: 0.8238 - mse: 0.8238 - ssim_metric: 0.1345
442/652 [===================>..........] - ETA: 1:26 - loss: 0.4809 - mae: 0.8238 - mse: 0.8238 - ssim_metric: 0.1346
443/652 [===================>..........] - ETA: 1:26 - loss: 0.4809 - mae: 0.8238 - mse: 0.8238 - ssim_metric: 0.1346
444/652 [===================>..........] - ETA: 1:26 - loss: 0.4808 - mae: 0.8237 - mse: 0.8237 - ssim_metric: 0.1346
445/652 [===================>..........] - ETA: 1:25 - loss: 0.4807 - mae: 0.8237 - mse: 0.8237 - ssim_metric: 0.1346
446/652 [===================>..........] - ETA: 1:25 - loss: 0.4809 - mae: 0.8238 - mse: 0.8238 - ssim_metric: 0.1345
447/652 [===================>..........] - ETA: 1:24 - loss: 0.4809 - mae: 0.8238 - mse: 0.8238 - ssim_metric: 0.1345
448/652 [===================>..........] - ETA: 1:24 - loss: 0.4806 - mae: 0.8236 - mse: 0.8236 - ssim_metric: 0.1347
449/652 [===================>..........] - ETA: 1:23 - loss: 0.4804 - mae: 0.8234 - mse: 0.8234 - ssim_metric: 0.1349
450/652 [===================>..........] - ETA: 1:23 - loss: 0.4805 - mae: 0.8235 - mse: 0.8235 - ssim_metric: 0.1348
451/652 [===================>..........] - ETA: 1:23 - loss: 0.4805 - mae: 0.8235 - mse: 0.8235 - ssim_metric: 0.1348
452/652 [===================>..........] - ETA: 1:22 - loss: 0.4804 - mae: 0.8235 - mse: 0.8235 - ssim_metric: 0.1348
453/652 [===================>..........] - ETA: 1:22 - loss: 0.4808 - mae: 0.8237 - mse: 0.8236 - ssim_metric: 0.1347
454/652 [===================>..........] - ETA: 1:21 - loss: 0.4807 - mae: 0.8236 - mse: 0.8236 - ssim_metric: 0.1347
455/652 [===================>..........] - ETA: 1:21 - loss: 0.4808 - mae: 0.8237 - mse: 0.8237 - ssim_metric: 0.1346
456/652 [===================>..........] - ETA: 1:21 - loss: 0.4807 - mae: 0.8237 - mse: 0.8237 - ssim_metric: 0.1346
457/652 [====================>.........] - ETA: 1:20 - loss: 0.4805 - mae: 0.8236 - mse: 0.8235 - ssim_metric: 0.1347
458/652 [====================>.........] - ETA: 1:20 - loss: 0.4803 - mae: 0.8234 - mse: 0.8234 - ssim_metric: 0.1349
459/652 [====================>.........] - ETA: 1:19 - loss: 0.4803 - mae: 0.8234 - mse: 0.8234 - ssim_metric: 0.1349
460/652 [====================>.........] - ETA: 1:19 - loss: 0.4803 - mae: 0.8234 - mse: 0.8234 - ssim_metric: 0.1349
461/652 [====================>.........] - ETA: 1:19 - loss: 0.4802 - mae: 0.8234 - mse: 0.8233 - ssim_metric: 0.1349
462/652 [====================>.........] - ETA: 1:18 - loss: 0.4803 - mae: 0.8235 - mse: 0.8235 - ssim_metric: 0.1348
463/652 [====================>.........] - ETA: 1:18 - loss: 0.4804 - mae: 0.8235 - mse: 0.8235 - ssim_metric: 0.1348
464/652 [====================>.........] - ETA: 1:17 - loss: 0.4803 - mae: 0.8235 - mse: 0.8235 - ssim_metric: 0.1348
465/652 [====================>.........] - ETA: 1:17 - loss: 0.4805 - mae: 0.8236 - mse: 0.8236 - ssim_metric: 0.1347
466/652 [====================>.........] - ETA: 1:16 - loss: 0.4804 - mae: 0.8236 - mse: 0.8236 - ssim_metric: 0.1347
467/652 [====================>.........] - ETA: 1:16 - loss: 0.4804 - mae: 0.8236 - mse: 0.8235 - ssim_metric: 0.1348
468/652 [====================>.........] - ETA: 1:16 - loss: 0.4801 - mae: 0.8234 - mse: 0.8234 - ssim_metric: 0.1349
469/652 [====================>.........] - ETA: 1:15 - loss: 0.4799 - mae: 0.8232 - mse: 0.8232 - ssim_metric: 0.1350
470/652 [====================>.........] - ETA: 1:15 - loss: 0.4802 - mae: 0.8234 - mse: 0.8234 - ssim_metric: 0.1349
471/652 [====================>.........] - ETA: 1:14 - loss: 0.4804 - mae: 0.8235 - mse: 0.8235 - ssim_metric: 0.1348
472/652 [====================>.........] - ETA: 1:14 - loss: 0.4808 - mae: 0.8237 - mse: 0.8237 - ssim_metric: 0.1346
473/652 [====================>.........] - ETA: 1:14 - loss: 0.4811 - mae: 0.8239 - mse: 0.8239 - ssim_metric: 0.1345
474/652 [====================>.........] - ETA: 1:13 - loss: 0.4810 - mae: 0.8239 - mse: 0.8239 - ssim_metric: 0.1345
475/652 [====================>.........] - ETA: 1:13 - loss: 0.4807 - mae: 0.8236 - mse: 0.8236 - ssim_metric: 0.1348
476/652 [====================>.........] - ETA: 1:12 - loss: 0.4810 - mae: 0.8238 - mse: 0.8238 - ssim_metric: 0.1346
477/652 [====================>.........] - ETA: 1:12 - loss: 0.4812 - mae: 0.8239 - mse: 0.8239 - ssim_metric: 0.1345
478/652 [====================>.........] - ETA: 1:11 - loss: 0.4815 - mae: 0.8241 - mse: 0.8241 - ssim_metric: 0.1344
479/652 [=====================>........] - ETA: 1:11 - loss: 0.4814 - mae: 0.8240 - mse: 0.8240 - ssim_metric: 0.1345
480/652 [=====================>........] - ETA: 1:11 - loss: 0.4814 - mae: 0.8240 - mse: 0.8240 - ssim_metric: 0.1345
481/652 [=====================>........] - ETA: 1:10 - loss: 0.4812 - mae: 0.8239 - mse: 0.8239 - ssim_metric: 0.1345
482/652 [=====================>........] - ETA: 1:10 - loss: 0.4813 - mae: 0.8240 - mse: 0.8239 - ssim_metric: 0.1345
483/652 [=====================>........] - ETA: 1:09 - loss: 0.4816 - mae: 0.8241 - mse: 0.8241 - ssim_metric: 0.1343
484/652 [=====================>........] - ETA: 1:09 - loss: 0.4818 - mae: 0.8242 - mse: 0.8242 - ssim_metric: 0.1342
485/652 [=====================>........] - ETA: 1:09 - loss: 0.4819 - mae: 0.8243 - mse: 0.8243 - ssim_metric: 0.1342
486/652 [=====================>........] - ETA: 1:08 - loss: 0.4819 - mae: 0.8243 - mse: 0.8243 - ssim_metric: 0.1342
487/652 [=====================>........] - ETA: 1:08 - loss: 0.4819 - mae: 0.8244 - mse: 0.8244 - ssim_metric: 0.1342
488/652 [=====================>........] - ETA: 1:07 - loss: 0.4817 - mae: 0.8242 - mse: 0.8242 - ssim_metric: 0.1343
489/652 [=====================>........] - ETA: 1:07 - loss: 0.4816 - mae: 0.8242 - mse: 0.8242 - ssim_metric: 0.1343
490/652 [=====================>........] - ETA: 1:07 - loss: 0.4816 - mae: 0.8242 - mse: 0.8242 - ssim_metric: 0.1343
491/652 [=====================>........] - ETA: 1:06 - loss: 0.4816 - mae: 0.8242 - mse: 0.8242 - ssim_metric: 0.1343
492/652 [=====================>........] - ETA: 1:06 - loss: 0.4817 - mae: 0.8243 - mse: 0.8243 - ssim_metric: 0.1342
493/652 [=====================>........] - ETA: 1:05 - loss: 0.4817 - mae: 0.8243 - mse: 0.8243 - ssim_metric: 0.1342
494/652 [=====================>........] - ETA: 1:05 - loss: 0.4817 - mae: 0.8243 - mse: 0.8243 - ssim_metric: 0.1342
495/652 [=====================>........] - ETA: 1:04 - loss: 0.4815 - mae: 0.8242 - mse: 0.8242 - ssim_metric: 0.1343
496/652 [=====================>........] - ETA: 1:04 - loss: 0.4814 - mae: 0.8241 - mse: 0.8241 - ssim_metric: 0.1344
497/652 [=====================>........] - ETA: 1:04 - loss: 0.4812 - mae: 0.8240 - mse: 0.8240 - ssim_metric: 0.1345
498/652 [=====================>........] - ETA: 1:03 - loss: 0.4810 - mae: 0.8239 - mse: 0.8239 - ssim_metric: 0.1346
499/652 [=====================>........] - ETA: 1:03 - loss: 0.4811 - mae: 0.8240 - mse: 0.8239 - ssim_metric: 0.1345
500/652 [======================>.......] - ETA: 1:02 - loss: 0.4811 - mae: 0.8239 - mse: 0.8239 - ssim_metric: 0.1345
501/652 [======================>.......] - ETA: 1:02 - loss: 0.4810 - mae: 0.8239 - mse: 0.8239 - ssim_metric: 0.1345
502/652 [======================>.......] - ETA: 1:02 - loss: 0.4810 - mae: 0.8240 - mse: 0.8239 - ssim_metric: 0.1345
503/652 [======================>.......] - ETA: 1:01 - loss: 0.4814 - mae: 0.8241 - mse: 0.8241 - ssim_metric: 0.1344
504/652 [======================>.......] - ETA: 1:01 - loss: 0.4817 - mae: 0.8243 - mse: 0.8243 - ssim_metric: 0.1342
505/652 [======================>.......] - ETA: 1:00 - loss: 0.4814 - mae: 0.8241 - mse: 0.8241 - ssim_metric: 0.1344
506/652 [======================>.......] - ETA: 1:00 - loss: 0.4813 - mae: 0.8240 - mse: 0.8240 - ssim_metric: 0.1345
507/652 [======================>.......] - ETA: 59s - loss: 0.4812 - mae: 0.8240 - mse: 0.8240 - ssim_metric: 0.1345 
508/652 [======================>.......] - ETA: 59s - loss: 0.4812 - mae: 0.8240 - mse: 0.8240 - ssim_metric: 0.1345
509/652 [======================>.......] - ETA: 59s - loss: 0.4814 - mae: 0.8241 - mse: 0.8241 - ssim_metric: 0.1344
510/652 [======================>.......] - ETA: 58s - loss: 0.4816 - mae: 0.8242 - mse: 0.8242 - ssim_metric: 0.1343
511/652 [======================>.......] - ETA: 58s - loss: 0.4816 - mae: 0.8243 - mse: 0.8243 - ssim_metric: 0.1342
512/652 [======================>.......] - ETA: 57s - loss: 0.4814 - mae: 0.8241 - mse: 0.8241 - ssim_metric: 0.1344
513/652 [======================>.......] - ETA: 57s - loss: 0.4813 - mae: 0.8240 - mse: 0.8240 - ssim_metric: 0.1344
514/652 [======================>.......] - ETA: 57s - loss: 0.4814 - mae: 0.8241 - mse: 0.8241 - ssim_metric: 0.1344
515/652 [======================>.......] - ETA: 56s - loss: 0.4812 - mae: 0.8239 - mse: 0.8239 - ssim_metric: 0.1345
516/652 [======================>.......] - ETA: 56s - loss: 0.4812 - mae: 0.8240 - mse: 0.8240 - ssim_metric: 0.1345
517/652 [======================>.......] - ETA: 55s - loss: 0.4811 - mae: 0.8239 - mse: 0.8239 - ssim_metric: 0.1345
518/652 [======================>.......] - ETA: 55s - loss: 0.4809 - mae: 0.8238 - mse: 0.8237 - ssim_metric: 0.1346
519/652 [======================>.......] - ETA: 55s - loss: 0.4809 - mae: 0.8238 - mse: 0.8238 - ssim_metric: 0.1346
520/652 [======================>.......] - ETA: 54s - loss: 0.4810 - mae: 0.8239 - mse: 0.8239 - ssim_metric: 0.1345
521/652 [======================>.......] - ETA: 54s - loss: 0.4812 - mae: 0.8240 - mse: 0.8240 - ssim_metric: 0.1345
522/652 [=======================>......] - ETA: 53s - loss: 0.4810 - mae: 0.8239 - mse: 0.8239 - ssim_metric: 0.1345
523/652 [=======================>......] - ETA: 53s - loss: 0.4813 - mae: 0.8241 - mse: 0.8240 - ssim_metric: 0.1344
524/652 [=======================>......] - ETA: 52s - loss: 0.4814 - mae: 0.8241 - mse: 0.8241 - ssim_metric: 0.1343
525/652 [=======================>......] - ETA: 52s - loss: 0.4811 - mae: 0.8238 - mse: 0.8238 - ssim_metric: 0.1346
526/652 [=======================>......] - ETA: 52s - loss: 0.4811 - mae: 0.8238 - mse: 0.8238 - ssim_metric: 0.1346
527/652 [=======================>......] - ETA: 51s - loss: 0.4811 - mae: 0.8239 - mse: 0.8239 - ssim_metric: 0.1346
528/652 [=======================>......] - ETA: 51s - loss: 0.4809 - mae: 0.8238 - mse: 0.8237 - ssim_metric: 0.1347
529/652 [=======================>......] - ETA: 50s - loss: 0.4809 - mae: 0.8238 - mse: 0.8238 - ssim_metric: 0.1347
530/652 [=======================>......] - ETA: 50s - loss: 0.4808 - mae: 0.8237 - mse: 0.8237 - ssim_metric: 0.1348
531/652 [=======================>......] - ETA: 50s - loss: 0.4807 - mae: 0.8237 - mse: 0.8237 - ssim_metric: 0.1348
532/652 [=======================>......] - ETA: 49s - loss: 0.4806 - mae: 0.8236 - mse: 0.8236 - ssim_metric: 0.1348
533/652 [=======================>......] - ETA: 49s - loss: 0.4805 - mae: 0.8235 - mse: 0.8235 - ssim_metric: 0.1349
534/652 [=======================>......] - ETA: 48s - loss: 0.4804 - mae: 0.8235 - mse: 0.8235 - ssim_metric: 0.1350
535/652 [=======================>......] - ETA: 48s - loss: 0.4803 - mae: 0.8234 - mse: 0.8234 - ssim_metric: 0.1350
536/652 [=======================>......] - ETA: 47s - loss: 0.4803 - mae: 0.8234 - mse: 0.8234 - ssim_metric: 0.1350
537/652 [=======================>......] - ETA: 47s - loss: 0.4804 - mae: 0.8235 - mse: 0.8235 - ssim_metric: 0.1349
538/652 [=======================>......] - ETA: 47s - loss: 0.4803 - mae: 0.8235 - mse: 0.8235 - ssim_metric: 0.1349
539/652 [=======================>......] - ETA: 46s - loss: 0.4802 - mae: 0.8234 - mse: 0.8234 - ssim_metric: 0.1350
540/652 [=======================>......] - ETA: 46s - loss: 0.4801 - mae: 0.8234 - mse: 0.8234 - ssim_metric: 0.1351
541/652 [=======================>......] - ETA: 45s - loss: 0.4802 - mae: 0.8234 - mse: 0.8234 - ssim_metric: 0.1350
542/652 [=======================>......] - ETA: 45s - loss: 0.4801 - mae: 0.8234 - mse: 0.8233 - ssim_metric: 0.1351
543/652 [=======================>......] - ETA: 45s - loss: 0.4801 - mae: 0.8234 - mse: 0.8234 - ssim_metric: 0.1350
544/652 [========================>.....] - ETA: 44s - loss: 0.4800 - mae: 0.8233 - mse: 0.8233 - ssim_metric: 0.1351
545/652 [========================>.....] - ETA: 44s - loss: 0.4800 - mae: 0.8233 - mse: 0.8233 - ssim_metric: 0.1351
546/652 [========================>.....] - ETA: 43s - loss: 0.4803 - mae: 0.8235 - mse: 0.8235 - ssim_metric: 0.1350
547/652 [========================>.....] - ETA: 43s - loss: 0.4802 - mae: 0.8234 - mse: 0.8234 - ssim_metric: 0.1350
548/652 [========================>.....] - ETA: 43s - loss: 0.4801 - mae: 0.8234 - mse: 0.8234 - ssim_metric: 0.1350
549/652 [========================>.....] - ETA: 42s - loss: 0.4801 - mae: 0.8234 - mse: 0.8234 - ssim_metric: 0.1351
550/652 [========================>.....] - ETA: 42s - loss: 0.4801 - mae: 0.8234 - mse: 0.8234 - ssim_metric: 0.1351
551/652 [========================>.....] - ETA: 41s - loss: 0.4799 - mae: 0.8233 - mse: 0.8233 - ssim_metric: 0.1352
552/652 [========================>.....] - ETA: 41s - loss: 0.4800 - mae: 0.8233 - mse: 0.8233 - ssim_metric: 0.1351
553/652 [========================>.....] - ETA: 40s - loss: 0.4799 - mae: 0.8233 - mse: 0.8233 - ssim_metric: 0.1352
554/652 [========================>.....] - ETA: 40s - loss: 0.4797 - mae: 0.8232 - mse: 0.8231 - ssim_metric: 0.1353
555/652 [========================>.....] - ETA: 40s - loss: 0.4800 - mae: 0.8233 - mse: 0.8233 - ssim_metric: 0.1352
556/652 [========================>.....] - ETA: 39s - loss: 0.4798 - mae: 0.8232 - mse: 0.8232 - ssim_metric: 0.1353
557/652 [========================>.....] - ETA: 39s - loss: 0.4799 - mae: 0.8233 - mse: 0.8233 - ssim_metric: 0.1352
558/652 [========================>.....] - ETA: 38s - loss: 0.4799 - mae: 0.8233 - mse: 0.8233 - ssim_metric: 0.1352
559/652 [========================>.....] - ETA: 38s - loss: 0.4800 - mae: 0.8233 - mse: 0.8233 - ssim_metric: 0.1352
560/652 [========================>.....] - ETA: 38s - loss: 0.4799 - mae: 0.8233 - mse: 0.8233 - ssim_metric: 0.1352
561/652 [========================>.....] - ETA: 37s - loss: 0.4798 - mae: 0.8232 - mse: 0.8232 - ssim_metric: 0.1352
562/652 [========================>.....] - ETA: 37s - loss: 0.4797 - mae: 0.8232 - mse: 0.8232 - ssim_metric: 0.1353
563/652 [========================>.....] - ETA: 36s - loss: 0.4795 - mae: 0.8230 - mse: 0.8230 - ssim_metric: 0.1355
564/652 [========================>.....] - ETA: 36s - loss: 0.4797 - mae: 0.8231 - mse: 0.8231 - ssim_metric: 0.1354
565/652 [========================>.....] - ETA: 35s - loss: 0.4799 - mae: 0.8233 - mse: 0.8233 - ssim_metric: 0.1352
566/652 [=========================>....] - ETA: 35s - loss: 0.4796 - mae: 0.8230 - mse: 0.8230 - ssim_metric: 0.1355
567/652 [=========================>....] - ETA: 35s - loss: 0.4796 - mae: 0.8230 - mse: 0.8230 - ssim_metric: 0.1355
568/652 [=========================>....] - ETA: 34s - loss: 0.4797 - mae: 0.8231 - mse: 0.8231 - ssim_metric: 0.1354
569/652 [=========================>....] - ETA: 34s - loss: 0.4795 - mae: 0.8229 - mse: 0.8229 - ssim_metric: 0.1356
570/652 [=========================>....] - ETA: 33s - loss: 0.4794 - mae: 0.8229 - mse: 0.8229 - ssim_metric: 0.1356
571/652 [=========================>....] - ETA: 33s - loss: 0.4796 - mae: 0.8230 - mse: 0.8230 - ssim_metric: 0.1355
572/652 [=========================>....] - ETA: 33s - loss: 0.4794 - mae: 0.8229 - mse: 0.8229 - ssim_metric: 0.1356
573/652 [=========================>....] - ETA: 32s - loss: 0.4793 - mae: 0.8229 - mse: 0.8229 - ssim_metric: 0.1357
574/652 [=========================>....] - ETA: 32s - loss: 0.4791 - mae: 0.8227 - mse: 0.8227 - ssim_metric: 0.1358
575/652 [=========================>....] - ETA: 31s - loss: 0.4789 - mae: 0.8225 - mse: 0.8225 - ssim_metric: 0.1360
576/652 [=========================>....] - ETA: 31s - loss: 0.4788 - mae: 0.8225 - mse: 0.8225 - ssim_metric: 0.1360
577/652 [=========================>....] - ETA: 31s - loss: 0.4791 - mae: 0.8226 - mse: 0.8226 - ssim_metric: 0.1359
578/652 [=========================>....] - ETA: 30s - loss: 0.4789 - mae: 0.8225 - mse: 0.8224 - ssim_metric: 0.1361
579/652 [=========================>....] - ETA: 30s - loss: 0.4791 - mae: 0.8226 - mse: 0.8226 - ssim_metric: 0.1360
580/652 [=========================>....] - ETA: 29s - loss: 0.4788 - mae: 0.8224 - mse: 0.8223 - ssim_metric: 0.1362
581/652 [=========================>....] - ETA: 29s - loss: 0.4789 - mae: 0.8224 - mse: 0.8224 - ssim_metric: 0.1362
582/652 [=========================>....] - ETA: 28s - loss: 0.4787 - mae: 0.8223 - mse: 0.8223 - ssim_metric: 0.1363
583/652 [=========================>....] - ETA: 28s - loss: 0.4789 - mae: 0.8224 - mse: 0.8224 - ssim_metric: 0.1362
584/652 [=========================>....] - ETA: 28s - loss: 0.4791 - mae: 0.8225 - mse: 0.8225 - ssim_metric: 0.1361
585/652 [=========================>....] - ETA: 27s - loss: 0.4791 - mae: 0.8225 - mse: 0.8225 - ssim_metric: 0.1361
586/652 [=========================>....] - ETA: 27s - loss: 0.4791 - mae: 0.8226 - mse: 0.8225 - ssim_metric: 0.1361
587/652 [==========================>...] - ETA: 26s - loss: 0.4790 - mae: 0.8225 - mse: 0.8225 - ssim_metric: 0.1361
588/652 [==========================>...] - ETA: 26s - loss: 0.4789 - mae: 0.8224 - mse: 0.8224 - ssim_metric: 0.1362
589/652 [==========================>...] - ETA: 26s - loss: 0.4790 - mae: 0.8225 - mse: 0.8225 - ssim_metric: 0.1361
590/652 [==========================>...] - ETA: 25s - loss: 0.4789 - mae: 0.8224 - mse: 0.8224 - ssim_metric: 0.1361
591/652 [==========================>...] - ETA: 25s - loss: 0.4788 - mae: 0.8224 - mse: 0.8224 - ssim_metric: 0.1361
592/652 [==========================>...] - ETA: 24s - loss: 0.4789 - mae: 0.8225 - mse: 0.8225 - ssim_metric: 0.1361
593/652 [==========================>...] - ETA: 24s - loss: 0.4788 - mae: 0.8224 - mse: 0.8224 - ssim_metric: 0.1362
594/652 [==========================>...] - ETA: 23s - loss: 0.4788 - mae: 0.8224 - mse: 0.8224 - ssim_metric: 0.1362
595/652 [==========================>...] - ETA: 23s - loss: 0.4790 - mae: 0.8225 - mse: 0.8225 - ssim_metric: 0.1361
596/652 [==========================>...] - ETA: 23s - loss: 0.4793 - mae: 0.8227 - mse: 0.8227 - ssim_metric: 0.1359
597/652 [==========================>...] - ETA: 22s - loss: 0.4793 - mae: 0.8227 - mse: 0.8227 - ssim_metric: 0.1359
598/652 [==========================>...] - ETA: 22s - loss: 0.4794 - mae: 0.8228 - mse: 0.8228 - ssim_metric: 0.1358
599/652 [==========================>...] - ETA: 21s - loss: 0.4794 - mae: 0.8228 - mse: 0.8228 - ssim_metric: 0.1358
600/652 [==========================>...] - ETA: 21s - loss: 0.4793 - mae: 0.8227 - mse: 0.8227 - ssim_metric: 0.1359
601/652 [==========================>...] - ETA: 21s - loss: 0.4795 - mae: 0.8228 - mse: 0.8228 - ssim_metric: 0.1358
602/652 [==========================>...] - ETA: 20s - loss: 0.4796 - mae: 0.8229 - mse: 0.8229 - ssim_metric: 0.1357
603/652 [==========================>...] - ETA: 20s - loss: 0.4794 - mae: 0.8228 - mse: 0.8227 - ssim_metric: 0.1358
604/652 [==========================>...] - ETA: 19s - loss: 0.4793 - mae: 0.8227 - mse: 0.8227 - ssim_metric: 0.1359
605/652 [==========================>...] - ETA: 19s - loss: 0.4792 - mae: 0.8226 - mse: 0.8226 - ssim_metric: 0.1359
606/652 [==========================>...] - ETA: 19s - loss: 0.4792 - mae: 0.8227 - mse: 0.8227 - ssim_metric: 0.1359
607/652 [==========================>...] - ETA: 18s - loss: 0.4792 - mae: 0.8227 - mse: 0.8227 - ssim_metric: 0.1358
608/652 [==========================>...] - ETA: 18s - loss: 0.4792 - mae: 0.8226 - mse: 0.8226 - ssim_metric: 0.1359
609/652 [===========================>..] - ETA: 17s - loss: 0.4791 - mae: 0.8226 - mse: 0.8226 - ssim_metric: 0.1359
610/652 [===========================>..] - ETA: 17s - loss: 0.4790 - mae: 0.8226 - mse: 0.8226 - ssim_metric: 0.1359
611/652 [===========================>..] - ETA: 16s - loss: 0.4790 - mae: 0.8226 - mse: 0.8226 - ssim_metric: 0.1359
612/652 [===========================>..] - ETA: 16s - loss: 0.4789 - mae: 0.8225 - mse: 0.8225 - ssim_metric: 0.1359
613/652 [===========================>..] - ETA: 16s - loss: 0.4789 - mae: 0.8225 - mse: 0.8225 - ssim_metric: 0.1359
614/652 [===========================>..] - ETA: 15s - loss: 0.4787 - mae: 0.8224 - mse: 0.8224 - ssim_metric: 0.1361
615/652 [===========================>..] - ETA: 15s - loss: 0.4787 - mae: 0.8224 - mse: 0.8224 - ssim_metric: 0.1360
616/652 [===========================>..] - ETA: 14s - loss: 0.4789 - mae: 0.8225 - mse: 0.8225 - ssim_metric: 0.1360
617/652 [===========================>..] - ETA: 14s - loss: 0.4790 - mae: 0.8226 - mse: 0.8225 - ssim_metric: 0.1359
618/652 [===========================>..] - ETA: 14s - loss: 0.4789 - mae: 0.8225 - mse: 0.8225 - ssim_metric: 0.1359
619/652 [===========================>..] - ETA: 13s - loss: 0.4787 - mae: 0.8224 - mse: 0.8224 - ssim_metric: 0.1361
620/652 [===========================>..] - ETA: 13s - loss: 0.4788 - mae: 0.8225 - mse: 0.8225 - ssim_metric: 0.1360
621/652 [===========================>..] - ETA: 12s - loss: 0.4791 - mae: 0.8226 - mse: 0.8226 - ssim_metric: 0.1359
622/652 [===========================>..] - ETA: 12s - loss: 0.4790 - mae: 0.8226 - mse: 0.8226 - ssim_metric: 0.1359
623/652 [===========================>..] - ETA: 11s - loss: 0.4792 - mae: 0.8227 - mse: 0.8227 - ssim_metric: 0.1358
624/652 [===========================>..] - ETA: 11s - loss: 0.4791 - mae: 0.8226 - mse: 0.8226 - ssim_metric: 0.1359
625/652 [===========================>..] - ETA: 11s - loss: 0.4790 - mae: 0.8225 - mse: 0.8225 - ssim_metric: 0.1359
626/652 [===========================>..] - ETA: 10s - loss: 0.4789 - mae: 0.8225 - mse: 0.8225 - ssim_metric: 0.1359
627/652 [===========================>..] - ETA: 10s - loss: 0.4788 - mae: 0.8224 - mse: 0.8224 - ssim_metric: 0.1361
628/652 [===========================>..] - ETA: 9s - loss: 0.4789 - mae: 0.8225 - mse: 0.8224 - ssim_metric: 0.1360 
629/652 [===========================>..] - ETA: 9s - loss: 0.4787 - mae: 0.8224 - mse: 0.8224 - ssim_metric: 0.1361
630/652 [===========================>..] - ETA: 9s - loss: 0.4786 - mae: 0.8223 - mse: 0.8223 - ssim_metric: 0.1361
631/652 [============================>.] - ETA: 8s - loss: 0.4786 - mae: 0.8223 - mse: 0.8223 - ssim_metric: 0.1361
632/652 [============================>.] - ETA: 8s - loss: 0.4787 - mae: 0.8223 - mse: 0.8223 - ssim_metric: 0.1361
633/652 [============================>.] - ETA: 7s - loss: 0.4786 - mae: 0.8223 - mse: 0.8223 - ssim_metric: 0.1361
634/652 [============================>.] - ETA: 7s - loss: 0.4787 - mae: 0.8224 - mse: 0.8224 - ssim_metric: 0.1361
635/652 [============================>.] - ETA: 7s - loss: 0.4787 - mae: 0.8224 - mse: 0.8224 - ssim_metric: 0.1360
636/652 [============================>.] - ETA: 6s - loss: 0.4787 - mae: 0.8225 - mse: 0.8224 - ssim_metric: 0.1360
637/652 [============================>.] - ETA: 6s - loss: 0.4786 - mae: 0.8224 - mse: 0.8224 - ssim_metric: 0.1361
638/652 [============================>.] - ETA: 5s - loss: 0.4784 - mae: 0.8222 - mse: 0.8221 - ssim_metric: 0.1363
639/652 [============================>.] - ETA: 5s - loss: 0.4782 - mae: 0.8220 - mse: 0.8220 - ssim_metric: 0.1364
640/652 [============================>.] - ETA: 4s - loss: 0.4783 - mae: 0.8221 - mse: 0.8221 - ssim_metric: 0.1363
641/652 [============================>.] - ETA: 4s - loss: 0.4783 - mae: 0.8221 - mse: 0.8221 - ssim_metric: 0.1363
642/652 [============================>.] - ETA: 4s - loss: 0.4782 - mae: 0.8220 - mse: 0.8220 - ssim_metric: 0.1364
643/652 [============================>.] - ETA: 3s - loss: 0.4784 - mae: 0.8222 - mse: 0.8221 - ssim_metric: 0.1363
644/652 [============================>.] - ETA: 3s - loss: 0.4784 - mae: 0.8222 - mse: 0.8222 - ssim_metric: 0.1362
645/652 [============================>.] - ETA: 2s - loss: 0.4785 - mae: 0.8222 - mse: 0.8222 - ssim_metric: 0.1362
646/652 [============================>.] - ETA: 2s - loss: 0.4785 - mae: 0.8222 - mse: 0.8222 - ssim_metric: 0.1362
647/652 [============================>.] - ETA: 2s - loss: 0.4785 - mae: 0.8223 - mse: 0.8222 - ssim_metric: 0.1362
648/652 [============================>.] - ETA: 1s - loss: 0.4782 - mae: 0.8220 - mse: 0.8220 - ssim_metric: 0.1364
649/652 [============================>.] - ETA: 1s - loss: 0.4781 - mae: 0.8219 - mse: 0.8219 - ssim_metric: 0.1365
650/652 [============================>.] - ETA: 0s - loss: 0.4782 - mae: 0.8220 - mse: 0.8220 - ssim_metric: 0.1364
651/652 [============================>.] - ETA: 0s - loss: 0.4781 - mae: 0.8219 - mse: 0.8219 - ssim_metric: 0.1365
652/652 [==============================] - ETA: 0s - loss: 0.4781 - mae: 0.8220 - mse: 0.8220 - ssim_metric: 0.1364
Epoch 3: saving model to C:\d_surucusu\visual_navigation\benchmark\models_pipeline\_lr_batch_probe\lr1e-3_b8\_JOB_lr1e-3_b8_05_09_2026__17_07_model_f48_k4_epoch_00003_helu_osigmoid_(1, 1)_.h5

Epoch 3: val_loss improved from 0.51466 to 0.51466, saving model to C:\d_surucusu\visual_navigation\benchmark\models_pipeline\_lr_batch_probe\lr1e-3_b8\_JOB_lr1e-3_b8_05_09_2026__17_07_best_val_loss_model_f48_k4.h5

Epoch 3: val_mae did not improve from 0.84426

Epoch 3: val_ssim_metric did not improve from 0.11815

652/652 [==============================] - 286s 439ms/step - loss: 0.4781 - mae: 0.8220 - mse: 0.8220 - ssim_metric: 0.1364 - val_loss: 0.5147 - val_mae: 0.8443 - val_mse: 0.8442 - val_ssim_metric: 0.1181
Epoch 4/6

  1/652 [..............................] - ETA: 4:49 - loss: 0.4563 - mae: 0.8153 - mse: 0.8153 - ssim_metric: 0.1406
  2/652 [..............................] - ETA: 4:29 - loss: 0.4200 - mae: 0.7851 - mse: 0.7851 - ssim_metric: 0.1672
  3/652 [..............................] - ETA: 4:28 - loss: 0.4649 - mae: 0.8152 - mse: 0.8152 - ssim_metric: 0.1433
  4/652 [..............................] - ETA: 4:27 - loss: 0.4409 - mae: 0.7964 - mse: 0.7964 - ssim_metric: 0.1593
  5/652 [..............................] - ETA: 4:27 - loss: 0.4255 - mae: 0.7839 - mse: 0.7839 - ssim_metric: 0.1685
  6/652 [..............................] - ETA: 4:27 - loss: 0.4267 - mae: 0.7863 - mse: 0.7863 - ssim_metric: 0.1666
  7/652 [..............................] - ETA: 4:26 - loss: 0.4246 - mae: 0.7858 - mse: 0.7858 - ssim_metric: 0.1689
  8/652 [..............................] - ETA: 4:26 - loss: 0.4249 - mae: 0.7869 - mse: 0.7869 - ssim_metric: 0.1691
  9/652 [..............................] - ETA: 4:26 - loss: 0.4178 - mae: 0.7810 - mse: 0.7810 - ssim_metric: 0.1749
 10/652 [..............................] - ETA: 4:25 - loss: 0.4481 - mae: 0.7969 - mse: 0.7969 - ssim_metric: 0.1610
 11/652 [..............................] - ETA: 4:25 - loss: 0.4513 - mae: 0.8002 - mse: 0.8002 - ssim_metric: 0.1576
 12/652 [..............................] - ETA: 4:24 - loss: 0.4500 - mae: 0.8001 - mse: 0.8001 - ssim_metric: 0.1570
 13/652 [..............................] - ETA: 4:24 - loss: 0.4562 - mae: 0.8049 - mse: 0.8049 - ssim_metric: 0.1528
 14/652 [..............................] - ETA: 4:23 - loss: 0.4539 - mae: 0.8038 - mse: 0.8038 - ssim_metric: 0.1534
 15/652 [..............................] - ETA: 4:23 - loss: 0.4580 - mae: 0.8071 - mse: 0.8071 - ssim_metric: 0.1501
 16/652 [..............................] - ETA: 4:23 - loss: 0.4653 - mae: 0.8119 - mse: 0.8119 - ssim_metric: 0.1459
 17/652 [..............................] - ETA: 4:22 - loss: 0.4755 - mae: 0.8178 - mse: 0.8178 - ssim_metric: 0.1414
 18/652 [..............................] - ETA: 4:22 - loss: 0.4786 - mae: 0.8203 - mse: 0.8203 - ssim_metric: 0.1388
 19/652 [..............................] - ETA: 4:21 - loss: 0.4840 - mae: 0.8238 - mse: 0.8238 - ssim_metric: 0.1356
 20/652 [..............................] - ETA: 4:21 - loss: 0.4819 - mae: 0.8229 - mse: 0.8229 - ssim_metric: 0.1366
 21/652 [..............................] - ETA: 4:21 - loss: 0.4770 - mae: 0.8195 - mse: 0.8195 - ssim_metric: 0.1395
 22/652 [>.............................] - ETA: 4:20 - loss: 0.4752 - mae: 0.8187 - mse: 0.8187 - ssim_metric: 0.1403
 23/652 [>.............................] - ETA: 4:20 - loss: 0.4805 - mae: 0.8220 - mse: 0.8220 - ssim_metric: 0.1375
 24/652 [>.............................] - ETA: 4:19 - loss: 0.4754 - mae: 0.8180 - mse: 0.8180 - ssim_metric: 0.1403
 25/652 [>.............................] - ETA: 4:19 - loss: 0.4726 - mae: 0.8162 - mse: 0.8162 - ssim_metric: 0.1417
 26/652 [>.............................] - ETA: 4:19 - loss: 0.4706 - mae: 0.8152 - mse: 0.8152 - ssim_metric: 0.1427
 27/652 [>.............................] - ETA: 4:18 - loss: 0.4660 - mae: 0.8115 - mse: 0.8115 - ssim_metric: 0.1458
 28/652 [>.............................] - ETA: 4:18 - loss: 0.4641 - mae: 0.8105 - mse: 0.8105 - ssim_metric: 0.1468
 29/652 [>.............................] - ETA: 4:17 - loss: 0.4699 - mae: 0.8139 - mse: 0.8139 - ssim_metric: 0.1440
 30/652 [>.............................] - ETA: 4:17 - loss: 0.4738 - mae: 0.8165 - mse: 0.8164 - ssim_metric: 0.1418
 31/652 [>.............................] - ETA: 4:17 - loss: 0.4710 - mae: 0.8147 - mse: 0.8147 - ssim_metric: 0.1439
 32/652 [>.............................] - ETA: 4:16 - loss: 0.4698 - mae: 0.8141 - mse: 0.8141 - ssim_metric: 0.1441
 33/652 [>.............................] - ETA: 4:16 - loss: 0.4744 - mae: 0.8169 - mse: 0.8168 - ssim_metric: 0.1419
 34/652 [>.............................] - ETA: 4:15 - loss: 0.4721 - mae: 0.8154 - mse: 0.8154 - ssim_metric: 0.1430
 35/652 [>.............................] - ETA: 4:15 - loss: 0.4687 - mae: 0.8128 - mse: 0.8128 - ssim_metric: 0.1452
 36/652 [>.............................] - ETA: 4:14 - loss: 0.4687 - mae: 0.8131 - mse: 0.8131 - ssim_metric: 0.1447
 37/652 [>.............................] - ETA: 4:14 - loss: 0.4687 - mae: 0.8133 - mse: 0.8133 - ssim_metric: 0.1446
 38/652 [>.............................] - ETA: 4:14 - loss: 0.4676 - mae: 0.8128 - mse: 0.8128 - ssim_metric: 0.1449
 39/652 [>.............................] - ETA: 4:13 - loss: 0.4710 - mae: 0.8149 - mse: 0.8149 - ssim_metric: 0.1430
 40/652 [>.............................] - ETA: 4:13 - loss: 0.4746 - mae: 0.8171 - mse: 0.8171 - ssim_metric: 0.1409
 41/652 [>.............................] - ETA: 4:12 - loss: 0.4768 - mae: 0.8187 - mse: 0.8186 - ssim_metric: 0.1395
 42/652 [>.............................] - ETA: 4:12 - loss: 0.4790 - mae: 0.8202 - mse: 0.8201 - ssim_metric: 0.1383
 43/652 [>.............................] - ETA: 4:11 - loss: 0.4827 - mae: 0.8222 - mse: 0.8222 - ssim_metric: 0.1365
 44/652 [=>............................] - ETA: 4:11 - loss: 0.4823 - mae: 0.8222 - mse: 0.8222 - ssim_metric: 0.1365
 45/652 [=>............................] - ETA: 4:11 - loss: 0.4844 - mae: 0.8237 - mse: 0.8237 - ssim_metric: 0.1355
 46/652 [=>............................] - ETA: 4:10 - loss: 0.4853 - mae: 0.8245 - mse: 0.8245 - ssim_metric: 0.1352
 47/652 [=>............................] - ETA: 4:10 - loss: 0.4867 - mae: 0.8255 - mse: 0.8255 - ssim_metric: 0.1342
 48/652 [=>............................] - ETA: 4:09 - loss: 0.4858 - mae: 0.8251 - mse: 0.8251 - ssim_metric: 0.1344
 49/652 [=>............................] - ETA: 4:09 - loss: 0.4835 - mae: 0.8234 - mse: 0.8233 - ssim_metric: 0.1358
 50/652 [=>............................] - ETA: 4:09 - loss: 0.4822 - mae: 0.8226 - mse: 0.8226 - ssim_metric: 0.1360
 51/652 [=>............................] - ETA: 4:08 - loss: 0.4805 - mae: 0.8215 - mse: 0.8215 - ssim_metric: 0.1370
 52/652 [=>............................] - ETA: 4:08 - loss: 0.4807 - mae: 0.8218 - mse: 0.8218 - ssim_metric: 0.1367
 53/652 [=>............................] - ETA: 4:07 - loss: 0.4798 - mae: 0.8213 - mse: 0.8213 - ssim_metric: 0.1369
 54/652 [=>............................] - ETA: 4:07 - loss: 0.4811 - mae: 0.8223 - mse: 0.8223 - ssim_metric: 0.1361
 55/652 [=>............................] - ETA: 4:07 - loss: 0.4813 - mae: 0.8226 - mse: 0.8226 - ssim_metric: 0.1358
 56/652 [=>............................] - ETA: 4:06 - loss: 0.4802 - mae: 0.8220 - mse: 0.8219 - ssim_metric: 0.1365
 57/652 [=>............................] - ETA: 4:06 - loss: 0.4798 - mae: 0.8219 - mse: 0.8219 - ssim_metric: 0.1365
 58/652 [=>............................] - ETA: 4:05 - loss: 0.4801 - mae: 0.8222 - mse: 0.8222 - ssim_metric: 0.1360
 59/652 [=>............................] - ETA: 4:05 - loss: 0.4802 - mae: 0.8224 - mse: 0.8224 - ssim_metric: 0.1357
 60/652 [=>............................] - ETA: 4:05 - loss: 0.4790 - mae: 0.8217 - mse: 0.8217 - ssim_metric: 0.1365
 61/652 [=>............................] - ETA: 4:04 - loss: 0.4787 - mae: 0.8216 - mse: 0.8216 - ssim_metric: 0.1364
 62/652 [=>............................] - ETA: 4:04 - loss: 0.4785 - mae: 0.8216 - mse: 0.8216 - ssim_metric: 0.1363
 63/652 [=>............................] - ETA: 4:03 - loss: 0.4771 - mae: 0.8207 - mse: 0.8206 - ssim_metric: 0.1372
 64/652 [=>............................] - ETA: 4:03 - loss: 0.4754 - mae: 0.8194 - mse: 0.8194 - ssim_metric: 0.1383
 65/652 [=>............................] - ETA: 4:02 - loss: 0.4786 - mae: 0.8211 - mse: 0.8211 - ssim_metric: 0.1370
 66/652 [==>...........................] - ETA: 4:02 - loss: 0.4801 - mae: 0.8221 - mse: 0.8220 - ssim_metric: 0.1362
 67/652 [==>...........................] - ETA: 4:02 - loss: 0.4787 - mae: 0.8211 - mse: 0.8211 - ssim_metric: 0.1368
 68/652 [==>...........................] - ETA: 4:01 - loss: 0.4785 - mae: 0.8211 - mse: 0.8211 - ssim_metric: 0.1368
 69/652 [==>...........................] - ETA: 4:01 - loss: 0.4784 - mae: 0.8212 - mse: 0.8211 - ssim_metric: 0.1368
 70/652 [==>...........................] - ETA: 4:00 - loss: 0.4806 - mae: 0.8224 - mse: 0.8224 - ssim_metric: 0.1357
 71/652 [==>...........................] - ETA: 4:00 - loss: 0.4809 - mae: 0.8228 - mse: 0.8228 - ssim_metric: 0.1354
 72/652 [==>...........................] - ETA: 4:00 - loss: 0.4800 - mae: 0.8222 - mse: 0.8221 - ssim_metric: 0.1358
 73/652 [==>...........................] - ETA: 3:59 - loss: 0.4816 - mae: 0.8232 - mse: 0.8232 - ssim_metric: 0.1350
 74/652 [==>...........................] - ETA: 3:59 - loss: 0.4824 - mae: 0.8238 - mse: 0.8237 - ssim_metric: 0.1345
 75/652 [==>...........................] - ETA: 3:58 - loss: 0.4830 - mae: 0.8242 - mse: 0.8242 - ssim_metric: 0.1340
 76/652 [==>...........................] - ETA: 3:58 - loss: 0.4837 - mae: 0.8248 - mse: 0.8248 - ssim_metric: 0.1336
 77/652 [==>...........................] - ETA: 3:57 - loss: 0.4833 - mae: 0.8246 - mse: 0.8246 - ssim_metric: 0.1338
 78/652 [==>...........................] - ETA: 3:57 - loss: 0.4837 - mae: 0.8250 - mse: 0.8250 - ssim_metric: 0.1334
 79/652 [==>...........................] - ETA: 3:57 - loss: 0.4850 - mae: 0.8258 - mse: 0.8258 - ssim_metric: 0.1327
 80/652 [==>...........................] - ETA: 3:56 - loss: 0.4849 - mae: 0.8259 - mse: 0.8258 - ssim_metric: 0.1326
 81/652 [==>...........................] - ETA: 3:56 - loss: 0.4859 - mae: 0.8265 - mse: 0.8265 - ssim_metric: 0.1320
 82/652 [==>...........................] - ETA: 3:55 - loss: 0.4858 - mae: 0.8266 - mse: 0.8266 - ssim_metric: 0.1320
 83/652 [==>...........................] - ETA: 3:55 - loss: 0.4882 - mae: 0.8278 - mse: 0.8278 - ssim_metric: 0.1309
 84/652 [==>...........................] - ETA: 3:55 - loss: 0.4901 - mae: 0.8288 - mse: 0.8288 - ssim_metric: 0.1301
 85/652 [==>...........................] - ETA: 3:54 - loss: 0.4895 - mae: 0.8286 - mse: 0.8286 - ssim_metric: 0.1304
 86/652 [==>...........................] - ETA: 3:54 - loss: 0.4903 - mae: 0.8291 - mse: 0.8291 - ssim_metric: 0.1299
 87/652 [===>..........................] - ETA: 3:53 - loss: 0.4902 - mae: 0.8292 - mse: 0.8291 - ssim_metric: 0.1297
 88/652 [===>..........................] - ETA: 3:53 - loss: 0.4890 - mae: 0.8283 - mse: 0.8283 - ssim_metric: 0.1304
 89/652 [===>..........................] - ETA: 3:52 - loss: 0.4885 - mae: 0.8281 - mse: 0.8281 - ssim_metric: 0.1306
 90/652 [===>..........................] - ETA: 3:52 - loss: 0.4866 - mae: 0.8264 - mse: 0.8264 - ssim_metric: 0.1319
 91/652 [===>..........................] - ETA: 3:52 - loss: 0.4867 - mae: 0.8266 - mse: 0.8266 - ssim_metric: 0.1318
 92/652 [===>..........................] - ETA: 3:51 - loss: 0.4860 - mae: 0.8262 - mse: 0.8262 - ssim_metric: 0.1321
 93/652 [===>..........................] - ETA: 3:51 - loss: 0.4854 - mae: 0.8259 - mse: 0.8258 - ssim_metric: 0.1323
 94/652 [===>..........................] - ETA: 3:50 - loss: 0.4873 - mae: 0.8269 - mse: 0.8268 - ssim_metric: 0.1315
 95/652 [===>..........................] - ETA: 3:50 - loss: 0.4884 - mae: 0.8276 - mse: 0.8276 - ssim_metric: 0.1309
 96/652 [===>..........................] - ETA: 3:50 - loss: 0.4908 - mae: 0.8287 - mse: 0.8287 - ssim_metric: 0.1299
 97/652 [===>..........................] - ETA: 3:49 - loss: 0.4893 - mae: 0.8275 - mse: 0.8275 - ssim_metric: 0.1311
 98/652 [===>..........................] - ETA: 3:49 - loss: 0.4888 - mae: 0.8273 - mse: 0.8273 - ssim_metric: 0.1312
 99/652 [===>..........................] - ETA: 3:48 - loss: 0.4900 - mae: 0.8280 - mse: 0.8280 - ssim_metric: 0.1306
100/652 [===>..........................] - ETA: 3:48 - loss: 0.4892 - mae: 0.8276 - mse: 0.8275 - ssim_metric: 0.1311
101/652 [===>..........................] - ETA: 3:48 - loss: 0.4911 - mae: 0.8285 - mse: 0.8285 - ssim_metric: 0.1303
102/652 [===>..........................] - ETA: 3:47 - loss: 0.4910 - mae: 0.8285 - mse: 0.8285 - ssim_metric: 0.1302
103/652 [===>..........................] - ETA: 3:47 - loss: 0.4899 - mae: 0.8278 - mse: 0.8278 - ssim_metric: 0.1309
104/652 [===>..........................] - ETA: 3:46 - loss: 0.4906 - mae: 0.8283 - mse: 0.8283 - ssim_metric: 0.1305
105/652 [===>..........................] - ETA: 3:46 - loss: 0.4924 - mae: 0.8292 - mse: 0.8292 - ssim_metric: 0.1297
106/652 [===>..........................] - ETA: 3:45 - loss: 0.4914 - mae: 0.8285 - mse: 0.8285 - ssim_metric: 0.1302
107/652 [===>..........................] - ETA: 3:45 - loss: 0.4902 - mae: 0.8278 - mse: 0.8277 - ssim_metric: 0.1312
108/652 [===>..........................] - ETA: 3:45 - loss: 0.4910 - mae: 0.8283 - mse: 0.8283 - ssim_metric: 0.1307
109/652 [====>.........................] - ETA: 3:44 - loss: 0.4906 - mae: 0.8281 - mse: 0.8281 - ssim_metric: 0.1309
110/652 [====>.........................] - ETA: 3:44 - loss: 0.4905 - mae: 0.8282 - mse: 0.8281 - ssim_metric: 0.1308
111/652 [====>.........................] - ETA: 3:43 - loss: 0.4898 - mae: 0.8277 - mse: 0.8277 - ssim_metric: 0.1312
112/652 [====>.........................] - ETA: 3:43 - loss: 0.4906 - mae: 0.8282 - mse: 0.8282 - ssim_metric: 0.1307
113/652 [====>.........................] - ETA: 3:43 - loss: 0.4909 - mae: 0.8285 - mse: 0.8285 - ssim_metric: 0.1304
114/652 [====>.........................] - ETA: 3:42 - loss: 0.4915 - mae: 0.8289 - mse: 0.8288 - ssim_metric: 0.1300
115/652 [====>.........................] - ETA: 3:42 - loss: 0.4902 - mae: 0.8279 - mse: 0.8278 - ssim_metric: 0.1308
116/652 [====>.........................] - ETA: 3:41 - loss: 0.4899 - mae: 0.8277 - mse: 0.8277 - ssim_metric: 0.1309
117/652 [====>.........................] - ETA: 3:41 - loss: 0.4894 - mae: 0.8275 - mse: 0.8275 - ssim_metric: 0.1311
118/652 [====>.........................] - ETA: 3:40 - loss: 0.4895 - mae: 0.8277 - mse: 0.8276 - ssim_metric: 0.1309
119/652 [====>.........................] - ETA: 3:40 - loss: 0.4885 - mae: 0.8269 - mse: 0.8269 - ssim_metric: 0.1315
120/652 [====>.........................] - ETA: 3:40 - loss: 0.4880 - mae: 0.8267 - mse: 0.8266 - ssim_metric: 0.1318
121/652 [====>.........................] - ETA: 3:39 - loss: 0.4886 - mae: 0.8271 - mse: 0.8270 - ssim_metric: 0.1315
122/652 [====>.........................] - ETA: 3:39 - loss: 0.4896 - mae: 0.8277 - mse: 0.8276 - ssim_metric: 0.1310
123/652 [====>.........................] - ETA: 3:38 - loss: 0.4902 - mae: 0.8281 - mse: 0.8281 - ssim_metric: 0.1306
124/652 [====>.........................] - ETA: 3:38 - loss: 0.4912 - mae: 0.8287 - mse: 0.8287 - ssim_metric: 0.1301
125/652 [====>.........................] - ETA: 3:38 - loss: 0.4910 - mae: 0.8286 - mse: 0.8286 - ssim_metric: 0.1302
126/652 [====>.........................] - ETA: 3:37 - loss: 0.4903 - mae: 0.8281 - mse: 0.8281 - ssim_metric: 0.1305
127/652 [====>.........................] - ETA: 3:37 - loss: 0.4900 - mae: 0.8281 - mse: 0.8280 - ssim_metric: 0.1306
128/652 [====>.........................] - ETA: 3:36 - loss: 0.4919 - mae: 0.8289 - mse: 0.8289 - ssim_metric: 0.1299
129/652 [====>.........................] - ETA: 3:36 - loss: 0.4926 - mae: 0.8294 - mse: 0.8294 - ssim_metric: 0.1295
130/652 [====>.........................] - ETA: 3:36 - loss: 0.4932 - mae: 0.8298 - mse: 0.8298 - ssim_metric: 0.1291
131/652 [=====>........................] - ETA: 3:35 - loss: 0.4928 - mae: 0.8296 - mse: 0.8296 - ssim_metric: 0.1295
132/652 [=====>........................] - ETA: 3:35 - loss: 0.4918 - mae: 0.8289 - mse: 0.8288 - ssim_metric: 0.1301
133/652 [=====>........................] - ETA: 3:34 - loss: 0.4910 - mae: 0.8284 - mse: 0.8284 - ssim_metric: 0.1304
134/652 [=====>........................] - ETA: 3:34 - loss: 0.4916 - mae: 0.8288 - mse: 0.8288 - ssim_metric: 0.1301
135/652 [=====>........................] - ETA: 3:33 - loss: 0.4914 - mae: 0.8287 - mse: 0.8287 - ssim_metric: 0.1301
136/652 [=====>........................] - ETA: 3:33 - loss: 0.4912 - mae: 0.8286 - mse: 0.8286 - ssim_metric: 0.1302
137/652 [=====>........................] - ETA: 3:33 - loss: 0.4903 - mae: 0.8280 - mse: 0.8280 - ssim_metric: 0.1308
138/652 [=====>........................] - ETA: 3:32 - loss: 0.4907 - mae: 0.8283 - mse: 0.8283 - ssim_metric: 0.1305
139/652 [=====>........................] - ETA: 3:32 - loss: 0.4900 - mae: 0.8279 - mse: 0.8279 - ssim_metric: 0.1309
140/652 [=====>........................] - ETA: 3:31 - loss: 0.4902 - mae: 0.8281 - mse: 0.8280 - ssim_metric: 0.1308
141/652 [=====>........................] - ETA: 3:31 - loss: 0.4903 - mae: 0.8282 - mse: 0.8282 - ssim_metric: 0.1306
142/652 [=====>........................] - ETA: 3:31 - loss: 0.4900 - mae: 0.8281 - mse: 0.8281 - ssim_metric: 0.1306
143/652 [=====>........................] - ETA: 3:30 - loss: 0.4888 - mae: 0.8270 - mse: 0.8270 - ssim_metric: 0.1317
144/652 [=====>........................] - ETA: 3:30 - loss: 0.4888 - mae: 0.8271 - mse: 0.8271 - ssim_metric: 0.1315
145/652 [=====>........................] - ETA: 3:29 - loss: 0.4886 - mae: 0.8270 - mse: 0.8270 - ssim_metric: 0.1316
146/652 [=====>........................] - ETA: 3:29 - loss: 0.4885 - mae: 0.8270 - mse: 0.8270 - ssim_metric: 0.1316
147/652 [=====>........................] - ETA: 3:28 - loss: 0.4888 - mae: 0.8272 - mse: 0.8272 - ssim_metric: 0.1314
148/652 [=====>........................] - ETA: 3:28 - loss: 0.4886 - mae: 0.8272 - mse: 0.8271 - ssim_metric: 0.1315
149/652 [=====>........................] - ETA: 3:28 - loss: 0.4892 - mae: 0.8276 - mse: 0.8276 - ssim_metric: 0.1311
150/652 [=====>........................] - ETA: 3:27 - loss: 0.4893 - mae: 0.8277 - mse: 0.8277 - ssim_metric: 0.1310
151/652 [=====>........................] - ETA: 3:27 - loss: 0.4897 - mae: 0.8280 - mse: 0.8280 - ssim_metric: 0.1307
152/652 [=====>........................] - ETA: 3:26 - loss: 0.4908 - mae: 0.8286 - mse: 0.8286 - ssim_metric: 0.1302
153/652 [======>.......................] - ETA: 3:26 - loss: 0.4905 - mae: 0.8284 - mse: 0.8284 - ssim_metric: 0.1303
154/652 [======>.......................] - ETA: 3:26 - loss: 0.4901 - mae: 0.8282 - mse: 0.8282 - ssim_metric: 0.1305
155/652 [======>.......................] - ETA: 3:25 - loss: 0.4898 - mae: 0.8281 - mse: 0.8281 - ssim_metric: 0.1307
156/652 [======>.......................] - ETA: 3:25 - loss: 0.4901 - mae: 0.8284 - mse: 0.8283 - ssim_metric: 0.1305
157/652 [======>.......................] - ETA: 3:24 - loss: 0.4893 - mae: 0.8277 - mse: 0.8277 - ssim_metric: 0.1312
158/652 [======>.......................] - ETA: 3:24 - loss: 0.4892 - mae: 0.8277 - mse: 0.8277 - ssim_metric: 0.1312
159/652 [======>.......................] - ETA: 3:23 - loss: 0.4886 - mae: 0.8273 - mse: 0.8273 - ssim_metric: 0.1314
160/652 [======>.......................] - ETA: 3:23 - loss: 0.4884 - mae: 0.8272 - mse: 0.8272 - ssim_metric: 0.1315
161/652 [======>.......................] - ETA: 3:23 - loss: 0.4884 - mae: 0.8273 - mse: 0.8273 - ssim_metric: 0.1315
162/652 [======>.......................] - ETA: 3:22 - loss: 0.4883 - mae: 0.8273 - mse: 0.8273 - ssim_metric: 0.1315
163/652 [======>.......................] - ETA: 3:22 - loss: 0.4880 - mae: 0.8271 - mse: 0.8271 - ssim_metric: 0.1317
164/652 [======>.......................] - ETA: 3:21 - loss: 0.4878 - mae: 0.8271 - mse: 0.8271 - ssim_metric: 0.1317
165/652 [======>.......................] - ETA: 3:21 - loss: 0.4876 - mae: 0.8270 - mse: 0.8270 - ssim_metric: 0.1318
166/652 [======>.......................] - ETA: 3:21 - loss: 0.4878 - mae: 0.8272 - mse: 0.8272 - ssim_metric: 0.1316
167/652 [======>.......................] - ETA: 3:20 - loss: 0.4872 - mae: 0.8267 - mse: 0.8267 - ssim_metric: 0.1320
168/652 [======>.......................] - ETA: 3:20 - loss: 0.4872 - mae: 0.8268 - mse: 0.8268 - ssim_metric: 0.1319
169/652 [======>.......................] - ETA: 3:19 - loss: 0.4874 - mae: 0.8270 - mse: 0.8270 - ssim_metric: 0.1318
170/652 [======>.......................] - ETA: 3:19 - loss: 0.4884 - mae: 0.8275 - mse: 0.8275 - ssim_metric: 0.1313
171/652 [======>.......................] - ETA: 3:19 - loss: 0.4883 - mae: 0.8275 - mse: 0.8275 - ssim_metric: 0.1313
172/652 [======>.......................] - ETA: 3:18 - loss: 0.4879 - mae: 0.8273 - mse: 0.8273 - ssim_metric: 0.1315
173/652 [======>.......................] - ETA: 3:18 - loss: 0.4879 - mae: 0.8273 - mse: 0.8273 - ssim_metric: 0.1315
174/652 [=======>......................] - ETA: 3:17 - loss: 0.4884 - mae: 0.8277 - mse: 0.8277 - ssim_metric: 0.1312
175/652 [=======>......................] - ETA: 3:17 - loss: 0.4891 - mae: 0.8281 - mse: 0.8281 - ssim_metric: 0.1308
176/652 [=======>......................] - ETA: 3:16 - loss: 0.4889 - mae: 0.8280 - mse: 0.8280 - ssim_metric: 0.1308
177/652 [=======>......................] - ETA: 3:16 - loss: 0.4892 - mae: 0.8282 - mse: 0.8282 - ssim_metric: 0.1307
178/652 [=======>......................] - ETA: 3:16 - loss: 0.4892 - mae: 0.8283 - mse: 0.8283 - ssim_metric: 0.1306
179/652 [=======>......................] - ETA: 3:15 - loss: 0.4886 - mae: 0.8279 - mse: 0.8279 - ssim_metric: 0.1310
180/652 [=======>......................] - ETA: 3:15 - loss: 0.4883 - mae: 0.8277 - mse: 0.8277 - ssim_metric: 0.1311
181/652 [=======>......................] - ETA: 3:14 - loss: 0.4887 - mae: 0.8280 - mse: 0.8280 - ssim_metric: 0.1308
182/652 [=======>......................] - ETA: 3:14 - loss: 0.4883 - mae: 0.8278 - mse: 0.8278 - ssim_metric: 0.1310
183/652 [=======>......................] - ETA: 3:14 - loss: 0.4881 - mae: 0.8277 - mse: 0.8277 - ssim_metric: 0.1310
184/652 [=======>......................] - ETA: 3:13 - loss: 0.4885 - mae: 0.8279 - mse: 0.8279 - ssim_metric: 0.1308
185/652 [=======>......................] - ETA: 3:13 - loss: 0.4886 - mae: 0.8280 - mse: 0.8280 - ssim_metric: 0.1307
186/652 [=======>......................] - ETA: 3:12 - loss: 0.4882 - mae: 0.8279 - mse: 0.8278 - ssim_metric: 0.1309
187/652 [=======>......................] - ETA: 3:12 - loss: 0.4882 - mae: 0.8279 - mse: 0.8279 - ssim_metric: 0.1310
188/652 [=======>......................] - ETA: 3:12 - loss: 0.4879 - mae: 0.8277 - mse: 0.8277 - ssim_metric: 0.1311
189/652 [=======>......................] - ETA: 3:11 - loss: 0.4874 - mae: 0.8274 - mse: 0.8273 - ssim_metric: 0.1313
190/652 [=======>......................] - ETA: 3:11 - loss: 0.4869 - mae: 0.8270 - mse: 0.8270 - ssim_metric: 0.1317
191/652 [=======>......................] - ETA: 3:10 - loss: 0.4870 - mae: 0.8271 - mse: 0.8271 - ssim_metric: 0.1315
192/652 [=======>......................] - ETA: 3:10 - loss: 0.4870 - mae: 0.8272 - mse: 0.8272 - ssim_metric: 0.1315
193/652 [=======>......................] - ETA: 3:09 - loss: 0.4868 - mae: 0.8271 - mse: 0.8271 - ssim_metric: 0.1316
194/652 [=======>......................] - ETA: 3:09 - loss: 0.4869 - mae: 0.8272 - mse: 0.8272 - ssim_metric: 0.1315
195/652 [=======>......................] - ETA: 3:09 - loss: 0.4873 - mae: 0.8275 - mse: 0.8275 - ssim_metric: 0.1313
196/652 [========>.....................] - ETA: 3:08 - loss: 0.4874 - mae: 0.8276 - mse: 0.8276 - ssim_metric: 0.1312
197/652 [========>.....................] - ETA: 3:08 - loss: 0.4876 - mae: 0.8277 - mse: 0.8277 - ssim_metric: 0.1311
198/652 [========>.....................] - ETA: 3:07 - loss: 0.4876 - mae: 0.8278 - mse: 0.8278 - ssim_metric: 0.1310
199/652 [========>.....................] - ETA: 3:07 - loss: 0.4869 - mae: 0.8273 - mse: 0.8273 - ssim_metric: 0.1315
200/652 [========>.....................] - ETA: 3:07 - loss: 0.4875 - mae: 0.8276 - mse: 0.8276 - ssim_metric: 0.1312
201/652 [========>.....................] - ETA: 3:06 - loss: 0.4884 - mae: 0.8281 - mse: 0.8281 - ssim_metric: 0.1308
202/652 [========>.....................] - ETA: 3:06 - loss: 0.4883 - mae: 0.8281 - mse: 0.8281 - ssim_metric: 0.1308
203/652 [========>.....................] - ETA: 3:05 - loss: 0.4884 - mae: 0.8282 - mse: 0.8282 - ssim_metric: 0.1306
204/652 [========>.....................] - ETA: 3:05 - loss: 0.4889 - mae: 0.8285 - mse: 0.8285 - ssim_metric: 0.1304
205/652 [========>.....................] - ETA: 3:04 - loss: 0.4887 - mae: 0.8284 - mse: 0.8284 - ssim_metric: 0.1304
206/652 [========>.....................] - ETA: 3:04 - loss: 0.4881 - mae: 0.8280 - mse: 0.8280 - ssim_metric: 0.1309
207/652 [========>.....................] - ETA: 3:04 - loss: 0.4880 - mae: 0.8280 - mse: 0.8280 - ssim_metric: 0.1309
208/652 [========>.....................] - ETA: 3:03 - loss: 0.4881 - mae: 0.8280 - mse: 0.8280 - ssim_metric: 0.1308
209/652 [========>.....................] - ETA: 3:03 - loss: 0.4879 - mae: 0.8279 - mse: 0.8279 - ssim_metric: 0.1309
210/652 [========>.....................] - ETA: 3:02 - loss: 0.4883 - mae: 0.8282 - mse: 0.8282 - ssim_metric: 0.1307
211/652 [========>.....................] - ETA: 3:02 - loss: 0.4888 - mae: 0.8285 - mse: 0.8285 - ssim_metric: 0.1304
212/652 [========>.....................] - ETA: 3:02 - loss: 0.4891 - mae: 0.8287 - mse: 0.8287 - ssim_metric: 0.1303
213/652 [========>.....................] - ETA: 3:01 - loss: 0.4891 - mae: 0.8288 - mse: 0.8288 - ssim_metric: 0.1302
214/652 [========>.....................] - ETA: 3:01 - loss: 0.4891 - mae: 0.8288 - mse: 0.8288 - ssim_metric: 0.1303
215/652 [========>.....................] - ETA: 3:00 - loss: 0.4884 - mae: 0.8283 - mse: 0.8282 - ssim_metric: 0.1308
216/652 [========>.....................] - ETA: 3:00 - loss: 0.4882 - mae: 0.8282 - mse: 0.8282 - ssim_metric: 0.1309
217/652 [========>.....................] - ETA: 2:59 - loss: 0.4882 - mae: 0.8282 - mse: 0.8282 - ssim_metric: 0.1308
218/652 [=========>....................] - ETA: 2:59 - loss: 0.4886 - mae: 0.8285 - mse: 0.8285 - ssim_metric: 0.1306
219/652 [=========>....................] - ETA: 2:59 - loss: 0.4884 - mae: 0.8284 - mse: 0.8284 - ssim_metric: 0.1307
220/652 [=========>....................] - ETA: 2:58 - loss: 0.4879 - mae: 0.8281 - mse: 0.8280 - ssim_metric: 0.1310
221/652 [=========>....................] - ETA: 2:58 - loss: 0.4878 - mae: 0.8280 - mse: 0.8280 - ssim_metric: 0.1310
222/652 [=========>....................] - ETA: 2:57 - loss: 0.4884 - mae: 0.8283 - mse: 0.8283 - ssim_metric: 0.1307
223/652 [=========>....................] - ETA: 2:57 - loss: 0.4878 - mae: 0.8279 - mse: 0.8279 - ssim_metric: 0.1311
224/652 [=========>....................] - ETA: 2:57 - loss: 0.4881 - mae: 0.8281 - mse: 0.8281 - ssim_metric: 0.1309
225/652 [=========>....................] - ETA: 2:56 - loss: 0.4883 - mae: 0.8283 - mse: 0.8283 - ssim_metric: 0.1308
226/652 [=========>....................] - ETA: 2:56 - loss: 0.4883 - mae: 0.8283 - mse: 0.8283 - ssim_metric: 0.1307
227/652 [=========>....................] - ETA: 2:55 - loss: 0.4882 - mae: 0.8283 - mse: 0.8283 - ssim_metric: 0.1308
228/652 [=========>....................] - ETA: 2:55 - loss: 0.4883 - mae: 0.8284 - mse: 0.8284 - ssim_metric: 0.1307
229/652 [=========>....................] - ETA: 2:55 - loss: 0.4884 - mae: 0.8285 - mse: 0.8285 - ssim_metric: 0.1306
230/652 [=========>....................] - ETA: 2:54 - loss: 0.4880 - mae: 0.8283 - mse: 0.8282 - ssim_metric: 0.1308
231/652 [=========>....................] - ETA: 2:54 - loss: 0.4880 - mae: 0.8283 - mse: 0.8283 - ssim_metric: 0.1307
232/652 [=========>....................] - ETA: 2:53 - loss: 0.4879 - mae: 0.8282 - mse: 0.8282 - ssim_metric: 0.1307
233/652 [=========>....................] - ETA: 2:53 - loss: 0.4875 - mae: 0.8280 - mse: 0.8280 - ssim_metric: 0.1309
234/652 [=========>....................] - ETA: 2:52 - loss: 0.4873 - mae: 0.8278 - mse: 0.8278 - ssim_metric: 0.1310
235/652 [=========>....................] - ETA: 2:52 - loss: 0.4877 - mae: 0.8281 - mse: 0.8281 - ssim_metric: 0.1308
236/652 [=========>....................] - ETA: 2:52 - loss: 0.4878 - mae: 0.8282 - mse: 0.8282 - ssim_metric: 0.1307
237/652 [=========>....................] - ETA: 2:51 - loss: 0.4881 - mae: 0.8284 - mse: 0.8284 - ssim_metric: 0.1306
238/652 [=========>....................] - ETA: 2:51 - loss: 0.4881 - mae: 0.8285 - mse: 0.8284 - ssim_metric: 0.1305
239/652 [=========>....................] - ETA: 2:50 - loss: 0.4880 - mae: 0.8284 - mse: 0.8284 - ssim_metric: 0.1305
240/652 [==========>...................] - ETA: 2:50 - loss: 0.4882 - mae: 0.8286 - mse: 0.8286 - ssim_metric: 0.1304
241/652 [==========>...................] - ETA: 2:50 - loss: 0.4884 - mae: 0.8287 - mse: 0.8287 - ssim_metric: 0.1302
242/652 [==========>...................] - ETA: 2:49 - loss: 0.4887 - mae: 0.8289 - mse: 0.8289 - ssim_metric: 0.1301
243/652 [==========>...................] - ETA: 2:49 - loss: 0.4884 - mae: 0.8287 - mse: 0.8287 - ssim_metric: 0.1303
244/652 [==========>...................] - ETA: 2:48 - loss: 0.4886 - mae: 0.8288 - mse: 0.8288 - ssim_metric: 0.1302
245/652 [==========>...................] - ETA: 2:48 - loss: 0.4883 - mae: 0.8287 - mse: 0.8287 - ssim_metric: 0.1303
246/652 [==========>...................] - ETA: 2:48 - loss: 0.4880 - mae: 0.8285 - mse: 0.8285 - ssim_metric: 0.1304
247/652 [==========>...................] - ETA: 2:47 - loss: 0.4876 - mae: 0.8282 - mse: 0.8282 - ssim_metric: 0.1307
248/652 [==========>...................] - ETA: 2:47 - loss: 0.4873 - mae: 0.8280 - mse: 0.8280 - ssim_metric: 0.1308
249/652 [==========>...................] - ETA: 2:46 - loss: 0.4883 - mae: 0.8285 - mse: 0.8285 - ssim_metric: 0.1305
250/652 [==========>...................] - ETA: 2:46 - loss: 0.4878 - mae: 0.8282 - mse: 0.8282 - ssim_metric: 0.1308
251/652 [==========>...................] - ETA: 2:45 - loss: 0.4884 - mae: 0.8285 - mse: 0.8285 - ssim_metric: 0.1305
252/652 [==========>...................] - ETA: 2:45 - loss: 0.4882 - mae: 0.8284 - mse: 0.8284 - ssim_metric: 0.1306
253/652 [==========>...................] - ETA: 2:45 - loss: 0.4886 - mae: 0.8287 - mse: 0.8286 - ssim_metric: 0.1304
254/652 [==========>...................] - ETA: 2:44 - loss: 0.4886 - mae: 0.8287 - mse: 0.8287 - ssim_metric: 0.1304
255/652 [==========>...................] - ETA: 2:44 - loss: 0.4888 - mae: 0.8288 - mse: 0.8288 - ssim_metric: 0.1303
256/652 [==========>...................] - ETA: 2:43 - loss: 0.4890 - mae: 0.8290 - mse: 0.8290 - ssim_metric: 0.1301
257/652 [==========>...................] - ETA: 2:43 - loss: 0.4889 - mae: 0.8289 - mse: 0.8289 - ssim_metric: 0.1302
258/652 [==========>...................] - ETA: 2:43 - loss: 0.4891 - mae: 0.8291 - mse: 0.8291 - ssim_metric: 0.1301
259/652 [==========>...................] - ETA: 2:42 - loss: 0.4889 - mae: 0.8290 - mse: 0.8290 - ssim_metric: 0.1301
260/652 [==========>...................] - ETA: 2:42 - loss: 0.4882 - mae: 0.8285 - mse: 0.8284 - ssim_metric: 0.1306
261/652 [===========>..................] - ETA: 2:41 - loss: 0.4878 - mae: 0.8281 - mse: 0.8281 - ssim_metric: 0.1308
262/652 [===========>..................] - ETA: 2:41 - loss: 0.4882 - mae: 0.8284 - mse: 0.8284 - ssim_metric: 0.1306
263/652 [===========>..................] - ETA: 2:40 - loss: 0.4882 - mae: 0.8284 - mse: 0.8284 - ssim_metric: 0.1306
264/652 [===========>..................] - ETA: 2:40 - loss: 0.4882 - mae: 0.8284 - mse: 0.8284 - ssim_metric: 0.1306
265/652 [===========>..................] - ETA: 2:40 - loss: 0.4880 - mae: 0.8283 - mse: 0.8283 - ssim_metric: 0.1307
266/652 [===========>..................] - ETA: 2:39 - loss: 0.4880 - mae: 0.8284 - mse: 0.8284 - ssim_metric: 0.1307
267/652 [===========>..................] - ETA: 2:39 - loss: 0.4875 - mae: 0.8280 - mse: 0.8280 - ssim_metric: 0.1310
268/652 [===========>..................] - ETA: 2:38 - loss: 0.4876 - mae: 0.8281 - mse: 0.8281 - ssim_metric: 0.1309
269/652 [===========>..................] - ETA: 2:38 - loss: 0.4879 - mae: 0.8283 - mse: 0.8283 - ssim_metric: 0.1307
270/652 [===========>..................] - ETA: 2:38 - loss: 0.4873 - mae: 0.8277 - mse: 0.8277 - ssim_metric: 0.1312
271/652 [===========>..................] - ETA: 2:37 - loss: 0.4868 - mae: 0.8273 - mse: 0.8273 - ssim_metric: 0.1315
272/652 [===========>..................] - ETA: 2:37 - loss: 0.4868 - mae: 0.8274 - mse: 0.8274 - ssim_metric: 0.1315
273/652 [===========>..................] - ETA: 2:36 - loss: 0.4872 - mae: 0.8276 - mse: 0.8276 - ssim_metric: 0.1312
274/652 [===========>..................] - ETA: 2:36 - loss: 0.4872 - mae: 0.8276 - mse: 0.8276 - ssim_metric: 0.1312
275/652 [===========>..................] - ETA: 2:36 - loss: 0.4868 - mae: 0.8274 - mse: 0.8274 - ssim_metric: 0.1314
276/652 [===========>..................] - ETA: 2:35 - loss: 0.4868 - mae: 0.8274 - mse: 0.8274 - ssim_metric: 0.1314
277/652 [===========>..................] - ETA: 2:35 - loss: 0.4866 - mae: 0.8273 - mse: 0.8273 - ssim_metric: 0.1315
278/652 [===========>..................] - ETA: 2:34 - loss: 0.4868 - mae: 0.8275 - mse: 0.8275 - ssim_metric: 0.1313
279/652 [===========>..................] - ETA: 2:34 - loss: 0.4863 - mae: 0.8270 - mse: 0.8270 - ssim_metric: 0.1317
280/652 [===========>..................] - ETA: 2:33 - loss: 0.4865 - mae: 0.8272 - mse: 0.8272 - ssim_metric: 0.1316
281/652 [===========>..................] - ETA: 2:33 - loss: 0.4864 - mae: 0.8271 - mse: 0.8271 - ssim_metric: 0.1316
282/652 [===========>..................] - ETA: 2:33 - loss: 0.4862 - mae: 0.8270 - mse: 0.8270 - ssim_metric: 0.1318
283/652 [============>.................] - ETA: 2:32 - loss: 0.4858 - mae: 0.8268 - mse: 0.8268 - ssim_metric: 0.1320
284/652 [============>.................] - ETA: 2:32 - loss: 0.4868 - mae: 0.8272 - mse: 0.8272 - ssim_metric: 0.1317
285/652 [============>.................] - ETA: 2:31 - loss: 0.4866 - mae: 0.8271 - mse: 0.8271 - ssim_metric: 0.1317
286/652 [============>.................] - ETA: 2:31 - loss: 0.4864 - mae: 0.8270 - mse: 0.8269 - ssim_metric: 0.1319
287/652 [============>.................] - ETA: 2:31 - loss: 0.4864 - mae: 0.8270 - mse: 0.8270 - ssim_metric: 0.1318
288/652 [============>.................] - ETA: 2:30 - loss: 0.4864 - mae: 0.8271 - mse: 0.8270 - ssim_metric: 0.1318
289/652 [============>.................] - ETA: 2:30 - loss: 0.4864 - mae: 0.8270 - mse: 0.8270 - ssim_metric: 0.1318
290/652 [============>.................] - ETA: 2:29 - loss: 0.4866 - mae: 0.8272 - mse: 0.8272 - ssim_metric: 0.1317
291/652 [============>.................] - ETA: 2:29 - loss: 0.4870 - mae: 0.8274 - mse: 0.8274 - ssim_metric: 0.1315
292/652 [============>.................] - ETA: 2:28 - loss: 0.4868 - mae: 0.8273 - mse: 0.8273 - ssim_metric: 0.1316
293/652 [============>.................] - ETA: 2:28 - loss: 0.4863 - mae: 0.8269 - mse: 0.8269 - ssim_metric: 0.1320
294/652 [============>.................] - ETA: 2:28 - loss: 0.4862 - mae: 0.8269 - mse: 0.8269 - ssim_metric: 0.1320
295/652 [============>.................] - ETA: 2:27 - loss: 0.4863 - mae: 0.8270 - mse: 0.8270 - ssim_metric: 0.1319
296/652 [============>.................] - ETA: 2:27 - loss: 0.4865 - mae: 0.8271 - mse: 0.8271 - ssim_metric: 0.1318
297/652 [============>.................] - ETA: 2:26 - loss: 0.4864 - mae: 0.8271 - mse: 0.8271 - ssim_metric: 0.1318
298/652 [============>.................] - ETA: 2:26 - loss: 0.4860 - mae: 0.8267 - mse: 0.8267 - ssim_metric: 0.1321
299/652 [============>.................] - ETA: 2:26 - loss: 0.4864 - mae: 0.8270 - mse: 0.8270 - ssim_metric: 0.1319
300/652 [============>.................] - ETA: 2:25 - loss: 0.4861 - mae: 0.8268 - mse: 0.8268 - ssim_metric: 0.1321
301/652 [============>.................] - ETA: 2:25 - loss: 0.4858 - mae: 0.8265 - mse: 0.8265 - ssim_metric: 0.1323
302/652 [============>.................] - ETA: 2:24 - loss: 0.4855 - mae: 0.8264 - mse: 0.8264 - ssim_metric: 0.1324
303/652 [============>.................] - ETA: 2:24 - loss: 0.4855 - mae: 0.8264 - mse: 0.8264 - ssim_metric: 0.1324
304/652 [============>.................] - ETA: 2:24 - loss: 0.4852 - mae: 0.8262 - mse: 0.8262 - ssim_metric: 0.1326
305/652 [=============>................] - ETA: 2:23 - loss: 0.4854 - mae: 0.8264 - mse: 0.8264 - ssim_metric: 0.1325
306/652 [=============>................] - ETA: 2:23 - loss: 0.4853 - mae: 0.8263 - mse: 0.8263 - ssim_metric: 0.1325
307/652 [=============>................] - ETA: 2:22 - loss: 0.4857 - mae: 0.8265 - mse: 0.8265 - ssim_metric: 0.1323
308/652 [=============>................] - ETA: 2:22 - loss: 0.4855 - mae: 0.8265 - mse: 0.8265 - ssim_metric: 0.1324
309/652 [=============>................] - ETA: 2:21 - loss: 0.4858 - mae: 0.8267 - mse: 0.8267 - ssim_metric: 0.1322
310/652 [=============>................] - ETA: 2:21 - loss: 0.4855 - mae: 0.8265 - mse: 0.8264 - ssim_metric: 0.1324
311/652 [=============>................] - ETA: 2:21 - loss: 0.4856 - mae: 0.8265 - mse: 0.8265 - ssim_metric: 0.1324
312/652 [=============>................] - ETA: 2:20 - loss: 0.4858 - mae: 0.8267 - mse: 0.8267 - ssim_metric: 0.1322
313/652 [=============>................] - ETA: 2:20 - loss: 0.4857 - mae: 0.8266 - mse: 0.8266 - ssim_metric: 0.1322
314/652 [=============>................] - ETA: 2:19 - loss: 0.4856 - mae: 0.8266 - mse: 0.8266 - ssim_metric: 0.1322
315/652 [=============>................] - ETA: 2:19 - loss: 0.4858 - mae: 0.8267 - mse: 0.8267 - ssim_metric: 0.1321
316/652 [=============>................] - ETA: 2:19 - loss: 0.4852 - mae: 0.8262 - mse: 0.8262 - ssim_metric: 0.1326
317/652 [=============>................] - ETA: 2:18 - loss: 0.4851 - mae: 0.8262 - mse: 0.8262 - ssim_metric: 0.1326
318/652 [=============>................] - ETA: 2:18 - loss: 0.4849 - mae: 0.8261 - mse: 0.8261 - ssim_metric: 0.1327
319/652 [=============>................] - ETA: 2:17 - loss: 0.4848 - mae: 0.8260 - mse: 0.8260 - ssim_metric: 0.1328
320/652 [=============>................] - ETA: 2:17 - loss: 0.4848 - mae: 0.8260 - mse: 0.8260 - ssim_metric: 0.1328
321/652 [=============>................] - ETA: 2:16 - loss: 0.4847 - mae: 0.8260 - mse: 0.8260 - ssim_metric: 0.1327
322/652 [=============>................] - ETA: 2:16 - loss: 0.4843 - mae: 0.8257 - mse: 0.8257 - ssim_metric: 0.1330
323/652 [=============>................] - ETA: 2:16 - loss: 0.4849 - mae: 0.8260 - mse: 0.8260 - ssim_metric: 0.1328
324/652 [=============>................] - ETA: 2:15 - loss: 0.4847 - mae: 0.8259 - mse: 0.8259 - ssim_metric: 0.1328
325/652 [=============>................] - ETA: 2:15 - loss: 0.4850 - mae: 0.8261 - mse: 0.8261 - ssim_metric: 0.1327
326/652 [==============>...............] - ETA: 2:14 - loss: 0.4852 - mae: 0.8262 - mse: 0.8262 - ssim_metric: 0.1326
327/652 [==============>...............] - ETA: 2:14 - loss: 0.4849 - mae: 0.8261 - mse: 0.8261 - ssim_metric: 0.1327
328/652 [==============>...............] - ETA: 2:14 - loss: 0.4852 - mae: 0.8262 - mse: 0.8262 - ssim_metric: 0.1325
329/652 [==============>...............] - ETA: 2:13 - loss: 0.4850 - mae: 0.8262 - mse: 0.8262 - ssim_metric: 0.1326
330/652 [==============>...............] - ETA: 2:13 - loss: 0.4850 - mae: 0.8261 - mse: 0.8261 - ssim_metric: 0.1326
331/652 [==============>...............] - ETA: 2:12 - loss: 0.4848 - mae: 0.8261 - mse: 0.8261 - ssim_metric: 0.1327
332/652 [==============>...............] - ETA: 2:12 - loss: 0.4846 - mae: 0.8259 - mse: 0.8259 - ssim_metric: 0.1328
333/652 [==============>...............] - ETA: 2:12 - loss: 0.4844 - mae: 0.8258 - mse: 0.8258 - ssim_metric: 0.1329
334/652 [==============>...............] - ETA: 2:11 - loss: 0.4843 - mae: 0.8258 - mse: 0.8258 - ssim_metric: 0.1329
335/652 [==============>...............] - ETA: 2:11 - loss: 0.4840 - mae: 0.8256 - mse: 0.8255 - ssim_metric: 0.1331
336/652 [==============>...............] - ETA: 2:10 - loss: 0.4838 - mae: 0.8254 - mse: 0.8254 - ssim_metric: 0.1332
337/652 [==============>...............] - ETA: 2:10 - loss: 0.4841 - mae: 0.8256 - mse: 0.8256 - ssim_metric: 0.1331
338/652 [==============>...............] - ETA: 2:09 - loss: 0.4842 - mae: 0.8257 - mse: 0.8257 - ssim_metric: 0.1330
339/652 [==============>...............] - ETA: 2:09 - loss: 0.4841 - mae: 0.8256 - mse: 0.8256 - ssim_metric: 0.1331
340/652 [==============>...............] - ETA: 2:09 - loss: 0.4840 - mae: 0.8256 - mse: 0.8256 - ssim_metric: 0.1331
341/652 [==============>...............] - ETA: 2:08 - loss: 0.4838 - mae: 0.8254 - mse: 0.8254 - ssim_metric: 0.1332
342/652 [==============>...............] - ETA: 2:08 - loss: 0.4841 - mae: 0.8257 - mse: 0.8256 - ssim_metric: 0.1330
343/652 [==============>...............] - ETA: 2:07 - loss: 0.4843 - mae: 0.8258 - mse: 0.8257 - ssim_metric: 0.1330
344/652 [==============>...............] - ETA: 2:07 - loss: 0.4845 - mae: 0.8259 - mse: 0.8259 - ssim_metric: 0.1328
345/652 [==============>...............] - ETA: 2:07 - loss: 0.4843 - mae: 0.8257 - mse: 0.8257 - ssim_metric: 0.1329
346/652 [==============>...............] - ETA: 2:06 - loss: 0.4842 - mae: 0.8257 - mse: 0.8257 - ssim_metric: 0.1330
347/652 [==============>...............] - ETA: 2:06 - loss: 0.4843 - mae: 0.8258 - mse: 0.8258 - ssim_metric: 0.1328
348/652 [===============>..............] - ETA: 2:05 - loss: 0.4842 - mae: 0.8257 - mse: 0.8257 - ssim_metric: 0.1329
349/652 [===============>..............] - ETA: 2:05 - loss: 0.4839 - mae: 0.8256 - mse: 0.8255 - ssim_metric: 0.1331
350/652 [===============>..............] - ETA: 2:04 - loss: 0.4838 - mae: 0.8255 - mse: 0.8255 - ssim_metric: 0.1331
351/652 [===============>..............] - ETA: 2:04 - loss: 0.4838 - mae: 0.8256 - mse: 0.8255 - ssim_metric: 0.1331
352/652 [===============>..............] - ETA: 2:04 - loss: 0.4836 - mae: 0.8254 - mse: 0.8253 - ssim_metric: 0.1332
353/652 [===============>..............] - ETA: 2:03 - loss: 0.4833 - mae: 0.8252 - mse: 0.8252 - ssim_metric: 0.1334
354/652 [===============>..............] - ETA: 2:03 - loss: 0.4835 - mae: 0.8253 - mse: 0.8253 - ssim_metric: 0.1333
355/652 [===============>..............] - ETA: 2:02 - loss: 0.4832 - mae: 0.8251 - mse: 0.8251 - ssim_metric: 0.1335
356/652 [===============>..............] - ETA: 2:02 - loss: 0.4828 - mae: 0.8248 - mse: 0.8248 - ssim_metric: 0.1338
357/652 [===============>..............] - ETA: 2:02 - loss: 0.4830 - mae: 0.8249 - mse: 0.8249 - ssim_metric: 0.1337
358/652 [===============>..............] - ETA: 2:01 - loss: 0.4826 - mae: 0.8246 - mse: 0.8246 - ssim_metric: 0.1339
359/652 [===============>..............] - ETA: 2:01 - loss: 0.4822 - mae: 0.8243 - mse: 0.8243 - ssim_metric: 0.1342
360/652 [===============>..............] - ETA: 2:00 - loss: 0.4827 - mae: 0.8246 - mse: 0.8246 - ssim_metric: 0.1340
361/652 [===============>..............] - ETA: 2:00 - loss: 0.4823 - mae: 0.8242 - mse: 0.8242 - ssim_metric: 0.1344
362/652 [===============>..............] - ETA: 2:00 - loss: 0.4823 - mae: 0.8242 - mse: 0.8242 - ssim_metric: 0.1343
363/652 [===============>..............] - ETA: 1:59 - loss: 0.4820 - mae: 0.8240 - mse: 0.8240 - ssim_metric: 0.1344
364/652 [===============>..............] - ETA: 1:59 - loss: 0.4822 - mae: 0.8242 - mse: 0.8242 - ssim_metric: 0.1343
365/652 [===============>..............] - ETA: 1:58 - loss: 0.4822 - mae: 0.8242 - mse: 0.8242 - ssim_metric: 0.1343
366/652 [===============>..............] - ETA: 1:58 - loss: 0.4824 - mae: 0.8243 - mse: 0.8243 - ssim_metric: 0.1342
367/652 [===============>..............] - ETA: 1:57 - loss: 0.4822 - mae: 0.8242 - mse: 0.8242 - ssim_metric: 0.1343
368/652 [===============>..............] - ETA: 1:57 - loss: 0.4823 - mae: 0.8243 - mse: 0.8243 - ssim_metric: 0.1342
369/652 [===============>..............] - ETA: 1:57 - loss: 0.4820 - mae: 0.8241 - mse: 0.8240 - ssim_metric: 0.1344
370/652 [================>.............] - ETA: 1:56 - loss: 0.4820 - mae: 0.8241 - mse: 0.8241 - ssim_metric: 0.1344
371/652 [================>.............] - ETA: 1:56 - loss: 0.4816 - mae: 0.8238 - mse: 0.8238 - ssim_metric: 0.1346
372/652 [================>.............] - ETA: 1:55 - loss: 0.4814 - mae: 0.8237 - mse: 0.8237 - ssim_metric: 0.1347
373/652 [================>.............] - ETA: 1:55 - loss: 0.4811 - mae: 0.8234 - mse: 0.8234 - ssim_metric: 0.1349
374/652 [================>.............] - ETA: 1:55 - loss: 0.4810 - mae: 0.8233 - mse: 0.8233 - ssim_metric: 0.1350
375/652 [================>.............] - ETA: 1:54 - loss: 0.4810 - mae: 0.8234 - mse: 0.8234 - ssim_metric: 0.1350
376/652 [================>.............] - ETA: 1:54 - loss: 0.4809 - mae: 0.8233 - mse: 0.8233 - ssim_metric: 0.1350
377/652 [================>.............] - ETA: 1:53 - loss: 0.4815 - mae: 0.8236 - mse: 0.8236 - ssim_metric: 0.1348
378/652 [================>.............] - ETA: 1:53 - loss: 0.4814 - mae: 0.8236 - mse: 0.8236 - ssim_metric: 0.1348
379/652 [================>.............] - ETA: 1:52 - loss: 0.4815 - mae: 0.8237 - mse: 0.8237 - ssim_metric: 0.1347
380/652 [================>.............] - ETA: 1:52 - loss: 0.4816 - mae: 0.8237 - mse: 0.8237 - ssim_metric: 0.1347
381/652 [================>.............] - ETA: 1:52 - loss: 0.4816 - mae: 0.8238 - mse: 0.8238 - ssim_metric: 0.1346
382/652 [================>.............] - ETA: 1:51 - loss: 0.4817 - mae: 0.8239 - mse: 0.8238 - ssim_metric: 0.1346
383/652 [================>.............] - ETA: 1:51 - loss: 0.4819 - mae: 0.8240 - mse: 0.8240 - ssim_metric: 0.1345
384/652 [================>.............] - ETA: 1:50 - loss: 0.4818 - mae: 0.8240 - mse: 0.8240 - ssim_metric: 0.1345
385/652 [================>.............] - ETA: 1:50 - loss: 0.4819 - mae: 0.8240 - mse: 0.8240 - ssim_metric: 0.1344
386/652 [================>.............] - ETA: 1:50 - loss: 0.4817 - mae: 0.8239 - mse: 0.8239 - ssim_metric: 0.1345
387/652 [================>.............] - ETA: 1:49 - loss: 0.4818 - mae: 0.8240 - mse: 0.8240 - ssim_metric: 0.1344
388/652 [================>.............] - ETA: 1:49 - loss: 0.4821 - mae: 0.8242 - mse: 0.8242 - ssim_metric: 0.1342
389/652 [================>.............] - ETA: 1:48 - loss: 0.4819 - mae: 0.8241 - mse: 0.8241 - ssim_metric: 0.1344
390/652 [================>.............] - ETA: 1:48 - loss: 0.4819 - mae: 0.8241 - mse: 0.8241 - ssim_metric: 0.1343
391/652 [================>.............] - ETA: 1:48 - loss: 0.4817 - mae: 0.8240 - mse: 0.8240 - ssim_metric: 0.1344
392/652 [=================>............] - ETA: 1:47 - loss: 0.4817 - mae: 0.8239 - mse: 0.8239 - ssim_metric: 0.1345
393/652 [=================>............] - ETA: 1:47 - loss: 0.4817 - mae: 0.8240 - mse: 0.8240 - ssim_metric: 0.1345
394/652 [=================>............] - ETA: 1:46 - loss: 0.4818 - mae: 0.8241 - mse: 0.8241 - ssim_metric: 0.1344
395/652 [=================>............] - ETA: 1:46 - loss: 0.4817 - mae: 0.8240 - mse: 0.8240 - ssim_metric: 0.1344
396/652 [=================>............] - ETA: 1:45 - loss: 0.4819 - mae: 0.8242 - mse: 0.8242 - ssim_metric: 0.1343
397/652 [=================>............] - ETA: 1:45 - loss: 0.4821 - mae: 0.8243 - mse: 0.8243 - ssim_metric: 0.1342
398/652 [=================>............] - ETA: 1:45 - loss: 0.4820 - mae: 0.8242 - mse: 0.8242 - ssim_metric: 0.1342
399/652 [=================>............] - ETA: 1:44 - loss: 0.4818 - mae: 0.8241 - mse: 0.8241 - ssim_metric: 0.1343
400/652 [=================>............] - ETA: 1:44 - loss: 0.4820 - mae: 0.8242 - mse: 0.8242 - ssim_metric: 0.1342
401/652 [=================>............] - ETA: 1:43 - loss: 0.4820 - mae: 0.8243 - mse: 0.8243 - ssim_metric: 0.1341
402/652 [=================>............] - ETA: 1:43 - loss: 0.4821 - mae: 0.8243 - mse: 0.8243 - ssim_metric: 0.1341
403/652 [=================>............] - ETA: 1:43 - loss: 0.4820 - mae: 0.8243 - mse: 0.8243 - ssim_metric: 0.1341
404/652 [=================>............] - ETA: 1:42 - loss: 0.4818 - mae: 0.8242 - mse: 0.8242 - ssim_metric: 0.1343
405/652 [=================>............] - ETA: 1:42 - loss: 0.4817 - mae: 0.8241 - mse: 0.8241 - ssim_metric: 0.1343
406/652 [=================>............] - ETA: 1:41 - loss: 0.4813 - mae: 0.8238 - mse: 0.8238 - ssim_metric: 0.1345
407/652 [=================>............] - ETA: 1:41 - loss: 0.4813 - mae: 0.8238 - mse: 0.8238 - ssim_metric: 0.1345
408/652 [=================>............] - ETA: 1:40 - loss: 0.4814 - mae: 0.8239 - mse: 0.8239 - ssim_metric: 0.1344
409/652 [=================>............] - ETA: 1:40 - loss: 0.4819 - mae: 0.8242 - mse: 0.8242 - ssim_metric: 0.1342
410/652 [=================>............] - ETA: 1:40 - loss: 0.4819 - mae: 0.8242 - mse: 0.8242 - ssim_metric: 0.1342
411/652 [=================>............] - ETA: 1:39 - loss: 0.4819 - mae: 0.8242 - mse: 0.8242 - ssim_metric: 0.1342
412/652 [=================>............] - ETA: 1:39 - loss: 0.4819 - mae: 0.8243 - mse: 0.8242 - ssim_metric: 0.1342
413/652 [==================>...........] - ETA: 1:38 - loss: 0.4818 - mae: 0.8242 - mse: 0.8242 - ssim_metric: 0.1342
414/652 [==================>...........] - ETA: 1:38 - loss: 0.4820 - mae: 0.8243 - mse: 0.8243 - ssim_metric: 0.1341
415/652 [==================>...........] - ETA: 1:38 - loss: 0.4821 - mae: 0.8244 - mse: 0.8244 - ssim_metric: 0.1340
416/652 [==================>...........] - ETA: 1:37 - loss: 0.4820 - mae: 0.8244 - mse: 0.8243 - ssim_metric: 0.1340
417/652 [==================>...........] - ETA: 1:37 - loss: 0.4819 - mae: 0.8243 - mse: 0.8243 - ssim_metric: 0.1341
418/652 [==================>...........] - ETA: 1:36 - loss: 0.4819 - mae: 0.8243 - mse: 0.8243 - ssim_metric: 0.1340
419/652 [==================>...........] - ETA: 1:36 - loss: 0.4816 - mae: 0.8241 - mse: 0.8241 - ssim_metric: 0.1343
420/652 [==================>...........] - ETA: 1:36 - loss: 0.4816 - mae: 0.8241 - mse: 0.8241 - ssim_metric: 0.1342
421/652 [==================>...........] - ETA: 1:35 - loss: 0.4816 - mae: 0.8242 - mse: 0.8242 - ssim_metric: 0.1342
422/652 [==================>...........] - ETA: 1:35 - loss: 0.4817 - mae: 0.8242 - mse: 0.8242 - ssim_metric: 0.1342
423/652 [==================>...........] - ETA: 1:34 - loss: 0.4818 - mae: 0.8243 - mse: 0.8243 - ssim_metric: 0.1341
424/652 [==================>...........] - ETA: 1:34 - loss: 0.4818 - mae: 0.8243 - mse: 0.8243 - ssim_metric: 0.1341
425/652 [==================>...........] - ETA: 1:33 - loss: 0.4822 - mae: 0.8245 - mse: 0.8245 - ssim_metric: 0.1339
426/652 [==================>...........] - ETA: 1:33 - loss: 0.4820 - mae: 0.8244 - mse: 0.8244 - ssim_metric: 0.1340
427/652 [==================>...........] - ETA: 1:33 - loss: 0.4819 - mae: 0.8244 - mse: 0.8244 - ssim_metric: 0.1340
428/652 [==================>...........] - ETA: 1:32 - loss: 0.4818 - mae: 0.8243 - mse: 0.8243 - ssim_metric: 0.1341
429/652 [==================>...........] - ETA: 1:32 - loss: 0.4817 - mae: 0.8242 - mse: 0.8242 - ssim_metric: 0.1341
430/652 [==================>...........] - ETA: 1:31 - loss: 0.4816 - mae: 0.8242 - mse: 0.8242 - ssim_metric: 0.1342
431/652 [==================>...........] - ETA: 1:31 - loss: 0.4816 - mae: 0.8242 - mse: 0.8242 - ssim_metric: 0.1342
432/652 [==================>...........] - ETA: 1:31 - loss: 0.4818 - mae: 0.8243 - mse: 0.8243 - ssim_metric: 0.1341
433/652 [==================>...........] - ETA: 1:30 - loss: 0.4815 - mae: 0.8241 - mse: 0.8241 - ssim_metric: 0.1342
434/652 [==================>...........] - ETA: 1:30 - loss: 0.4817 - mae: 0.8243 - mse: 0.8242 - ssim_metric: 0.1341
435/652 [===================>..........] - ETA: 1:29 - loss: 0.4819 - mae: 0.8244 - mse: 0.8244 - ssim_metric: 0.1340
436/652 [===================>..........] - ETA: 1:29 - loss: 0.4816 - mae: 0.8241 - mse: 0.8241 - ssim_metric: 0.1343
437/652 [===================>..........] - ETA: 1:28 - loss: 0.4814 - mae: 0.8240 - mse: 0.8240 - ssim_metric: 0.1344
438/652 [===================>..........] - ETA: 1:28 - loss: 0.4815 - mae: 0.8241 - mse: 0.8241 - ssim_metric: 0.1343
439/652 [===================>..........] - ETA: 1:28 - loss: 0.4813 - mae: 0.8240 - mse: 0.8240 - ssim_metric: 0.1344
440/652 [===================>..........] - ETA: 1:27 - loss: 0.4812 - mae: 0.8240 - mse: 0.8239 - ssim_metric: 0.1344
441/652 [===================>..........] - ETA: 1:27 - loss: 0.4811 - mae: 0.8238 - mse: 0.8238 - ssim_metric: 0.1345
442/652 [===================>..........] - ETA: 1:26 - loss: 0.4809 - mae: 0.8238 - mse: 0.8238 - ssim_metric: 0.1346
443/652 [===================>..........] - ETA: 1:26 - loss: 0.4809 - mae: 0.8238 - mse: 0.8238 - ssim_metric: 0.1346
444/652 [===================>..........] - ETA: 1:26 - loss: 0.4808 - mae: 0.8237 - mse: 0.8237 - ssim_metric: 0.1346
445/652 [===================>..........] - ETA: 1:25 - loss: 0.4807 - mae: 0.8237 - mse: 0.8237 - ssim_metric: 0.1346
446/652 [===================>..........] - ETA: 1:25 - loss: 0.4809 - mae: 0.8238 - mse: 0.8238 - ssim_metric: 0.1345
447/652 [===================>..........] - ETA: 1:24 - loss: 0.4809 - mae: 0.8238 - mse: 0.8238 - ssim_metric: 0.1345
448/652 [===================>..........] - ETA: 1:24 - loss: 0.4806 - mae: 0.8236 - mse: 0.8236 - ssim_metric: 0.1347
449/652 [===================>..........] - ETA: 1:24 - loss: 0.4804 - mae: 0.8234 - mse: 0.8234 - ssim_metric: 0.1349
450/652 [===================>..........] - ETA: 1:23 - loss: 0.4805 - mae: 0.8235 - mse: 0.8235 - ssim_metric: 0.1348
451/652 [===================>..........] - ETA: 1:23 - loss: 0.4805 - mae: 0.8235 - mse: 0.8235 - ssim_metric: 0.1348
452/652 [===================>..........] - ETA: 1:22 - loss: 0.4804 - mae: 0.8235 - mse: 0.8235 - ssim_metric: 0.1348
453/652 [===================>..........] - ETA: 1:22 - loss: 0.4808 - mae: 0.8237 - mse: 0.8236 - ssim_metric: 0.1347
454/652 [===================>..........] - ETA: 1:21 - loss: 0.4807 - mae: 0.8236 - mse: 0.8236 - ssim_metric: 0.1347
455/652 [===================>..........] - ETA: 1:21 - loss: 0.4808 - mae: 0.8237 - mse: 0.8237 - ssim_metric: 0.1346
456/652 [===================>..........] - ETA: 1:21 - loss: 0.4807 - mae: 0.8237 - mse: 0.8237 - ssim_metric: 0.1346
457/652 [====================>.........] - ETA: 1:20 - loss: 0.4805 - mae: 0.8236 - mse: 0.8235 - ssim_metric: 0.1347
458/652 [====================>.........] - ETA: 1:20 - loss: 0.4803 - mae: 0.8234 - mse: 0.8234 - ssim_metric: 0.1349
459/652 [====================>.........] - ETA: 1:19 - loss: 0.4803 - mae: 0.8234 - mse: 0.8234 - ssim_metric: 0.1349
460/652 [====================>.........] - ETA: 1:19 - loss: 0.4803 - mae: 0.8234 - mse: 0.8234 - ssim_metric: 0.1349
461/652 [====================>.........] - ETA: 1:19 - loss: 0.4802 - mae: 0.8234 - mse: 0.8233 - ssim_metric: 0.1349
462/652 [====================>.........] - ETA: 1:18 - loss: 0.4803 - mae: 0.8235 - mse: 0.8235 - ssim_metric: 0.1348
463/652 [====================>.........] - ETA: 1:18 - loss: 0.4804 - mae: 0.8235 - mse: 0.8235 - ssim_metric: 0.1348
464/652 [====================>.........] - ETA: 1:17 - loss: 0.4803 - mae: 0.8235 - mse: 0.8235 - ssim_metric: 0.1348
465/652 [====================>.........] - ETA: 1:17 - loss: 0.4805 - mae: 0.8236 - mse: 0.8236 - ssim_metric: 0.1347
466/652 [====================>.........] - ETA: 1:16 - loss: 0.4804 - mae: 0.8236 - mse: 0.8236 - ssim_metric: 0.1347
467/652 [====================>.........] - ETA: 1:16 - loss: 0.4804 - mae: 0.8236 - mse: 0.8235 - ssim_metric: 0.1348
468/652 [====================>.........] - ETA: 1:16 - loss: 0.4801 - mae: 0.8234 - mse: 0.8234 - ssim_metric: 0.1349
469/652 [====================>.........] - ETA: 1:15 - loss: 0.4799 - mae: 0.8232 - mse: 0.8232 - ssim_metric: 0.1350
470/652 [====================>.........] - ETA: 1:15 - loss: 0.4802 - mae: 0.8234 - mse: 0.8234 - ssim_metric: 0.1349
471/652 [====================>.........] - ETA: 1:14 - loss: 0.4804 - mae: 0.8235 - mse: 0.8235 - ssim_metric: 0.1348
472/652 [====================>.........] - ETA: 1:14 - loss: 0.4808 - mae: 0.8237 - mse: 0.8237 - ssim_metric: 0.1346
473/652 [====================>.........] - ETA: 1:14 - loss: 0.4811 - mae: 0.8239 - mse: 0.8239 - ssim_metric: 0.1345
474/652 [====================>.........] - ETA: 1:13 - loss: 0.4810 - mae: 0.8239 - mse: 0.8239 - ssim_metric: 0.1345
475/652 [====================>.........] - ETA: 1:13 - loss: 0.4807 - mae: 0.8236 - mse: 0.8236 - ssim_metric: 0.1348
476/652 [====================>.........] - ETA: 1:12 - loss: 0.4810 - mae: 0.8238 - mse: 0.8238 - ssim_metric: 0.1346
477/652 [====================>.........] - ETA: 1:12 - loss: 0.4812 - mae: 0.8239 - mse: 0.8239 - ssim_metric: 0.1345
478/652 [====================>.........] - ETA: 1:12 - loss: 0.4815 - mae: 0.8241 - mse: 0.8241 - ssim_metric: 0.1344
479/652 [=====================>........] - ETA: 1:11 - loss: 0.4814 - mae: 0.8240 - mse: 0.8240 - ssim_metric: 0.1345
480/652 [=====================>........] - ETA: 1:11 - loss: 0.4814 - mae: 0.8240 - mse: 0.8240 - ssim_metric: 0.1345
481/652 [=====================>........] - ETA: 1:10 - loss: 0.4812 - mae: 0.8239 - mse: 0.8239 - ssim_metric: 0.1345
482/652 [=====================>........] - ETA: 1:10 - loss: 0.4813 - mae: 0.8240 - mse: 0.8239 - ssim_metric: 0.1345
483/652 [=====================>........] - ETA: 1:09 - loss: 0.4816 - mae: 0.8241 - mse: 0.8241 - ssim_metric: 0.1343
484/652 [=====================>........] - ETA: 1:09 - loss: 0.4818 - mae: 0.8242 - mse: 0.8242 - ssim_metric: 0.1342
485/652 [=====================>........] - ETA: 1:09 - loss: 0.4819 - mae: 0.8243 - mse: 0.8243 - ssim_metric: 0.1342
486/652 [=====================>........] - ETA: 1:08 - loss: 0.4819 - mae: 0.8243 - mse: 0.8243 - ssim_metric: 0.1342
487/652 [=====================>........] - ETA: 1:08 - loss: 0.4819 - mae: 0.8244 - mse: 0.8244 - ssim_metric: 0.1342
488/652 [=====================>........] - ETA: 1:07 - loss: 0.4817 - mae: 0.8242 - mse: 0.8242 - ssim_metric: 0.1343
489/652 [=====================>........] - ETA: 1:07 - loss: 0.4816 - mae: 0.8242 - mse: 0.8242 - ssim_metric: 0.1343
490/652 [=====================>........] - ETA: 1:07 - loss: 0.4816 - mae: 0.8242 - mse: 0.8242 - ssim_metric: 0.1343
491/652 [=====================>........] - ETA: 1:06 - loss: 0.4816 - mae: 0.8242 - mse: 0.8242 - ssim_metric: 0.1343
492/652 [=====================>........] - ETA: 1:06 - loss: 0.4817 - mae: 0.8243 - mse: 0.8243 - ssim_metric: 0.1342
493/652 [=====================>........] - ETA: 1:05 - loss: 0.4817 - mae: 0.8243 - mse: 0.8243 - ssim_metric: 0.1342
494/652 [=====================>........] - ETA: 1:05 - loss: 0.4817 - mae: 0.8243 - mse: 0.8243 - ssim_metric: 0.1342
495/652 [=====================>........] - ETA: 1:04 - loss: 0.4815 - mae: 0.8242 - mse: 0.8242 - ssim_metric: 0.1343
496/652 [=====================>........] - ETA: 1:04 - loss: 0.4814 - mae: 0.8241 - mse: 0.8241 - ssim_metric: 0.1344
497/652 [=====================>........] - ETA: 1:04 - loss: 0.4812 - mae: 0.8240 - mse: 0.8240 - ssim_metric: 0.1345
498/652 [=====================>........] - ETA: 1:03 - loss: 0.4810 - mae: 0.8239 - mse: 0.8239 - ssim_metric: 0.1346
499/652 [=====================>........] - ETA: 1:03 - loss: 0.4811 - mae: 0.8240 - mse: 0.8239 - ssim_metric: 0.1345
500/652 [======================>.......] - ETA: 1:02 - loss: 0.4811 - mae: 0.8239 - mse: 0.8239 - ssim_metric: 0.1345
501/652 [======================>.......] - ETA: 1:02 - loss: 0.4810 - mae: 0.8239 - mse: 0.8239 - ssim_metric: 0.1345
502/652 [======================>.......] - ETA: 1:02 - loss: 0.4810 - mae: 0.8240 - mse: 0.8239 - ssim_metric: 0.1345
503/652 [======================>.......] - ETA: 1:01 - loss: 0.4814 - mae: 0.8241 - mse: 0.8241 - ssim_metric: 0.1344
504/652 [======================>.......] - ETA: 1:01 - loss: 0.4817 - mae: 0.8243 - mse: 0.8243 - ssim_metric: 0.1342
505/652 [======================>.......] - ETA: 1:00 - loss: 0.4814 - mae: 0.8241 - mse: 0.8241 - ssim_metric: 0.1344
506/652 [======================>.......] - ETA: 1:00 - loss: 0.4813 - mae: 0.8240 - mse: 0.8240 - ssim_metric: 0.1345
507/652 [======================>.......] - ETA: 1:00 - loss: 0.4812 - mae: 0.8240 - mse: 0.8240 - ssim_metric: 0.1345
508/652 [======================>.......] - ETA: 59s - loss: 0.4812 - mae: 0.8240 - mse: 0.8240 - ssim_metric: 0.1345 
509/652 [======================>.......] - ETA: 59s - loss: 0.4814 - mae: 0.8241 - mse: 0.8241 - ssim_metric: 0.1344
510/652 [======================>.......] - ETA: 58s - loss: 0.4816 - mae: 0.8242 - mse: 0.8242 - ssim_metric: 0.1343
511/652 [======================>.......] - ETA: 58s - loss: 0.4816 - mae: 0.8243 - mse: 0.8243 - ssim_metric: 0.1342
512/652 [======================>.......] - ETA: 57s - loss: 0.4814 - mae: 0.8241 - mse: 0.8241 - ssim_metric: 0.1344
513/652 [======================>.......] - ETA: 57s - loss: 0.4813 - mae: 0.8240 - mse: 0.8240 - ssim_metric: 0.1344
514/652 [======================>.......] - ETA: 57s - loss: 0.4814 - mae: 0.8241 - mse: 0.8241 - ssim_metric: 0.1344
515/652 [======================>.......] - ETA: 56s - loss: 0.4812 - mae: 0.8239 - mse: 0.8239 - ssim_metric: 0.1345
516/652 [======================>.......] - ETA: 56s - loss: 0.4812 - mae: 0.8240 - mse: 0.8240 - ssim_metric: 0.1345
517/652 [======================>.......] - ETA: 55s - loss: 0.4811 - mae: 0.8239 - mse: 0.8239 - ssim_metric: 0.1345
518/652 [======================>.......] - ETA: 55s - loss: 0.4809 - mae: 0.8238 - mse: 0.8237 - ssim_metric: 0.1346
519/652 [======================>.......] - ETA: 55s - loss: 0.4809 - mae: 0.8238 - mse: 0.8238 - ssim_metric: 0.1346
520/652 [======================>.......] - ETA: 54s - loss: 0.4810 - mae: 0.8239 - mse: 0.8239 - ssim_metric: 0.1345
521/652 [======================>.......] - ETA: 54s - loss: 0.4812 - mae: 0.8240 - mse: 0.8240 - ssim_metric: 0.1345
522/652 [=======================>......] - ETA: 53s - loss: 0.4810 - mae: 0.8239 - mse: 0.8239 - ssim_metric: 0.1345
523/652 [=======================>......] - ETA: 53s - loss: 0.4813 - mae: 0.8241 - mse: 0.8240 - ssim_metric: 0.1344
524/652 [=======================>......] - ETA: 52s - loss: 0.4814 - mae: 0.8241 - mse: 0.8241 - ssim_metric: 0.1343
525/652 [=======================>......] - ETA: 52s - loss: 0.4811 - mae: 0.8238 - mse: 0.8238 - ssim_metric: 0.1346
526/652 [=======================>......] - ETA: 52s - loss: 0.4811 - mae: 0.8238 - mse: 0.8238 - ssim_metric: 0.1346
527/652 [=======================>......] - ETA: 51s - loss: 0.4811 - mae: 0.8239 - mse: 0.8239 - ssim_metric: 0.1346
528/652 [=======================>......] - ETA: 51s - loss: 0.4809 - mae: 0.8238 - mse: 0.8237 - ssim_metric: 0.1347
529/652 [=======================>......] - ETA: 50s - loss: 0.4809 - mae: 0.8238 - mse: 0.8238 - ssim_metric: 0.1347
530/652 [=======================>......] - ETA: 50s - loss: 0.4808 - mae: 0.8237 - mse: 0.8237 - ssim_metric: 0.1348
531/652 [=======================>......] - ETA: 50s - loss: 0.4807 - mae: 0.8237 - mse: 0.8237 - ssim_metric: 0.1348
532/652 [=======================>......] - ETA: 49s - loss: 0.4806 - mae: 0.8236 - mse: 0.8236 - ssim_metric: 0.1348
533/652 [=======================>......] - ETA: 49s - loss: 0.4805 - mae: 0.8235 - mse: 0.8235 - ssim_metric: 0.1349
534/652 [=======================>......] - ETA: 48s - loss: 0.4804 - mae: 0.8235 - mse: 0.8235 - ssim_metric: 0.1350
535/652 [=======================>......] - ETA: 48s - loss: 0.4803 - mae: 0.8234 - mse: 0.8234 - ssim_metric: 0.1350
536/652 [=======================>......] - ETA: 48s - loss: 0.4803 - mae: 0.8234 - mse: 0.8234 - ssim_metric: 0.1350
537/652 [=======================>......] - ETA: 47s - loss: 0.4804 - mae: 0.8235 - mse: 0.8235 - ssim_metric: 0.1349
538/652 [=======================>......] - ETA: 47s - loss: 0.4803 - mae: 0.8235 - mse: 0.8235 - ssim_metric: 0.1349
539/652 [=======================>......] - ETA: 46s - loss: 0.4802 - mae: 0.8234 - mse: 0.8234 - ssim_metric: 0.1350
540/652 [=======================>......] - ETA: 46s - loss: 0.4801 - mae: 0.8234 - mse: 0.8234 - ssim_metric: 0.1351
541/652 [=======================>......] - ETA: 45s - loss: 0.4802 - mae: 0.8234 - mse: 0.8234 - ssim_metric: 0.1350
542/652 [=======================>......] - ETA: 45s - loss: 0.4801 - mae: 0.8234 - mse: 0.8233 - ssim_metric: 0.1351
543/652 [=======================>......] - ETA: 45s - loss: 0.4801 - mae: 0.8234 - mse: 0.8234 - ssim_metric: 0.1350
544/652 [========================>.....] - ETA: 44s - loss: 0.4800 - mae: 0.8233 - mse: 0.8233 - ssim_metric: 0.1351
545/652 [========================>.....] - ETA: 44s - loss: 0.4800 - mae: 0.8233 - mse: 0.8233 - ssim_metric: 0.1351
546/652 [========================>.....] - ETA: 43s - loss: 0.4803 - mae: 0.8235 - mse: 0.8235 - ssim_metric: 0.1350
547/652 [========================>.....] - ETA: 43s - loss: 0.4802 - mae: 0.8234 - mse: 0.8234 - ssim_metric: 0.1350
548/652 [========================>.....] - ETA: 43s - loss: 0.4801 - mae: 0.8234 - mse: 0.8234 - ssim_metric: 0.1350
549/652 [========================>.....] - ETA: 42s - loss: 0.4801 - mae: 0.8234 - mse: 0.8234 - ssim_metric: 0.1351
550/652 [========================>.....] - ETA: 42s - loss: 0.4801 - mae: 0.8234 - mse: 0.8234 - ssim_metric: 0.1351
551/652 [========================>.....] - ETA: 41s - loss: 0.4799 - mae: 0.8233 - mse: 0.8233 - ssim_metric: 0.1352
552/652 [========================>.....] - ETA: 41s - loss: 0.4800 - mae: 0.8233 - mse: 0.8233 - ssim_metric: 0.1351
553/652 [========================>.....] - ETA: 40s - loss: 0.4799 - mae: 0.8233 - mse: 0.8233 - ssim_metric: 0.1352
554/652 [========================>.....] - ETA: 40s - loss: 0.4797 - mae: 0.8232 - mse: 0.8231 - ssim_metric: 0.1353
555/652 [========================>.....] - ETA: 40s - loss: 0.4800 - mae: 0.8233 - mse: 0.8233 - ssim_metric: 0.1352
556/652 [========================>.....] - ETA: 39s - loss: 0.4798 - mae: 0.8232 - mse: 0.8232 - ssim_metric: 0.1353
557/652 [========================>.....] - ETA: 39s - loss: 0.4799 - mae: 0.8233 - mse: 0.8233 - ssim_metric: 0.1352
558/652 [========================>.....] - ETA: 38s - loss: 0.4799 - mae: 0.8233 - mse: 0.8233 - ssim_metric: 0.1352
559/652 [========================>.....] - ETA: 38s - loss: 0.4800 - mae: 0.8233 - mse: 0.8233 - ssim_metric: 0.1352
560/652 [========================>.....] - ETA: 38s - loss: 0.4799 - mae: 0.8233 - mse: 0.8233 - ssim_metric: 0.1352
561/652 [========================>.....] - ETA: 37s - loss: 0.4798 - mae: 0.8232 - mse: 0.8232 - ssim_metric: 0.1352
562/652 [========================>.....] - ETA: 37s - loss: 0.4797 - mae: 0.8232 - mse: 0.8232 - ssim_metric: 0.1353
563/652 [========================>.....] - ETA: 36s - loss: 0.4795 - mae: 0.8230 - mse: 0.8230 - ssim_metric: 0.1355
564/652 [========================>.....] - ETA: 36s - loss: 0.4797 - mae: 0.8231 - mse: 0.8231 - ssim_metric: 0.1354
565/652 [========================>.....] - ETA: 36s - loss: 0.4799 - mae: 0.8233 - mse: 0.8233 - ssim_metric: 0.1352
566/652 [=========================>....] - ETA: 35s - loss: 0.4796 - mae: 0.8230 - mse: 0.8230 - ssim_metric: 0.1355
567/652 [=========================>....] - ETA: 35s - loss: 0.4796 - mae: 0.8230 - mse: 0.8230 - ssim_metric: 0.1355
568/652 [=========================>....] - ETA: 34s - loss: 0.4797 - mae: 0.8231 - mse: 0.8231 - ssim_metric: 0.1354
569/652 [=========================>....] - ETA: 34s - loss: 0.4795 - mae: 0.8229 - mse: 0.8229 - ssim_metric: 0.1356
570/652 [=========================>....] - ETA: 33s - loss: 0.4794 - mae: 0.8229 - mse: 0.8229 - ssim_metric: 0.1356
571/652 [=========================>....] - ETA: 33s - loss: 0.4796 - mae: 0.8230 - mse: 0.8230 - ssim_metric: 0.1355
572/652 [=========================>....] - ETA: 33s - loss: 0.4794 - mae: 0.8229 - mse: 0.8229 - ssim_metric: 0.1356
573/652 [=========================>....] - ETA: 32s - loss: 0.4793 - mae: 0.8229 - mse: 0.8229 - ssim_metric: 0.1357
574/652 [=========================>....] - ETA: 32s - loss: 0.4791 - mae: 0.8227 - mse: 0.8227 - ssim_metric: 0.1358
575/652 [=========================>....] - ETA: 31s - loss: 0.4789 - mae: 0.8225 - mse: 0.8225 - ssim_metric: 0.1360
576/652 [=========================>....] - ETA: 31s - loss: 0.4788 - mae: 0.8225 - mse: 0.8225 - ssim_metric: 0.1360
577/652 [=========================>....] - ETA: 31s - loss: 0.4791 - mae: 0.8226 - mse: 0.8226 - ssim_metric: 0.1359
578/652 [=========================>....] - ETA: 30s - loss: 0.4789 - mae: 0.8225 - mse: 0.8224 - ssim_metric: 0.1361
579/652 [=========================>....] - ETA: 30s - loss: 0.4791 - mae: 0.8226 - mse: 0.8226 - ssim_metric: 0.1360
580/652 [=========================>....] - ETA: 29s - loss: 0.4788 - mae: 0.8224 - mse: 0.8223 - ssim_metric: 0.1362
581/652 [=========================>....] - ETA: 29s - loss: 0.4789 - mae: 0.8224 - mse: 0.8224 - ssim_metric: 0.1362
582/652 [=========================>....] - ETA: 28s - loss: 0.4787 - mae: 0.8223 - mse: 0.8223 - ssim_metric: 0.1363
583/652 [=========================>....] - ETA: 28s - loss: 0.4789 - mae: 0.8224 - mse: 0.8224 - ssim_metric: 0.1362
584/652 [=========================>....] - ETA: 28s - loss: 0.4791 - mae: 0.8225 - mse: 0.8225 - ssim_metric: 0.1361
585/652 [=========================>....] - ETA: 27s - loss: 0.4791 - mae: 0.8225 - mse: 0.8225 - ssim_metric: 0.1361
586/652 [=========================>....] - ETA: 27s - loss: 0.4791 - mae: 0.8226 - mse: 0.8225 - ssim_metric: 0.1361
587/652 [==========================>...] - ETA: 26s - loss: 0.4790 - mae: 0.8225 - mse: 0.8225 - ssim_metric: 0.1361
588/652 [==========================>...] - ETA: 26s - loss: 0.4789 - mae: 0.8224 - mse: 0.8224 - ssim_metric: 0.1362
589/652 [==========================>...] - ETA: 26s - loss: 0.4790 - mae: 0.8225 - mse: 0.8225 - ssim_metric: 0.1361
590/652 [==========================>...] - ETA: 25s - loss: 0.4789 - mae: 0.8224 - mse: 0.8224 - ssim_metric: 0.1361
591/652 [==========================>...] - ETA: 25s - loss: 0.4788 - mae: 0.8224 - mse: 0.8224 - ssim_metric: 0.1361
592/652 [==========================>...] - ETA: 24s - loss: 0.4789 - mae: 0.8225 - mse: 0.8225 - ssim_metric: 0.1361
593/652 [==========================>...] - ETA: 24s - loss: 0.4788 - mae: 0.8224 - mse: 0.8224 - ssim_metric: 0.1362
594/652 [==========================>...] - ETA: 24s - loss: 0.4788 - mae: 0.8224 - mse: 0.8224 - ssim_metric: 0.1362
595/652 [==========================>...] - ETA: 23s - loss: 0.4790 - mae: 0.8225 - mse: 0.8225 - ssim_metric: 0.1361
596/652 [==========================>...] - ETA: 23s - loss: 0.4793 - mae: 0.8227 - mse: 0.8227 - ssim_metric: 0.1359
597/652 [==========================>...] - ETA: 22s - loss: 0.4793 - mae: 0.8227 - mse: 0.8227 - ssim_metric: 0.1359
598/652 [==========================>...] - ETA: 22s - loss: 0.4794 - mae: 0.8228 - mse: 0.8228 - ssim_metric: 0.1358
599/652 [==========================>...] - ETA: 21s - loss: 0.4794 - mae: 0.8228 - mse: 0.8228 - ssim_metric: 0.1358
600/652 [==========================>...] - ETA: 21s - loss: 0.4793 - mae: 0.8227 - mse: 0.8227 - ssim_metric: 0.1359
601/652 [==========================>...] - ETA: 21s - loss: 0.4795 - mae: 0.8228 - mse: 0.8228 - ssim_metric: 0.1358
602/652 [==========================>...] - ETA: 20s - loss: 0.4796 - mae: 0.8229 - mse: 0.8229 - ssim_metric: 0.1357
603/652 [==========================>...] - ETA: 20s - loss: 0.4794 - mae: 0.8228 - mse: 0.8227 - ssim_metric: 0.1358
604/652 [==========================>...] - ETA: 19s - loss: 0.4793 - mae: 0.8227 - mse: 0.8227 - ssim_metric: 0.1359
605/652 [==========================>...] - ETA: 19s - loss: 0.4792 - mae: 0.8226 - mse: 0.8226 - ssim_metric: 0.1359
606/652 [==========================>...] - ETA: 19s - loss: 0.4792 - mae: 0.8227 - mse: 0.8227 - ssim_metric: 0.1359
607/652 [==========================>...] - ETA: 18s - loss: 0.4792 - mae: 0.8227 - mse: 0.8227 - ssim_metric: 0.1358
608/652 [==========================>...] - ETA: 18s - loss: 0.4792 - mae: 0.8226 - mse: 0.8226 - ssim_metric: 0.1359
609/652 [===========================>..] - ETA: 17s - loss: 0.4791 - mae: 0.8226 - mse: 0.8226 - ssim_metric: 0.1359
610/652 [===========================>..] - ETA: 17s - loss: 0.4790 - mae: 0.8226 - mse: 0.8226 - ssim_metric: 0.1359
611/652 [===========================>..] - ETA: 16s - loss: 0.4790 - mae: 0.8226 - mse: 0.8226 - ssim_metric: 0.1359
612/652 [===========================>..] - ETA: 16s - loss: 0.4789 - mae: 0.8225 - mse: 0.8225 - ssim_metric: 0.1359
613/652 [===========================>..] - ETA: 16s - loss: 0.4789 - mae: 0.8225 - mse: 0.8225 - ssim_metric: 0.1359
614/652 [===========================>..] - ETA: 15s - loss: 0.4787 - mae: 0.8224 - mse: 0.8224 - ssim_metric: 0.1361
615/652 [===========================>..] - ETA: 15s - loss: 0.4787 - mae: 0.8224 - mse: 0.8224 - ssim_metric: 0.1360
616/652 [===========================>..] - ETA: 14s - loss: 0.4789 - mae: 0.8225 - mse: 0.8225 - ssim_metric: 0.1360
617/652 [===========================>..] - ETA: 14s - loss: 0.4790 - mae: 0.8226 - mse: 0.8225 - ssim_metric: 0.1359
618/652 [===========================>..] - ETA: 14s - loss: 0.4789 - mae: 0.8225 - mse: 0.8225 - ssim_metric: 0.1359
619/652 [===========================>..] - ETA: 13s - loss: 0.4787 - mae: 0.8224 - mse: 0.8224 - ssim_metric: 0.1361
620/652 [===========================>..] - ETA: 13s - loss: 0.4788 - mae: 0.8225 - mse: 0.8225 - ssim_metric: 0.1360
621/652 [===========================>..] - ETA: 12s - loss: 0.4791 - mae: 0.8226 - mse: 0.8226 - ssim_metric: 0.1359
622/652 [===========================>..] - ETA: 12s - loss: 0.4790 - mae: 0.8226 - mse: 0.8226 - ssim_metric: 0.1359
623/652 [===========================>..] - ETA: 12s - loss: 0.4792 - mae: 0.8227 - mse: 0.8227 - ssim_metric: 0.1358
624/652 [===========================>..] - ETA: 11s - loss: 0.4791 - mae: 0.8226 - mse: 0.8226 - ssim_metric: 0.1359
625/652 [===========================>..] - ETA: 11s - loss: 0.4790 - mae: 0.8225 - mse: 0.8225 - ssim_metric: 0.1359
626/652 [===========================>..] - ETA: 10s - loss: 0.4789 - mae: 0.8225 - mse: 0.8225 - ssim_metric: 0.1359
627/652 [===========================>..] - ETA: 10s - loss: 0.4788 - mae: 0.8224 - mse: 0.8224 - ssim_metric: 0.1361
628/652 [===========================>..] - ETA: 9s - loss: 0.4789 - mae: 0.8225 - mse: 0.8224 - ssim_metric: 0.1360 
629/652 [===========================>..] - ETA: 9s - loss: 0.4787 - mae: 0.8224 - mse: 0.8224 - ssim_metric: 0.1361
630/652 [===========================>..] - ETA: 9s - loss: 0.4786 - mae: 0.8223 - mse: 0.8223 - ssim_metric: 0.1361
631/652 [============================>.] - ETA: 8s - loss: 0.4786 - mae: 0.8223 - mse: 0.8223 - ssim_metric: 0.1361
632/652 [============================>.] - ETA: 8s - loss: 0.4787 - mae: 0.8223 - mse: 0.8223 - ssim_metric: 0.1361
633/652 [============================>.] - ETA: 7s - loss: 0.4786 - mae: 0.8223 - mse: 0.8223 - ssim_metric: 0.1361
634/652 [============================>.] - ETA: 7s - loss: 0.4787 - mae: 0.8224 - mse: 0.8224 - ssim_metric: 0.1361
635/652 [============================>.] - ETA: 7s - loss: 0.4787 - mae: 0.8224 - mse: 0.8224 - ssim_metric: 0.1360
636/652 [============================>.] - ETA: 6s - loss: 0.4787 - mae: 0.8225 - mse: 0.8224 - ssim_metric: 0.1360
637/652 [============================>.] - ETA: 6s - loss: 0.4786 - mae: 0.8224 - mse: 0.8224 - ssim_metric: 0.1361
638/652 [============================>.] - ETA: 5s - loss: 0.4784 - mae: 0.8222 - mse: 0.8221 - ssim_metric: 0.1363
639/652 [============================>.] - ETA: 5s - loss: 0.4782 - mae: 0.8220 - mse: 0.8220 - ssim_metric: 0.1364
640/652 [============================>.] - ETA: 4s - loss: 0.4783 - mae: 0.8221 - mse: 0.8221 - ssim_metric: 0.1363
641/652 [============================>.] - ETA: 4s - loss: 0.4783 - mae: 0.8221 - mse: 0.8221 - ssim_metric: 0.1363
642/652 [============================>.] - ETA: 4s - loss: 0.4782 - mae: 0.8220 - mse: 0.8220 - ssim_metric: 0.1364
643/652 [============================>.] - ETA: 3s - loss: 0.4784 - mae: 0.8222 - mse: 0.8221 - ssim_metric: 0.1363
644/652 [============================>.] - ETA: 3s - loss: 0.4784 - mae: 0.8222 - mse: 0.8222 - ssim_metric: 0.1362
645/652 [============================>.] - ETA: 2s - loss: 0.4785 - mae: 0.8222 - mse: 0.8222 - ssim_metric: 0.1362
646/652 [============================>.] - ETA: 2s - loss: 0.4785 - mae: 0.8222 - mse: 0.8222 - ssim_metric: 0.1362
647/652 [============================>.] - ETA: 2s - loss: 0.4785 - mae: 0.8223 - mse: 0.8222 - ssim_metric: 0.1362
648/652 [============================>.] - ETA: 1s - loss: 0.4782 - mae: 0.8220 - mse: 0.8220 - ssim_metric: 0.1364
649/652 [============================>.] - ETA: 1s - loss: 0.4781 - mae: 0.8219 - mse: 0.8219 - ssim_metric: 0.1365
650/652 [============================>.] - ETA: 0s - loss: 0.4782 - mae: 0.8220 - mse: 0.8220 - ssim_metric: 0.1364
651/652 [============================>.] - ETA: 0s - loss: 0.4781 - mae: 0.8219 - mse: 0.8219 - ssim_metric: 0.1365
652/652 [==============================] - ETA: 0s - loss: 0.4781 - mae: 0.8220 - mse: 0.8220 - ssim_metric: 0.1364
Epoch 4: saving model to C:\d_surucusu\visual_navigation\benchmark\models_pipeline\_lr_batch_probe\lr1e-3_b8\_JOB_lr1e-3_b8_05_09_2026__17_07_model_f48_k4_epoch_00004_helu_osigmoid_(1, 1)_.h5

Epoch 4: val_loss did not improve from 0.51466

Epoch 4: val_mae did not improve from 0.84426

Epoch 4: val_ssim_metric did not improve from 0.11815

652/652 [==============================] - 286s 439ms/step - loss: 0.4781 - mae: 0.8220 - mse: 0.8220 - ssim_metric: 0.1364 - val_loss: 0.5147 - val_mae: 0.8443 - val_mse: 0.8442 - val_ssim_metric: 0.1181
Epoch 5/6

  1/652 [..............................] - ETA: 4:47 - loss: 0.4563 - mae: 0.8153 - mse: 0.8153 - ssim_metric: 0.1406
  2/652 [..............................] - ETA: 4:28 - loss: 0.4200 - mae: 0.7851 - mse: 0.7851 - ssim_metric: 0.1672
  3/652 [..............................] - ETA: 4:28 - loss: 0.4649 - mae: 0.8152 - mse: 0.8152 - ssim_metric: 0.1433
  4/652 [..............................] - ETA: 4:27 - loss: 0.4409 - mae: 0.7964 - mse: 0.7964 - ssim_metric: 0.1593
  5/652 [..............................] - ETA: 4:27 - loss: 0.4255 - mae: 0.7839 - mse: 0.7839 - ssim_metric: 0.1685
  6/652 [..............................] - ETA: 4:27 - loss: 0.4267 - mae: 0.7863 - mse: 0.7863 - ssim_metric: 0.1666
  7/652 [..............................] - ETA: 4:26 - loss: 0.4246 - mae: 0.7858 - mse: 0.7858 - ssim_metric: 0.1689
  8/652 [..............................] - ETA: 4:26 - loss: 0.4249 - mae: 0.7869 - mse: 0.7869 - ssim_metric: 0.1691
  9/652 [..............................] - ETA: 4:26 - loss: 0.4178 - mae: 0.7810 - mse: 0.7810 - ssim_metric: 0.1749
 10/652 [..............................] - ETA: 4:25 - loss: 0.4481 - mae: 0.7969 - mse: 0.7969 - ssim_metric: 0.1610
 11/652 [..............................] - ETA: 4:25 - loss: 0.4513 - mae: 0.8002 - mse: 0.8002 - ssim_metric: 0.1576
 12/652 [..............................] - ETA: 4:24 - loss: 0.4500 - mae: 0.8001 - mse: 0.8001 - ssim_metric: 0.1570
 13/652 [..............................] - ETA: 4:24 - loss: 0.4562 - mae: 0.8049 - mse: 0.8049 - ssim_metric: 0.1528
 14/652 [..............................] - ETA: 4:23 - loss: 0.4539 - mae: 0.8038 - mse: 0.8038 - ssim_metric: 0.1534
 15/652 [..............................] - ETA: 4:23 - loss: 0.4580 - mae: 0.8071 - mse: 0.8071 - ssim_metric: 0.1501
 16/652 [..............................] - ETA: 4:22 - loss: 0.4653 - mae: 0.8119 - mse: 0.8119 - ssim_metric: 0.1459
 17/652 [..............................] - ETA: 4:22 - loss: 0.4755 - mae: 0.8178 - mse: 0.8178 - ssim_metric: 0.1414
 18/652 [..............................] - ETA: 4:22 - loss: 0.4786 - mae: 0.8203 - mse: 0.8203 - ssim_metric: 0.1388
 19/652 [..............................] - ETA: 4:21 - loss: 0.4840 - mae: 0.8238 - mse: 0.8238 - ssim_metric: 0.1356
 20/652 [..............................] - ETA: 4:21 - loss: 0.4819 - mae: 0.8229 - mse: 0.8229 - ssim_metric: 0.1366
 21/652 [..............................] - ETA: 4:21 - loss: 0.4770 - mae: 0.8195 - mse: 0.8195 - ssim_metric: 0.1395
 22/652 [>.............................] - ETA: 4:20 - loss: 0.4752 - mae: 0.8187 - mse: 0.8187 - ssim_metric: 0.1403
 23/652 [>.............................] - ETA: 4:20 - loss: 0.4805 - mae: 0.8220 - mse: 0.8220 - ssim_metric: 0.1375
 24/652 [>.............................] - ETA: 4:19 - loss: 0.4754 - mae: 0.8180 - mse: 0.8180 - ssim_metric: 0.1403
 25/652 [>.............................] - ETA: 4:19 - loss: 0.4726 - mae: 0.8162 - mse: 0.8162 - ssim_metric: 0.1417
 26/652 [>.............................] - ETA: 4:19 - loss: 0.4706 - mae: 0.8152 - mse: 0.8152 - ssim_metric: 0.1427
 27/652 [>.............................] - ETA: 4:18 - loss: 0.4660 - mae: 0.8115 - mse: 0.8115 - ssim_metric: 0.1458
 28/652 [>.............................] - ETA: 4:18 - loss: 0.4641 - mae: 0.8105 - mse: 0.8105 - ssim_metric: 0.1468
 29/652 [>.............................] - ETA: 4:17 - loss: 0.4699 - mae: 0.8139 - mse: 0.8139 - ssim_metric: 0.1440
 30/652 [>.............................] - ETA: 4:17 - loss: 0.4738 - mae: 0.8165 - mse: 0.8164 - ssim_metric: 0.1418
 31/652 [>.............................] - ETA: 4:16 - loss: 0.4710 - mae: 0.8147 - mse: 0.8147 - ssim_metric: 0.1439
 32/652 [>.............................] - ETA: 4:16 - loss: 0.4698 - mae: 0.8141 - mse: 0.8141 - ssim_metric: 0.1441
 33/652 [>.............................] - ETA: 4:16 - loss: 0.4744 - mae: 0.8169 - mse: 0.8168 - ssim_metric: 0.1419
 34/652 [>.............................] - ETA: 4:15 - loss: 0.4721 - mae: 0.8154 - mse: 0.8154 - ssim_metric: 0.1430
 35/652 [>.............................] - ETA: 4:15 - loss: 0.4687 - mae: 0.8128 - mse: 0.8128 - ssim_metric: 0.1452
 36/652 [>.............................] - ETA: 4:14 - loss: 0.4687 - mae: 0.8131 - mse: 0.8131 - ssim_metric: 0.1447
 37/652 [>.............................] - ETA: 4:14 - loss: 0.4687 - mae: 0.8133 - mse: 0.8133 - ssim_metric: 0.1446
 38/652 [>.............................] - ETA: 4:14 - loss: 0.4676 - mae: 0.8128 - mse: 0.8128 - ssim_metric: 0.1449
 39/652 [>.............................] - ETA: 4:13 - loss: 0.4710 - mae: 0.8149 - mse: 0.8149 - ssim_metric: 0.1430
 40/652 [>.............................] - ETA: 4:13 - loss: 0.4746 - mae: 0.8171 - mse: 0.8171 - ssim_metric: 0.1409
 41/652 [>.............................] - ETA: 4:12 - loss: 0.4768 - mae: 0.8187 - mse: 0.8186 - ssim_metric: 0.1395
 42/652 [>.............................] - ETA: 4:12 - loss: 0.4790 - mae: 0.8202 - mse: 0.8201 - ssim_metric: 0.1383
 43/652 [>.............................] - ETA: 4:11 - loss: 0.4827 - mae: 0.8222 - mse: 0.8222 - ssim_metric: 0.1365
 44/652 [=>............................] - ETA: 4:11 - loss: 0.4823 - mae: 0.8222 - mse: 0.8222 - ssim_metric: 0.1365
 45/652 [=>............................] - ETA: 4:11 - loss: 0.4844 - mae: 0.8237 - mse: 0.8237 - ssim_metric: 0.1355
 46/652 [=>............................] - ETA: 4:10 - loss: 0.4853 - mae: 0.8245 - mse: 0.8245 - ssim_metric: 0.1352
 47/652 [=>............................] - ETA: 4:10 - loss: 0.4867 - mae: 0.8255 - mse: 0.8255 - ssim_metric: 0.1342
 48/652 [=>............................] - ETA: 4:09 - loss: 0.4858 - mae: 0.8251 - mse: 0.8251 - ssim_metric: 0.1344
 49/652 [=>............................] - ETA: 4:09 - loss: 0.4835 - mae: 0.8234 - mse: 0.8233 - ssim_metric: 0.1358
 50/652 [=>............................] - ETA: 4:09 - loss: 0.4822 - mae: 0.8226 - mse: 0.8226 - ssim_metric: 0.1360
 51/652 [=>............................] - ETA: 4:08 - loss: 0.4805 - mae: 0.8215 - mse: 0.8215 - ssim_metric: 0.1370
 52/652 [=>............................] - ETA: 4:08 - loss: 0.4807 - mae: 0.8218 - mse: 0.8218 - ssim_metric: 0.1367
 53/652 [=>............................] - ETA: 4:07 - loss: 0.4798 - mae: 0.8213 - mse: 0.8213 - ssim_metric: 0.1369
 54/652 [=>............................] - ETA: 4:07 - loss: 0.4811 - mae: 0.8223 - mse: 0.8223 - ssim_metric: 0.1361
 55/652 [=>............................] - ETA: 4:06 - loss: 0.4813 - mae: 0.8226 - mse: 0.8226 - ssim_metric: 0.1358
 56/652 [=>............................] - ETA: 4:06 - loss: 0.4802 - mae: 0.8220 - mse: 0.8219 - ssim_metric: 0.1365
 57/652 [=>............................] - ETA: 4:06 - loss: 0.4798 - mae: 0.8219 - mse: 0.8219 - ssim_metric: 0.1365
 58/652 [=>............................] - ETA: 4:05 - loss: 0.4801 - mae: 0.8222 - mse: 0.8222 - ssim_metric: 0.1360
 59/652 [=>............................] - ETA: 4:05 - loss: 0.4802 - mae: 0.8224 - mse: 0.8224 - ssim_metric: 0.1357
 60/652 [=>............................] - ETA: 4:04 - loss: 0.4790 - mae: 0.8217 - mse: 0.8217 - ssim_metric: 0.1365
 61/652 [=>............................] - ETA: 4:04 - loss: 0.4787 - mae: 0.8216 - mse: 0.8216 - ssim_metric: 0.1364
 62/652 [=>............................] - ETA: 4:04 - loss: 0.4785 - mae: 0.8216 - mse: 0.8216 - ssim_metric: 0.1363
 63/652 [=>............................] - ETA: 4:03 - loss: 0.4771 - mae: 0.8207 - mse: 0.8206 - ssim_metric: 0.1372
 64/652 [=>............................] - ETA: 4:03 - loss: 0.4754 - mae: 0.8194 - mse: 0.8194 - ssim_metric: 0.1383
 65/652 [=>............................] - ETA: 4:02 - loss: 0.4786 - mae: 0.8211 - mse: 0.8211 - ssim_metric: 0.1370
 66/652 [==>...........................] - ETA: 4:02 - loss: 0.4801 - mae: 0.8221 - mse: 0.8220 - ssim_metric: 0.1362
 67/652 [==>...........................] - ETA: 4:01 - loss: 0.4787 - mae: 0.8211 - mse: 0.8211 - ssim_metric: 0.1368
 68/652 [==>...........................] - ETA: 4:01 - loss: 0.4785 - mae: 0.8211 - mse: 0.8211 - ssim_metric: 0.1368
 69/652 [==>...........................] - ETA: 4:01 - loss: 0.4784 - mae: 0.8212 - mse: 0.8211 - ssim_metric: 0.1368
 70/652 [==>...........................] - ETA: 4:00 - loss: 0.4806 - mae: 0.8224 - mse: 0.8224 - ssim_metric: 0.1357
 71/652 [==>...........................] - ETA: 4:00 - loss: 0.4809 - mae: 0.8228 - mse: 0.8228 - ssim_metric: 0.1354
 72/652 [==>...........................] - ETA: 3:59 - loss: 0.4800 - mae: 0.8222 - mse: 0.8221 - ssim_metric: 0.1358
 73/652 [==>...........................] - ETA: 3:59 - loss: 0.4816 - mae: 0.8232 - mse: 0.8232 - ssim_metric: 0.1350
 74/652 [==>...........................] - ETA: 3:59 - loss: 0.4824 - mae: 0.8238 - mse: 0.8237 - ssim_metric: 0.1345
 75/652 [==>...........................] - ETA: 3:58 - loss: 0.4830 - mae: 0.8242 - mse: 0.8242 - ssim_metric: 0.1340
 76/652 [==>...........................] - ETA: 3:58 - loss: 0.4837 - mae: 0.8248 - mse: 0.8248 - ssim_metric: 0.1336
 77/652 [==>...........................] - ETA: 3:57 - loss: 0.4833 - mae: 0.8246 - mse: 0.8246 - ssim_metric: 0.1338
 78/652 [==>...........................] - ETA: 3:57 - loss: 0.4837 - mae: 0.8250 - mse: 0.8250 - ssim_metric: 0.1334
 79/652 [==>...........................] - ETA: 3:56 - loss: 0.4850 - mae: 0.8258 - mse: 0.8258 - ssim_metric: 0.1327
 80/652 [==>...........................] - ETA: 3:56 - loss: 0.4849 - mae: 0.8259 - mse: 0.8258 - ssim_metric: 0.1326
 81/652 [==>...........................] - ETA: 3:56 - loss: 0.4859 - mae: 0.8265 - mse: 0.8265 - ssim_metric: 0.1320
 82/652 [==>...........................] - ETA: 3:55 - loss: 0.4858 - mae: 0.8266 - mse: 0.8266 - ssim_metric: 0.1320
 83/652 [==>...........................] - ETA: 3:55 - loss: 0.4882 - mae: 0.8278 - mse: 0.8278 - ssim_metric: 0.1309
 84/652 [==>...........................] - ETA: 3:54 - loss: 0.4901 - mae: 0.8288 - mse: 0.8288 - ssim_metric: 0.1301
 85/652 [==>...........................] - ETA: 3:54 - loss: 0.4895 - mae: 0.8286 - mse: 0.8286 - ssim_metric: 0.1304
 86/652 [==>...........................] - ETA: 3:54 - loss: 0.4903 - mae: 0.8291 - mse: 0.8291 - ssim_metric: 0.1299
 87/652 [===>..........................] - ETA: 3:53 - loss: 0.4902 - mae: 0.8292 - mse: 0.8291 - ssim_metric: 0.1297
 88/652 [===>..........................] - ETA: 3:53 - loss: 0.4890 - mae: 0.8283 - mse: 0.8283 - ssim_metric: 0.1304
 89/652 [===>..........................] - ETA: 3:52 - loss: 0.4885 - mae: 0.8281 - mse: 0.8281 - ssim_metric: 0.1306
 90/652 [===>..........................] - ETA: 3:52 - loss: 0.4866 - mae: 0.8264 - mse: 0.8264 - ssim_metric: 0.1319
 91/652 [===>..........................] - ETA: 3:52 - loss: 0.4867 - mae: 0.8266 - mse: 0.8266 - ssim_metric: 0.1318
 92/652 [===>..........................] - ETA: 3:51 - loss: 0.4860 - mae: 0.8262 - mse: 0.8262 - ssim_metric: 0.1321
 93/652 [===>..........................] - ETA: 3:51 - loss: 0.4854 - mae: 0.8259 - mse: 0.8258 - ssim_metric: 0.1323
 94/652 [===>..........................] - ETA: 3:50 - loss: 0.4873 - mae: 0.8269 - mse: 0.8268 - ssim_metric: 0.1315
 95/652 [===>..........................] - ETA: 3:50 - loss: 0.4884 - mae: 0.8276 - mse: 0.8276 - ssim_metric: 0.1309
 96/652 [===>..........................] - ETA: 3:49 - loss: 0.4908 - mae: 0.8287 - mse: 0.8287 - ssim_metric: 0.1299
 97/652 [===>..........................] - ETA: 3:49 - loss: 0.4893 - mae: 0.8275 - mse: 0.8275 - ssim_metric: 0.1311
 98/652 [===>..........................] - ETA: 3:49 - loss: 0.4888 - mae: 0.8273 - mse: 0.8273 - ssim_metric: 0.1312
 99/652 [===>..........................] - ETA: 3:48 - loss: 0.4900 - mae: 0.8280 - mse: 0.8280 - ssim_metric: 0.1306
100/652 [===>..........................] - ETA: 3:48 - loss: 0.4892 - mae: 0.8276 - mse: 0.8275 - ssim_metric: 0.1311
101/652 [===>..........................] - ETA: 3:47 - loss: 0.4911 - mae: 0.8285 - mse: 0.8285 - ssim_metric: 0.1303
102/652 [===>..........................] - ETA: 3:47 - loss: 0.4910 - mae: 0.8285 - mse: 0.8285 - ssim_metric: 0.1302
103/652 [===>..........................] - ETA: 3:47 - loss: 0.4899 - mae: 0.8278 - mse: 0.8278 - ssim_metric: 0.1309
104/652 [===>..........................] - ETA: 3:46 - loss: 0.4906 - mae: 0.8283 - mse: 0.8283 - ssim_metric: 0.1305
105/652 [===>..........................] - ETA: 3:46 - loss: 0.4924 - mae: 0.8292 - mse: 0.8292 - ssim_metric: 0.1297
106/652 [===>..........................] - ETA: 3:45 - loss: 0.4914 - mae: 0.8285 - mse: 0.8285 - ssim_metric: 0.1302
107/652 [===>..........................] - ETA: 3:45 - loss: 0.4902 - mae: 0.8278 - mse: 0.8277 - ssim_metric: 0.1312
108/652 [===>..........................] - ETA: 3:44 - loss: 0.4910 - mae: 0.8283 - mse: 0.8283 - ssim_metric: 0.1307
109/652 [====>.........................] - ETA: 3:44 - loss: 0.4906 - mae: 0.8281 - mse: 0.8281 - ssim_metric: 0.1309
110/652 [====>.........................] - ETA: 3:44 - loss: 0.4905 - mae: 0.8282 - mse: 0.8281 - ssim_metric: 0.1308
111/652 [====>.........................] - ETA: 3:43 - loss: 0.4898 - mae: 0.8277 - mse: 0.8277 - ssim_metric: 0.1312
112/652 [====>.........................] - ETA: 3:43 - loss: 0.4906 - mae: 0.8282 - mse: 0.8282 - ssim_metric: 0.1307
113/652 [====>.........................] - ETA: 3:42 - loss: 0.4909 - mae: 0.8285 - mse: 0.8285 - ssim_metric: 0.1304
114/652 [====>.........................] - ETA: 3:42 - loss: 0.4915 - mae: 0.8289 - mse: 0.8288 - ssim_metric: 0.1300
115/652 [====>.........................] - ETA: 3:42 - loss: 0.4902 - mae: 0.8279 - mse: 0.8278 - ssim_metric: 0.1308
116/652 [====>.........................] - ETA: 3:41 - loss: 0.4899 - mae: 0.8277 - mse: 0.8277 - ssim_metric: 0.1309
117/652 [====>.........................] - ETA: 3:41 - loss: 0.4894 - mae: 0.8275 - mse: 0.8275 - ssim_metric: 0.1311
118/652 [====>.........................] - ETA: 3:40 - loss: 0.4895 - mae: 0.8277 - mse: 0.8276 - ssim_metric: 0.1309
119/652 [====>.........................] - ETA: 3:40 - loss: 0.4885 - mae: 0.8269 - mse: 0.8269 - ssim_metric: 0.1315
120/652 [====>.........................] - ETA: 3:40 - loss: 0.4880 - mae: 0.8267 - mse: 0.8266 - ssim_metric: 0.1318
121/652 [====>.........................] - ETA: 3:39 - loss: 0.4886 - mae: 0.8271 - mse: 0.8270 - ssim_metric: 0.1315
122/652 [====>.........................] - ETA: 3:39 - loss: 0.4896 - mae: 0.8277 - mse: 0.8276 - ssim_metric: 0.1310
123/652 [====>.........................] - ETA: 3:38 - loss: 0.4902 - mae: 0.8281 - mse: 0.8281 - ssim_metric: 0.1306
124/652 [====>.........................] - ETA: 3:38 - loss: 0.4912 - mae: 0.8287 - mse: 0.8287 - ssim_metric: 0.1301
125/652 [====>.........................] - ETA: 3:37 - loss: 0.4910 - mae: 0.8286 - mse: 0.8286 - ssim_metric: 0.1302
126/652 [====>.........................] - ETA: 3:37 - loss: 0.4903 - mae: 0.8281 - mse: 0.8281 - ssim_metric: 0.1305
127/652 [====>.........................] - ETA: 3:37 - loss: 0.4900 - mae: 0.8281 - mse: 0.8280 - ssim_metric: 0.1306
128/652 [====>.........................] - ETA: 3:36 - loss: 0.4919 - mae: 0.8289 - mse: 0.8289 - ssim_metric: 0.1299
129/652 [====>.........................] - ETA: 3:36 - loss: 0.4926 - mae: 0.8294 - mse: 0.8294 - ssim_metric: 0.1295
130/652 [====>.........................] - ETA: 3:35 - loss: 0.4932 - mae: 0.8298 - mse: 0.8298 - ssim_metric: 0.1291
131/652 [=====>........................] - ETA: 3:35 - loss: 0.4928 - mae: 0.8296 - mse: 0.8296 - ssim_metric: 0.1295
132/652 [=====>........................] - ETA: 3:35 - loss: 0.4918 - mae: 0.8289 - mse: 0.8288 - ssim_metric: 0.1301
133/652 [=====>........................] - ETA: 3:34 - loss: 0.4910 - mae: 0.8284 - mse: 0.8284 - ssim_metric: 0.1304
134/652 [=====>........................] - ETA: 3:34 - loss: 0.4916 - mae: 0.8288 - mse: 0.8288 - ssim_metric: 0.1301
135/652 [=====>........................] - ETA: 3:33 - loss: 0.4914 - mae: 0.8287 - mse: 0.8287 - ssim_metric: 0.1301
136/652 [=====>........................] - ETA: 3:33 - loss: 0.4912 - mae: 0.8286 - mse: 0.8286 - ssim_metric: 0.1302
137/652 [=====>........................] - ETA: 3:32 - loss: 0.4903 - mae: 0.8280 - mse: 0.8280 - ssim_metric: 0.1308
138/652 [=====>........................] - ETA: 3:32 - loss: 0.4907 - mae: 0.8283 - mse: 0.8283 - ssim_metric: 0.1305
139/652 [=====>........................] - ETA: 3:32 - loss: 0.4900 - mae: 0.8279 - mse: 0.8279 - ssim_metric: 0.1309
140/652 [=====>........................] - ETA: 3:31 - loss: 0.4902 - mae: 0.8281 - mse: 0.8280 - ssim_metric: 0.1308
141/652 [=====>........................] - ETA: 3:31 - loss: 0.4903 - mae: 0.8282 - mse: 0.8282 - ssim_metric: 0.1306
142/652 [=====>........................] - ETA: 3:30 - loss: 0.4900 - mae: 0.8281 - mse: 0.8281 - ssim_metric: 0.1306
143/652 [=====>........................] - ETA: 3:30 - loss: 0.4888 - mae: 0.8270 - mse: 0.8270 - ssim_metric: 0.1317
144/652 [=====>........................] - ETA: 3:30 - loss: 0.4888 - mae: 0.8271 - mse: 0.8271 - ssim_metric: 0.1315
145/652 [=====>........................] - ETA: 3:29 - loss: 0.4886 - mae: 0.8270 - mse: 0.8270 - ssim_metric: 0.1316
146/652 [=====>........................] - ETA: 3:29 - loss: 0.4885 - mae: 0.8270 - mse: 0.8270 - ssim_metric: 0.1316
147/652 [=====>........................] - ETA: 3:28 - loss: 0.4888 - mae: 0.8272 - mse: 0.8272 - ssim_metric: 0.1314
148/652 [=====>........................] - ETA: 3:28 - loss: 0.4886 - mae: 0.8272 - mse: 0.8271 - ssim_metric: 0.1315
149/652 [=====>........................] - ETA: 3:28 - loss: 0.4892 - mae: 0.8276 - mse: 0.8276 - ssim_metric: 0.1311
150/652 [=====>........................] - ETA: 3:27 - loss: 0.4893 - mae: 0.8277 - mse: 0.8277 - ssim_metric: 0.1310
151/652 [=====>........................] - ETA: 3:27 - loss: 0.4897 - mae: 0.8280 - mse: 0.8280 - ssim_metric: 0.1307
152/652 [=====>........................] - ETA: 3:26 - loss: 0.4908 - mae: 0.8286 - mse: 0.8286 - ssim_metric: 0.1302
153/652 [======>.......................] - ETA: 3:26 - loss: 0.4905 - mae: 0.8284 - mse: 0.8284 - ssim_metric: 0.1303
154/652 [======>.......................] - ETA: 3:25 - loss: 0.4901 - mae: 0.8282 - mse: 0.8282 - ssim_metric: 0.1305
155/652 [======>.......................] - ETA: 3:25 - loss: 0.4898 - mae: 0.8281 - mse: 0.8281 - ssim_metric: 0.1307
156/652 [======>.......................] - ETA: 3:25 - loss: 0.4901 - mae: 0.8284 - mse: 0.8283 - ssim_metric: 0.1305
157/652 [======>.......................] - ETA: 3:24 - loss: 0.4893 - mae: 0.8277 - mse: 0.8277 - ssim_metric: 0.1312
158/652 [======>.......................] - ETA: 3:24 - loss: 0.4892 - mae: 0.8277 - mse: 0.8277 - ssim_metric: 0.1312
159/652 [======>.......................] - ETA: 3:23 - loss: 0.4886 - mae: 0.8273 - mse: 0.8273 - ssim_metric: 0.1314
160/652 [======>.......................] - ETA: 3:23 - loss: 0.4884 - mae: 0.8272 - mse: 0.8272 - ssim_metric: 0.1315
161/652 [======>.......................] - ETA: 3:23 - loss: 0.4884 - mae: 0.8273 - mse: 0.8273 - ssim_metric: 0.1315
162/652 [======>.......................] - ETA: 3:22 - loss: 0.4883 - mae: 0.8273 - mse: 0.8273 - ssim_metric: 0.1315
163/652 [======>.......................] - ETA: 3:22 - loss: 0.4880 - mae: 0.8271 - mse: 0.8271 - ssim_metric: 0.1317
164/652 [======>.......................] - ETA: 3:21 - loss: 0.4878 - mae: 0.8271 - mse: 0.8271 - ssim_metric: 0.1317
165/652 [======>.......................] - ETA: 3:21 - loss: 0.4876 - mae: 0.8270 - mse: 0.8270 - ssim_metric: 0.1318
166/652 [======>.......................] - ETA: 3:21 - loss: 0.4878 - mae: 0.8272 - mse: 0.8272 - ssim_metric: 0.1316
167/652 [======>.......................] - ETA: 3:20 - loss: 0.4872 - mae: 0.8267 - mse: 0.8267 - ssim_metric: 0.1320
168/652 [======>.......................] - ETA: 3:20 - loss: 0.4872 - mae: 0.8268 - mse: 0.8268 - ssim_metric: 0.1319
169/652 [======>.......................] - ETA: 3:19 - loss: 0.4874 - mae: 0.8270 - mse: 0.8270 - ssim_metric: 0.1318
170/652 [======>.......................] - ETA: 3:19 - loss: 0.4884 - mae: 0.8275 - mse: 0.8275 - ssim_metric: 0.1313
171/652 [======>.......................] - ETA: 3:18 - loss: 0.4883 - mae: 0.8275 - mse: 0.8275 - ssim_metric: 0.1313
172/652 [======>.......................] - ETA: 3:18 - loss: 0.4879 - mae: 0.8273 - mse: 0.8273 - ssim_metric: 0.1315
173/652 [======>.......................] - ETA: 3:18 - loss: 0.4879 - mae: 0.8273 - mse: 0.8273 - ssim_metric: 0.1315
174/652 [=======>......................] - ETA: 3:17 - loss: 0.4884 - mae: 0.8277 - mse: 0.8277 - ssim_metric: 0.1312
175/652 [=======>......................] - ETA: 3:17 - loss: 0.4891 - mae: 0.8281 - mse: 0.8281 - ssim_metric: 0.1308
176/652 [=======>......................] - ETA: 3:16 - loss: 0.4889 - mae: 0.8280 - mse: 0.8280 - ssim_metric: 0.1308
177/652 [=======>......................] - ETA: 3:16 - loss: 0.4892 - mae: 0.8282 - mse: 0.8282 - ssim_metric: 0.1307
178/652 [=======>......................] - ETA: 3:16 - loss: 0.4892 - mae: 0.8283 - mse: 0.8283 - ssim_metric: 0.1306
179/652 [=======>......................] - ETA: 3:15 - loss: 0.4886 - mae: 0.8279 - mse: 0.8279 - ssim_metric: 0.1310
180/652 [=======>......................] - ETA: 3:15 - loss: 0.4883 - mae: 0.8277 - mse: 0.8277 - ssim_metric: 0.1311
181/652 [=======>......................] - ETA: 3:14 - loss: 0.4887 - mae: 0.8280 - mse: 0.8280 - ssim_metric: 0.1308
182/652 [=======>......................] - ETA: 3:14 - loss: 0.4883 - mae: 0.8278 - mse: 0.8278 - ssim_metric: 0.1310
183/652 [=======>......................] - ETA: 3:13 - loss: 0.4881 - mae: 0.8277 - mse: 0.8277 - ssim_metric: 0.1310
184/652 [=======>......................] - ETA: 3:13 - loss: 0.4885 - mae: 0.8279 - mse: 0.8279 - ssim_metric: 0.1308
185/652 [=======>......................] - ETA: 3:13 - loss: 0.4886 - mae: 0.8280 - mse: 0.8280 - ssim_metric: 0.1307
186/652 [=======>......................] - ETA: 3:12 - loss: 0.4882 - mae: 0.8279 - mse: 0.8278 - ssim_metric: 0.1309
187/652 [=======>......................] - ETA: 3:12 - loss: 0.4882 - mae: 0.8279 - mse: 0.8279 - ssim_metric: 0.1310
188/652 [=======>......................] - ETA: 3:11 - loss: 0.4879 - mae: 0.8277 - mse: 0.8277 - ssim_metric: 0.1311
189/652 [=======>......................] - ETA: 3:11 - loss: 0.4874 - mae: 0.8274 - mse: 0.8273 - ssim_metric: 0.1313
190/652 [=======>......................] - ETA: 3:11 - loss: 0.4869 - mae: 0.8270 - mse: 0.8270 - ssim_metric: 0.1317
191/652 [=======>......................] - ETA: 3:10 - loss: 0.4870 - mae: 0.8271 - mse: 0.8271 - ssim_metric: 0.1315
192/652 [=======>......................] - ETA: 3:10 - loss: 0.4870 - mae: 0.8272 - mse: 0.8272 - ssim_metric: 0.1315
193/652 [=======>......................] - ETA: 3:09 - loss: 0.4868 - mae: 0.8271 - mse: 0.8271 - ssim_metric: 0.1316
194/652 [=======>......................] - ETA: 3:09 - loss: 0.4869 - mae: 0.8272 - mse: 0.8272 - ssim_metric: 0.1315
195/652 [=======>......................] - ETA: 3:09 - loss: 0.4873 - mae: 0.8275 - mse: 0.8275 - ssim_metric: 0.1313
196/652 [========>.....................] - ETA: 3:08 - loss: 0.4874 - mae: 0.8276 - mse: 0.8276 - ssim_metric: 0.1312
197/652 [========>.....................] - ETA: 3:08 - loss: 0.4876 - mae: 0.8277 - mse: 0.8277 - ssim_metric: 0.1311
198/652 [========>.....................] - ETA: 3:07 - loss: 0.4876 - mae: 0.8278 - mse: 0.8278 - ssim_metric: 0.1310
199/652 [========>.....................] - ETA: 3:07 - loss: 0.4869 - mae: 0.8273 - mse: 0.8273 - ssim_metric: 0.1315
200/652 [========>.....................] - ETA: 3:06 - loss: 0.4875 - mae: 0.8276 - mse: 0.8276 - ssim_metric: 0.1312
201/652 [========>.....................] - ETA: 3:06 - loss: 0.4884 - mae: 0.8281 - mse: 0.8281 - ssim_metric: 0.1308
202/652 [========>.....................] - ETA: 3:06 - loss: 0.4883 - mae: 0.8281 - mse: 0.8281 - ssim_metric: 0.1308
203/652 [========>.....................] - ETA: 3:05 - loss: 0.4884 - mae: 0.8282 - mse: 0.8282 - ssim_metric: 0.1306
204/652 [========>.....................] - ETA: 3:05 - loss: 0.4889 - mae: 0.8285 - mse: 0.8285 - ssim_metric: 0.1304
205/652 [========>.....................] - ETA: 3:04 - loss: 0.4887 - mae: 0.8284 - mse: 0.8284 - ssim_metric: 0.1304
206/652 [========>.....................] - ETA: 3:04 - loss: 0.4881 - mae: 0.8280 - mse: 0.8280 - ssim_metric: 0.1309
207/652 [========>.....................] - ETA: 3:04 - loss: 0.4880 - mae: 0.8280 - mse: 0.8280 - ssim_metric: 0.1309
208/652 [========>.....................] - ETA: 3:03 - loss: 0.4881 - mae: 0.8280 - mse: 0.8280 - ssim_metric: 0.1308
209/652 [========>.....................] - ETA: 3:03 - loss: 0.4879 - mae: 0.8279 - mse: 0.8279 - ssim_metric: 0.1309
210/652 [========>.....................] - ETA: 3:02 - loss: 0.4883 - mae: 0.8282 - mse: 0.8282 - ssim_metric: 0.1307
211/652 [========>.....................] - ETA: 3:02 - loss: 0.4888 - mae: 0.8285 - mse: 0.8285 - ssim_metric: 0.1304
212/652 [========>.....................] - ETA: 3:02 - loss: 0.4891 - mae: 0.8287 - mse: 0.8287 - ssim_metric: 0.1303
213/652 [========>.....................] - ETA: 3:01 - loss: 0.4891 - mae: 0.8288 - mse: 0.8288 - ssim_metric: 0.1302
214/652 [========>.....................] - ETA: 3:01 - loss: 0.4891 - mae: 0.8288 - mse: 0.8288 - ssim_metric: 0.1303
215/652 [========>.....................] - ETA: 3:00 - loss: 0.4884 - mae: 0.8283 - mse: 0.8282 - ssim_metric: 0.1308
216/652 [========>.....................] - ETA: 3:00 - loss: 0.4882 - mae: 0.8282 - mse: 0.8282 - ssim_metric: 0.1309
217/652 [========>.....................] - ETA: 2:59 - loss: 0.4882 - mae: 0.8282 - mse: 0.8282 - ssim_metric: 0.1308
218/652 [=========>....................] - ETA: 2:59 - loss: 0.4886 - mae: 0.8285 - mse: 0.8285 - ssim_metric: 0.1306
219/652 [=========>....................] - ETA: 2:59 - loss: 0.4884 - mae: 0.8284 - mse: 0.8284 - ssim_metric: 0.1307
220/652 [=========>....................] - ETA: 2:58 - loss: 0.4879 - mae: 0.8281 - mse: 0.8280 - ssim_metric: 0.1310
221/652 [=========>....................] - ETA: 2:58 - loss: 0.4878 - mae: 0.8280 - mse: 0.8280 - ssim_metric: 0.1310
222/652 [=========>....................] - ETA: 2:57 - loss: 0.4884 - mae: 0.8283 - mse: 0.8283 - ssim_metric: 0.1307
223/652 [=========>....................] - ETA: 2:57 - loss: 0.4878 - mae: 0.8279 - mse: 0.8279 - ssim_metric: 0.1311
224/652 [=========>....................] - ETA: 2:57 - loss: 0.4881 - mae: 0.8281 - mse: 0.8281 - ssim_metric: 0.1309
225/652 [=========>....................] - ETA: 2:56 - loss: 0.4883 - mae: 0.8283 - mse: 0.8283 - ssim_metric: 0.1308
226/652 [=========>....................] - ETA: 2:56 - loss: 0.4883 - mae: 0.8283 - mse: 0.8283 - ssim_metric: 0.1307
227/652 [=========>....................] - ETA: 2:55 - loss: 0.4882 - mae: 0.8283 - mse: 0.8283 - ssim_metric: 0.1308
228/652 [=========>....................] - ETA: 2:55 - loss: 0.4883 - mae: 0.8284 - mse: 0.8284 - ssim_metric: 0.1307
229/652 [=========>....................] - ETA: 2:54 - loss: 0.4884 - mae: 0.8285 - mse: 0.8285 - ssim_metric: 0.1306
230/652 [=========>....................] - ETA: 2:54 - loss: 0.4880 - mae: 0.8283 - mse: 0.8282 - ssim_metric: 0.1308
231/652 [=========>....................] - ETA: 2:54 - loss: 0.4880 - mae: 0.8283 - mse: 0.8283 - ssim_metric: 0.1307
232/652 [=========>....................] - ETA: 2:53 - loss: 0.4879 - mae: 0.8282 - mse: 0.8282 - ssim_metric: 0.1307
233/652 [=========>....................] - ETA: 2:53 - loss: 0.4875 - mae: 0.8280 - mse: 0.8280 - ssim_metric: 0.1309
234/652 [=========>....................] - ETA: 2:52 - loss: 0.4873 - mae: 0.8278 - mse: 0.8278 - ssim_metric: 0.1310
235/652 [=========>....................] - ETA: 2:52 - loss: 0.4877 - mae: 0.8281 - mse: 0.8281 - ssim_metric: 0.1308
236/652 [=========>....................] - ETA: 2:52 - loss: 0.4878 - mae: 0.8282 - mse: 0.8282 - ssim_metric: 0.1307
237/652 [=========>....................] - ETA: 2:51 - loss: 0.4881 - mae: 0.8284 - mse: 0.8284 - ssim_metric: 0.1306
238/652 [=========>....................] - ETA: 2:51 - loss: 0.4881 - mae: 0.8285 - mse: 0.8284 - ssim_metric: 0.1305
239/652 [=========>....................] - ETA: 2:50 - loss: 0.4880 - mae: 0.8284 - mse: 0.8284 - ssim_metric: 0.1305
240/652 [==========>...................] - ETA: 2:50 - loss: 0.4882 - mae: 0.8286 - mse: 0.8286 - ssim_metric: 0.1304
241/652 [==========>...................] - ETA: 2:50 - loss: 0.4884 - mae: 0.8287 - mse: 0.8287 - ssim_metric: 0.1302
242/652 [==========>...................] - ETA: 2:49 - loss: 0.4887 - mae: 0.8289 - mse: 0.8289 - ssim_metric: 0.1301
243/652 [==========>...................] - ETA: 2:49 - loss: 0.4884 - mae: 0.8287 - mse: 0.8287 - ssim_metric: 0.1303
244/652 [==========>...................] - ETA: 2:48 - loss: 0.4886 - mae: 0.8288 - mse: 0.8288 - ssim_metric: 0.1302
245/652 [==========>...................] - ETA: 2:48 - loss: 0.4883 - mae: 0.8287 - mse: 0.8287 - ssim_metric: 0.1303
246/652 [==========>...................] - ETA: 2:47 - loss: 0.4880 - mae: 0.8285 - mse: 0.8285 - ssim_metric: 0.1304
247/652 [==========>...................] - ETA: 2:47 - loss: 0.4876 - mae: 0.8282 - mse: 0.8282 - ssim_metric: 0.1307
248/652 [==========>...................] - ETA: 2:47 - loss: 0.4873 - mae: 0.8280 - mse: 0.8280 - ssim_metric: 0.1308
249/652 [==========>...................] - ETA: 2:46 - loss: 0.4883 - mae: 0.8285 - mse: 0.8285 - ssim_metric: 0.1305
250/652 [==========>...................] - ETA: 2:46 - loss: 0.4878 - mae: 0.8282 - mse: 0.8282 - ssim_metric: 0.1308
251/652 [==========>...................] - ETA: 2:45 - loss: 0.4884 - mae: 0.8285 - mse: 0.8285 - ssim_metric: 0.1305
252/652 [==========>...................] - ETA: 2:45 - loss: 0.4882 - mae: 0.8284 - mse: 0.8284 - ssim_metric: 0.1306
253/652 [==========>...................] - ETA: 2:45 - loss: 0.4886 - mae: 0.8287 - mse: 0.8286 - ssim_metric: 0.1304
254/652 [==========>...................] - ETA: 2:44 - loss: 0.4886 - mae: 0.8287 - mse: 0.8287 - ssim_metric: 0.1304
255/652 [==========>...................] - ETA: 2:44 - loss: 0.4888 - mae: 0.8288 - mse: 0.8288 - ssim_metric: 0.1303
256/652 [==========>...................] - ETA: 2:43 - loss: 0.4890 - mae: 0.8290 - mse: 0.8290 - ssim_metric: 0.1301
257/652 [==========>...................] - ETA: 2:43 - loss: 0.4889 - mae: 0.8289 - mse: 0.8289 - ssim_metric: 0.1302
258/652 [==========>...................] - ETA: 2:42 - loss: 0.4891 - mae: 0.8291 - mse: 0.8291 - ssim_metric: 0.1301
259/652 [==========>...................] - ETA: 2:42 - loss: 0.4889 - mae: 0.8290 - mse: 0.8290 - ssim_metric: 0.1301
260/652 [==========>...................] - ETA: 2:42 - loss: 0.4882 - mae: 0.8285 - mse: 0.8284 - ssim_metric: 0.1306
261/652 [===========>..................] - ETA: 2:41 - loss: 0.4878 - mae: 0.8281 - mse: 0.8281 - ssim_metric: 0.1308
262/652 [===========>..................] - ETA: 2:41 - loss: 0.4882 - mae: 0.8284 - mse: 0.8284 - ssim_metric: 0.1306
263/652 [===========>..................] - ETA: 2:40 - loss: 0.4882 - mae: 0.8284 - mse: 0.8284 - ssim_metric: 0.1306
264/652 [===========>..................] - ETA: 2:40 - loss: 0.4882 - mae: 0.8284 - mse: 0.8284 - ssim_metric: 0.1306
265/652 [===========>..................] - ETA: 2:40 - loss: 0.4880 - mae: 0.8283 - mse: 0.8283 - ssim_metric: 0.1307
266/652 [===========>..................] - ETA: 2:39 - loss: 0.4880 - mae: 0.8284 - mse: 0.8284 - ssim_metric: 0.1307
267/652 [===========>..................] - ETA: 2:39 - loss: 0.4875 - mae: 0.8280 - mse: 0.8280 - ssim_metric: 0.1310
268/652 [===========>..................] - ETA: 2:38 - loss: 0.4876 - mae: 0.8281 - mse: 0.8281 - ssim_metric: 0.1309
269/652 [===========>..................] - ETA: 2:38 - loss: 0.4879 - mae: 0.8283 - mse: 0.8283 - ssim_metric: 0.1307
270/652 [===========>..................] - ETA: 2:38 - loss: 0.4873 - mae: 0.8277 - mse: 0.8277 - ssim_metric: 0.1312
271/652 [===========>..................] - ETA: 2:37 - loss: 0.4868 - mae: 0.8273 - mse: 0.8273 - ssim_metric: 0.1315
272/652 [===========>..................] - ETA: 2:37 - loss: 0.4868 - mae: 0.8274 - mse: 0.8274 - ssim_metric: 0.1315
273/652 [===========>..................] - ETA: 2:36 - loss: 0.4872 - mae: 0.8276 - mse: 0.8276 - ssim_metric: 0.1312
274/652 [===========>..................] - ETA: 2:36 - loss: 0.4872 - mae: 0.8276 - mse: 0.8276 - ssim_metric: 0.1312
275/652 [===========>..................] - ETA: 2:35 - loss: 0.4868 - mae: 0.8274 - mse: 0.8274 - ssim_metric: 0.1314
276/652 [===========>..................] - ETA: 2:35 - loss: 0.4868 - mae: 0.8274 - mse: 0.8274 - ssim_metric: 0.1314
277/652 [===========>..................] - ETA: 2:35 - loss: 0.4866 - mae: 0.8273 - mse: 0.8273 - ssim_metric: 0.1315
278/652 [===========>..................] - ETA: 2:34 - loss: 0.4868 - mae: 0.8275 - mse: 0.8275 - ssim_metric: 0.1313
279/652 [===========>..................] - ETA: 2:34 - loss: 0.4863 - mae: 0.8270 - mse: 0.8270 - ssim_metric: 0.1317
280/652 [===========>..................] - ETA: 2:33 - loss: 0.4865 - mae: 0.8272 - mse: 0.8272 - ssim_metric: 0.1316
281/652 [===========>..................] - ETA: 2:33 - loss: 0.4864 - mae: 0.8271 - mse: 0.8271 - ssim_metric: 0.1316
282/652 [===========>..................] - ETA: 2:33 - loss: 0.4862 - mae: 0.8270 - mse: 0.8270 - ssim_metric: 0.1318
283/652 [============>.................] - ETA: 2:32 - loss: 0.4858 - mae: 0.8268 - mse: 0.8268 - ssim_metric: 0.1320
284/652 [============>.................] - ETA: 2:32 - loss: 0.4868 - mae: 0.8272 - mse: 0.8272 - ssim_metric: 0.1317
285/652 [============>.................] - ETA: 2:31 - loss: 0.4866 - mae: 0.8271 - mse: 0.8271 - ssim_metric: 0.1317
286/652 [============>.................] - ETA: 2:31 - loss: 0.4864 - mae: 0.8270 - mse: 0.8269 - ssim_metric: 0.1319
287/652 [============>.................] - ETA: 2:31 - loss: 0.4864 - mae: 0.8270 - mse: 0.8270 - ssim_metric: 0.1318
288/652 [============>.................] - ETA: 2:30 - loss: 0.4864 - mae: 0.8271 - mse: 0.8270 - ssim_metric: 0.1318
289/652 [============>.................] - ETA: 2:30 - loss: 0.4864 - mae: 0.8270 - mse: 0.8270 - ssim_metric: 0.1318
290/652 [============>.................] - ETA: 2:29 - loss: 0.4866 - mae: 0.8272 - mse: 0.8272 - ssim_metric: 0.1317
291/652 [============>.................] - ETA: 2:29 - loss: 0.4870 - mae: 0.8274 - mse: 0.8274 - ssim_metric: 0.1315
292/652 [============>.................] - ETA: 2:28 - loss: 0.4868 - mae: 0.8273 - mse: 0.8273 - ssim_metric: 0.1316
293/652 [============>.................] - ETA: 2:28 - loss: 0.4863 - mae: 0.8269 - mse: 0.8269 - ssim_metric: 0.1320
294/652 [============>.................] - ETA: 2:28 - loss: 0.4862 - mae: 0.8269 - mse: 0.8269 - ssim_metric: 0.1320
295/652 [============>.................] - ETA: 2:27 - loss: 0.4863 - mae: 0.8270 - mse: 0.8270 - ssim_metric: 0.1319
296/652 [============>.................] - ETA: 2:27 - loss: 0.4865 - mae: 0.8271 - mse: 0.8271 - ssim_metric: 0.1318
297/652 [============>.................] - ETA: 2:26 - loss: 0.4864 - mae: 0.8271 - mse: 0.8271 - ssim_metric: 0.1318
298/652 [============>.................] - ETA: 2:26 - loss: 0.4860 - mae: 0.8267 - mse: 0.8267 - ssim_metric: 0.1321
299/652 [============>.................] - ETA: 2:26 - loss: 0.4864 - mae: 0.8270 - mse: 0.8270 - ssim_metric: 0.1319
300/652 [============>.................] - ETA: 2:25 - loss: 0.4861 - mae: 0.8268 - mse: 0.8268 - ssim_metric: 0.1321
301/652 [============>.................] - ETA: 2:25 - loss: 0.4858 - mae: 0.8265 - mse: 0.8265 - ssim_metric: 0.1323
302/652 [============>.................] - ETA: 2:24 - loss: 0.4855 - mae: 0.8264 - mse: 0.8264 - ssim_metric: 0.1324
303/652 [============>.................] - ETA: 2:24 - loss: 0.4855 - mae: 0.8264 - mse: 0.8264 - ssim_metric: 0.1324
304/652 [============>.................] - ETA: 2:23 - loss: 0.4852 - mae: 0.8262 - mse: 0.8262 - ssim_metric: 0.1326
305/652 [=============>................] - ETA: 2:23 - loss: 0.4854 - mae: 0.8264 - mse: 0.8264 - ssim_metric: 0.1325
306/652 [=============>................] - ETA: 2:23 - loss: 0.4853 - mae: 0.8263 - mse: 0.8263 - ssim_metric: 0.1325
307/652 [=============>................] - ETA: 2:22 - loss: 0.4857 - mae: 0.8265 - mse: 0.8265 - ssim_metric: 0.1323
308/652 [=============>................] - ETA: 2:22 - loss: 0.4855 - mae: 0.8265 - mse: 0.8265 - ssim_metric: 0.1324
309/652 [=============>................] - ETA: 2:21 - loss: 0.4858 - mae: 0.8267 - mse: 0.8267 - ssim_metric: 0.1322
310/652 [=============>................] - ETA: 2:21 - loss: 0.4855 - mae: 0.8265 - mse: 0.8264 - ssim_metric: 0.1324
311/652 [=============>................] - ETA: 2:21 - loss: 0.4856 - mae: 0.8265 - mse: 0.8265 - ssim_metric: 0.1324
312/652 [=============>................] - ETA: 2:20 - loss: 0.4858 - mae: 0.8267 - mse: 0.8267 - ssim_metric: 0.1322
313/652 [=============>................] - ETA: 2:20 - loss: 0.4857 - mae: 0.8266 - mse: 0.8266 - ssim_metric: 0.1322
314/652 [=============>................] - ETA: 2:19 - loss: 0.4856 - mae: 0.8266 - mse: 0.8266 - ssim_metric: 0.1322
315/652 [=============>................] - ETA: 2:19 - loss: 0.4858 - mae: 0.8267 - mse: 0.8267 - ssim_metric: 0.1321
316/652 [=============>................] - ETA: 2:19 - loss: 0.4852 - mae: 0.8262 - mse: 0.8262 - ssim_metric: 0.1326
317/652 [=============>................] - ETA: 2:18 - loss: 0.4851 - mae: 0.8262 - mse: 0.8262 - ssim_metric: 0.1326
318/652 [=============>................] - ETA: 2:18 - loss: 0.4849 - mae: 0.8261 - mse: 0.8261 - ssim_metric: 0.1327
319/652 [=============>................] - ETA: 2:17 - loss: 0.4848 - mae: 0.8260 - mse: 0.8260 - ssim_metric: 0.1328
320/652 [=============>................] - ETA: 2:17 - loss: 0.4848 - mae: 0.8260 - mse: 0.8260 - ssim_metric: 0.1328
321/652 [=============>................] - ETA: 2:16 - loss: 0.4847 - mae: 0.8260 - mse: 0.8260 - ssim_metric: 0.1327
322/652 [=============>................] - ETA: 2:16 - loss: 0.4843 - mae: 0.8257 - mse: 0.8257 - ssim_metric: 0.1330
323/652 [=============>................] - ETA: 2:16 - loss: 0.4849 - mae: 0.8260 - mse: 0.8260 - ssim_metric: 0.1328
324/652 [=============>................] - ETA: 2:15 - loss: 0.4847 - mae: 0.8259 - mse: 0.8259 - ssim_metric: 0.1328
325/652 [=============>................] - ETA: 2:15 - loss: 0.4850 - mae: 0.8261 - mse: 0.8261 - ssim_metric: 0.1327
326/652 [==============>...............] - ETA: 2:14 - loss: 0.4852 - mae: 0.8262 - mse: 0.8262 - ssim_metric: 0.1326
327/652 [==============>...............] - ETA: 2:14 - loss: 0.4849 - mae: 0.8261 - mse: 0.8261 - ssim_metric: 0.1327
328/652 [==============>...............] - ETA: 2:14 - loss: 0.4852 - mae: 0.8262 - mse: 0.8262 - ssim_metric: 0.1325
329/652 [==============>...............] - ETA: 2:13 - loss: 0.4850 - mae: 0.8262 - mse: 0.8262 - ssim_metric: 0.1326
330/652 [==============>...............] - ETA: 2:13 - loss: 0.4850 - mae: 0.8261 - mse: 0.8261 - ssim_metric: 0.1326
331/652 [==============>...............] - ETA: 2:12 - loss: 0.4848 - mae: 0.8261 - mse: 0.8261 - ssim_metric: 0.1327
332/652 [==============>...............] - ETA: 2:12 - loss: 0.4846 - mae: 0.8259 - mse: 0.8259 - ssim_metric: 0.1328
333/652 [==============>...............] - ETA: 2:11 - loss: 0.4844 - mae: 0.8258 - mse: 0.8258 - ssim_metric: 0.1329
334/652 [==============>...............] - ETA: 2:11 - loss: 0.4843 - mae: 0.8258 - mse: 0.8258 - ssim_metric: 0.1329
335/652 [==============>...............] - ETA: 2:11 - loss: 0.4840 - mae: 0.8256 - mse: 0.8255 - ssim_metric: 0.1331
336/652 [==============>...............] - ETA: 2:10 - loss: 0.4838 - mae: 0.8254 - mse: 0.8254 - ssim_metric: 0.1332
337/652 [==============>...............] - ETA: 2:10 - loss: 0.4841 - mae: 0.8256 - mse: 0.8256 - ssim_metric: 0.1331
338/652 [==============>...............] - ETA: 2:09 - loss: 0.4842 - mae: 0.8257 - mse: 0.8257 - ssim_metric: 0.1330
339/652 [==============>...............] - ETA: 2:09 - loss: 0.4841 - mae: 0.8256 - mse: 0.8256 - ssim_metric: 0.1331
340/652 [==============>...............] - ETA: 2:09 - loss: 0.4840 - mae: 0.8256 - mse: 0.8256 - ssim_metric: 0.1331
341/652 [==============>...............] - ETA: 2:08 - loss: 0.4838 - mae: 0.8254 - mse: 0.8254 - ssim_metric: 0.1332
342/652 [==============>...............] - ETA: 2:08 - loss: 0.4841 - mae: 0.8257 - mse: 0.8256 - ssim_metric: 0.1330
343/652 [==============>...............] - ETA: 2:07 - loss: 0.4843 - mae: 0.8258 - mse: 0.8257 - ssim_metric: 0.1330
344/652 [==============>...............] - ETA: 2:07 - loss: 0.4845 - mae: 0.8259 - mse: 0.8259 - ssim_metric: 0.1328
345/652 [==============>...............] - ETA: 2:07 - loss: 0.4843 - mae: 0.8257 - mse: 0.8257 - ssim_metric: 0.1329
346/652 [==============>...............] - ETA: 2:06 - loss: 0.4842 - mae: 0.8257 - mse: 0.8257 - ssim_metric: 0.1330
347/652 [==============>...............] - ETA: 2:06 - loss: 0.4843 - mae: 0.8258 - mse: 0.8258 - ssim_metric: 0.1328
348/652 [===============>..............] - ETA: 2:05 - loss: 0.4842 - mae: 0.8257 - mse: 0.8257 - ssim_metric: 0.1329
349/652 [===============>..............] - ETA: 2:05 - loss: 0.4839 - mae: 0.8256 - mse: 0.8255 - ssim_metric: 0.1331
350/652 [===============>..............] - ETA: 2:04 - loss: 0.4838 - mae: 0.8255 - mse: 0.8255 - ssim_metric: 0.1331
351/652 [===============>..............] - ETA: 2:04 - loss: 0.4838 - mae: 0.8256 - mse: 0.8255 - ssim_metric: 0.1331
352/652 [===============>..............] - ETA: 2:04 - loss: 0.4836 - mae: 0.8254 - mse: 0.8253 - ssim_metric: 0.1332
353/652 [===============>..............] - ETA: 2:03 - loss: 0.4833 - mae: 0.8252 - mse: 0.8252 - ssim_metric: 0.1334
354/652 [===============>..............] - ETA: 2:03 - loss: 0.4835 - mae: 0.8253 - mse: 0.8253 - ssim_metric: 0.1333
355/652 [===============>..............] - ETA: 2:02 - loss: 0.4832 - mae: 0.8251 - mse: 0.8251 - ssim_metric: 0.1335
356/652 [===============>..............] - ETA: 2:02 - loss: 0.4828 - mae: 0.8248 - mse: 0.8248 - ssim_metric: 0.1338
357/652 [===============>..............] - ETA: 2:02 - loss: 0.4830 - mae: 0.8249 - mse: 0.8249 - ssim_metric: 0.1337
358/652 [===============>..............] - ETA: 2:01 - loss: 0.4826 - mae: 0.8246 - mse: 0.8246 - ssim_metric: 0.1339
359/652 [===============>..............] - ETA: 2:01 - loss: 0.4822 - mae: 0.8243 - mse: 0.8243 - ssim_metric: 0.1342
360/652 [===============>..............] - ETA: 2:00 - loss: 0.4827 - mae: 0.8246 - mse: 0.8246 - ssim_metric: 0.1340
361/652 [===============>..............] - ETA: 2:00 - loss: 0.4823 - mae: 0.8242 - mse: 0.8242 - ssim_metric: 0.1344
362/652 [===============>..............] - ETA: 1:59 - loss: 0.4823 - mae: 0.8242 - mse: 0.8242 - ssim_metric: 0.1343
363/652 [===============>..............] - ETA: 1:59 - loss: 0.4820 - mae: 0.8240 - mse: 0.8240 - ssim_metric: 0.1344
364/652 [===============>..............] - ETA: 1:59 - loss: 0.4822 - mae: 0.8242 - mse: 0.8242 - ssim_metric: 0.1343
365/652 [===============>..............] - ETA: 1:58 - loss: 0.4822 - mae: 0.8242 - mse: 0.8242 - ssim_metric: 0.1343
366/652 [===============>..............] - ETA: 1:58 - loss: 0.4824 - mae: 0.8243 - mse: 0.8243 - ssim_metric: 0.1342
367/652 [===============>..............] - ETA: 1:57 - loss: 0.4822 - mae: 0.8242 - mse: 0.8242 - ssim_metric: 0.1343
368/652 [===============>..............] - ETA: 1:57 - loss: 0.4823 - mae: 0.8243 - mse: 0.8243 - ssim_metric: 0.1342
369/652 [===============>..............] - ETA: 1:57 - loss: 0.4820 - mae: 0.8241 - mse: 0.8240 - ssim_metric: 0.1344
370/652 [================>.............] - ETA: 1:56 - loss: 0.4820 - mae: 0.8241 - mse: 0.8241 - ssim_metric: 0.1344
371/652 [================>.............] - ETA: 1:56 - loss: 0.4816 - mae: 0.8238 - mse: 0.8238 - ssim_metric: 0.1346
372/652 [================>.............] - ETA: 1:55 - loss: 0.4814 - mae: 0.8237 - mse: 0.8237 - ssim_metric: 0.1347
373/652 [================>.............] - ETA: 1:55 - loss: 0.4811 - mae: 0.8234 - mse: 0.8234 - ssim_metric: 0.1349
374/652 [================>.............] - ETA: 1:55 - loss: 0.4810 - mae: 0.8233 - mse: 0.8233 - ssim_metric: 0.1350
375/652 [================>.............] - ETA: 1:54 - loss: 0.4810 - mae: 0.8234 - mse: 0.8234 - ssim_metric: 0.1350
376/652 [================>.............] - ETA: 1:54 - loss: 0.4809 - mae: 0.8233 - mse: 0.8233 - ssim_metric: 0.1350
377/652 [================>.............] - ETA: 1:53 - loss: 0.4815 - mae: 0.8236 - mse: 0.8236 - ssim_metric: 0.1348
378/652 [================>.............] - ETA: 1:53 - loss: 0.4814 - mae: 0.8236 - mse: 0.8236 - ssim_metric: 0.1348
379/652 [================>.............] - ETA: 1:52 - loss: 0.4815 - mae: 0.8237 - mse: 0.8237 - ssim_metric: 0.1347
380/652 [================>.............] - ETA: 1:52 - loss: 0.4816 - mae: 0.8237 - mse: 0.8237 - ssim_metric: 0.1347
381/652 [================>.............] - ETA: 1:52 - loss: 0.4816 - mae: 0.8238 - mse: 0.8238 - ssim_metric: 0.1346
382/652 [================>.............] - ETA: 1:51 - loss: 0.4817 - mae: 0.8239 - mse: 0.8238 - ssim_metric: 0.1346
383/652 [================>.............] - ETA: 1:51 - loss: 0.4819 - mae: 0.8240 - mse: 0.8240 - ssim_metric: 0.1345
384/652 [================>.............] - ETA: 1:50 - loss: 0.4818 - mae: 0.8240 - mse: 0.8240 - ssim_metric: 0.1345
385/652 [================>.............] - ETA: 1:50 - loss: 0.4819 - mae: 0.8240 - mse: 0.8240 - ssim_metric: 0.1344
386/652 [================>.............] - ETA: 1:50 - loss: 0.4817 - mae: 0.8239 - mse: 0.8239 - ssim_metric: 0.1345
387/652 [================>.............] - ETA: 1:49 - loss: 0.4818 - mae: 0.8240 - mse: 0.8240 - ssim_metric: 0.1344
388/652 [================>.............] - ETA: 1:49 - loss: 0.4821 - mae: 0.8242 - mse: 0.8242 - ssim_metric: 0.1342
389/652 [================>.............] - ETA: 1:48 - loss: 0.4819 - mae: 0.8241 - mse: 0.8241 - ssim_metric: 0.1344
390/652 [================>.............] - ETA: 1:48 - loss: 0.4819 - mae: 0.8241 - mse: 0.8241 - ssim_metric: 0.1343
391/652 [================>.............] - ETA: 1:47 - loss: 0.4817 - mae: 0.8240 - mse: 0.8240 - ssim_metric: 0.1344
392/652 [=================>............] - ETA: 1:47 - loss: 0.4817 - mae: 0.8239 - mse: 0.8239 - ssim_metric: 0.1345
393/652 [=================>............] - ETA: 1:47 - loss: 0.4817 - mae: 0.8240 - mse: 0.8240 - ssim_metric: 0.1345
394/652 [=================>............] - ETA: 1:46 - loss: 0.4818 - mae: 0.8241 - mse: 0.8241 - ssim_metric: 0.1344
395/652 [=================>............] - ETA: 1:46 - loss: 0.4817 - mae: 0.8240 - mse: 0.8240 - ssim_metric: 0.1344
396/652 [=================>............] - ETA: 1:45 - loss: 0.4819 - mae: 0.8242 - mse: 0.8242 - ssim_metric: 0.1343
397/652 [=================>............] - ETA: 1:45 - loss: 0.4821 - mae: 0.8243 - mse: 0.8243 - ssim_metric: 0.1342
398/652 [=================>............] - ETA: 1:45 - loss: 0.4820 - mae: 0.8242 - mse: 0.8242 - ssim_metric: 0.1342
399/652 [=================>............] - ETA: 1:44 - loss: 0.4818 - mae: 0.8241 - mse: 0.8241 - ssim_metric: 0.1343
400/652 [=================>............] - ETA: 1:44 - loss: 0.4820 - mae: 0.8242 - mse: 0.8242 - ssim_metric: 0.1342
401/652 [=================>............] - ETA: 1:43 - loss: 0.4820 - mae: 0.8243 - mse: 0.8243 - ssim_metric: 0.1341
402/652 [=================>............] - ETA: 1:43 - loss: 0.4821 - mae: 0.8243 - mse: 0.8243 - ssim_metric: 0.1341
403/652 [=================>............] - ETA: 1:43 - loss: 0.4820 - mae: 0.8243 - mse: 0.8243 - ssim_metric: 0.1341
404/652 [=================>............] - ETA: 1:42 - loss: 0.4818 - mae: 0.8242 - mse: 0.8242 - ssim_metric: 0.1343
405/652 [=================>............] - ETA: 1:42 - loss: 0.4817 - mae: 0.8241 - mse: 0.8241 - ssim_metric: 0.1343
406/652 [=================>............] - ETA: 1:41 - loss: 0.4813 - mae: 0.8238 - mse: 0.8238 - ssim_metric: 0.1345
407/652 [=================>............] - ETA: 1:41 - loss: 0.4813 - mae: 0.8238 - mse: 0.8238 - ssim_metric: 0.1345
408/652 [=================>............] - ETA: 1:40 - loss: 0.4814 - mae: 0.8239 - mse: 0.8239 - ssim_metric: 0.1344
409/652 [=================>............] - ETA: 1:40 - loss: 0.4819 - mae: 0.8242 - mse: 0.8242 - ssim_metric: 0.1342
410/652 [=================>............] - ETA: 1:40 - loss: 0.4819 - mae: 0.8242 - mse: 0.8242 - ssim_metric: 0.1342
411/652 [=================>............] - ETA: 1:39 - loss: 0.4819 - mae: 0.8242 - mse: 0.8242 - ssim_metric: 0.1342
412/652 [=================>............] - ETA: 1:39 - loss: 0.4819 - mae: 0.8243 - mse: 0.8242 - ssim_metric: 0.1342
413/652 [==================>...........] - ETA: 1:38 - loss: 0.4818 - mae: 0.8242 - mse: 0.8242 - ssim_metric: 0.1342
414/652 [==================>...........] - ETA: 1:38 - loss: 0.4820 - mae: 0.8243 - mse: 0.8243 - ssim_metric: 0.1341
415/652 [==================>...........] - ETA: 1:38 - loss: 0.4821 - mae: 0.8244 - mse: 0.8244 - ssim_metric: 0.1340
416/652 [==================>...........] - ETA: 1:37 - loss: 0.4820 - mae: 0.8244 - mse: 0.8243 - ssim_metric: 0.1340
417/652 [==================>...........] - ETA: 1:37 - loss: 0.4819 - mae: 0.8243 - mse: 0.8243 - ssim_metric: 0.1341
418/652 [==================>...........] - ETA: 1:36 - loss: 0.4819 - mae: 0.8243 - mse: 0.8243 - ssim_metric: 0.1340
419/652 [==================>...........] - ETA: 1:36 - loss: 0.4816 - mae: 0.8241 - mse: 0.8241 - ssim_metric: 0.1343
420/652 [==================>...........] - ETA: 1:35 - loss: 0.4816 - mae: 0.8241 - mse: 0.8241 - ssim_metric: 0.1342
421/652 [==================>...........] - ETA: 1:35 - loss: 0.4816 - mae: 0.8242 - mse: 0.8242 - ssim_metric: 0.1342
422/652 [==================>...........] - ETA: 1:35 - loss: 0.4817 - mae: 0.8242 - mse: 0.8242 - ssim_metric: 0.1342
423/652 [==================>...........] - ETA: 1:34 - loss: 0.4818 - mae: 0.8243 - mse: 0.8243 - ssim_metric: 0.1341
424/652 [==================>...........] - ETA: 1:34 - loss: 0.4818 - mae: 0.8243 - mse: 0.8243 - ssim_metric: 0.1341
425/652 [==================>...........] - ETA: 1:33 - loss: 0.4822 - mae: 0.8245 - mse: 0.8245 - ssim_metric: 0.1339
426/652 [==================>...........] - ETA: 1:33 - loss: 0.4820 - mae: 0.8244 - mse: 0.8244 - ssim_metric: 0.1340
427/652 [==================>...........] - ETA: 1:33 - loss: 0.4819 - mae: 0.8244 - mse: 0.8244 - ssim_metric: 0.1340
428/652 [==================>...........] - ETA: 1:32 - loss: 0.4818 - mae: 0.8243 - mse: 0.8243 - ssim_metric: 0.1341
429/652 [==================>...........] - ETA: 1:32 - loss: 0.4817 - mae: 0.8242 - mse: 0.8242 - ssim_metric: 0.1341
430/652 [==================>...........] - ETA: 1:31 - loss: 0.4816 - mae: 0.8242 - mse: 0.8242 - ssim_metric: 0.1342
431/652 [==================>...........] - ETA: 1:31 - loss: 0.4816 - mae: 0.8242 - mse: 0.8242 - ssim_metric: 0.1342
432/652 [==================>...........] - ETA: 1:31 - loss: 0.4818 - mae: 0.8243 - mse: 0.8243 - ssim_metric: 0.1341
433/652 [==================>...........] - ETA: 1:30 - loss: 0.4815 - mae: 0.8241 - mse: 0.8241 - ssim_metric: 0.1342
434/652 [==================>...........] - ETA: 1:30 - loss: 0.4817 - mae: 0.8243 - mse: 0.8242 - ssim_metric: 0.1341
435/652 [===================>..........] - ETA: 1:29 - loss: 0.4819 - mae: 0.8244 - mse: 0.8244 - ssim_metric: 0.1340
436/652 [===================>..........] - ETA: 1:29 - loss: 0.4816 - mae: 0.8241 - mse: 0.8241 - ssim_metric: 0.1343
437/652 [===================>..........] - ETA: 1:28 - loss: 0.4814 - mae: 0.8240 - mse: 0.8240 - ssim_metric: 0.1344
438/652 [===================>..........] - ETA: 1:28 - loss: 0.4815 - mae: 0.8241 - mse: 0.8241 - ssim_metric: 0.1343
439/652 [===================>..........] - ETA: 1:28 - loss: 0.4813 - mae: 0.8240 - mse: 0.8240 - ssim_metric: 0.1344
440/652 [===================>..........] - ETA: 1:27 - loss: 0.4812 - mae: 0.8240 - mse: 0.8239 - ssim_metric: 0.1344
441/652 [===================>..........] - ETA: 1:27 - loss: 0.4811 - mae: 0.8238 - mse: 0.8238 - ssim_metric: 0.1345
442/652 [===================>..........] - ETA: 1:26 - loss: 0.4809 - mae: 0.8238 - mse: 0.8238 - ssim_metric: 0.1346
443/652 [===================>..........] - ETA: 1:26 - loss: 0.4809 - mae: 0.8238 - mse: 0.8238 - ssim_metric: 0.1346
444/652 [===================>..........] - ETA: 1:26 - loss: 0.4808 - mae: 0.8237 - mse: 0.8237 - ssim_metric: 0.1346
445/652 [===================>..........] - ETA: 1:25 - loss: 0.4807 - mae: 0.8237 - mse: 0.8237 - ssim_metric: 0.1346
446/652 [===================>..........] - ETA: 1:25 - loss: 0.4809 - mae: 0.8238 - mse: 0.8238 - ssim_metric: 0.1345
447/652 [===================>..........] - ETA: 1:24 - loss: 0.4809 - mae: 0.8238 - mse: 0.8238 - ssim_metric: 0.1345
448/652 [===================>..........] - ETA: 1:24 - loss: 0.4806 - mae: 0.8236 - mse: 0.8236 - ssim_metric: 0.1347
449/652 [===================>..........] - ETA: 1:23 - loss: 0.4804 - mae: 0.8234 - mse: 0.8234 - ssim_metric: 0.1349
450/652 [===================>..........] - ETA: 1:23 - loss: 0.4805 - mae: 0.8235 - mse: 0.8235 - ssim_metric: 0.1348
451/652 [===================>..........] - ETA: 1:23 - loss: 0.4805 - mae: 0.8235 - mse: 0.8235 - ssim_metric: 0.1348
452/652 [===================>..........] - ETA: 1:22 - loss: 0.4804 - mae: 0.8235 - mse: 0.8235 - ssim_metric: 0.1348
453/652 [===================>..........] - ETA: 1:22 - loss: 0.4808 - mae: 0.8237 - mse: 0.8236 - ssim_metric: 0.1347
454/652 [===================>..........] - ETA: 1:21 - loss: 0.4807 - mae: 0.8236 - mse: 0.8236 - ssim_metric: 0.1347
455/652 [===================>..........] - ETA: 1:21 - loss: 0.4808 - mae: 0.8237 - mse: 0.8237 - ssim_metric: 0.1346
456/652 [===================>..........] - ETA: 1:21 - loss: 0.4807 - mae: 0.8237 - mse: 0.8237 - ssim_metric: 0.1346
457/652 [====================>.........] - ETA: 1:20 - loss: 0.4805 - mae: 0.8236 - mse: 0.8235 - ssim_metric: 0.1347
458/652 [====================>.........] - ETA: 1:20 - loss: 0.4803 - mae: 0.8234 - mse: 0.8234 - ssim_metric: 0.1349
459/652 [====================>.........] - ETA: 1:19 - loss: 0.4803 - mae: 0.8234 - mse: 0.8234 - ssim_metric: 0.1349
460/652 [====================>.........] - ETA: 1:19 - loss: 0.4803 - mae: 0.8234 - mse: 0.8234 - ssim_metric: 0.1349
461/652 [====================>.........] - ETA: 1:19 - loss: 0.4802 - mae: 0.8234 - mse: 0.8233 - ssim_metric: 0.1349
462/652 [====================>.........] - ETA: 1:18 - loss: 0.4803 - mae: 0.8235 - mse: 0.8235 - ssim_metric: 0.1348
463/652 [====================>.........] - ETA: 1:18 - loss: 0.4804 - mae: 0.8235 - mse: 0.8235 - ssim_metric: 0.1348
464/652 [====================>.........] - ETA: 1:17 - loss: 0.4803 - mae: 0.8235 - mse: 0.8235 - ssim_metric: 0.1348
465/652 [====================>.........] - ETA: 1:17 - loss: 0.4805 - mae: 0.8236 - mse: 0.8236 - ssim_metric: 0.1347
466/652 [====================>.........] - ETA: 1:16 - loss: 0.4804 - mae: 0.8236 - mse: 0.8236 - ssim_metric: 0.1347
467/652 [====================>.........] - ETA: 1:16 - loss: 0.4804 - mae: 0.8236 - mse: 0.8235 - ssim_metric: 0.1348
468/652 [====================>.........] - ETA: 1:16 - loss: 0.4801 - mae: 0.8234 - mse: 0.8234 - ssim_metric: 0.1349
469/652 [====================>.........] - ETA: 1:15 - loss: 0.4799 - mae: 0.8232 - mse: 0.8232 - ssim_metric: 0.1350
470/652 [====================>.........] - ETA: 1:15 - loss: 0.4802 - mae: 0.8234 - mse: 0.8234 - ssim_metric: 0.1349
471/652 [====================>.........] - ETA: 1:14 - loss: 0.4804 - mae: 0.8235 - mse: 0.8235 - ssim_metric: 0.1348
472/652 [====================>.........] - ETA: 1:14 - loss: 0.4808 - mae: 0.8237 - mse: 0.8237 - ssim_metric: 0.1346
473/652 [====================>.........] - ETA: 1:14 - loss: 0.4811 - mae: 0.8239 - mse: 0.8239 - ssim_metric: 0.1345
474/652 [====================>.........] - ETA: 1:13 - loss: 0.4810 - mae: 0.8239 - mse: 0.8239 - ssim_metric: 0.1345
475/652 [====================>.........] - ETA: 1:13 - loss: 0.4807 - mae: 0.8236 - mse: 0.8236 - ssim_metric: 0.1348
476/652 [====================>.........] - ETA: 1:12 - loss: 0.4810 - mae: 0.8238 - mse: 0.8238 - ssim_metric: 0.1346
477/652 [====================>.........] - ETA: 1:12 - loss: 0.4812 - mae: 0.8239 - mse: 0.8239 - ssim_metric: 0.1345
478/652 [====================>.........] - ETA: 1:11 - loss: 0.4815 - mae: 0.8241 - mse: 0.8241 - ssim_metric: 0.1344
479/652 [=====================>........] - ETA: 1:11 - loss: 0.4814 - mae: 0.8240 - mse: 0.8240 - ssim_metric: 0.1345
480/652 [=====================>........] - ETA: 1:11 - loss: 0.4814 - mae: 0.8240 - mse: 0.8240 - ssim_metric: 0.1345
481/652 [=====================>........] - ETA: 1:10 - loss: 0.4812 - mae: 0.8239 - mse: 0.8239 - ssim_metric: 0.1345
482/652 [=====================>........] - ETA: 1:10 - loss: 0.4813 - mae: 0.8240 - mse: 0.8239 - ssim_metric: 0.1345
483/652 [=====================>........] - ETA: 1:09 - loss: 0.4816 - mae: 0.8241 - mse: 0.8241 - ssim_metric: 0.1343
484/652 [=====================>........] - ETA: 1:09 - loss: 0.4818 - mae: 0.8242 - mse: 0.8242 - ssim_metric: 0.1342
485/652 [=====================>........] - ETA: 1:09 - loss: 0.4819 - mae: 0.8243 - mse: 0.8243 - ssim_metric: 0.1342
486/652 [=====================>........] - ETA: 1:08 - loss: 0.4819 - mae: 0.8243 - mse: 0.8243 - ssim_metric: 0.1342
487/652 [=====================>........] - ETA: 1:08 - loss: 0.4819 - mae: 0.8244 - mse: 0.8244 - ssim_metric: 0.1342
488/652 [=====================>........] - ETA: 1:07 - loss: 0.4817 - mae: 0.8242 - mse: 0.8242 - ssim_metric: 0.1343
489/652 [=====================>........] - ETA: 1:07 - loss: 0.4816 - mae: 0.8242 - mse: 0.8242 - ssim_metric: 0.1343
490/652 [=====================>........] - ETA: 1:07 - loss: 0.4816 - mae: 0.8242 - mse: 0.8242 - ssim_metric: 0.1343
491/652 [=====================>........] - ETA: 1:06 - loss: 0.4816 - mae: 0.8242 - mse: 0.8242 - ssim_metric: 0.1343
492/652 [=====================>........] - ETA: 1:06 - loss: 0.4817 - mae: 0.8243 - mse: 0.8243 - ssim_metric: 0.1342
493/652 [=====================>........] - ETA: 1:05 - loss: 0.4817 - mae: 0.8243 - mse: 0.8243 - ssim_metric: 0.1342
494/652 [=====================>........] - ETA: 1:05 - loss: 0.4817 - mae: 0.8243 - mse: 0.8243 - ssim_metric: 0.1342
495/652 [=====================>........] - ETA: 1:04 - loss: 0.4815 - mae: 0.8242 - mse: 0.8242 - ssim_metric: 0.1343
496/652 [=====================>........] - ETA: 1:04 - loss: 0.4814 - mae: 0.8241 - mse: 0.8241 - ssim_metric: 0.1344
497/652 [=====================>........] - ETA: 1:04 - loss: 0.4812 - mae: 0.8240 - mse: 0.8240 - ssim_metric: 0.1345
498/652 [=====================>........] - ETA: 1:03 - loss: 0.4810 - mae: 0.8239 - mse: 0.8239 - ssim_metric: 0.1346
499/652 [=====================>........] - ETA: 1:03 - loss: 0.4811 - mae: 0.8240 - mse: 0.8239 - ssim_metric: 0.1345
500/652 [======================>.......] - ETA: 1:02 - loss: 0.4811 - mae: 0.8239 - mse: 0.8239 - ssim_metric: 0.1345
501/652 [======================>.......] - ETA: 1:02 - loss: 0.4810 - mae: 0.8239 - mse: 0.8239 - ssim_metric: 0.1345
502/652 [======================>.......] - ETA: 1:02 - loss: 0.4810 - mae: 0.8240 - mse: 0.8239 - ssim_metric: 0.1345
503/652 [======================>.......] - ETA: 1:01 - loss: 0.4814 - mae: 0.8241 - mse: 0.8241 - ssim_metric: 0.1344
504/652 [======================>.......] - ETA: 1:01 - loss: 0.4817 - mae: 0.8243 - mse: 0.8243 - ssim_metric: 0.1342
505/652 [======================>.......] - ETA: 1:00 - loss: 0.4814 - mae: 0.8241 - mse: 0.8241 - ssim_metric: 0.1344
506/652 [======================>.......] - ETA: 1:00 - loss: 0.4813 - mae: 0.8240 - mse: 0.8240 - ssim_metric: 0.1345
507/652 [======================>.......] - ETA: 59s - loss: 0.4812 - mae: 0.8240 - mse: 0.8240 - ssim_metric: 0.1345 
508/652 [======================>.......] - ETA: 59s - loss: 0.4812 - mae: 0.8240 - mse: 0.8240 - ssim_metric: 0.1345
509/652 [======================>.......] - ETA: 59s - loss: 0.4814 - mae: 0.8241 - mse: 0.8241 - ssim_metric: 0.1344
510/652 [======================>.......] - ETA: 58s - loss: 0.4816 - mae: 0.8242 - mse: 0.8242 - ssim_metric: 0.1343
511/652 [======================>.......] - ETA: 58s - loss: 0.4816 - mae: 0.8243 - mse: 0.8243 - ssim_metric: 0.1342
512/652 [======================>.......] - ETA: 57s - loss: 0.4814 - mae: 0.8241 - mse: 0.8241 - ssim_metric: 0.1344
513/652 [======================>.......] - ETA: 57s - loss: 0.4813 - mae: 0.8240 - mse: 0.8240 - ssim_metric: 0.1344
514/652 [======================>.......] - ETA: 57s - loss: 0.4814 - mae: 0.8241 - mse: 0.8241 - ssim_metric: 0.1344
515/652 [======================>.......] - ETA: 56s - loss: 0.4812 - mae: 0.8239 - mse: 0.8239 - ssim_metric: 0.1345
516/652 [======================>.......] - ETA: 56s - loss: 0.4812 - mae: 0.8240 - mse: 0.8240 - ssim_metric: 0.1345
517/652 [======================>.......] - ETA: 55s - loss: 0.4811 - mae: 0.8239 - mse: 0.8239 - ssim_metric: 0.1345
518/652 [======================>.......] - ETA: 55s - loss: 0.4809 - mae: 0.8238 - mse: 0.8237 - ssim_metric: 0.1346
519/652 [======================>.......] - ETA: 55s - loss: 0.4809 - mae: 0.8238 - mse: 0.8238 - ssim_metric: 0.1346
520/652 [======================>.......] - ETA: 54s - loss: 0.4810 - mae: 0.8239 - mse: 0.8239 - ssim_metric: 0.1345
521/652 [======================>.......] - ETA: 54s - loss: 0.4812 - mae: 0.8240 - mse: 0.8240 - ssim_metric: 0.1345
522/652 [=======================>......] - ETA: 53s - loss: 0.4810 - mae: 0.8239 - mse: 0.8239 - ssim_metric: 0.1345
523/652 [=======================>......] - ETA: 53s - loss: 0.4813 - mae: 0.8241 - mse: 0.8240 - ssim_metric: 0.1344
524/652 [=======================>......] - ETA: 52s - loss: 0.4814 - mae: 0.8241 - mse: 0.8241 - ssim_metric: 0.1343
525/652 [=======================>......] - ETA: 52s - loss: 0.4811 - mae: 0.8238 - mse: 0.8238 - ssim_metric: 0.1346
526/652 [=======================>......] - ETA: 52s - loss: 0.4811 - mae: 0.8238 - mse: 0.8238 - ssim_metric: 0.1346
527/652 [=======================>......] - ETA: 51s - loss: 0.4811 - mae: 0.8239 - mse: 0.8239 - ssim_metric: 0.1346
528/652 [=======================>......] - ETA: 51s - loss: 0.4809 - mae: 0.8238 - mse: 0.8237 - ssim_metric: 0.1347
529/652 [=======================>......] - ETA: 50s - loss: 0.4809 - mae: 0.8238 - mse: 0.8238 - ssim_metric: 0.1347
530/652 [=======================>......] - ETA: 50s - loss: 0.4808 - mae: 0.8237 - mse: 0.8237 - ssim_metric: 0.1348
531/652 [=======================>......] - ETA: 50s - loss: 0.4807 - mae: 0.8237 - mse: 0.8237 - ssim_metric: 0.1348
532/652 [=======================>......] - ETA: 49s - loss: 0.4806 - mae: 0.8236 - mse: 0.8236 - ssim_metric: 0.1348
533/652 [=======================>......] - ETA: 49s - loss: 0.4805 - mae: 0.8235 - mse: 0.8235 - ssim_metric: 0.1349
534/652 [=======================>......] - ETA: 48s - loss: 0.4804 - mae: 0.8235 - mse: 0.8235 - ssim_metric: 0.1350
535/652 [=======================>......] - ETA: 48s - loss: 0.4803 - mae: 0.8234 - mse: 0.8234 - ssim_metric: 0.1350
536/652 [=======================>......] - ETA: 47s - loss: 0.4803 - mae: 0.8234 - mse: 0.8234 - ssim_metric: 0.1350
537/652 [=======================>......] - ETA: 47s - loss: 0.4804 - mae: 0.8235 - mse: 0.8235 - ssim_metric: 0.1349
538/652 [=======================>......] - ETA: 47s - loss: 0.4803 - mae: 0.8235 - mse: 0.8235 - ssim_metric: 0.1349
539/652 [=======================>......] - ETA: 46s - loss: 0.4802 - mae: 0.8234 - mse: 0.8234 - ssim_metric: 0.1350
540/652 [=======================>......] - ETA: 46s - loss: 0.4801 - mae: 0.8234 - mse: 0.8234 - ssim_metric: 0.1351
541/652 [=======================>......] - ETA: 45s - loss: 0.4802 - mae: 0.8234 - mse: 0.8234 - ssim_metric: 0.1350
542/652 [=======================>......] - ETA: 45s - loss: 0.4801 - mae: 0.8234 - mse: 0.8233 - ssim_metric: 0.1351
543/652 [=======================>......] - ETA: 45s - loss: 0.4801 - mae: 0.8234 - mse: 0.8234 - ssim_metric: 0.1350
544/652 [========================>.....] - ETA: 44s - loss: 0.4800 - mae: 0.8233 - mse: 0.8233 - ssim_metric: 0.1351
545/652 [========================>.....] - ETA: 44s - loss: 0.4800 - mae: 0.8233 - mse: 0.8233 - ssim_metric: 0.1351
546/652 [========================>.....] - ETA: 43s - loss: 0.4803 - mae: 0.8235 - mse: 0.8235 - ssim_metric: 0.1350
547/652 [========================>.....] - ETA: 43s - loss: 0.4802 - mae: 0.8234 - mse: 0.8234 - ssim_metric: 0.1350
548/652 [========================>.....] - ETA: 43s - loss: 0.4801 - mae: 0.8234 - mse: 0.8234 - ssim_metric: 0.1350
549/652 [========================>.....] - ETA: 42s - loss: 0.4801 - mae: 0.8234 - mse: 0.8234 - ssim_metric: 0.1351
550/652 [========================>.....] - ETA: 42s - loss: 0.4801 - mae: 0.8234 - mse: 0.8234 - ssim_metric: 0.1351
551/652 [========================>.....] - ETA: 41s - loss: 0.4799 - mae: 0.8233 - mse: 0.8233 - ssim_metric: 0.1352
552/652 [========================>.....] - ETA: 41s - loss: 0.4800 - mae: 0.8233 - mse: 0.8233 - ssim_metric: 0.1351
553/652 [========================>.....] - ETA: 40s - loss: 0.4799 - mae: 0.8233 - mse: 0.8233 - ssim_metric: 0.1352
554/652 [========================>.....] - ETA: 40s - loss: 0.4797 - mae: 0.8232 - mse: 0.8231 - ssim_metric: 0.1353
555/652 [========================>.....] - ETA: 40s - loss: 0.4800 - mae: 0.8233 - mse: 0.8233 - ssim_metric: 0.1352
556/652 [========================>.....] - ETA: 39s - loss: 0.4798 - mae: 0.8232 - mse: 0.8232 - ssim_metric: 0.1353
557/652 [========================>.....] - ETA: 39s - loss: 0.4799 - mae: 0.8233 - mse: 0.8233 - ssim_metric: 0.1352
558/652 [========================>.....] - ETA: 38s - loss: 0.4799 - mae: 0.8233 - mse: 0.8233 - ssim_metric: 0.1352
559/652 [========================>.....] - ETA: 38s - loss: 0.4800 - mae: 0.8233 - mse: 0.8233 - ssim_metric: 0.1352
560/652 [========================>.....] - ETA: 38s - loss: 0.4799 - mae: 0.8233 - mse: 0.8233 - ssim_metric: 0.1352
561/652 [========================>.....] - ETA: 37s - loss: 0.4798 - mae: 0.8232 - mse: 0.8232 - ssim_metric: 0.1352
562/652 [========================>.....] - ETA: 37s - loss: 0.4797 - mae: 0.8232 - mse: 0.8232 - ssim_metric: 0.1353
563/652 [========================>.....] - ETA: 36s - loss: 0.4795 - mae: 0.8230 - mse: 0.8230 - ssim_metric: 0.1355
564/652 [========================>.....] - ETA: 36s - loss: 0.4797 - mae: 0.8231 - mse: 0.8231 - ssim_metric: 0.1354
565/652 [========================>.....] - ETA: 35s - loss: 0.4799 - mae: 0.8233 - mse: 0.8233 - ssim_metric: 0.1352
566/652 [=========================>....] - ETA: 35s - loss: 0.4796 - mae: 0.8230 - mse: 0.8230 - ssim_metric: 0.1355
567/652 [=========================>....] - ETA: 35s - loss: 0.4796 - mae: 0.8230 - mse: 0.8230 - ssim_metric: 0.1355
568/652 [=========================>....] - ETA: 34s - loss: 0.4797 - mae: 0.8231 - mse: 0.8231 - ssim_metric: 0.1354
569/652 [=========================>....] - ETA: 34s - loss: 0.4795 - mae: 0.8229 - mse: 0.8229 - ssim_metric: 0.1356
570/652 [=========================>....] - ETA: 33s - loss: 0.4794 - mae: 0.8229 - mse: 0.8229 - ssim_metric: 0.1356
571/652 [=========================>....] - ETA: 33s - loss: 0.4796 - mae: 0.8230 - mse: 0.8230 - ssim_metric: 0.1355
572/652 [=========================>....] - ETA: 33s - loss: 0.4794 - mae: 0.8229 - mse: 0.8229 - ssim_metric: 0.1356
573/652 [=========================>....] - ETA: 32s - loss: 0.4793 - mae: 0.8229 - mse: 0.8229 - ssim_metric: 0.1357
574/652 [=========================>....] - ETA: 32s - loss: 0.4791 - mae: 0.8227 - mse: 0.8227 - ssim_metric: 0.1358
575/652 [=========================>....] - ETA: 31s - loss: 0.4789 - mae: 0.8225 - mse: 0.8225 - ssim_metric: 0.1360
576/652 [=========================>....] - ETA: 31s - loss: 0.4788 - mae: 0.8225 - mse: 0.8225 - ssim_metric: 0.1360
577/652 [=========================>....] - ETA: 31s - loss: 0.4791 - mae: 0.8226 - mse: 0.8226 - ssim_metric: 0.1359
578/652 [=========================>....] - ETA: 30s - loss: 0.4789 - mae: 0.8225 - mse: 0.8224 - ssim_metric: 0.1361
579/652 [=========================>....] - ETA: 30s - loss: 0.4791 - mae: 0.8226 - mse: 0.8226 - ssim_metric: 0.1360
580/652 [=========================>....] - ETA: 29s - loss: 0.4788 - mae: 0.8224 - mse: 0.8223 - ssim_metric: 0.1362
581/652 [=========================>....] - ETA: 29s - loss: 0.4789 - mae: 0.8224 - mse: 0.8224 - ssim_metric: 0.1362
582/652 [=========================>....] - ETA: 28s - loss: 0.4787 - mae: 0.8223 - mse: 0.8223 - ssim_metric: 0.1363
583/652 [=========================>....] - ETA: 28s - loss: 0.4789 - mae: 0.8224 - mse: 0.8224 - ssim_metric: 0.1362
584/652 [=========================>....] - ETA: 28s - loss: 0.4791 - mae: 0.8225 - mse: 0.8225 - ssim_metric: 0.1361
585/652 [=========================>....] - ETA: 27s - loss: 0.4791 - mae: 0.8225 - mse: 0.8225 - ssim_metric: 0.1361
586/652 [=========================>....] - ETA: 27s - loss: 0.4791 - mae: 0.8226 - mse: 0.8225 - ssim_metric: 0.1361
587/652 [==========================>...] - ETA: 26s - loss: 0.4790 - mae: 0.8225 - mse: 0.8225 - ssim_metric: 0.1361
588/652 [==========================>...] - ETA: 26s - loss: 0.4789 - mae: 0.8224 - mse: 0.8224 - ssim_metric: 0.1362
589/652 [==========================>...] - ETA: 26s - loss: 0.4790 - mae: 0.8225 - mse: 0.8225 - ssim_metric: 0.1361
590/652 [==========================>...] - ETA: 25s - loss: 0.4789 - mae: 0.8224 - mse: 0.8224 - ssim_metric: 0.1361
591/652 [==========================>...] - ETA: 25s - loss: 0.4788 - mae: 0.8224 - mse: 0.8224 - ssim_metric: 0.1361
592/652 [==========================>...] - ETA: 24s - loss: 0.4789 - mae: 0.8225 - mse: 0.8225 - ssim_metric: 0.1361
593/652 [==========================>...] - ETA: 24s - loss: 0.4788 - mae: 0.8224 - mse: 0.8224 - ssim_metric: 0.1362
594/652 [==========================>...] - ETA: 23s - loss: 0.4788 - mae: 0.8224 - mse: 0.8224 - ssim_metric: 0.1362
595/652 [==========================>...] - ETA: 23s - loss: 0.4790 - mae: 0.8225 - mse: 0.8225 - ssim_metric: 0.1361
596/652 [==========================>...] - ETA: 23s - loss: 0.4793 - mae: 0.8227 - mse: 0.8227 - ssim_metric: 0.1359
597/652 [==========================>...] - ETA: 22s - loss: 0.4793 - mae: 0.8227 - mse: 0.8227 - ssim_metric: 0.1359
598/652 [==========================>...] - ETA: 22s - loss: 0.4794 - mae: 0.8228 - mse: 0.8228 - ssim_metric: 0.1358
599/652 [==========================>...] - ETA: 21s - loss: 0.4794 - mae: 0.8228 - mse: 0.8228 - ssim_metric: 0.1358
600/652 [==========================>...] - ETA: 21s - loss: 0.4793 - mae: 0.8227 - mse: 0.8227 - ssim_metric: 0.1359
601/652 [==========================>...] - ETA: 21s - loss: 0.4795 - mae: 0.8228 - mse: 0.8228 - ssim_metric: 0.1358
602/652 [==========================>...] - ETA: 20s - loss: 0.4796 - mae: 0.8229 - mse: 0.8229 - ssim_metric: 0.1357
603/652 [==========================>...] - ETA: 20s - loss: 0.4794 - mae: 0.8228 - mse: 0.8227 - ssim_metric: 0.1358
604/652 [==========================>...] - ETA: 19s - loss: 0.4793 - mae: 0.8227 - mse: 0.8227 - ssim_metric: 0.1359
605/652 [==========================>...] - ETA: 19s - loss: 0.4792 - mae: 0.8226 - mse: 0.8226 - ssim_metric: 0.1359
606/652 [==========================>...] - ETA: 19s - loss: 0.4792 - mae: 0.8227 - mse: 0.8227 - ssim_metric: 0.1359
607/652 [==========================>...] - ETA: 18s - loss: 0.4792 - mae: 0.8227 - mse: 0.8227 - ssim_metric: 0.1358
608/652 [==========================>...] - ETA: 18s - loss: 0.4792 - mae: 0.8226 - mse: 0.8226 - ssim_metric: 0.1359
609/652 [===========================>..] - ETA: 17s - loss: 0.4791 - mae: 0.8226 - mse: 0.8226 - ssim_metric: 0.1359
610/652 [===========================>..] - ETA: 17s - loss: 0.4790 - mae: 0.8226 - mse: 0.8226 - ssim_metric: 0.1359
611/652 [===========================>..] - ETA: 16s - loss: 0.4790 - mae: 0.8226 - mse: 0.8226 - ssim_metric: 0.1359
612/652 [===========================>..] - ETA: 16s - loss: 0.4789 - mae: 0.8225 - mse: 0.8225 - ssim_metric: 0.1359
613/652 [===========================>..] - ETA: 16s - loss: 0.4789 - mae: 0.8225 - mse: 0.8225 - ssim_metric: 0.1359
614/652 [===========================>..] - ETA: 15s - loss: 0.4787 - mae: 0.8224 - mse: 0.8224 - ssim_metric: 0.1361
615/652 [===========================>..] - ETA: 15s - loss: 0.4787 - mae: 0.8224 - mse: 0.8224 - ssim_metric: 0.1360
616/652 [===========================>..] - ETA: 14s - loss: 0.4789 - mae: 0.8225 - mse: 0.8225 - ssim_metric: 0.1360
617/652 [===========================>..] - ETA: 14s - loss: 0.4790 - mae: 0.8226 - mse: 0.8225 - ssim_metric: 0.1359
618/652 [===========================>..] - ETA: 14s - loss: 0.4789 - mae: 0.8225 - mse: 0.8225 - ssim_metric: 0.1359
619/652 [===========================>..] - ETA: 13s - loss: 0.4787 - mae: 0.8224 - mse: 0.8224 - ssim_metric: 0.1361
620/652 [===========================>..] - ETA: 13s - loss: 0.4788 - mae: 0.8225 - mse: 0.8225 - ssim_metric: 0.1360
621/652 [===========================>..] - ETA: 12s - loss: 0.4791 - mae: 0.8226 - mse: 0.8226 - ssim_metric: 0.1359
622/652 [===========================>..] - ETA: 12s - loss: 0.4790 - mae: 0.8226 - mse: 0.8226 - ssim_metric: 0.1359
623/652 [===========================>..] - ETA: 11s - loss: 0.4792 - mae: 0.8227 - mse: 0.8227 - ssim_metric: 0.1358
624/652 [===========================>..] - ETA: 11s - loss: 0.4791 - mae: 0.8226 - mse: 0.8226 - ssim_metric: 0.1359
625/652 [===========================>..] - ETA: 11s - loss: 0.4790 - mae: 0.8225 - mse: 0.8225 - ssim_metric: 0.1359
626/652 [===========================>..] - ETA: 10s - loss: 0.4789 - mae: 0.8225 - mse: 0.8225 - ssim_metric: 0.1359
627/652 [===========================>..] - ETA: 10s - loss: 0.4788 - mae: 0.8224 - mse: 0.8224 - ssim_metric: 0.1361
628/652 [===========================>..] - ETA: 9s - loss: 0.4789 - mae: 0.8225 - mse: 0.8224 - ssim_metric: 0.1360 
629/652 [===========================>..] - ETA: 9s - loss: 0.4787 - mae: 0.8224 - mse: 0.8224 - ssim_metric: 0.1361
630/652 [===========================>..] - ETA: 9s - loss: 0.4786 - mae: 0.8223 - mse: 0.8223 - ssim_metric: 0.1361
631/652 [============================>.] - ETA: 8s - loss: 0.4786 - mae: 0.8223 - mse: 0.8223 - ssim_metric: 0.1361
632/652 [============================>.] - ETA: 8s - loss: 0.4787 - mae: 0.8223 - mse: 0.8223 - ssim_metric: 0.1361
633/652 [============================>.] - ETA: 7s - loss: 0.4786 - mae: 0.8223 - mse: 0.8223 - ssim_metric: 0.1361
634/652 [============================>.] - ETA: 7s - loss: 0.4787 - mae: 0.8224 - mse: 0.8224 - ssim_metric: 0.1361
635/652 [============================>.] - ETA: 7s - loss: 0.4787 - mae: 0.8224 - mse: 0.8224 - ssim_metric: 0.1360
636/652 [============================>.] - ETA: 6s - loss: 0.4787 - mae: 0.8225 - mse: 0.8224 - ssim_metric: 0.1360
637/652 [============================>.] - ETA: 6s - loss: 0.4786 - mae: 0.8224 - mse: 0.8224 - ssim_metric: 0.1361
638/652 [============================>.] - ETA: 5s - loss: 0.4784 - mae: 0.8222 - mse: 0.8221 - ssim_metric: 0.1363
639/652 [============================>.] - ETA: 5s - loss: 0.4782 - mae: 0.8220 - mse: 0.8220 - ssim_metric: 0.1364
640/652 [============================>.] - ETA: 4s - loss: 0.4783 - mae: 0.8221 - mse: 0.8221 - ssim_metric: 0.1363
641/652 [============================>.] - ETA: 4s - loss: 0.4783 - mae: 0.8221 - mse: 0.8221 - ssim_metric: 0.1363
642/652 [============================>.] - ETA: 4s - loss: 0.4782 - mae: 0.8220 - mse: 0.8220 - ssim_metric: 0.1364
643/652 [============================>.] - ETA: 3s - loss: 0.4784 - mae: 0.8222 - mse: 0.8221 - ssim_metric: 0.1363
644/652 [============================>.] - ETA: 3s - loss: 0.4784 - mae: 0.8222 - mse: 0.8222 - ssim_metric: 0.1362
645/652 [============================>.] - ETA: 2s - loss: 0.4785 - mae: 0.8222 - mse: 0.8222 - ssim_metric: 0.1362
646/652 [============================>.] - ETA: 2s - loss: 0.4785 - mae: 0.8222 - mse: 0.8222 - ssim_metric: 0.1362
647/652 [============================>.] - ETA: 2s - loss: 0.4785 - mae: 0.8223 - mse: 0.8222 - ssim_metric: 0.1362
648/652 [============================>.] - ETA: 1s - loss: 0.4782 - mae: 0.8220 - mse: 0.8220 - ssim_metric: 0.1364
649/652 [============================>.] - ETA: 1s - loss: 0.4781 - mae: 0.8219 - mse: 0.8219 - ssim_metric: 0.1365
650/652 [============================>.] - ETA: 0s - loss: 0.4782 - mae: 0.8220 - mse: 0.8220 - ssim_metric: 0.1364
651/652 [============================>.] - ETA: 0s - loss: 0.4781 - mae: 0.8219 - mse: 0.8219 - ssim_metric: 0.1365
652/652 [==============================] - ETA: 0s - loss: 0.4781 - mae: 0.8220 - mse: 0.8220 - ssim_metric: 0.1364
Epoch 5: saving model to C:\d_surucusu\visual_navigation\benchmark\models_pipeline\_lr_batch_probe\lr1e-3_b8\_JOB_lr1e-3_b8_05_09_2026__17_07_model_f48_k4_epoch_00005_helu_osigmoid_(1, 1)_.h5

Epoch 5: val_loss did not improve from 0.51466

Epoch 5: val_mae did not improve from 0.84426

Epoch 5: val_ssim_metric did not improve from 0.11815

652/652 [==============================] - 286s 439ms/step - loss: 0.4781 - mae: 0.8220 - mse: 0.8220 - ssim_metric: 0.1364 - val_loss: 0.5147 - val_mae: 0.8443 - val_mse: 0.8442 - val_ssim_metric: 0.1181
Epoch 6/6

  1/652 [..............................] - ETA: 4:46 - loss: 0.4563 - mae: 0.8153 - mse: 0.8153 - ssim_metric: 0.1406
  2/652 [..............................] - ETA: 4:29 - loss: 0.4200 - mae: 0.7851 - mse: 0.7851 - ssim_metric: 0.1672
  3/652 [..............................] - ETA: 4:28 - loss: 0.4649 - mae: 0.8152 - mse: 0.8152 - ssim_metric: 0.1433
  4/652 [..............................] - ETA: 4:27 - loss: 0.4409 - mae: 0.7964 - mse: 0.7964 - ssim_metric: 0.1593
  5/652 [..............................] - ETA: 4:27 - loss: 0.4255 - mae: 0.7839 - mse: 0.7839 - ssim_metric: 0.1685
  6/652 [..............................] - ETA: 4:27 - loss: 0.4267 - mae: 0.7863 - mse: 0.7863 - ssim_metric: 0.1666
  7/652 [..............................] - ETA: 4:26 - loss: 0.4246 - mae: 0.7858 - mse: 0.7858 - ssim_metric: 0.1689
  8/652 [..............................] - ETA: 4:26 - loss: 0.4249 - mae: 0.7869 - mse: 0.7869 - ssim_metric: 0.1691
  9/652 [..............................] - ETA: 4:25 - loss: 0.4178 - mae: 0.7810 - mse: 0.7810 - ssim_metric: 0.1749
 10/652 [..............................] - ETA: 4:25 - loss: 0.4481 - mae: 0.7969 - mse: 0.7969 - ssim_metric: 0.1610
 11/652 [..............................] - ETA: 4:25 - loss: 0.4513 - mae: 0.8002 - mse: 0.8002 - ssim_metric: 0.1576
 12/652 [..............................] - ETA: 4:24 - loss: 0.4500 - mae: 0.8001 - mse: 0.8001 - ssim_metric: 0.1570
 13/652 [..............................] - ETA: 4:24 - loss: 0.4562 - mae: 0.8049 - mse: 0.8049 - ssim_metric: 0.1528
 14/652 [..............................] - ETA: 4:23 - loss: 0.4539 - mae: 0.8038 - mse: 0.8038 - ssim_metric: 0.1534
 15/652 [..............................] - ETA: 4:23 - loss: 0.4580 - mae: 0.8071 - mse: 0.8071 - ssim_metric: 0.1501
 16/652 [..............................] - ETA: 4:22 - loss: 0.4653 - mae: 0.8119 - mse: 0.8119 - ssim_metric: 0.1459
 17/652 [..............................] - ETA: 4:22 - loss: 0.4755 - mae: 0.8178 - mse: 0.8178 - ssim_metric: 0.1414
 18/652 [..............................] - ETA: 4:22 - loss: 0.4786 - mae: 0.8203 - mse: 0.8203 - ssim_metric: 0.1388
 19/652 [..............................] - ETA: 4:21 - loss: 0.4840 - mae: 0.8238 - mse: 0.8238 - ssim_metric: 0.1356
 20/652 [..............................] - ETA: 4:21 - loss: 0.4819 - mae: 0.8229 - mse: 0.8229 - ssim_metric: 0.1366
 21/652 [..............................] - ETA: 4:20 - loss: 0.4770 - mae: 0.8195 - mse: 0.8195 - ssim_metric: 0.1395
 22/652 [>.............................] - ETA: 4:20 - loss: 0.4752 - mae: 0.8187 - mse: 0.8187 - ssim_metric: 0.1403
 23/652 [>.............................] - ETA: 4:20 - loss: 0.4805 - mae: 0.8220 - mse: 0.8220 - ssim_metric: 0.1375
 24/652 [>.............................] - ETA: 4:19 - loss: 0.4754 - mae: 0.8180 - mse: 0.8180 - ssim_metric: 0.1403
 25/652 [>.............................] - ETA: 4:19 - loss: 0.4726 - mae: 0.8162 - mse: 0.8162 - ssim_metric: 0.1417
 26/652 [>.............................] - ETA: 4:18 - loss: 0.4706 - mae: 0.8152 - mse: 0.8152 - ssim_metric: 0.1427
 27/652 [>.............................] - ETA: 4:18 - loss: 0.4660 - mae: 0.8115 - mse: 0.8115 - ssim_metric: 0.1458
 28/652 [>.............................] - ETA: 4:17 - loss: 0.4641 - mae: 0.8105 - mse: 0.8105 - ssim_metric: 0.1468
 29/652 [>.............................] - ETA: 4:17 - loss: 0.4699 - mae: 0.8139 - mse: 0.8139 - ssim_metric: 0.1440
 30/652 [>.............................] - ETA: 4:17 - loss: 0.4738 - mae: 0.8165 - mse: 0.8164 - ssim_metric: 0.1418
 31/652 [>.............................] - ETA: 4:16 - loss: 0.4710 - mae: 0.8147 - mse: 0.8147 - ssim_metric: 0.1439
 32/652 [>.............................] - ETA: 4:16 - loss: 0.4698 - mae: 0.8141 - mse: 0.8141 - ssim_metric: 0.1441
 33/652 [>.............................] - ETA: 4:15 - loss: 0.4744 - mae: 0.8169 - mse: 0.8168 - ssim_metric: 0.1419
 34/652 [>.............................] - ETA: 4:15 - loss: 0.4721 - mae: 0.8154 - mse: 0.8154 - ssim_metric: 0.1430
 35/652 [>.............................] - ETA: 4:15 - loss: 0.4687 - mae: 0.8128 - mse: 0.8128 - ssim_metric: 0.1452
 36/652 [>.............................] - ETA: 4:14 - loss: 0.4687 - mae: 0.8131 - mse: 0.8131 - ssim_metric: 0.1447
 37/652 [>.............................] - ETA: 4:14 - loss: 0.4687 - mae: 0.8133 - mse: 0.8133 - ssim_metric: 0.1446
 38/652 [>.............................] - ETA: 4:13 - loss: 0.4676 - mae: 0.8128 - mse: 0.8128 - ssim_metric: 0.1449
 39/652 [>.............................] - ETA: 4:13 - loss: 0.4710 - mae: 0.8149 - mse: 0.8149 - ssim_metric: 0.1430
 40/652 [>.............................] - ETA: 4:13 - loss: 0.4746 - mae: 0.8171 - mse: 0.8171 - ssim_metric: 0.1409
 41/652 [>.............................] - ETA: 4:12 - loss: 0.4768 - mae: 0.8187 - mse: 0.8186 - ssim_metric: 0.1395
 42/652 [>.............................] - ETA: 4:12 - loss: 0.4790 - mae: 0.8202 - mse: 0.8201 - ssim_metric: 0.1383
 43/652 [>.............................] - ETA: 4:11 - loss: 0.4827 - mae: 0.8222 - mse: 0.8222 - ssim_metric: 0.1365
 44/652 [=>............................] - ETA: 4:11 - loss: 0.4823 - mae: 0.8222 - mse: 0.8222 - ssim_metric: 0.1365
 45/652 [=>............................] - ETA: 4:11 - loss: 0.4844 - mae: 0.8237 - mse: 0.8237 - ssim_metric: 0.1355
 46/652 [=>............................] - ETA: 4:10 - loss: 0.4853 - mae: 0.8245 - mse: 0.8245 - ssim_metric: 0.1352
 47/652 [=>............................] - ETA: 4:10 - loss: 0.4867 - mae: 0.8255 - mse: 0.8255 - ssim_metric: 0.1342
 48/652 [=>............................] - ETA: 4:09 - loss: 0.4858 - mae: 0.8251 - mse: 0.8251 - ssim_metric: 0.1344
 49/652 [=>............................] - ETA: 4:09 - loss: 0.4835 - mae: 0.8234 - mse: 0.8233 - ssim_metric: 0.1358
 50/652 [=>............................] - ETA: 4:09 - loss: 0.4822 - mae: 0.8226 - mse: 0.8226 - ssim_metric: 0.1360
 51/652 [=>............................] - ETA: 4:08 - loss: 0.4805 - mae: 0.8215 - mse: 0.8215 - ssim_metric: 0.1370
 52/652 [=>............................] - ETA: 4:08 - loss: 0.4807 - mae: 0.8218 - mse: 0.8218 - ssim_metric: 0.1367
 53/652 [=>............................] - ETA: 4:07 - loss: 0.4798 - mae: 0.8213 - mse: 0.8213 - ssim_metric: 0.1369
 54/652 [=>............................] - ETA: 4:07 - loss: 0.4811 - mae: 0.8223 - mse: 0.8223 - ssim_metric: 0.1361
 55/652 [=>............................] - ETA: 4:06 - loss: 0.4813 - mae: 0.8226 - mse: 0.8226 - ssim_metric: 0.1358
 56/652 [=>............................] - ETA: 4:06 - loss: 0.4802 - mae: 0.8220 - mse: 0.8219 - ssim_metric: 0.1365
 57/652 [=>............................] - ETA: 4:06 - loss: 0.4798 - mae: 0.8219 - mse: 0.8219 - ssim_metric: 0.1365
 58/652 [=>............................] - ETA: 4:05 - loss: 0.4801 - mae: 0.8222 - mse: 0.8222 - ssim_metric: 0.1360
 59/652 [=>............................] - ETA: 4:05 - loss: 0.4802 - mae: 0.8224 - mse: 0.8224 - ssim_metric: 0.1357
 60/652 [=>............................] - ETA: 4:04 - loss: 0.4790 - mae: 0.8217 - mse: 0.8217 - ssim_metric: 0.1365
 61/652 [=>............................] - ETA: 4:04 - loss: 0.4787 - mae: 0.8216 - mse: 0.8216 - ssim_metric: 0.1364
 62/652 [=>............................] - ETA: 4:04 - loss: 0.4785 - mae: 0.8216 - mse: 0.8216 - ssim_metric: 0.1363
 63/652 [=>............................] - ETA: 4:03 - loss: 0.4771 - mae: 0.8207 - mse: 0.8206 - ssim_metric: 0.1372
 64/652 [=>............................] - ETA: 4:03 - loss: 0.4754 - mae: 0.8194 - mse: 0.8194 - ssim_metric: 0.1383
 65/652 [=>............................] - ETA: 4:02 - loss: 0.4786 - mae: 0.8211 - mse: 0.8211 - ssim_metric: 0.1370
 66/652 [==>...........................] - ETA: 4:02 - loss: 0.4801 - mae: 0.8221 - mse: 0.8220 - ssim_metric: 0.1362
 67/652 [==>...........................] - ETA: 4:01 - loss: 0.4787 - mae: 0.8211 - mse: 0.8211 - ssim_metric: 0.1368
 68/652 [==>...........................] - ETA: 4:01 - loss: 0.4785 - mae: 0.8211 - mse: 0.8211 - ssim_metric: 0.1368
 69/652 [==>...........................] - ETA: 4:01 - loss: 0.4784 - mae: 0.8212 - mse: 0.8211 - ssim_metric: 0.1368
 70/652 [==>...........................] - ETA: 4:00 - loss: 0.4806 - mae: 0.8224 - mse: 0.8224 - ssim_metric: 0.1357
 71/652 [==>...........................] - ETA: 4:00 - loss: 0.4809 - mae: 0.8228 - mse: 0.8228 - ssim_metric: 0.1354
 72/652 [==>...........................] - ETA: 3:59 - loss: 0.4800 - mae: 0.8222 - mse: 0.8221 - ssim_metric: 0.1358
 73/652 [==>...........................] - ETA: 3:59 - loss: 0.4816 - mae: 0.8232 - mse: 0.8232 - ssim_metric: 0.1350
 74/652 [==>...........................] - ETA: 3:59 - loss: 0.4824 - mae: 0.8238 - mse: 0.8237 - ssim_metric: 0.1345
 75/652 [==>...........................] - ETA: 3:58 - loss: 0.4830 - mae: 0.8242 - mse: 0.8242 - ssim_metric: 0.1340
 76/652 [==>...........................] - ETA: 3:58 - loss: 0.4837 - mae: 0.8248 - mse: 0.8248 - ssim_metric: 0.1336
 77/652 [==>...........................] - ETA: 3:57 - loss: 0.4833 - mae: 0.8246 - mse: 0.8246 - ssim_metric: 0.1338
 78/652 [==>...........................] - ETA: 3:57 - loss: 0.4837 - mae: 0.8250 - mse: 0.8250 - ssim_metric: 0.1334
 79/652 [==>...........................] - ETA: 3:57 - loss: 0.4850 - mae: 0.8258 - mse: 0.8258 - ssim_metric: 0.1327
 80/652 [==>...........................] - ETA: 3:56 - loss: 0.4849 - mae: 0.8259 - mse: 0.8258 - ssim_metric: 0.1326
 81/652 [==>...........................] - ETA: 3:56 - loss: 0.4859 - mae: 0.8265 - mse: 0.8265 - ssim_metric: 0.1320
 82/652 [==>...........................] - ETA: 3:55 - loss: 0.4858 - mae: 0.8266 - mse: 0.8266 - ssim_metric: 0.1320
 83/652 [==>...........................] - ETA: 3:55 - loss: 0.4882 - mae: 0.8278 - mse: 0.8278 - ssim_metric: 0.1309
 84/652 [==>...........................] - ETA: 3:54 - loss: 0.4901 - mae: 0.8288 - mse: 0.8288 - ssim_metric: 0.1301
 85/652 [==>...........................] - ETA: 3:54 - loss: 0.4895 - mae: 0.8286 - mse: 0.8286 - ssim_metric: 0.1304
 86/652 [==>...........................] - ETA: 3:54 - loss: 0.4903 - mae: 0.8291 - mse: 0.8291 - ssim_metric: 0.1299
 87/652 [===>..........................] - ETA: 3:53 - loss: 0.4902 - mae: 0.8292 - mse: 0.8291 - ssim_metric: 0.1297
 88/652 [===>..........................] - ETA: 3:53 - loss: 0.4890 - mae: 0.8283 - mse: 0.8283 - ssim_metric: 0.1304
 89/652 [===>..........................] - ETA: 3:52 - loss: 0.4885 - mae: 0.8281 - mse: 0.8281 - ssim_metric: 0.1306
 90/652 [===>..........................] - ETA: 3:52 - loss: 0.4866 - mae: 0.8264 - mse: 0.8264 - ssim_metric: 0.1319
 91/652 [===>..........................] - ETA: 3:52 - loss: 0.4867 - mae: 0.8266 - mse: 0.8266 - ssim_metric: 0.1318
 92/652 [===>..........................] - ETA: 3:51 - loss: 0.4860 - mae: 0.8262 - mse: 0.8262 - ssim_metric: 0.1321
 93/652 [===>..........................] - ETA: 3:51 - loss: 0.4854 - mae: 0.8259 - mse: 0.8258 - ssim_metric: 0.1323
 94/652 [===>..........................] - ETA: 3:50 - loss: 0.4873 - mae: 0.8269 - mse: 0.8268 - ssim_metric: 0.1315
 95/652 [===>..........................] - ETA: 3:50 - loss: 0.4884 - mae: 0.8276 - mse: 0.8276 - ssim_metric: 0.1309
 96/652 [===>..........................] - ETA: 3:50 - loss: 0.4908 - mae: 0.8287 - mse: 0.8287 - ssim_metric: 0.1299
 97/652 [===>..........................] - ETA: 3:49 - loss: 0.4893 - mae: 0.8275 - mse: 0.8275 - ssim_metric: 0.1311
 98/652 [===>..........................] - ETA: 3:49 - loss: 0.4888 - mae: 0.8273 - mse: 0.8273 - ssim_metric: 0.1312
 99/652 [===>..........................] - ETA: 3:48 - loss: 0.4900 - mae: 0.8280 - mse: 0.8280 - ssim_metric: 0.1306
100/652 [===>..........................] - ETA: 3:48 - loss: 0.4892 - mae: 0.8276 - mse: 0.8275 - ssim_metric: 0.1311
101/652 [===>..........................] - ETA: 3:47 - loss: 0.4911 - mae: 0.8285 - mse: 0.8285 - ssim_metric: 0.1303
102/652 [===>..........................] - ETA: 3:47 - loss: 0.4910 - mae: 0.8285 - mse: 0.8285 - ssim_metric: 0.1302
103/652 [===>..........................] - ETA: 3:47 - loss: 0.4899 - mae: 0.8278 - mse: 0.8278 - ssim_metric: 0.1309
104/652 [===>..........................] - ETA: 3:46 - loss: 0.4906 - mae: 0.8283 - mse: 0.8283 - ssim_metric: 0.1305
105/652 [===>..........................] - ETA: 3:46 - loss: 0.4924 - mae: 0.8292 - mse: 0.8292 - ssim_metric: 0.1297
106/652 [===>..........................] - ETA: 3:45 - loss: 0.4914 - mae: 0.8285 - mse: 0.8285 - ssim_metric: 0.1302
107/652 [===>..........................] - ETA: 3:45 - loss: 0.4902 - mae: 0.8278 - mse: 0.8277 - ssim_metric: 0.1312
108/652 [===>..........................] - ETA: 3:45 - loss: 0.4910 - mae: 0.8283 - mse: 0.8283 - ssim_metric: 0.1307
109/652 [====>.........................] - ETA: 3:44 - loss: 0.4906 - mae: 0.8281 - mse: 0.8281 - ssim_metric: 0.1309
110/652 [====>.........................] - ETA: 3:44 - loss: 0.4905 - mae: 0.8282 - mse: 0.8281 - ssim_metric: 0.1308
111/652 [====>.........................] - ETA: 3:43 - loss: 0.4898 - mae: 0.8277 - mse: 0.8277 - ssim_metric: 0.1312
112/652 [====>.........................] - ETA: 3:43 - loss: 0.4906 - mae: 0.8282 - mse: 0.8282 - ssim_metric: 0.1307
113/652 [====>.........................] - ETA: 3:42 - loss: 0.4909 - mae: 0.8285 - mse: 0.8285 - ssim_metric: 0.1304
114/652 [====>.........................] - ETA: 3:42 - loss: 0.4915 - mae: 0.8289 - mse: 0.8288 - ssim_metric: 0.1300
115/652 [====>.........................] - ETA: 3:42 - loss: 0.4902 - mae: 0.8279 - mse: 0.8278 - ssim_metric: 0.1308
116/652 [====>.........................] - ETA: 3:41 - loss: 0.4899 - mae: 0.8277 - mse: 0.8277 - ssim_metric: 0.1309
117/652 [====>.........................] - ETA: 3:41 - loss: 0.4894 - mae: 0.8275 - mse: 0.8275 - ssim_metric: 0.1311
118/652 [====>.........................] - ETA: 3:40 - loss: 0.4895 - mae: 0.8277 - mse: 0.8276 - ssim_metric: 0.1309
119/652 [====>.........................] - ETA: 3:40 - loss: 0.4885 - mae: 0.8269 - mse: 0.8269 - ssim_metric: 0.1315
120/652 [====>.........................] - ETA: 3:40 - loss: 0.4880 - mae: 0.8267 - mse: 0.8266 - ssim_metric: 0.1318
121/652 [====>.........................] - ETA: 3:39 - loss: 0.4886 - mae: 0.8271 - mse: 0.8270 - ssim_metric: 0.1315
122/652 [====>.........................] - ETA: 3:39 - loss: 0.4896 - mae: 0.8277 - mse: 0.8276 - ssim_metric: 0.1310
123/652 [====>.........................] - ETA: 3:38 - loss: 0.4902 - mae: 0.8281 - mse: 0.8281 - ssim_metric: 0.1306
124/652 [====>.........................] - ETA: 3:38 - loss: 0.4912 - mae: 0.8287 - mse: 0.8287 - ssim_metric: 0.1301
125/652 [====>.........................] - ETA: 3:37 - loss: 0.4910 - mae: 0.8286 - mse: 0.8286 - ssim_metric: 0.1302
126/652 [====>.........................] - ETA: 3:37 - loss: 0.4903 - mae: 0.8281 - mse: 0.8281 - ssim_metric: 0.1305
127/652 [====>.........................] - ETA: 3:37 - loss: 0.4900 - mae: 0.8281 - mse: 0.8280 - ssim_metric: 0.1306
128/652 [====>.........................] - ETA: 3:36 - loss: 0.4919 - mae: 0.8289 - mse: 0.8289 - ssim_metric: 0.1299
129/652 [====>.........................] - ETA: 3:36 - loss: 0.4926 - mae: 0.8294 - mse: 0.8294 - ssim_metric: 0.1295
130/652 [====>.........................] - ETA: 3:35 - loss: 0.4932 - mae: 0.8298 - mse: 0.8298 - ssim_metric: 0.1291
131/652 [=====>........................] - ETA: 3:35 - loss: 0.4928 - mae: 0.8296 - mse: 0.8296 - ssim_metric: 0.1295
132/652 [=====>........................] - ETA: 3:35 - loss: 0.4918 - mae: 0.8289 - mse: 0.8288 - ssim_metric: 0.1301
133/652 [=====>........................] - ETA: 3:34 - loss: 0.4910 - mae: 0.8284 - mse: 0.8284 - ssim_metric: 0.1304
134/652 [=====>........................] - ETA: 3:34 - loss: 0.4916 - mae: 0.8288 - mse: 0.8288 - ssim_metric: 0.1301
135/652 [=====>........................] - ETA: 3:33 - loss: 0.4914 - mae: 0.8287 - mse: 0.8287 - ssim_metric: 0.1301
136/652 [=====>........................] - ETA: 3:33 - loss: 0.4912 - mae: 0.8286 - mse: 0.8286 - ssim_metric: 0.1302
137/652 [=====>........................] - ETA: 3:33 - loss: 0.4903 - mae: 0.8280 - mse: 0.8280 - ssim_metric: 0.1308
138/652 [=====>........................] - ETA: 3:32 - loss: 0.4907 - mae: 0.8283 - mse: 0.8283 - ssim_metric: 0.1305
139/652 [=====>........................] - ETA: 3:32 - loss: 0.4900 - mae: 0.8279 - mse: 0.8279 - ssim_metric: 0.1309
140/652 [=====>........................] - ETA: 3:31 - loss: 0.4902 - mae: 0.8281 - mse: 0.8280 - ssim_metric: 0.1308
141/652 [=====>........................] - ETA: 3:31 - loss: 0.4903 - mae: 0.8282 - mse: 0.8282 - ssim_metric: 0.1306
142/652 [=====>........................] - ETA: 3:30 - loss: 0.4900 - mae: 0.8281 - mse: 0.8281 - ssim_metric: 0.1306
143/652 [=====>........................] - ETA: 3:30 - loss: 0.4888 - mae: 0.8270 - mse: 0.8270 - ssim_metric: 0.1317
144/652 [=====>........................] - ETA: 3:30 - loss: 0.4888 - mae: 0.8271 - mse: 0.8271 - ssim_metric: 0.1315
145/652 [=====>........................] - ETA: 3:29 - loss: 0.4886 - mae: 0.8270 - mse: 0.8270 - ssim_metric: 0.1316
146/652 [=====>........................] - ETA: 3:29 - loss: 0.4885 - mae: 0.8270 - mse: 0.8270 - ssim_metric: 0.1316
147/652 [=====>........................] - ETA: 3:28 - loss: 0.4888 - mae: 0.8272 - mse: 0.8272 - ssim_metric: 0.1314
148/652 [=====>........................] - ETA: 3:28 - loss: 0.4886 - mae: 0.8272 - mse: 0.8271 - ssim_metric: 0.1315
149/652 [=====>........................] - ETA: 3:28 - loss: 0.4892 - mae: 0.8276 - mse: 0.8276 - ssim_metric: 0.1311
150/652 [=====>........................] - ETA: 3:27 - loss: 0.4893 - mae: 0.8277 - mse: 0.8277 - ssim_metric: 0.1310
151/652 [=====>........................] - ETA: 3:27 - loss: 0.4897 - mae: 0.8280 - mse: 0.8280 - ssim_metric: 0.1307
152/652 [=====>........................] - ETA: 3:26 - loss: 0.4908 - mae: 0.8286 - mse: 0.8286 - ssim_metric: 0.1302
153/652 [======>.......................] - ETA: 3:26 - loss: 0.4905 - mae: 0.8284 - mse: 0.8284 - ssim_metric: 0.1303
154/652 [======>.......................] - ETA: 3:25 - loss: 0.4901 - mae: 0.8282 - mse: 0.8282 - ssim_metric: 0.1305
155/652 [======>.......................] - ETA: 3:25 - loss: 0.4898 - mae: 0.8281 - mse: 0.8281 - ssim_metric: 0.1307
156/652 [======>.......................] - ETA: 3:25 - loss: 0.4901 - mae: 0.8284 - mse: 0.8283 - ssim_metric: 0.1305
157/652 [======>.......................] - ETA: 3:24 - loss: 0.4893 - mae: 0.8277 - mse: 0.8277 - ssim_metric: 0.1312
158/652 [======>.......................] - ETA: 3:24 - loss: 0.4892 - mae: 0.8277 - mse: 0.8277 - ssim_metric: 0.1312
159/652 [======>.......................] - ETA: 3:23 - loss: 0.4886 - mae: 0.8273 - mse: 0.8273 - ssim_metric: 0.1314
160/652 [======>.......................] - ETA: 3:23 - loss: 0.4884 - mae: 0.8272 - mse: 0.8272 - ssim_metric: 0.1315
161/652 [======>.......................] - ETA: 3:23 - loss: 0.4884 - mae: 0.8273 - mse: 0.8273 - ssim_metric: 0.1315
162/652 [======>.......................] - ETA: 3:22 - loss: 0.4883 - mae: 0.8273 - mse: 0.8273 - ssim_metric: 0.1315
163/652 [======>.......................] - ETA: 3:22 - loss: 0.4880 - mae: 0.8271 - mse: 0.8271 - ssim_metric: 0.1317
164/652 [======>.......................] - ETA: 3:21 - loss: 0.4878 - mae: 0.8271 - mse: 0.8271 - ssim_metric: 0.1317
165/652 [======>.......................] - ETA: 3:21 - loss: 0.4876 - mae: 0.8270 - mse: 0.8270 - ssim_metric: 0.1318
166/652 [======>.......................] - ETA: 3:21 - loss: 0.4878 - mae: 0.8272 - mse: 0.8272 - ssim_metric: 0.1316
167/652 [======>.......................] - ETA: 3:20 - loss: 0.4872 - mae: 0.8267 - mse: 0.8267 - ssim_metric: 0.1320
168/652 [======>.......................] - ETA: 3:20 - loss: 0.4872 - mae: 0.8268 - mse: 0.8268 - ssim_metric: 0.1319
169/652 [======>.......................] - ETA: 3:19 - loss: 0.4874 - mae: 0.8270 - mse: 0.8270 - ssim_metric: 0.1318
170/652 [======>.......................] - ETA: 3:19 - loss: 0.4884 - mae: 0.8275 - mse: 0.8275 - ssim_metric: 0.1313
171/652 [======>.......................] - ETA: 3:18 - loss: 0.4883 - mae: 0.8275 - mse: 0.8275 - ssim_metric: 0.1313
172/652 [======>.......................] - ETA: 3:18 - loss: 0.4879 - mae: 0.8273 - mse: 0.8273 - ssim_metric: 0.1315
173/652 [======>.......................] - ETA: 3:18 - loss: 0.4879 - mae: 0.8273 - mse: 0.8273 - ssim_metric: 0.1315
174/652 [=======>......................] - ETA: 3:17 - loss: 0.4884 - mae: 0.8277 - mse: 0.8277 - ssim_metric: 0.1312
175/652 [=======>......................] - ETA: 3:17 - loss: 0.4891 - mae: 0.8281 - mse: 0.8281 - ssim_metric: 0.1308
176/652 [=======>......................] - ETA: 3:16 - loss: 0.4889 - mae: 0.8280 - mse: 0.8280 - ssim_metric: 0.1308
177/652 [=======>......................] - ETA: 3:16 - loss: 0.4892 - mae: 0.8282 - mse: 0.8282 - ssim_metric: 0.1307
178/652 [=======>......................] - ETA: 3:16 - loss: 0.4892 - mae: 0.8283 - mse: 0.8283 - ssim_metric: 0.1306
179/652 [=======>......................] - ETA: 3:15 - loss: 0.4886 - mae: 0.8279 - mse: 0.8279 - ssim_metric: 0.1310
180/652 [=======>......................] - ETA: 3:15 - loss: 0.4883 - mae: 0.8277 - mse: 0.8277 - ssim_metric: 0.1311
181/652 [=======>......................] - ETA: 3:14 - loss: 0.4887 - mae: 0.8280 - mse: 0.8280 - ssim_metric: 0.1308
182/652 [=======>......................] - ETA: 3:14 - loss: 0.4883 - mae: 0.8278 - mse: 0.8278 - ssim_metric: 0.1310
183/652 [=======>......................] - ETA: 3:13 - loss: 0.4881 - mae: 0.8277 - mse: 0.8277 - ssim_metric: 0.1310
184/652 [=======>......................] - ETA: 3:13 - loss: 0.4885 - mae: 0.8279 - mse: 0.8279 - ssim_metric: 0.1308
185/652 [=======>......................] - ETA: 3:13 - loss: 0.4886 - mae: 0.8280 - mse: 0.8280 - ssim_metric: 0.1307
186/652 [=======>......................] - ETA: 3:12 - loss: 0.4882 - mae: 0.8279 - mse: 0.8278 - ssim_metric: 0.1309
187/652 [=======>......................] - ETA: 3:12 - loss: 0.4882 - mae: 0.8279 - mse: 0.8279 - ssim_metric: 0.1310
188/652 [=======>......................] - ETA: 3:11 - loss: 0.4879 - mae: 0.8277 - mse: 0.8277 - ssim_metric: 0.1311
189/652 [=======>......................] - ETA: 3:11 - loss: 0.4874 - mae: 0.8274 - mse: 0.8273 - ssim_metric: 0.1313
190/652 [=======>......................] - ETA: 3:11 - loss: 0.4869 - mae: 0.8270 - mse: 0.8270 - ssim_metric: 0.1317
191/652 [=======>......................] - ETA: 3:10 - loss: 0.4870 - mae: 0.8271 - mse: 0.8271 - ssim_metric: 0.1315
192/652 [=======>......................] - ETA: 3:10 - loss: 0.4870 - mae: 0.8272 - mse: 0.8272 - ssim_metric: 0.1315
193/652 [=======>......................] - ETA: 3:09 - loss: 0.4868 - mae: 0.8271 - mse: 0.8271 - ssim_metric: 0.1316
194/652 [=======>......................] - ETA: 3:09 - loss: 0.4869 - mae: 0.8272 - mse: 0.8272 - ssim_metric: 0.1315
195/652 [=======>......................] - ETA: 3:09 - loss: 0.4873 - mae: 0.8275 - mse: 0.8275 - ssim_metric: 0.1313
196/652 [========>.....................] - ETA: 3:08 - loss: 0.4874 - mae: 0.8276 - mse: 0.8276 - ssim_metric: 0.1312
197/652 [========>.....................] - ETA: 3:08 - loss: 0.4876 - mae: 0.8277 - mse: 0.8277 - ssim_metric: 0.1311
198/652 [========>.....................] - ETA: 3:07 - loss: 0.4876 - mae: 0.8278 - mse: 0.8278 - ssim_metric: 0.1310
199/652 [========>.....................] - ETA: 3:07 - loss: 0.4869 - mae: 0.8273 - mse: 0.8273 - ssim_metric: 0.1315
200/652 [========>.....................] - ETA: 3:06 - loss: 0.4875 - mae: 0.8276 - mse: 0.8276 - ssim_metric: 0.1312
201/652 [========>.....................] - ETA: 3:06 - loss: 0.4884 - mae: 0.8281 - mse: 0.8281 - ssim_metric: 0.1308
202/652 [========>.....................] - ETA: 3:06 - loss: 0.4883 - mae: 0.8281 - mse: 0.8281 - ssim_metric: 0.1308
203/652 [========>.....................] - ETA: 3:05 - loss: 0.4884 - mae: 0.8282 - mse: 0.8282 - ssim_metric: 0.1306
204/652 [========>.....................] - ETA: 3:05 - loss: 0.4889 - mae: 0.8285 - mse: 0.8285 - ssim_metric: 0.1304
205/652 [========>.....................] - ETA: 3:04 - loss: 0.4887 - mae: 0.8284 - mse: 0.8284 - ssim_metric: 0.1304
206/652 [========>.....................] - ETA: 3:04 - loss: 0.4881 - mae: 0.8280 - mse: 0.8280 - ssim_metric: 0.1309
207/652 [========>.....................] - ETA: 3:04 - loss: 0.4880 - mae: 0.8280 - mse: 0.8280 - ssim_metric: 0.1309
208/652 [========>.....................] - ETA: 3:03 - loss: 0.4881 - mae: 0.8280 - mse: 0.8280 - ssim_metric: 0.1308
209/652 [========>.....................] - ETA: 3:03 - loss: 0.4879 - mae: 0.8279 - mse: 0.8279 - ssim_metric: 0.1309
210/652 [========>.....................] - ETA: 3:02 - loss: 0.4883 - mae: 0.8282 - mse: 0.8282 - ssim_metric: 0.1307
211/652 [========>.....................] - ETA: 3:02 - loss: 0.4888 - mae: 0.8285 - mse: 0.8285 - ssim_metric: 0.1304
212/652 [========>.....................] - ETA: 3:01 - loss: 0.4891 - mae: 0.8287 - mse: 0.8287 - ssim_metric: 0.1303
213/652 [========>.....................] - ETA: 3:01 - loss: 0.4891 - mae: 0.8288 - mse: 0.8288 - ssim_metric: 0.1302
214/652 [========>.....................] - ETA: 3:01 - loss: 0.4891 - mae: 0.8288 - mse: 0.8288 - ssim_metric: 0.1303
215/652 [========>.....................] - ETA: 3:00 - loss: 0.4884 - mae: 0.8283 - mse: 0.8282 - ssim_metric: 0.1308
216/652 [========>.....................] - ETA: 3:00 - loss: 0.4882 - mae: 0.8282 - mse: 0.8282 - ssim_metric: 0.1309
217/652 [========>.....................] - ETA: 2:59 - loss: 0.4882 - mae: 0.8282 - mse: 0.8282 - ssim_metric: 0.1308
218/652 [=========>....................] - ETA: 2:59 - loss: 0.4886 - mae: 0.8285 - mse: 0.8285 - ssim_metric: 0.1306
219/652 [=========>....................] - ETA: 2:59 - loss: 0.4884 - mae: 0.8284 - mse: 0.8284 - ssim_metric: 0.1307
220/652 [=========>....................] - ETA: 2:58 - loss: 0.4879 - mae: 0.8281 - mse: 0.8280 - ssim_metric: 0.1310
221/652 [=========>....................] - ETA: 2:58 - loss: 0.4878 - mae: 0.8280 - mse: 0.8280 - ssim_metric: 0.1310
222/652 [=========>....................] - ETA: 2:57 - loss: 0.4884 - mae: 0.8283 - mse: 0.8283 - ssim_metric: 0.1307
223/652 [=========>....................] - ETA: 2:57 - loss: 0.4878 - mae: 0.8279 - mse: 0.8279 - ssim_metric: 0.1311
224/652 [=========>....................] - ETA: 2:57 - loss: 0.4881 - mae: 0.8281 - mse: 0.8281 - ssim_metric: 0.1309
225/652 [=========>....................] - ETA: 2:56 - loss: 0.4883 - mae: 0.8283 - mse: 0.8283 - ssim_metric: 0.1308
226/652 [=========>....................] - ETA: 2:56 - loss: 0.4883 - mae: 0.8283 - mse: 0.8283 - ssim_metric: 0.1307
227/652 [=========>....................] - ETA: 2:55 - loss: 0.4882 - mae: 0.8283 - mse: 0.8283 - ssim_metric: 0.1308
228/652 [=========>....................] - ETA: 2:55 - loss: 0.4883 - mae: 0.8284 - mse: 0.8284 - ssim_metric: 0.1307
229/652 [=========>....................] - ETA: 2:54 - loss: 0.4884 - mae: 0.8285 - mse: 0.8285 - ssim_metric: 0.1306
230/652 [=========>....................] - ETA: 2:54 - loss: 0.4880 - mae: 0.8283 - mse: 0.8282 - ssim_metric: 0.1308
231/652 [=========>....................] - ETA: 2:54 - loss: 0.4880 - mae: 0.8283 - mse: 0.8283 - ssim_metric: 0.1307
232/652 [=========>....................] - ETA: 2:53 - loss: 0.4879 - mae: 0.8282 - mse: 0.8282 - ssim_metric: 0.1307
233/652 [=========>....................] - ETA: 2:53 - loss: 0.4875 - mae: 0.8280 - mse: 0.8280 - ssim_metric: 0.1309
234/652 [=========>....................] - ETA: 2:52 - loss: 0.4873 - mae: 0.8278 - mse: 0.8278 - ssim_metric: 0.1310
235/652 [=========>....................] - ETA: 2:52 - loss: 0.4877 - mae: 0.8281 - mse: 0.8281 - ssim_metric: 0.1308
236/652 [=========>....................] - ETA: 2:52 - loss: 0.4878 - mae: 0.8282 - mse: 0.8282 - ssim_metric: 0.1307
237/652 [=========>....................] - ETA: 2:51 - loss: 0.4881 - mae: 0.8284 - mse: 0.8284 - ssim_metric: 0.1306
238/652 [=========>....................] - ETA: 2:51 - loss: 0.4881 - mae: 0.8285 - mse: 0.8284 - ssim_metric: 0.1305
239/652 [=========>....................] - ETA: 2:50 - loss: 0.4880 - mae: 0.8284 - mse: 0.8284 - ssim_metric: 0.1305
240/652 [==========>...................] - ETA: 2:50 - loss: 0.4882 - mae: 0.8286 - mse: 0.8286 - ssim_metric: 0.1304
241/652 [==========>...................] - ETA: 2:50 - loss: 0.4884 - mae: 0.8287 - mse: 0.8287 - ssim_metric: 0.1302
242/652 [==========>...................] - ETA: 2:49 - loss: 0.4887 - mae: 0.8289 - mse: 0.8289 - ssim_metric: 0.1301
243/652 [==========>...................] - ETA: 2:49 - loss: 0.4884 - mae: 0.8287 - mse: 0.8287 - ssim_metric: 0.1303
244/652 [==========>...................] - ETA: 2:48 - loss: 0.4886 - mae: 0.8288 - mse: 0.8288 - ssim_metric: 0.1302
245/652 [==========>...................] - ETA: 2:48 - loss: 0.4883 - mae: 0.8287 - mse: 0.8287 - ssim_metric: 0.1303
246/652 [==========>...................] - ETA: 2:47 - loss: 0.4880 - mae: 0.8285 - mse: 0.8285 - ssim_metric: 0.1304
247/652 [==========>...................] - ETA: 2:47 - loss: 0.4876 - mae: 0.8282 - mse: 0.8282 - ssim_metric: 0.1307
248/652 [==========>...................] - ETA: 2:47 - loss: 0.4873 - mae: 0.8280 - mse: 0.8280 - ssim_metric: 0.1308
249/652 [==========>...................] - ETA: 2:46 - loss: 0.4883 - mae: 0.8285 - mse: 0.8285 - ssim_metric: 0.1305
250/652 [==========>...................] - ETA: 2:46 - loss: 0.4878 - mae: 0.8282 - mse: 0.8282 - ssim_metric: 0.1308
251/652 [==========>...................] - ETA: 2:45 - loss: 0.4884 - mae: 0.8285 - mse: 0.8285 - ssim_metric: 0.1305
252/652 [==========>...................] - ETA: 2:45 - loss: 0.4882 - mae: 0.8284 - mse: 0.8284 - ssim_metric: 0.1306
253/652 [==========>...................] - ETA: 2:45 - loss: 0.4886 - mae: 0.8287 - mse: 0.8286 - ssim_metric: 0.1304
254/652 [==========>...................] - ETA: 2:44 - loss: 0.4886 - mae: 0.8287 - mse: 0.8287 - ssim_metric: 0.1304
255/652 [==========>...................] - ETA: 2:44 - loss: 0.4888 - mae: 0.8288 - mse: 0.8288 - ssim_metric: 0.1303
256/652 [==========>...................] - ETA: 2:43 - loss: 0.4890 - mae: 0.8290 - mse: 0.8290 - ssim_metric: 0.1301
257/652 [==========>...................] - ETA: 2:43 - loss: 0.4889 - mae: 0.8289 - mse: 0.8289 - ssim_metric: 0.1302
258/652 [==========>...................] - ETA: 2:42 - loss: 0.4891 - mae: 0.8291 - mse: 0.8291 - ssim_metric: 0.1301
259/652 [==========>...................] - ETA: 2:42 - loss: 0.4889 - mae: 0.8290 - mse: 0.8290 - ssim_metric: 0.1301
260/652 [==========>...................] - ETA: 2:42 - loss: 0.4882 - mae: 0.8285 - mse: 0.8284 - ssim_metric: 0.1306
261/652 [===========>..................] - ETA: 2:41 - loss: 0.4878 - mae: 0.8281 - mse: 0.8281 - ssim_metric: 0.1308
262/652 [===========>..................] - ETA: 2:41 - loss: 0.4882 - mae: 0.8284 - mse: 0.8284 - ssim_metric: 0.1306
263/652 [===========>..................] - ETA: 2:40 - loss: 0.4882 - mae: 0.8284 - mse: 0.8284 - ssim_metric: 0.1306
264/652 [===========>..................] - ETA: 2:40 - loss: 0.4882 - mae: 0.8284 - mse: 0.8284 - ssim_metric: 0.1306
265/652 [===========>..................] - ETA: 2:40 - loss: 0.4880 - mae: 0.8283 - mse: 0.8283 - ssim_metric: 0.1307
266/652 [===========>..................] - ETA: 2:39 - loss: 0.4880 - mae: 0.8284 - mse: 0.8284 - ssim_metric: 0.1307
267/652 [===========>..................] - ETA: 2:39 - loss: 0.4875 - mae: 0.8280 - mse: 0.8280 - ssim_metric: 0.1310
268/652 [===========>..................] - ETA: 2:38 - loss: 0.4876 - mae: 0.8281 - mse: 0.8281 - ssim_metric: 0.1309
269/652 [===========>..................] - ETA: 2:38 - loss: 0.4879 - mae: 0.8283 - mse: 0.8283 - ssim_metric: 0.1307
270/652 [===========>..................] - ETA: 2:38 - loss: 0.4873 - mae: 0.8277 - mse: 0.8277 - ssim_metric: 0.1312
271/652 [===========>..................] - ETA: 2:37 - loss: 0.4868 - mae: 0.8273 - mse: 0.8273 - ssim_metric: 0.1315
272/652 [===========>..................] - ETA: 2:37 - loss: 0.4868 - mae: 0.8274 - mse: 0.8274 - ssim_metric: 0.1315
273/652 [===========>..................] - ETA: 2:36 - loss: 0.4872 - mae: 0.8276 - mse: 0.8276 - ssim_metric: 0.1312
274/652 [===========>..................] - ETA: 2:36 - loss: 0.4872 - mae: 0.8276 - mse: 0.8276 - ssim_metric: 0.1312
275/652 [===========>..................] - ETA: 2:35 - loss: 0.4868 - mae: 0.8274 - mse: 0.8274 - ssim_metric: 0.1314
276/652 [===========>..................] - ETA: 2:35 - loss: 0.4868 - mae: 0.8274 - mse: 0.8274 - ssim_metric: 0.1314
277/652 [===========>..................] - ETA: 2:35 - loss: 0.4866 - mae: 0.8273 - mse: 0.8273 - ssim_metric: 0.1315
278/652 [===========>..................] - ETA: 2:34 - loss: 0.4868 - mae: 0.8275 - mse: 0.8275 - ssim_metric: 0.1313
279/652 [===========>..................] - ETA: 2:34 - loss: 0.4863 - mae: 0.8270 - mse: 0.8270 - ssim_metric: 0.1317
280/652 [===========>..................] - ETA: 2:33 - loss: 0.4865 - mae: 0.8272 - mse: 0.8272 - ssim_metric: 0.1316
281/652 [===========>..................] - ETA: 2:33 - loss: 0.4864 - mae: 0.8271 - mse: 0.8271 - ssim_metric: 0.1316
282/652 [===========>..................] - ETA: 2:33 - loss: 0.4862 - mae: 0.8270 - mse: 0.8270 - ssim_metric: 0.1318
283/652 [============>.................] - ETA: 2:32 - loss: 0.4858 - mae: 0.8268 - mse: 0.8268 - ssim_metric: 0.1320
284/652 [============>.................] - ETA: 2:32 - loss: 0.4868 - mae: 0.8272 - mse: 0.8272 - ssim_metric: 0.1317
285/652 [============>.................] - ETA: 2:31 - loss: 0.4866 - mae: 0.8271 - mse: 0.8271 - ssim_metric: 0.1317
286/652 [============>.................] - ETA: 2:31 - loss: 0.4864 - mae: 0.8270 - mse: 0.8269 - ssim_metric: 0.1319
287/652 [============>.................] - ETA: 2:30 - loss: 0.4864 - mae: 0.8270 - mse: 0.8270 - ssim_metric: 0.1318
288/652 [============>.................] - ETA: 2:30 - loss: 0.4864 - mae: 0.8271 - mse: 0.8270 - ssim_metric: 0.1318
289/652 [============>.................] - ETA: 2:30 - loss: 0.4864 - mae: 0.8270 - mse: 0.8270 - ssim_metric: 0.1318
290/652 [============>.................] - ETA: 2:29 - loss: 0.4866 - mae: 0.8272 - mse: 0.8272 - ssim_metric: 0.1317
291/652 [============>.................] - ETA: 2:29 - loss: 0.4870 - mae: 0.8274 - mse: 0.8274 - ssim_metric: 0.1315
292/652 [============>.................] - ETA: 2:28 - loss: 0.4868 - mae: 0.8273 - mse: 0.8273 - ssim_metric: 0.1316
293/652 [============>.................] - ETA: 2:28 - loss: 0.4863 - mae: 0.8269 - mse: 0.8269 - ssim_metric: 0.1320
294/652 [============>.................] - ETA: 2:28 - loss: 0.4862 - mae: 0.8269 - mse: 0.8269 - ssim_metric: 0.1320
295/652 [============>.................] - ETA: 2:27 - loss: 0.4863 - mae: 0.8270 - mse: 0.8270 - ssim_metric: 0.1319
296/652 [============>.................] - ETA: 2:27 - loss: 0.4865 - mae: 0.8271 - mse: 0.8271 - ssim_metric: 0.1318
297/652 [============>.................] - ETA: 2:26 - loss: 0.4864 - mae: 0.8271 - mse: 0.8271 - ssim_metric: 0.1318
298/652 [============>.................] - ETA: 2:26 - loss: 0.4860 - mae: 0.8267 - mse: 0.8267 - ssim_metric: 0.1321
299/652 [============>.................] - ETA: 2:26 - loss: 0.4864 - mae: 0.8270 - mse: 0.8270 - ssim_metric: 0.1319
300/652 [============>.................] - ETA: 2:25 - loss: 0.4861 - mae: 0.8268 - mse: 0.8268 - ssim_metric: 0.1321
301/652 [============>.................] - ETA: 2:25 - loss: 0.4858 - mae: 0.8265 - mse: 0.8265 - ssim_metric: 0.1323
302/652 [============>.................] - ETA: 2:24 - loss: 0.4855 - mae: 0.8264 - mse: 0.8264 - ssim_metric: 0.1324
303/652 [============>.................] - ETA: 2:24 - loss: 0.4855 - mae: 0.8264 - mse: 0.8264 - ssim_metric: 0.1324
304/652 [============>.................] - ETA: 2:23 - loss: 0.4852 - mae: 0.8262 - mse: 0.8262 - ssim_metric: 0.1326
305/652 [=============>................] - ETA: 2:23 - loss: 0.4854 - mae: 0.8264 - mse: 0.8264 - ssim_metric: 0.1325
306/652 [=============>................] - ETA: 2:23 - loss: 0.4853 - mae: 0.8263 - mse: 0.8263 - ssim_metric: 0.1325
307/652 [=============>................] - ETA: 2:22 - loss: 0.4857 - mae: 0.8265 - mse: 0.8265 - ssim_metric: 0.1323
308/652 [=============>................] - ETA: 2:22 - loss: 0.4855 - mae: 0.8265 - mse: 0.8265 - ssim_metric: 0.1324
309/652 [=============>................] - ETA: 2:21 - loss: 0.4858 - mae: 0.8267 - mse: 0.8267 - ssim_metric: 0.1322
310/652 [=============>................] - ETA: 2:21 - loss: 0.4855 - mae: 0.8265 - mse: 0.8264 - ssim_metric: 0.1324
311/652 [=============>................] - ETA: 2:21 - loss: 0.4856 - mae: 0.8265 - mse: 0.8265 - ssim_metric: 0.1324
312/652 [=============>................] - ETA: 2:20 - loss: 0.4858 - mae: 0.8267 - mse: 0.8267 - ssim_metric: 0.1322
313/652 [=============>................] - ETA: 2:20 - loss: 0.4857 - mae: 0.8266 - mse: 0.8266 - ssim_metric: 0.1322
314/652 [=============>................] - ETA: 2:19 - loss: 0.4856 - mae: 0.8266 - mse: 0.8266 - ssim_metric: 0.1322
315/652 [=============>................] - ETA: 2:19 - loss: 0.4858 - mae: 0.8267 - mse: 0.8267 - ssim_metric: 0.1321
316/652 [=============>................] - ETA: 2:18 - loss: 0.4852 - mae: 0.8262 - mse: 0.8262 - ssim_metric: 0.1326
317/652 [=============>................] - ETA: 2:18 - loss: 0.4851 - mae: 0.8262 - mse: 0.8262 - ssim_metric: 0.1326
318/652 [=============>................] - ETA: 2:18 - loss: 0.4849 - mae: 0.8261 - mse: 0.8261 - ssim_metric: 0.1327
319/652 [=============>................] - ETA: 2:17 - loss: 0.4848 - mae: 0.8260 - mse: 0.8260 - ssim_metric: 0.1328
320/652 [=============>................] - ETA: 2:17 - loss: 0.4848 - mae: 0.8260 - mse: 0.8260 - ssim_metric: 0.1328
321/652 [=============>................] - ETA: 2:16 - loss: 0.4847 - mae: 0.8260 - mse: 0.8260 - ssim_metric: 0.1327
322/652 [=============>................] - ETA: 2:16 - loss: 0.4843 - mae: 0.8257 - mse: 0.8257 - ssim_metric: 0.1330
323/652 [=============>................] - ETA: 2:16 - loss: 0.4849 - mae: 0.8260 - mse: 0.8260 - ssim_metric: 0.1328
324/652 [=============>................] - ETA: 2:15 - loss: 0.4847 - mae: 0.8259 - mse: 0.8259 - ssim_metric: 0.1328
325/652 [=============>................] - ETA: 2:15 - loss: 0.4850 - mae: 0.8261 - mse: 0.8261 - ssim_metric: 0.1327
326/652 [==============>...............] - ETA: 2:14 - loss: 0.4852 - mae: 0.8262 - mse: 0.8262 - ssim_metric: 0.1326
327/652 [==============>...............] - ETA: 2:14 - loss: 0.4849 - mae: 0.8261 - mse: 0.8261 - ssim_metric: 0.1327
328/652 [==============>...............] - ETA: 2:14 - loss: 0.4852 - mae: 0.8262 - mse: 0.8262 - ssim_metric: 0.1325
329/652 [==============>...............] - ETA: 2:13 - loss: 0.4850 - mae: 0.8262 - mse: 0.8262 - ssim_metric: 0.1326
330/652 [==============>...............] - ETA: 2:13 - loss: 0.4850 - mae: 0.8261 - mse: 0.8261 - ssim_metric: 0.1326
331/652 [==============>...............] - ETA: 2:12 - loss: 0.4848 - mae: 0.8261 - mse: 0.8261 - ssim_metric: 0.1327
332/652 [==============>...............] - ETA: 2:12 - loss: 0.4846 - mae: 0.8259 - mse: 0.8259 - ssim_metric: 0.1328
333/652 [==============>...............] - ETA: 2:11 - loss: 0.4844 - mae: 0.8258 - mse: 0.8258 - ssim_metric: 0.1329
334/652 [==============>...............] - ETA: 2:11 - loss: 0.4843 - mae: 0.8258 - mse: 0.8258 - ssim_metric: 0.1329
335/652 [==============>...............] - ETA: 2:11 - loss: 0.4840 - mae: 0.8256 - mse: 0.8255 - ssim_metric: 0.1331
336/652 [==============>...............] - ETA: 2:10 - loss: 0.4838 - mae: 0.8254 - mse: 0.8254 - ssim_metric: 0.1332
337/652 [==============>...............] - ETA: 2:10 - loss: 0.4841 - mae: 0.8256 - mse: 0.8256 - ssim_metric: 0.1331
338/652 [==============>...............] - ETA: 2:09 - loss: 0.4842 - mae: 0.8257 - mse: 0.8257 - ssim_metric: 0.1330
339/652 [==============>...............] - ETA: 2:09 - loss: 0.4841 - mae: 0.8256 - mse: 0.8256 - ssim_metric: 0.1331
340/652 [==============>...............] - ETA: 2:09 - loss: 0.4840 - mae: 0.8256 - mse: 0.8256 - ssim_metric: 0.1331
341/652 [==============>...............] - ETA: 2:08 - loss: 0.4838 - mae: 0.8254 - mse: 0.8254 - ssim_metric: 0.1332
342/652 [==============>...............] - ETA: 2:08 - loss: 0.4841 - mae: 0.8257 - mse: 0.8256 - ssim_metric: 0.1330
343/652 [==============>...............] - ETA: 2:07 - loss: 0.4843 - mae: 0.8258 - mse: 0.8257 - ssim_metric: 0.1330
344/652 [==============>...............] - ETA: 2:07 - loss: 0.4845 - mae: 0.8259 - mse: 0.8259 - ssim_metric: 0.1328
345/652 [==============>...............] - ETA: 2:06 - loss: 0.4843 - mae: 0.8257 - mse: 0.8257 - ssim_metric: 0.1329
346/652 [==============>...............] - ETA: 2:06 - loss: 0.4842 - mae: 0.8257 - mse: 0.8257 - ssim_metric: 0.1330
347/652 [==============>...............] - ETA: 2:06 - loss: 0.4843 - mae: 0.8258 - mse: 0.8258 - ssim_metric: 0.1328
348/652 [===============>..............] - ETA: 2:05 - loss: 0.4842 - mae: 0.8257 - mse: 0.8257 - ssim_metric: 0.1329
349/652 [===============>..............] - ETA: 2:05 - loss: 0.4839 - mae: 0.8256 - mse: 0.8255 - ssim_metric: 0.1331
350/652 [===============>..............] - ETA: 2:04 - loss: 0.4838 - mae: 0.8255 - mse: 0.8255 - ssim_metric: 0.1331
351/652 [===============>..............] - ETA: 2:04 - loss: 0.4838 - mae: 0.8256 - mse: 0.8255 - ssim_metric: 0.1331
352/652 [===============>..............] - ETA: 2:04 - loss: 0.4836 - mae: 0.8254 - mse: 0.8253 - ssim_metric: 0.1332
353/652 [===============>..............] - ETA: 2:03 - loss: 0.4833 - mae: 0.8252 - mse: 0.8252 - ssim_metric: 0.1334
354/652 [===============>..............] - ETA: 2:03 - loss: 0.4835 - mae: 0.8253 - mse: 0.8253 - ssim_metric: 0.1333
355/652 [===============>..............] - ETA: 2:02 - loss: 0.4832 - mae: 0.8251 - mse: 0.8251 - ssim_metric: 0.1335
356/652 [===============>..............] - ETA: 2:02 - loss: 0.4828 - mae: 0.8248 - mse: 0.8248 - ssim_metric: 0.1338
357/652 [===============>..............] - ETA: 2:02 - loss: 0.4830 - mae: 0.8249 - mse: 0.8249 - ssim_metric: 0.1337
358/652 [===============>..............] - ETA: 2:01 - loss: 0.4826 - mae: 0.8246 - mse: 0.8246 - ssim_metric: 0.1339
359/652 [===============>..............] - ETA: 2:01 - loss: 0.4822 - mae: 0.8243 - mse: 0.8243 - ssim_metric: 0.1342
360/652 [===============>..............] - ETA: 2:00 - loss: 0.4827 - mae: 0.8246 - mse: 0.8246 - ssim_metric: 0.1340
361/652 [===============>..............] - ETA: 2:00 - loss: 0.4823 - mae: 0.8242 - mse: 0.8242 - ssim_metric: 0.1344
362/652 [===============>..............] - ETA: 1:59 - loss: 0.4823 - mae: 0.8242 - mse: 0.8242 - ssim_metric: 0.1343
363/652 [===============>..............] - ETA: 1:59 - loss: 0.4820 - mae: 0.8240 - mse: 0.8240 - ssim_metric: 0.1344
364/652 [===============>..............] - ETA: 1:59 - loss: 0.4822 - mae: 0.8242 - mse: 0.8242 - ssim_metric: 0.1343
365/652 [===============>..............] - ETA: 1:58 - loss: 0.4822 - mae: 0.8242 - mse: 0.8242 - ssim_metric: 0.1343
366/652 [===============>..............] - ETA: 1:58 - loss: 0.4824 - mae: 0.8243 - mse: 0.8243 - ssim_metric: 0.1342
367/652 [===============>..............] - ETA: 1:57 - loss: 0.4822 - mae: 0.8242 - mse: 0.8242 - ssim_metric: 0.1343
368/652 [===============>..............] - ETA: 1:57 - loss: 0.4823 - mae: 0.8243 - mse: 0.8243 - ssim_metric: 0.1342
369/652 [===============>..............] - ETA: 1:57 - loss: 0.4820 - mae: 0.8241 - mse: 0.8240 - ssim_metric: 0.1344
370/652 [================>.............] - ETA: 1:56 - loss: 0.4820 - mae: 0.8241 - mse: 0.8241 - ssim_metric: 0.1344
371/652 [================>.............] - ETA: 1:56 - loss: 0.4816 - mae: 0.8238 - mse: 0.8238 - ssim_metric: 0.1346
372/652 [================>.............] - ETA: 1:55 - loss: 0.4814 - mae: 0.8237 - mse: 0.8237 - ssim_metric: 0.1347
373/652 [================>.............] - ETA: 1:55 - loss: 0.4811 - mae: 0.8234 - mse: 0.8234 - ssim_metric: 0.1349
374/652 [================>.............] - ETA: 1:54 - loss: 0.4810 - mae: 0.8233 - mse: 0.8233 - ssim_metric: 0.1350
375/652 [================>.............] - ETA: 1:54 - loss: 0.4810 - mae: 0.8234 - mse: 0.8234 - ssim_metric: 0.1350
376/652 [================>.............] - ETA: 1:54 - loss: 0.4809 - mae: 0.8233 - mse: 0.8233 - ssim_metric: 0.1350
377/652 [================>.............] - ETA: 1:53 - loss: 0.4815 - mae: 0.8236 - mse: 0.8236 - ssim_metric: 0.1348
378/652 [================>.............] - ETA: 1:53 - loss: 0.4814 - mae: 0.8236 - mse: 0.8236 - ssim_metric: 0.1348
379/652 [================>.............] - ETA: 1:52 - loss: 0.4815 - mae: 0.8237 - mse: 0.8237 - ssim_metric: 0.1347
380/652 [================>.............] - ETA: 1:52 - loss: 0.4816 - mae: 0.8237 - mse: 0.8237 - ssim_metric: 0.1347
381/652 [================>.............] - ETA: 1:52 - loss: 0.4816 - mae: 0.8238 - mse: 0.8238 - ssim_metric: 0.1346
382/652 [================>.............] - ETA: 1:51 - loss: 0.4817 - mae: 0.8239 - mse: 0.8238 - ssim_metric: 0.1346
383/652 [================>.............] - ETA: 1:51 - loss: 0.4819 - mae: 0.8240 - mse: 0.8240 - ssim_metric: 0.1345
384/652 [================>.............] - ETA: 1:50 - loss: 0.4818 - mae: 0.8240 - mse: 0.8240 - ssim_metric: 0.1345
385/652 [================>.............] - ETA: 1:50 - loss: 0.4819 - mae: 0.8240 - mse: 0.8240 - ssim_metric: 0.1344
386/652 [================>.............] - ETA: 1:50 - loss: 0.4817 - mae: 0.8239 - mse: 0.8239 - ssim_metric: 0.1345
387/652 [================>.............] - ETA: 1:49 - loss: 0.4818 - mae: 0.8240 - mse: 0.8240 - ssim_metric: 0.1344
388/652 [================>.............] - ETA: 1:49 - loss: 0.4821 - mae: 0.8242 - mse: 0.8242 - ssim_metric: 0.1342
389/652 [================>.............] - ETA: 1:48 - loss: 0.4819 - mae: 0.8241 - mse: 0.8241 - ssim_metric: 0.1344
390/652 [================>.............] - ETA: 1:48 - loss: 0.4819 - mae: 0.8241 - mse: 0.8241 - ssim_metric: 0.1343
391/652 [================>.............] - ETA: 1:47 - loss: 0.4817 - mae: 0.8240 - mse: 0.8240 - ssim_metric: 0.1344
392/652 [=================>............] - ETA: 1:47 - loss: 0.4817 - mae: 0.8239 - mse: 0.8239 - ssim_metric: 0.1345
393/652 [=================>............] - ETA: 1:47 - loss: 0.4817 - mae: 0.8240 - mse: 0.8240 - ssim_metric: 0.1345
394/652 [=================>............] - ETA: 1:46 - loss: 0.4818 - mae: 0.8241 - mse: 0.8241 - ssim_metric: 0.1344
395/652 [=================>............] - ETA: 1:46 - loss: 0.4817 - mae: 0.8240 - mse: 0.8240 - ssim_metric: 0.1344
396/652 [=================>............] - ETA: 1:45 - loss: 0.4819 - mae: 0.8242 - mse: 0.8242 - ssim_metric: 0.1343
397/652 [=================>............] - ETA: 1:45 - loss: 0.4821 - mae: 0.8243 - mse: 0.8243 - ssim_metric: 0.1342
398/652 [=================>............] - ETA: 1:45 - loss: 0.4820 - mae: 0.8242 - mse: 0.8242 - ssim_metric: 0.1342
399/652 [=================>............] - ETA: 1:44 - loss: 0.4818 - mae: 0.8241 - mse: 0.8241 - ssim_metric: 0.1343
400/652 [=================>............] - ETA: 1:44 - loss: 0.4820 - mae: 0.8242 - mse: 0.8242 - ssim_metric: 0.1342
401/652 [=================>............] - ETA: 1:43 - loss: 0.4820 - mae: 0.8243 - mse: 0.8243 - ssim_metric: 0.1341
402/652 [=================>............] - ETA: 1:43 - loss: 0.4821 - mae: 0.8243 - mse: 0.8243 - ssim_metric: 0.1341
403/652 [=================>............] - ETA: 1:42 - loss: 0.4820 - mae: 0.8243 - mse: 0.8243 - ssim_metric: 0.1341
404/652 [=================>............] - ETA: 1:42 - loss: 0.4818 - mae: 0.8242 - mse: 0.8242 - ssim_metric: 0.1343
405/652 [=================>............] - ETA: 1:42 - loss: 0.4817 - mae: 0.8241 - mse: 0.8241 - ssim_metric: 0.1343
406/652 [=================>............] - ETA: 1:41 - loss: 0.4813 - mae: 0.8238 - mse: 0.8238 - ssim_metric: 0.1345
407/652 [=================>............] - ETA: 1:41 - loss: 0.4813 - mae: 0.8238 - mse: 0.8238 - ssim_metric: 0.1345
408/652 [=================>............] - ETA: 1:40 - loss: 0.4814 - mae: 0.8239 - mse: 0.8239 - ssim_metric: 0.1344
409/652 [=================>............] - ETA: 1:40 - loss: 0.4819 - mae: 0.8242 - mse: 0.8242 - ssim_metric: 0.1342
410/652 [=================>............] - ETA: 1:40 - loss: 0.4819 - mae: 0.8242 - mse: 0.8242 - ssim_metric: 0.1342
411/652 [=================>............] - ETA: 1:39 - loss: 0.4819 - mae: 0.8242 - mse: 0.8242 - ssim_metric: 0.1342
412/652 [=================>............] - ETA: 1:39 - loss: 0.4819 - mae: 0.8243 - mse: 0.8242 - ssim_metric: 0.1342
413/652 [==================>...........] - ETA: 1:38 - loss: 0.4818 - mae: 0.8242 - mse: 0.8242 - ssim_metric: 0.1342
414/652 [==================>...........] - ETA: 1:38 - loss: 0.4820 - mae: 0.8243 - mse: 0.8243 - ssim_metric: 0.1341
415/652 [==================>...........] - ETA: 1:38 - loss: 0.4821 - mae: 0.8244 - mse: 0.8244 - ssim_metric: 0.1340
416/652 [==================>...........] - ETA: 1:37 - loss: 0.4820 - mae: 0.8244 - mse: 0.8243 - ssim_metric: 0.1340
417/652 [==================>...........] - ETA: 1:37 - loss: 0.4819 - mae: 0.8243 - mse: 0.8243 - ssim_metric: 0.1341
418/652 [==================>...........] - ETA: 1:36 - loss: 0.4819 - mae: 0.8243 - mse: 0.8243 - ssim_metric: 0.1340
419/652 [==================>...........] - ETA: 1:36 - loss: 0.4816 - mae: 0.8241 - mse: 0.8241 - ssim_metric: 0.1343
420/652 [==================>...........] - ETA: 1:35 - loss: 0.4816 - mae: 0.8241 - mse: 0.8241 - ssim_metric: 0.1342
421/652 [==================>...........] - ETA: 1:35 - loss: 0.4816 - mae: 0.8242 - mse: 0.8242 - ssim_metric: 0.1342
422/652 [==================>...........] - ETA: 1:35 - loss: 0.4817 - mae: 0.8242 - mse: 0.8242 - ssim_metric: 0.1342
423/652 [==================>...........] - ETA: 1:34 - loss: 0.4818 - mae: 0.8243 - mse: 0.8243 - ssim_metric: 0.1341
424/652 [==================>...........] - ETA: 1:34 - loss: 0.4818 - mae: 0.8243 - mse: 0.8243 - ssim_metric: 0.1341
425/652 [==================>...........] - ETA: 1:33 - loss: 0.4822 - mae: 0.8245 - mse: 0.8245 - ssim_metric: 0.1339
426/652 [==================>...........] - ETA: 1:33 - loss: 0.4820 - mae: 0.8244 - mse: 0.8244 - ssim_metric: 0.1340
427/652 [==================>...........] - ETA: 1:33 - loss: 0.4819 - mae: 0.8244 - mse: 0.8244 - ssim_metric: 0.1340
428/652 [==================>...........] - ETA: 1:32 - loss: 0.4818 - mae: 0.8243 - mse: 0.8243 - ssim_metric: 0.1341
429/652 [==================>...........] - ETA: 1:32 - loss: 0.4817 - mae: 0.8242 - mse: 0.8242 - ssim_metric: 0.1341
430/652 [==================>...........] - ETA: 1:31 - loss: 0.4816 - mae: 0.8242 - mse: 0.8242 - ssim_metric: 0.1342
431/652 [==================>...........] - ETA: 1:31 - loss: 0.4816 - mae: 0.8242 - mse: 0.8242 - ssim_metric: 0.1342
432/652 [==================>...........] - ETA: 1:31 - loss: 0.4818 - mae: 0.8243 - mse: 0.8243 - ssim_metric: 0.1341
433/652 [==================>...........] - ETA: 1:30 - loss: 0.4815 - mae: 0.8241 - mse: 0.8241 - ssim_metric: 0.1342
434/652 [==================>...........] - ETA: 1:30 - loss: 0.4817 - mae: 0.8243 - mse: 0.8242 - ssim_metric: 0.1341
435/652 [===================>..........] - ETA: 1:29 - loss: 0.4819 - mae: 0.8244 - mse: 0.8244 - ssim_metric: 0.1340
436/652 [===================>..........] - ETA: 1:29 - loss: 0.4816 - mae: 0.8241 - mse: 0.8241 - ssim_metric: 0.1343
437/652 [===================>..........] - ETA: 1:28 - loss: 0.4814 - mae: 0.8240 - mse: 0.8240 - ssim_metric: 0.1344
438/652 [===================>..........] - ETA: 1:28 - loss: 0.4815 - mae: 0.8241 - mse: 0.8241 - ssim_metric: 0.1343
439/652 [===================>..........] - ETA: 1:28 - loss: 0.4813 - mae: 0.8240 - mse: 0.8240 - ssim_metric: 0.1344
440/652 [===================>..........] - ETA: 1:27 - loss: 0.4812 - mae: 0.8240 - mse: 0.8239 - ssim_metric: 0.1344
441/652 [===================>..........] - ETA: 1:27 - loss: 0.4811 - mae: 0.8238 - mse: 0.8238 - ssim_metric: 0.1345
442/652 [===================>..........] - ETA: 1:26 - loss: 0.4809 - mae: 0.8238 - mse: 0.8238 - ssim_metric: 0.1346
443/652 [===================>..........] - ETA: 1:26 - loss: 0.4809 - mae: 0.8238 - mse: 0.8238 - ssim_metric: 0.1346
444/652 [===================>..........] - ETA: 1:26 - loss: 0.4808 - mae: 0.8237 - mse: 0.8237 - ssim_metric: 0.1346
445/652 [===================>..........] - ETA: 1:25 - loss: 0.4807 - mae: 0.8237 - mse: 0.8237 - ssim_metric: 0.1346
446/652 [===================>..........] - ETA: 1:25 - loss: 0.4809 - mae: 0.8238 - mse: 0.8238 - ssim_metric: 0.1345
447/652 [===================>..........] - ETA: 1:24 - loss: 0.4809 - mae: 0.8238 - mse: 0.8238 - ssim_metric: 0.1345
448/652 [===================>..........] - ETA: 1:24 - loss: 0.4806 - mae: 0.8236 - mse: 0.8236 - ssim_metric: 0.1347
449/652 [===================>..........] - ETA: 1:23 - loss: 0.4804 - mae: 0.8234 - mse: 0.8234 - ssim_metric: 0.1349
450/652 [===================>..........] - ETA: 1:23 - loss: 0.4805 - mae: 0.8235 - mse: 0.8235 - ssim_metric: 0.1348
451/652 [===================>..........] - ETA: 1:23 - loss: 0.4805 - mae: 0.8235 - mse: 0.8235 - ssim_metric: 0.1348
452/652 [===================>..........] - ETA: 1:22 - loss: 0.4804 - mae: 0.8235 - mse: 0.8235 - ssim_metric: 0.1348
453/652 [===================>..........] - ETA: 1:22 - loss: 0.4808 - mae: 0.8237 - mse: 0.8236 - ssim_metric: 0.1347
454/652 [===================>..........] - ETA: 1:21 - loss: 0.4807 - mae: 0.8236 - mse: 0.8236 - ssim_metric: 0.1347
455/652 [===================>..........] - ETA: 1:21 - loss: 0.4808 - mae: 0.8237 - mse: 0.8237 - ssim_metric: 0.1346
456/652 [===================>..........] - ETA: 1:21 - loss: 0.4807 - mae: 0.8237 - mse: 0.8237 - ssim_metric: 0.1346
457/652 [====================>.........] - ETA: 1:20 - loss: 0.4805 - mae: 0.8236 - mse: 0.8235 - ssim_metric: 0.1347
458/652 [====================>.........] - ETA: 1:20 - loss: 0.4803 - mae: 0.8234 - mse: 0.8234 - ssim_metric: 0.1349
459/652 [====================>.........] - ETA: 1:19 - loss: 0.4803 - mae: 0.8234 - mse: 0.8234 - ssim_metric: 0.1349
460/652 [====================>.........] - ETA: 1:19 - loss: 0.4803 - mae: 0.8234 - mse: 0.8234 - ssim_metric: 0.1349
461/652 [====================>.........] - ETA: 1:19 - loss: 0.4802 - mae: 0.8234 - mse: 0.8233 - ssim_metric: 0.1349
462/652 [====================>.........] - ETA: 1:18 - loss: 0.4803 - mae: 0.8235 - mse: 0.8235 - ssim_metric: 0.1348
463/652 [====================>.........] - ETA: 1:18 - loss: 0.4804 - mae: 0.8235 - mse: 0.8235 - ssim_metric: 0.1348
464/652 [====================>.........] - ETA: 1:17 - loss: 0.4803 - mae: 0.8235 - mse: 0.8235 - ssim_metric: 0.1348
465/652 [====================>.........] - ETA: 1:17 - loss: 0.4805 - mae: 0.8236 - mse: 0.8236 - ssim_metric: 0.1347
466/652 [====================>.........] - ETA: 1:16 - loss: 0.4804 - mae: 0.8236 - mse: 0.8236 - ssim_metric: 0.1347
467/652 [====================>.........] - ETA: 1:16 - loss: 0.4804 - mae: 0.8236 - mse: 0.8235 - ssim_metric: 0.1348
468/652 [====================>.........] - ETA: 1:16 - loss: 0.4801 - mae: 0.8234 - mse: 0.8234 - ssim_metric: 0.1349
469/652 [====================>.........] - ETA: 1:15 - loss: 0.4799 - mae: 0.8232 - mse: 0.8232 - ssim_metric: 0.1350
470/652 [====================>.........] - ETA: 1:15 - loss: 0.4802 - mae: 0.8234 - mse: 0.8234 - ssim_metric: 0.1349
471/652 [====================>.........] - ETA: 1:14 - loss: 0.4804 - mae: 0.8235 - mse: 0.8235 - ssim_metric: 0.1348
472/652 [====================>.........] - ETA: 1:14 - loss: 0.4808 - mae: 0.8237 - mse: 0.8237 - ssim_metric: 0.1346
473/652 [====================>.........] - ETA: 1:14 - loss: 0.4811 - mae: 0.8239 - mse: 0.8239 - ssim_metric: 0.1345
474/652 [====================>.........] - ETA: 1:13 - loss: 0.4810 - mae: 0.8239 - mse: 0.8239 - ssim_metric: 0.1345
475/652 [====================>.........] - ETA: 1:13 - loss: 0.4807 - mae: 0.8236 - mse: 0.8236 - ssim_metric: 0.1348
476/652 [====================>.........] - ETA: 1:12 - loss: 0.4810 - mae: 0.8238 - mse: 0.8238 - ssim_metric: 0.1346
477/652 [====================>.........] - ETA: 1:12 - loss: 0.4812 - mae: 0.8239 - mse: 0.8239 - ssim_metric: 0.1345
478/652 [====================>.........] - ETA: 1:11 - loss: 0.4815 - mae: 0.8241 - mse: 0.8241 - ssim_metric: 0.1344
479/652 [=====================>........] - ETA: 1:11 - loss: 0.4814 - mae: 0.8240 - mse: 0.8240 - ssim_metric: 0.1345
480/652 [=====================>........] - ETA: 1:11 - loss: 0.4814 - mae: 0.8240 - mse: 0.8240 - ssim_metric: 0.1345
481/652 [=====================>........] - ETA: 1:10 - loss: 0.4812 - mae: 0.8239 - mse: 0.8239 - ssim_metric: 0.1345
482/652 [=====================>........] - ETA: 1:10 - loss: 0.4813 - mae: 0.8240 - mse: 0.8239 - ssim_metric: 0.1345
483/652 [=====================>........] - ETA: 1:09 - loss: 0.4816 - mae: 0.8241 - mse: 0.8241 - ssim_metric: 0.1343
484/652 [=====================>........] - ETA: 1:09 - loss: 0.4818 - mae: 0.8242 - mse: 0.8242 - ssim_metric: 0.1342
485/652 [=====================>........] - ETA: 1:09 - loss: 0.4819 - mae: 0.8243 - mse: 0.8243 - ssim_metric: 0.1342
486/652 [=====================>........] - ETA: 1:08 - loss: 0.4819 - mae: 0.8243 - mse: 0.8243 - ssim_metric: 0.1342
487/652 [=====================>........] - ETA: 1:08 - loss: 0.4819 - mae: 0.8244 - mse: 0.8244 - ssim_metric: 0.1342
488/652 [=====================>........] - ETA: 1:07 - loss: 0.4817 - mae: 0.8242 - mse: 0.8242 - ssim_metric: 0.1343
489/652 [=====================>........] - ETA: 1:07 - loss: 0.4816 - mae: 0.8242 - mse: 0.8242 - ssim_metric: 0.1343
490/652 [=====================>........] - ETA: 1:07 - loss: 0.4816 - mae: 0.8242 - mse: 0.8242 - ssim_metric: 0.1343
491/652 [=====================>........] - ETA: 1:06 - loss: 0.4816 - mae: 0.8242 - mse: 0.8242 - ssim_metric: 0.1343
492/652 [=====================>........] - ETA: 1:06 - loss: 0.4817 - mae: 0.8243 - mse: 0.8243 - ssim_metric: 0.1342
493/652 [=====================>........] - ETA: 1:05 - loss: 0.4817 - mae: 0.8243 - mse: 0.8243 - ssim_metric: 0.1342
494/652 [=====================>........] - ETA: 1:05 - loss: 0.4817 - mae: 0.8243 - mse: 0.8243 - ssim_metric: 0.1342
495/652 [=====================>........] - ETA: 1:04 - loss: 0.4815 - mae: 0.8242 - mse: 0.8242 - ssim_metric: 0.1343
496/652 [=====================>........] - ETA: 1:04 - loss: 0.4814 - mae: 0.8241 - mse: 0.8241 - ssim_metric: 0.1344
497/652 [=====================>........] - ETA: 1:04 - loss: 0.4812 - mae: 0.8240 - mse: 0.8240 - ssim_metric: 0.1345
498/652 [=====================>........] - ETA: 1:03 - loss: 0.4810 - mae: 0.8239 - mse: 0.8239 - ssim_metric: 0.1346
499/652 [=====================>........] - ETA: 1:03 - loss: 0.4811 - mae: 0.8240 - mse: 0.8239 - ssim_metric: 0.1345
500/652 [======================>.......] - ETA: 1:02 - loss: 0.4811 - mae: 0.8239 - mse: 0.8239 - ssim_metric: 0.1345
501/652 [======================>.......] - ETA: 1:02 - loss: 0.4810 - mae: 0.8239 - mse: 0.8239 - ssim_metric: 0.1345
502/652 [======================>.......] - ETA: 1:02 - loss: 0.4810 - mae: 0.8240 - mse: 0.8239 - ssim_metric: 0.1345
503/652 [======================>.......] - ETA: 1:01 - loss: 0.4814 - mae: 0.8241 - mse: 0.8241 - ssim_metric: 0.1344
504/652 [======================>.......] - ETA: 1:01 - loss: 0.4817 - mae: 0.8243 - mse: 0.8243 - ssim_metric: 0.1342
505/652 [======================>.......] - ETA: 1:00 - loss: 0.4814 - mae: 0.8241 - mse: 0.8241 - ssim_metric: 0.1344
506/652 [======================>.......] - ETA: 1:00 - loss: 0.4813 - mae: 0.8240 - mse: 0.8240 - ssim_metric: 0.1345
507/652 [======================>.......] - ETA: 59s - loss: 0.4812 - mae: 0.8240 - mse: 0.8240 - ssim_metric: 0.1345 
508/652 [======================>.......] - ETA: 59s - loss: 0.4812 - mae: 0.8240 - mse: 0.8240 - ssim_metric: 0.1345
509/652 [======================>.......] - ETA: 59s - loss: 0.4814 - mae: 0.8241 - mse: 0.8241 - ssim_metric: 0.1344
510/652 [======================>.......] - ETA: 58s - loss: 0.4816 - mae: 0.8242 - mse: 0.8242 - ssim_metric: 0.1343
511/652 [======================>.......] - ETA: 58s - loss: 0.4816 - mae: 0.8243 - mse: 0.8243 - ssim_metric: 0.1342
512/652 [======================>.......] - ETA: 57s - loss: 0.4814 - mae: 0.8241 - mse: 0.8241 - ssim_metric: 0.1344
513/652 [======================>.......] - ETA: 57s - loss: 0.4813 - mae: 0.8240 - mse: 0.8240 - ssim_metric: 0.1344
514/652 [======================>.......] - ETA: 57s - loss: 0.4814 - mae: 0.8241 - mse: 0.8241 - ssim_metric: 0.1344
515/652 [======================>.......] - ETA: 56s - loss: 0.4812 - mae: 0.8239 - mse: 0.8239 - ssim_metric: 0.1345
516/652 [======================>.......] - ETA: 56s - loss: 0.4812 - mae: 0.8240 - mse: 0.8240 - ssim_metric: 0.1345
517/652 [======================>.......] - ETA: 55s - loss: 0.4811 - mae: 0.8239 - mse: 0.8239 - ssim_metric: 0.1345
518/652 [======================>.......] - ETA: 55s - loss: 0.4809 - mae: 0.8238 - mse: 0.8237 - ssim_metric: 0.1346
519/652 [======================>.......] - ETA: 55s - loss: 0.4809 - mae: 0.8238 - mse: 0.8238 - ssim_metric: 0.1346
520/652 [======================>.......] - ETA: 54s - loss: 0.4810 - mae: 0.8239 - mse: 0.8239 - ssim_metric: 0.1345
521/652 [======================>.......] - ETA: 54s - loss: 0.4812 - mae: 0.8240 - mse: 0.8240 - ssim_metric: 0.1345
522/652 [=======================>......] - ETA: 53s - loss: 0.4810 - mae: 0.8239 - mse: 0.8239 - ssim_metric: 0.1345
523/652 [=======================>......] - ETA: 53s - loss: 0.4813 - mae: 0.8241 - mse: 0.8240 - ssim_metric: 0.1344
524/652 [=======================>......] - ETA: 52s - loss: 0.4814 - mae: 0.8241 - mse: 0.8241 - ssim_metric: 0.1343
525/652 [=======================>......] - ETA: 52s - loss: 0.4811 - mae: 0.8238 - mse: 0.8238 - ssim_metric: 0.1346
526/652 [=======================>......] - ETA: 52s - loss: 0.4811 - mae: 0.8238 - mse: 0.8238 - ssim_metric: 0.1346
527/652 [=======================>......] - ETA: 51s - loss: 0.4811 - mae: 0.8239 - mse: 0.8239 - ssim_metric: 0.1346
528/652 [=======================>......] - ETA: 51s - loss: 0.4809 - mae: 0.8238 - mse: 0.8237 - ssim_metric: 0.1347
529/652 [=======================>......] - ETA: 50s - loss: 0.4809 - mae: 0.8238 - mse: 0.8238 - ssim_metric: 0.1347
530/652 [=======================>......] - ETA: 50s - loss: 0.4808 - mae: 0.8237 - mse: 0.8237 - ssim_metric: 0.1348
531/652 [=======================>......] - ETA: 50s - loss: 0.4807 - mae: 0.8237 - mse: 0.8237 - ssim_metric: 0.1348
532/652 [=======================>......] - ETA: 49s - loss: 0.4806 - mae: 0.8236 - mse: 0.8236 - ssim_metric: 0.1348
533/652 [=======================>......] - ETA: 49s - loss: 0.4805 - mae: 0.8235 - mse: 0.8235 - ssim_metric: 0.1349
534/652 [=======================>......] - ETA: 48s - loss: 0.4804 - mae: 0.8235 - mse: 0.8235 - ssim_metric: 0.1350
535/652 [=======================>......] - ETA: 48s - loss: 0.4803 - mae: 0.8234 - mse: 0.8234 - ssim_metric: 0.1350
536/652 [=======================>......] - ETA: 47s - loss: 0.4803 - mae: 0.8234 - mse: 0.8234 - ssim_metric: 0.1350
537/652 [=======================>......] - ETA: 47s - loss: 0.4804 - mae: 0.8235 - mse: 0.8235 - ssim_metric: 0.1349
538/652 [=======================>......] - ETA: 47s - loss: 0.4803 - mae: 0.8235 - mse: 0.8235 - ssim_metric: 0.1349
539/652 [=======================>......] - ETA: 46s - loss: 0.4802 - mae: 0.8234 - mse: 0.8234 - ssim_metric: 0.1350
540/652 [=======================>......] - ETA: 46s - loss: 0.4801 - mae: 0.8234 - mse: 0.8234 - ssim_metric: 0.1351
541/652 [=======================>......] - ETA: 45s - loss: 0.4802 - mae: 0.8234 - mse: 0.8234 - ssim_metric: 0.1350
542/652 [=======================>......] - ETA: 45s - loss: 0.4801 - mae: 0.8234 - mse: 0.8233 - ssim_metric: 0.1351
543/652 [=======================>......] - ETA: 45s - loss: 0.4801 - mae: 0.8234 - mse: 0.8234 - ssim_metric: 0.1350
544/652 [========================>.....] - ETA: 44s - loss: 0.4800 - mae: 0.8233 - mse: 0.8233 - ssim_metric: 0.1351
545/652 [========================>.....] - ETA: 44s - loss: 0.4800 - mae: 0.8233 - mse: 0.8233 - ssim_metric: 0.1351
546/652 [========================>.....] - ETA: 43s - loss: 0.4803 - mae: 0.8235 - mse: 0.8235 - ssim_metric: 0.1350
547/652 [========================>.....] - ETA: 43s - loss: 0.4802 - mae: 0.8234 - mse: 0.8234 - ssim_metric: 0.1350
548/652 [========================>.....] - ETA: 43s - loss: 0.4801 - mae: 0.8234 - mse: 0.8234 - ssim_metric: 0.1350
549/652 [========================>.....] - ETA: 42s - loss: 0.4801 - mae: 0.8234 - mse: 0.8234 - ssim_metric: 0.1351
550/652 [========================>.....] - ETA: 42s - loss: 0.4801 - mae: 0.8234 - mse: 0.8234 - ssim_metric: 0.1351
551/652 [========================>.....] - ETA: 41s - loss: 0.4799 - mae: 0.8233 - mse: 0.8233 - ssim_metric: 0.1352
552/652 [========================>.....] - ETA: 41s - loss: 0.4800 - mae: 0.8233 - mse: 0.8233 - ssim_metric: 0.1351
553/652 [========================>.....] - ETA: 40s - loss: 0.4799 - mae: 0.8233 - mse: 0.8233 - ssim_metric: 0.1352
554/652 [========================>.....] - ETA: 40s - loss: 0.4797 - mae: 0.8232 - mse: 0.8231 - ssim_metric: 0.1353
555/652 [========================>.....] - ETA: 40s - loss: 0.4800 - mae: 0.8233 - mse: 0.8233 - ssim_metric: 0.1352
556/652 [========================>.....] - ETA: 39s - loss: 0.4798 - mae: 0.8232 - mse: 0.8232 - ssim_metric: 0.1353
557/652 [========================>.....] - ETA: 39s - loss: 0.4799 - mae: 0.8233 - mse: 0.8233 - ssim_metric: 0.1352
558/652 [========================>.....] - ETA: 38s - loss: 0.4799 - mae: 0.8233 - mse: 0.8233 - ssim_metric: 0.1352
559/652 [========================>.....] - ETA: 38s - loss: 0.4800 - mae: 0.8233 - mse: 0.8233 - ssim_metric: 0.1352
560/652 [========================>.....] - ETA: 38s - loss: 0.4799 - mae: 0.8233 - mse: 0.8233 - ssim_metric: 0.1352
561/652 [========================>.....] - ETA: 37s - loss: 0.4798 - mae: 0.8232 - mse: 0.8232 - ssim_metric: 0.1352
562/652 [========================>.....] - ETA: 37s - loss: 0.4797 - mae: 0.8232 - mse: 0.8232 - ssim_metric: 0.1353
563/652 [========================>.....] - ETA: 36s - loss: 0.4795 - mae: 0.8230 - mse: 0.8230 - ssim_metric: 0.1355
564/652 [========================>.....] - ETA: 36s - loss: 0.4797 - mae: 0.8231 - mse: 0.8231 - ssim_metric: 0.1354
565/652 [========================>.....] - ETA: 35s - loss: 0.4799 - mae: 0.8233 - mse: 0.8233 - ssim_metric: 0.1352
566/652 [=========================>....] - ETA: 35s - loss: 0.4796 - mae: 0.8230 - mse: 0.8230 - ssim_metric: 0.1355
567/652 [=========================>....] - ETA: 35s - loss: 0.4796 - mae: 0.8230 - mse: 0.8230 - ssim_metric: 0.1355
568/652 [=========================>....] - ETA: 34s - loss: 0.4797 - mae: 0.8231 - mse: 0.8231 - ssim_metric: 0.1354
569/652 [=========================>....] - ETA: 34s - loss: 0.4795 - mae: 0.8229 - mse: 0.8229 - ssim_metric: 0.1356
570/652 [=========================>....] - ETA: 33s - loss: 0.4794 - mae: 0.8229 - mse: 0.8229 - ssim_metric: 0.1356
571/652 [=========================>....] - ETA: 33s - loss: 0.4796 - mae: 0.8230 - mse: 0.8230 - ssim_metric: 0.1355
572/652 [=========================>....] - ETA: 33s - loss: 0.4794 - mae: 0.8229 - mse: 0.8229 - ssim_metric: 0.1356
573/652 [=========================>....] - ETA: 32s - loss: 0.4793 - mae: 0.8229 - mse: 0.8229 - ssim_metric: 0.1357
574/652 [=========================>....] - ETA: 32s - loss: 0.4791 - mae: 0.8227 - mse: 0.8227 - ssim_metric: 0.1358
575/652 [=========================>....] - ETA: 31s - loss: 0.4789 - mae: 0.8225 - mse: 0.8225 - ssim_metric: 0.1360
576/652 [=========================>....] - ETA: 31s - loss: 0.4788 - mae: 0.8225 - mse: 0.8225 - ssim_metric: 0.1360
577/652 [=========================>....] - ETA: 31s - loss: 0.4791 - mae: 0.8226 - mse: 0.8226 - ssim_metric: 0.1359
578/652 [=========================>....] - ETA: 30s - loss: 0.4789 - mae: 0.8225 - mse: 0.8224 - ssim_metric: 0.1361
579/652 [=========================>....] - ETA: 30s - loss: 0.4791 - mae: 0.8226 - mse: 0.8226 - ssim_metric: 0.1360
580/652 [=========================>....] - ETA: 29s - loss: 0.4788 - mae: 0.8224 - mse: 0.8223 - ssim_metric: 0.1362
581/652 [=========================>....] - ETA: 29s - loss: 0.4789 - mae: 0.8224 - mse: 0.8224 - ssim_metric: 0.1362
582/652 [=========================>....] - ETA: 28s - loss: 0.4787 - mae: 0.8223 - mse: 0.8223 - ssim_metric: 0.1363
583/652 [=========================>....] - ETA: 28s - loss: 0.4789 - mae: 0.8224 - mse: 0.8224 - ssim_metric: 0.1362
584/652 [=========================>....] - ETA: 28s - loss: 0.4791 - mae: 0.8225 - mse: 0.8225 - ssim_metric: 0.1361
585/652 [=========================>....] - ETA: 27s - loss: 0.4791 - mae: 0.8225 - mse: 0.8225 - ssim_metric: 0.1361
586/652 [=========================>....] - ETA: 27s - loss: 0.4791 - mae: 0.8226 - mse: 0.8225 - ssim_metric: 0.1361
587/652 [==========================>...] - ETA: 26s - loss: 0.4790 - mae: 0.8225 - mse: 0.8225 - ssim_metric: 0.1361
588/652 [==========================>...] - ETA: 26s - loss: 0.4789 - mae: 0.8224 - mse: 0.8224 - ssim_metric: 0.1362
589/652 [==========================>...] - ETA: 26s - loss: 0.4790 - mae: 0.8225 - mse: 0.8225 - ssim_metric: 0.1361
590/652 [==========================>...] - ETA: 25s - loss: 0.4789 - mae: 0.8224 - mse: 0.8224 - ssim_metric: 0.1361
591/652 [==========================>...] - ETA: 25s - loss: 0.4788 - mae: 0.8224 - mse: 0.8224 - ssim_metric: 0.1361
592/652 [==========================>...] - ETA: 24s - loss: 0.4789 - mae: 0.8225 - mse: 0.8225 - ssim_metric: 0.1361
593/652 [==========================>...] - ETA: 24s - loss: 0.4788 - mae: 0.8224 - mse: 0.8224 - ssim_metric: 0.1362
594/652 [==========================>...] - ETA: 23s - loss: 0.4788 - mae: 0.8224 - mse: 0.8224 - ssim_metric: 0.1362
595/652 [==========================>...] - ETA: 23s - loss: 0.4790 - mae: 0.8225 - mse: 0.8225 - ssim_metric: 0.1361
596/652 [==========================>...] - ETA: 23s - loss: 0.4793 - mae: 0.8227 - mse: 0.8227 - ssim_metric: 0.1359
597/652 [==========================>...] - ETA: 22s - loss: 0.4793 - mae: 0.8227 - mse: 0.8227 - ssim_metric: 0.1359
598/652 [==========================>...] - ETA: 22s - loss: 0.4794 - mae: 0.8228 - mse: 0.8228 - ssim_metric: 0.1358
599/652 [==========================>...] - ETA: 21s - loss: 0.4794 - mae: 0.8228 - mse: 0.8228 - ssim_metric: 0.1358
600/652 [==========================>...] - ETA: 21s - loss: 0.4793 - mae: 0.8227 - mse: 0.8227 - ssim_metric: 0.1359
601/652 [==========================>...] - ETA: 21s - loss: 0.4795 - mae: 0.8228 - mse: 0.8228 - ssim_metric: 0.1358
602/652 [==========================>...] - ETA: 20s - loss: 0.4796 - mae: 0.8229 - mse: 0.8229 - ssim_metric: 0.1357
603/652 [==========================>...] - ETA: 20s - loss: 0.4794 - mae: 0.8228 - mse: 0.8227 - ssim_metric: 0.1358
604/652 [==========================>...] - ETA: 19s - loss: 0.4793 - mae: 0.8227 - mse: 0.8227 - ssim_metric: 0.1359
605/652 [==========================>...] - ETA: 19s - loss: 0.4792 - mae: 0.8226 - mse: 0.8226 - ssim_metric: 0.1359
606/652 [==========================>...] - ETA: 19s - loss: 0.4792 - mae: 0.8227 - mse: 0.8227 - ssim_metric: 0.1359
607/652 [==========================>...] - ETA: 18s - loss: 0.4792 - mae: 0.8227 - mse: 0.8227 - ssim_metric: 0.1358
608/652 [==========================>...] - ETA: 18s - loss: 0.4792 - mae: 0.8226 - mse: 0.8226 - ssim_metric: 0.1359
609/652 [===========================>..] - ETA: 17s - loss: 0.4791 - mae: 0.8226 - mse: 0.8226 - ssim_metric: 0.1359
610/652 [===========================>..] - ETA: 17s - loss: 0.4790 - mae: 0.8226 - mse: 0.8226 - ssim_metric: 0.1359
611/652 [===========================>..] - ETA: 16s - loss: 0.4790 - mae: 0.8226 - mse: 0.8226 - ssim_metric: 0.1359
612/652 [===========================>..] - ETA: 16s - loss: 0.4789 - mae: 0.8225 - mse: 0.8225 - ssim_metric: 0.1359
613/652 [===========================>..] - ETA: 16s - loss: 0.4789 - mae: 0.8225 - mse: 0.8225 - ssim_metric: 0.1359
614/652 [===========================>..] - ETA: 15s - loss: 0.4787 - mae: 0.8224 - mse: 0.8224 - ssim_metric: 0.1361
615/652 [===========================>..] - ETA: 15s - loss: 0.4787 - mae: 0.8224 - mse: 0.8224 - ssim_metric: 0.1360
616/652 [===========================>..] - ETA: 14s - loss: 0.4789 - mae: 0.8225 - mse: 0.8225 - ssim_metric: 0.1360
617/652 [===========================>..] - ETA: 14s - loss: 0.4790 - mae: 0.8226 - mse: 0.8225 - ssim_metric: 0.1359
618/652 [===========================>..] - ETA: 14s - loss: 0.4789 - mae: 0.8225 - mse: 0.8225 - ssim_metric: 0.1359
619/652 [===========================>..] - ETA: 13s - loss: 0.4787 - mae: 0.8224 - mse: 0.8224 - ssim_metric: 0.1361
620/652 [===========================>..] - ETA: 13s - loss: 0.4788 - mae: 0.8225 - mse: 0.8225 - ssim_metric: 0.1360
621/652 [===========================>..] - ETA: 12s - loss: 0.4791 - mae: 0.8226 - mse: 0.8226 - ssim_metric: 0.1359
622/652 [===========================>..] - ETA: 12s - loss: 0.4790 - mae: 0.8226 - mse: 0.8226 - ssim_metric: 0.1359
623/652 [===========================>..] - ETA: 11s - loss: 0.4792 - mae: 0.8227 - mse: 0.8227 - ssim_metric: 0.1358
624/652 [===========================>..] - ETA: 11s - loss: 0.4791 - mae: 0.8226 - mse: 0.8226 - ssim_metric: 0.1359
625/652 [===========================>..] - ETA: 11s - loss: 0.4790 - mae: 0.8225 - mse: 0.8225 - ssim_metric: 0.1359
626/652 [===========================>..] - ETA: 10s - loss: 0.4789 - mae: 0.8225 - mse: 0.8225 - ssim_metric: 0.1359
627/652 [===========================>..] - ETA: 10s - loss: 0.4788 - mae: 0.8224 - mse: 0.8224 - ssim_metric: 0.1361
628/652 [===========================>..] - ETA: 9s - loss: 0.4789 - mae: 0.8225 - mse: 0.8224 - ssim_metric: 0.1360 
629/652 [===========================>..] - ETA: 9s - loss: 0.4787 - mae: 0.8224 - mse: 0.8224 - ssim_metric: 0.1361
630/652 [===========================>..] - ETA: 9s - loss: 0.4786 - mae: 0.8223 - mse: 0.8223 - ssim_metric: 0.1361
631/652 [============================>.] - ETA: 8s - loss: 0.4786 - mae: 0.8223 - mse: 0.8223 - ssim_metric: 0.1361
632/652 [============================>.] - ETA: 8s - loss: 0.4787 - mae: 0.8223 - mse: 0.8223 - ssim_metric: 0.1361
633/652 [============================>.] - ETA: 7s - loss: 0.4786 - mae: 0.8223 - mse: 0.8223 - ssim_metric: 0.1361
634/652 [============================>.] - ETA: 7s - loss: 0.4787 - mae: 0.8224 - mse: 0.8224 - ssim_metric: 0.1361
635/652 [============================>.] - ETA: 7s - loss: 0.4787 - mae: 0.8224 - mse: 0.8224 - ssim_metric: 0.1360
636/652 [============================>.] - ETA: 6s - loss: 0.4787 - mae: 0.8225 - mse: 0.8224 - ssim_metric: 0.1360
637/652 [============================>.] - ETA: 6s - loss: 0.4786 - mae: 0.8224 - mse: 0.8224 - ssim_metric: 0.1361
638/652 [============================>.] - ETA: 5s - loss: 0.4784 - mae: 0.8222 - mse: 0.8221 - ssim_metric: 0.1363
639/652 [============================>.] - ETA: 5s - loss: 0.4782 - mae: 0.8220 - mse: 0.8220 - ssim_metric: 0.1364
640/652 [============================>.] - ETA: 4s - loss: 0.4783 - mae: 0.8221 - mse: 0.8221 - ssim_metric: 0.1363
641/652 [============================>.] - ETA: 4s - loss: 0.4783 - mae: 0.8221 - mse: 0.8221 - ssim_metric: 0.1363
642/652 [============================>.] - ETA: 4s - loss: 0.4782 - mae: 0.8220 - mse: 0.8220 - ssim_metric: 0.1364
643/652 [============================>.] - ETA: 3s - loss: 0.4784 - mae: 0.8222 - mse: 0.8221 - ssim_metric: 0.1363
644/652 [============================>.] - ETA: 3s - loss: 0.4784 - mae: 0.8222 - mse: 0.8222 - ssim_metric: 0.1362
645/652 [============================>.] - ETA: 2s - loss: 0.4785 - mae: 0.8222 - mse: 0.8222 - ssim_metric: 0.1362
646/652 [============================>.] - ETA: 2s - loss: 0.4785 - mae: 0.8222 - mse: 0.8222 - ssim_metric: 0.1362
647/652 [============================>.] - ETA: 2s - loss: 0.4785 - mae: 0.8223 - mse: 0.8222 - ssim_metric: 0.1362
648/652 [============================>.] - ETA: 1s - loss: 0.4782 - mae: 0.8220 - mse: 0.8220 - ssim_metric: 0.1364
649/652 [============================>.] - ETA: 1s - loss: 0.4781 - mae: 0.8219 - mse: 0.8219 - ssim_metric: 0.1365
650/652 [============================>.] - ETA: 0s - loss: 0.4782 - mae: 0.8220 - mse: 0.8220 - ssim_metric: 0.1364
651/652 [============================>.] - ETA: 0s - loss: 0.4781 - mae: 0.8219 - mse: 0.8219 - ssim_metric: 0.1365
652/652 [==============================] - ETA: 0s - loss: 0.4781 - mae: 0.8220 - mse: 0.8220 - ssim_metric: 0.1364
Epoch 6: saving model to C:\d_surucusu\visual_navigation\benchmark\models_pipeline\_lr_batch_probe\lr1e-3_b8\_JOB_lr1e-3_b8_05_09_2026__17_07_model_f48_k4_epoch_00006_helu_osigmoid_(1, 1)_.h5

Epoch 6: val_loss did not improve from 0.51466

Epoch 6: val_mae did not improve from 0.84426

Epoch 6: val_ssim_metric did not improve from 0.11815

652/652 [==============================] - 286s 439ms/step - loss: 0.4781 - mae: 0.8220 - mse: 0.8220 - ssim_metric: 0.1364 - val_loss: 0.5147 - val_mae: 0.8443 - val_mse: 0.8442 - val_ssim_metric: 0.1181

Final model kaydedildi: C:\d_surucusu\visual_navigation\benchmark\models_pipeline\_lr_batch_probe\lr1e-3_b8\_JOB_lr1e-3_b8_05_09_2026__17_41_son_model.h5

============================================================
                    EM TAMAMLANDI
============================================================

