
=== 2026-09-05T17:42:03.869606 | batch=8 ===
UYARI: tensorflow_addons yüklü değil. Histogram eşitleme devre dışı.

============================================================
                    YAPILANDIRMA
============================================================
  Veri Dizini:        E:\temp\tez__ayna\python_calismalar\larger-google-sat2maps-dataset\islenmis\sonuclar_19
  Giris Renk Modu:    grayscale (1 kanal)
  Cikis Renk Modu:    grayscale (1 kanal)
  Görüntü Boyutu:     544x544
  Model Tipi:         flat_bottleneck
  Önceden Eğitilmiş:  Yok
  Gizli Aktivasyon:   elu
  Cikis Aktivasyonu:  sigmoid
  Filtre Sayısı:      48
  Kernel Boyutu:      (4, 4)
  Stride:             (1, 1)
  Batch Size:         8
  Epochs:             6
  Learning Rate:      0.0001
  Optimizer:          adam
  Loss:               weighted_hybrid
  Train/Val Split:    0.9/0.09999999999999998
  Random Seed:        42
============================================================

Veri setleri oluşturuluyor...
Toplam dosya sayısı: 6716
?? Dosya doğrulama: CACHE MODUNDA
? Cache'den yüklendi: 6716 geçerli dosya
Eğitim seti: 6044 görüntü
Doğrulama seti: 672 görüntü
Bos karo filtresi aktif: white>=245.0, max_white_ratio=0.99, min_dark_ratio=0.005
2026-09-05 17:42:06.058728: W tensorflow/core/common_runtime/gpu/gpu_device.cc:2027] TensorFlow was not built with CUDA kernel binaries compatible with compute capability 12.0. CUDA kernels will be jit-compiled from PTX, which could take 30 minutes or longer.
2026-09-05 17:42:06.059247: I tensorflow/core/platform/cpu_feature_guard.cc:193] This TensorFlow binary is optimized with oneAPI Deep Neural Network Library (oneDNN) to use the following CPU instructions in performance-critical operations:  AVX AVX2
To enable them in other operations, rebuild TensorFlow with the appropriate compiler flags.
2026-09-05 17:42:06.061563: W tensorflow/core/common_runtime/gpu/gpu_device.cc:2027] TensorFlow was not built with CUDA kernel binaries compatible with compute capability 12.0. CUDA kernels will be jit-compiled from PTX, which could take 30 minutes or longer.
2026-09-05 17:43:44.211738: I tensorflow/core/common_runtime/gpu/gpu_device.cc:1616] Created device /job:localhost/replica:0/task:0/device:GPU:0 with 13500 MB memory:  -> device: 0, name: NVIDIA GeForce RTX 5060 Ti, pci bus id: 0000:01:00.0, compute capability: 12.0
Giriş boyutu: (544, 544, 1)
Model oluşturuluyor: flat_bottleneck
Model: "model"
_________________________________________________________________
 Layer (type)                Output Shape              Param #   
=================================================================
 input_1 (InputLayer)        [(None, 544, 544, 1)]     0         
                                                                 
 conv2d (Conv2D)             (None, 544, 544, 48)      816       
                                                                 
 conv2d_1 (Conv2D)           (None, 544, 544, 24)      18456     
                                                                 
 conv2d_2 (Conv2D)           (None, 544, 544, 12)      4620      
                                                                 
 conv2d_transpose (Conv2DTra  (None, 544, 544, 12)     2316      
 nspose)                                                         
                                                                 
 conv2d_transpose_1 (Conv2DT  (None, 544, 544, 24)     4632      
 ranspose)                                                       
                                                                 
 conv2d_transpose_2 (Conv2DT  (None, 544, 544, 48)     18480     
 ranspose)                                                       
                                                                 
 model_output (Conv2D)       (None, 544, 544, 1)       769       
                                                                 
=================================================================
Total params: 50,089
Trainable params: 50,089
Non-trainable params: 0
_________________________________________________________________

============================================================
                    EĞİTİM BLIYOR
============================================================

Epoch 1/6
2026-09-05 17:45:06.752739: I tensorflow/stream_executor/cuda/cuda_dnn.cc:384] Loaded cuDNN version 8100

      1/Unknown - 158s 158s/step - loss: 0.5672 - mae: 0.5390 - mse: 0.3053 - ssim_metric: 0.1212
      2/Unknown - 159s 411ms/step - loss: 0.5588 - mae: 0.5504 - mse: 0.3230 - ssim_metric: 0.1133
      3/Unknown - 159s 410ms/step - loss: 0.5733 - mae: 0.5784 - mse: 0.3583 - ssim_metric: 0.1206
      4/Unknown - 160s 410ms/step - loss: 0.5652 - mae: 0.5828 - mse: 0.3662 - ssim_metric: 0.1216
      5/Unknown - 160s 410ms/step - loss: 0.5581 - mae: 0.5846 - mse: 0.3705 - ssim_metric: 0.1199
      6/Unknown - 160s 410ms/step - loss: 0.5541 - mae: 0.5860 - mse: 0.3721 - ssim_metric: 0.1305
      7/Unknown - 161s 410ms/step - loss: 0.5520 - mae: 0.5932 - mse: 0.3825 - ssim_metric: 0.1289
      8/Unknown - 161s 409ms/step - loss: 0.5511 - mae: 0.5989 - mse: 0.3911 - ssim_metric: 0.1271
      9/Unknown - 162s 410ms/step - loss: 0.5451 - mae: 0.6007 - mse: 0.3959 - ssim_metric: 0.1258
     10/Unknown - 162s 410ms/step - loss: 0.5543 - mae: 0.6133 - mse: 0.4121 - ssim_metric: 0.1301
     11/Unknown - 162s 410ms/step - loss: 0.5531 - mae: 0.6162 - mse: 0.4161 - ssim_metric: 0.1303
     12/Unknown - 163s 410ms/step - loss: 0.5495 - mae: 0.6184 - mse: 0.4208 - ssim_metric: 0.1274
     13/Unknown - 163s 410ms/step - loss: 0.5495 - mae: 0.6216 - mse: 0.4251 - ssim_metric: 0.1300
     14/Unknown - 164s 410ms/step - loss: 0.5463 - mae: 0.6216 - mse: 0.4265 - ssim_metric: 0.1285
     15/Unknown - 164s 410ms/step - loss: 0.5449 - mae: 0.6226 - mse: 0.4281 - ssim_metric: 0.1302
     16/Unknown - 165s 410ms/step - loss: 0.5437 - mae: 0.6238 - mse: 0.4305 - ssim_metric: 0.1317
     17/Unknown - 165s 410ms/step - loss: 0.5444 - mae: 0.6236 - mse: 0.4304 - ssim_metric: 0.1333
     18/Unknown - 165s 410ms/step - loss: 0.5438 - mae: 0.6237 - mse: 0.4312 - ssim_metric: 0.1380
     19/Unknown - 166s 410ms/step - loss: 0.5432 - mae: 0.6240 - mse: 0.4331 - ssim_metric: 0.1398
     20/Unknown - 166s 410ms/step - loss: 0.5428 - mae: 0.6214 - mse: 0.4308 - ssim_metric: 0.1436
     21/Unknown - 167s 410ms/step - loss: 0.5385 - mae: 0.6157 - mse: 0.4258 - ssim_metric: 0.1492
     22/Unknown - 167s 410ms/step - loss: 0.5321 - mae: 0.6107 - mse: 0.4229 - ssim_metric: 0.1531
     23/Unknown - 167s 410ms/step - loss: 0.5299 - mae: 0.6056 - mse: 0.4190 - ssim_metric: 0.1612
     24/Unknown - 168s 410ms/step - loss: 0.5273 - mae: 0.6014 - mse: 0.4172 - ssim_metric: 0.1629
     25/Unknown - 168s 410ms/step - loss: 0.5246 - mae: 0.5928 - mse: 0.4100 - ssim_metric: 0.1714
     26/Unknown - 169s 410ms/step - loss: 0.5225 - mae: 0.5893 - mse: 0.4095 - ssim_metric: 0.1748
     27/Unknown - 169s 410ms/step - loss: 0.5249 - mae: 0.5850 - mse: 0.4077 - ssim_metric: 0.1782
     28/Unknown - 169s 410ms/step - loss: 0.5262 - mae: 0.5870 - mse: 0.4135 - ssim_metric: 0.1781
     29/Unknown - 170s 410ms/step - loss: 0.5209 - mae: 0.5803 - mse: 0.4094 - ssim_metric: 0.1878
     30/Unknown - 170s 410ms/step - loss: 0.5179 - mae: 0.5703 - mse: 0.4014 - ssim_metric: 0.1989
     31/Unknown - 171s 410ms/step - loss: 0.5166 - mae: 0.5667 - mse: 0.4011 - ssim_metric: 0.2053
     32/Unknown - 171s 410ms/step - loss: 0.5149 - mae: 0.5624 - mse: 0.3998 - ssim_metric: 0.2116
     33/Unknown - 172s 410ms/step - loss: 0.5140 - mae: 0.5611 - mse: 0.4013 - ssim_metric: 0.2149
     34/Unknown - 172s 410ms/step - loss: 0.5144 - mae: 0.5563 - mse: 0.3991 - ssim_metric: 0.2200
     35/Unknown - 172s 411ms/step - loss: 0.5099 - mae: 0.5510 - mse: 0.3967 - ssim_metric: 0.2265
     36/Unknown - 173s 411ms/step - loss: 0.5083 - mae: 0.5488 - mse: 0.3974 - ssim_metric: 0.2307
     37/Unknown - 173s 411ms/step - loss: 0.5062 - mae: 0.5421 - mse: 0.3932 - ssim_metric: 0.2393
     38/Unknown - 174s 411ms/step - loss: 0.5056 - mae: 0.5414 - mse: 0.3951 - ssim_metric: 0.2403
     39/Unknown - 174s 411ms/step - loss: 0.5064 - mae: 0.5420 - mse: 0.3983 - ssim_metric: 0.2412
     40/Unknown - 174s 411ms/step - loss: 0.5073 - mae: 0.5410 - mse: 0.3996 - ssim_metric: 0.2442
     41/Unknown - 175s 411ms/step - loss: 0.5080 - mae: 0.5370 - mse: 0.3979 - ssim_metric: 0.2491
     42/Unknown - 175s 411ms/step - loss: 0.5056 - mae: 0.5311 - mse: 0.3942 - ssim_metric: 0.2570
     43/Unknown - 176s 411ms/step - loss: 0.5051 - mae: 0.5280 - mse: 0.3932 - ssim_metric: 0.2607
     44/Unknown - 176s 411ms/step - loss: 0.5023 - mae: 0.5221 - mse: 0.3894 - ssim_metric: 0.2678
     45/Unknown - 176s 411ms/step - loss: 0.4985 - mae: 0.5193 - mse: 0.3885 - ssim_metric: 0.2717
     46/Unknown - 177s 411ms/step - loss: 0.5003 - mae: 0.5164 - mse: 0.3878 - ssim_metric: 0.2775
     47/Unknown - 177s 411ms/step - loss: 0.4986 - mae: 0.5127 - mse: 0.3862 - ssim_metric: 0.2829
     48/Unknown - 178s 411ms/step - loss: 0.4982 - mae: 0.5101 - mse: 0.3854 - ssim_metric: 0.2860
     49/Unknown - 178s 411ms/step - loss: 0.4955 - mae: 0.5068 - mse: 0.3840 - ssim_metric: 0.2902
     50/Unknown - 178s 411ms/step - loss: 0.4970 - mae: 0.5052 - mse: 0.3841 - ssim_metric: 0.2919
     51/Unknown - 179s 411ms/step - loss: 0.4946 - mae: 0.5005 - mse: 0.3810 - ssim_metric: 0.2973
     52/Unknown - 179s 411ms/step - loss: 0.4932 - mae: 0.4964 - mse: 0.3786 - ssim_metric: 0.3021
     53/Unknown - 180s 411ms/step - loss: 0.4915 - mae: 0.4949 - mse: 0.3788 - ssim_metric: 0.3044
     54/Unknown - 180s 411ms/step - loss: 0.4883 - mae: 0.4910 - mse: 0.3766 - ssim_metric: 0.3105
     55/Unknown - 181s 411ms/step - loss: 0.4876 - mae: 0.4899 - mse: 0.3772 - ssim_metric: 0.3125
     56/Unknown - 181s 411ms/step - loss: 0.4893 - mae: 0.4884 - mse: 0.3772 - ssim_metric: 0.3147
     57/Unknown - 181s 411ms/step - loss: 0.4881 - mae: 0.4853 - mse: 0.3755 - ssim_metric: 0.3186
     58/Unknown - 182s 411ms/step - loss: 0.4866 - mae: 0.4823 - mse: 0.3738 - ssim_metric: 0.3222
     59/Unknown - 182s 411ms/step - loss: 0.4855 - mae: 0.4807 - mse: 0.3737 - ssim_metric: 0.3247
     60/Unknown - 183s 411ms/step - loss: 0.4835 - mae: 0.4791 - mse: 0.3736 - ssim_metric: 0.3279
     61/Unknown - 183s 411ms/step - loss: 0.4838 - mae: 0.4768 - mse: 0.3726 - ssim_metric: 0.3307
     62/Unknown - 183s 411ms/step - loss: 0.4848 - mae: 0.4768 - mse: 0.3738 - ssim_metric: 0.3307
     63/Unknown - 184s 411ms/step - loss: 0.4838 - mae: 0.4740 - mse: 0.3721 - ssim_metric: 0.3337
     64/Unknown - 184s 411ms/step - loss: 0.4823 - mae: 0.4708 - mse: 0.3701 - ssim_metric: 0.3369
     65/Unknown - 185s 411ms/step - loss: 0.4831 - mae: 0.4710 - mse: 0.3715 - ssim_metric: 0.3381
     66/Unknown - 185s 411ms/step - loss: 0.4834 - mae: 0.4703 - mse: 0.3718 - ssim_metric: 0.3398
     67/Unknown - 185s 411ms/step - loss: 0.4827 - mae: 0.4696 - mse: 0.3723 - ssim_metric: 0.3407
     68/Unknown - 186s 411ms/step - loss: 0.4829 - mae: 0.4693 - mse: 0.3728 - ssim_metric: 0.3412
     69/Unknown - 186s 411ms/step - loss: 0.4828 - mae: 0.4688 - mse: 0.3733 - ssim_metric: 0.3423
     70/Unknown - 187s 411ms/step - loss: 0.4812 - mae: 0.4645 - mse: 0.3700 - ssim_metric: 0.3476
     71/Unknown - 187s 411ms/step - loss: 0.4815 - mae: 0.4636 - mse: 0.3701 - ssim_metric: 0.3490
     72/Unknown - 188s 411ms/step - loss: 0.4819 - mae: 0.4628 - mse: 0.3702 - ssim_metric: 0.3501
     73/Unknown - 188s 411ms/step - loss: 0.4811 - mae: 0.4603 - mse: 0.3686 - ssim_metric: 0.3538
     74/Unknown - 188s 411ms/step - loss: 0.4806 - mae: 0.4583 - mse: 0.3674 - ssim_metric: 0.3561
     75/Unknown - 189s 411ms/step - loss: 0.4813 - mae: 0.4588 - mse: 0.3688 - ssim_metric: 0.3562
     76/Unknown - 189s 411ms/step - loss: 0.4809 - mae: 0.4581 - mse: 0.3689 - ssim_metric: 0.3575
     77/Unknown - 190s 411ms/step - loss: 0.4801 - mae: 0.4561 - mse: 0.3678 - ssim_metric: 0.3602
     78/Unknown - 190s 411ms/step - loss: 0.4794 - mae: 0.4566 - mse: 0.3691 - ssim_metric: 0.3603
     79/Unknown - 190s 411ms/step - loss: 0.4795 - mae: 0.4582 - mse: 0.3715 - ssim_metric: 0.3593
     80/Unknown - 191s 411ms/step - loss: 0.4783 - mae: 0.4572 - mse: 0.3713 - ssim_metric: 0.3609
     81/Unknown - 191s 411ms/step - loss: 0.4769 - mae: 0.4549 - mse: 0.3697 - ssim_metric: 0.3638
     82/Unknown - 192s 411ms/step - loss: 0.4753 - mae: 0.4527 - mse: 0.3682 - ssim_metric: 0.3665
     83/Unknown - 192s 411ms/step - loss: 0.4754 - mae: 0.4517 - mse: 0.3679 - ssim_metric: 0.3682
     84/Unknown - 192s 411ms/step - loss: 0.4740 - mae: 0.4495 - mse: 0.3664 - ssim_metric: 0.3708
     85/Unknown - 193s 411ms/step - loss: 0.4738 - mae: 0.4493 - mse: 0.3668 - ssim_metric: 0.3713
     86/Unknown - 193s 411ms/step - loss: 0.4729 - mae: 0.4475 - mse: 0.3657 - ssim_metric: 0.3734
     87/Unknown - 194s 411ms/step - loss: 0.4734 - mae: 0.4481 - mse: 0.3669 - ssim_metric: 0.3730
     88/Unknown - 194s 411ms/step - loss: 0.4719 - mae: 0.4466 - mse: 0.3660 - ssim_metric: 0.3745
     89/Unknown - 195s 411ms/step - loss: 0.4712 - mae: 0.4465 - mse: 0.3665 - ssim_metric: 0.3748
     90/Unknown - 195s 411ms/step - loss: 0.4709 - mae: 0.4465 - mse: 0.3671 - ssim_metric: 0.3747
     91/Unknown - 195s 411ms/step - loss: 0.4696 - mae: 0.4443 - mse: 0.3656 - ssim_metric: 0.3774
     92/Unknown - 196s 411ms/step - loss: 0.4687 - mae: 0.4436 - mse: 0.3655 - ssim_metric: 0.3783
     93/Unknown - 196s 411ms/step - loss: 0.4684 - mae: 0.4433 - mse: 0.3657 - ssim_metric: 0.3787
     94/Unknown - 197s 411ms/step - loss: 0.4682 - mae: 0.4425 - mse: 0.3655 - ssim_metric: 0.3801
     95/Unknown - 197s 411ms/step - loss: 0.4681 - mae: 0.4412 - mse: 0.3648 - ssim_metric: 0.3821
     96/Unknown - 197s 411ms/step - loss: 0.4681 - mae: 0.4412 - mse: 0.3653 - ssim_metric: 0.3826
     97/Unknown - 198s 411ms/step - loss: 0.4694 - mae: 0.4407 - mse: 0.3654 - ssim_metric: 0.3834
     98/Unknown - 198s 411ms/step - loss: 0.4688 - mae: 0.4403 - mse: 0.3655 - ssim_metric: 0.3837
     99/Unknown - 199s 411ms/step - loss: 0.4675 - mae: 0.4387 - mse: 0.3644 - ssim_metric: 0.3861
    100/Unknown - 199s 411ms/step - loss: 0.4676 - mae: 0.4395 - mse: 0.3657 - ssim_metric: 0.3855
    101/Unknown - 199s 411ms/step - loss: 0.4672 - mae: 0.4394 - mse: 0.3661 - ssim_metric: 0.3859
    102/Unknown - 200s 411ms/step - loss: 0.4664 - mae: 0.4390 - mse: 0.3662 - ssim_metric: 0.3863
    103/Unknown - 200s 411ms/step - loss: 0.4664 - mae: 0.4384 - mse: 0.3661 - ssim_metric: 0.3872
    104/Unknown - 201s 411ms/step - loss: 0.4658 - mae: 0.4371 - mse: 0.3652 - ssim_metric: 0.3890
    105/Unknown - 201s 411ms/step - loss: 0.4650 - mae: 0.4357 - mse: 0.3643 - ssim_metric: 0.3908
    106/Unknown - 202s 411ms/step - loss: 0.4653 - mae: 0.4354 - mse: 0.3645 - ssim_metric: 0.3911
    107/Unknown - 202s 411ms/step - loss: 0.4641 - mae: 0.4349 - mse: 0.3644 - ssim_metric: 0.3922
    108/Unknown - 202s 411ms/step - loss: 0.4635 - mae: 0.4353 - mse: 0.3653 - ssim_metric: 0.3921
    109/Unknown - 203s 411ms/step - loss: 0.4629 - mae: 0.4346 - mse: 0.3650 - ssim_metric: 0.3931
    110/Unknown - 203s 411ms/step - loss: 0.4634 - mae: 0.4346 - mse: 0.3655 - ssim_metric: 0.3933
    111/Unknown - 204s 411ms/step - loss: 0.4634 - mae: 0.4341 - mse: 0.3653 - ssim_metric: 0.3937
    112/Unknown - 204s 411ms/step - loss: 0.4629 - mae: 0.4345 - mse: 0.3662 - ssim_metric: 0.3938
    113/Unknown - 204s 411ms/step - loss: 0.4624 - mae: 0.4330 - mse: 0.3651 - ssim_metric: 0.3955
    114/Unknown - 205s 411ms/step - loss: 0.4621 - mae: 0.4333 - mse: 0.3658 - ssim_metric: 0.3956
    115/Unknown - 205s 411ms/step - loss: 0.4618 - mae: 0.4333 - mse: 0.3663 - ssim_metric: 0.3957
    116/Unknown - 206s 411ms/step - loss: 0.4611 - mae: 0.4320 - mse: 0.3654 - ssim_metric: 0.3974
    117/Unknown - 206s 411ms/step - loss: 0.4618 - mae: 0.4318 - mse: 0.3655 - ssim_metric: 0.3977
    118/Unknown - 207s 411ms/step - loss: 0.4621 - mae: 0.4321 - mse: 0.3663 - ssim_metric: 0.3975
    119/Unknown - 207s 411ms/step - loss: 0.4619 - mae: 0.4315 - mse: 0.3660 - ssim_metric: 0.3982
    120/Unknown - 207s 411ms/step - loss: 0.4614 - mae: 0.4306 - mse: 0.3655 - ssim_metric: 0.3996
    121/Unknown - 208s 411ms/step - loss: 0.4606 - mae: 0.4294 - mse: 0.3647 - ssim_metric: 0.4013
    122/Unknown - 208s 411ms/step - loss: 0.4599 - mae: 0.4279 - mse: 0.3635 - ssim_metric: 0.4033
    123/Unknown - 209s 411ms/step - loss: 0.4611 - mae: 0.4297 - mse: 0.3657 - ssim_metric: 0.4021
    124/Unknown - 209s 411ms/step - loss: 0.4603 - mae: 0.4285 - mse: 0.3649 - ssim_metric: 0.4036
    125/Unknown - 209s 411ms/step - loss: 0.4606 - mae: 0.4282 - mse: 0.3648 - ssim_metric: 0.4041
    126/Unknown - 210s 411ms/step - loss: 0.4603 - mae: 0.4282 - mse: 0.3652 - ssim_metric: 0.4041
    127/Unknown - 210s 411ms/step - loss: 0.4600 - mae: 0.4282 - mse: 0.3655 - ssim_metric: 0.4044
    128/Unknown - 211s 411ms/step - loss: 0.4590 - mae: 0.4273 - mse: 0.3650 - ssim_metric: 0.4060
    129/Unknown - 211s 411ms/step - loss: 0.4587 - mae: 0.4265 - mse: 0.3645 - ssim_metric: 0.4073
    130/Unknown - 211s 411ms/step - loss: 0.4584 - mae: 0.4260 - mse: 0.3642 - ssim_metric: 0.4083
    131/Unknown - 212s 411ms/step - loss: 0.4584 - mae: 0.4277 - mse: 0.3663 - ssim_metric: 0.4069
    132/Unknown - 212s 411ms/step - loss: 0.4580 - mae: 0.4272 - mse: 0.3661 - ssim_metric: 0.4073
    133/Unknown - 213s 411ms/step - loss: 0.4577 - mae: 0.4274 - mse: 0.3665 - ssim_metric: 0.4072
    134/Unknown - 213s 411ms/step - loss: 0.4574 - mae: 0.4279 - mse: 0.3673 - ssim_metric: 0.4070
    135/Unknown - 214s 411ms/step - loss: 0.4571 - mae: 0.4278 - mse: 0.3675 - ssim_metric: 0.4070
    136/Unknown - 214s 411ms/step - loss: 0.4577 - mae: 0.4283 - mse: 0.3683 - ssim_metric: 0.4067
    137/Unknown - 214s 411ms/step - loss: 0.4574 - mae: 0.4287 - mse: 0.3689 - ssim_metric: 0.4063
    138/Unknown - 215s 411ms/step - loss: 0.4581 - mae: 0.4299 - mse: 0.3704 - ssim_metric: 0.4054
    139/Unknown - 215s 411ms/step - loss: 0.4575 - mae: 0.4300 - mse: 0.3707 - ssim_metric: 0.4054
    140/Unknown - 216s 412ms/step - loss: 0.4575 - mae: 0.4296 - mse: 0.3705 - ssim_metric: 0.4059
    141/Unknown - 216s 412ms/step - loss: 0.4573 - mae: 0.4300 - mse: 0.3712 - ssim_metric: 0.4056
    142/Unknown - 216s 412ms/step - loss: 0.4570 - mae: 0.4295 - mse: 0.3710 - ssim_metric: 0.4063
    143/Unknown - 217s 412ms/step - loss: 0.4578 - mae: 0.4301 - mse: 0.3718 - ssim_metric: 0.4058
    144/Unknown - 217s 412ms/step - loss: 0.4571 - mae: 0.4298 - mse: 0.3717 - ssim_metric: 0.4062
    145/Unknown - 218s 412ms/step - loss: 0.4569 - mae: 0.4292 - mse: 0.3713 - ssim_metric: 0.4063
    146/Unknown - 218s 412ms/step - loss: 0.4573 - mae: 0.4290 - mse: 0.3713 - ssim_metric: 0.4068
    147/Unknown - 218s 412ms/step - loss: 0.4562 - mae: 0.4280 - mse: 0.3705 - ssim_metric: 0.4082
    148/Unknown - 219s 412ms/step - loss: 0.4564 - mae: 0.4294 - mse: 0.3722 - ssim_metric: 0.4070
    149/Unknown - 219s 412ms/step - loss: 0.4557 - mae: 0.4294 - mse: 0.3724 - ssim_metric: 0.4072
    150/Unknown - 220s 412ms/step - loss: 0.4564 - mae: 0.4293 - mse: 0.3725 - ssim_metric: 0.4075
    151/Unknown - 220s 412ms/step - loss: 0.4560 - mae: 0.4286 - mse: 0.3720 - ssim_metric: 0.4086
    152/Unknown - 221s 412ms/step - loss: 0.4564 - mae: 0.4293 - mse: 0.3730 - ssim_metric: 0.4081
    153/Unknown - 221s 412ms/step - loss: 0.4561 - mae: 0.4298 - mse: 0.3737 - ssim_metric: 0.4077
    154/Unknown - 221s 412ms/step - loss: 0.4564 - mae: 0.4308 - mse: 0.3750 - ssim_metric: 0.4071
    155/Unknown - 222s 412ms/step - loss: 0.4566 - mae: 0.4314 - mse: 0.3758 - ssim_metric: 0.4067
    156/Unknown - 222s 412ms/step - loss: 0.4567 - mae: 0.4311 - mse: 0.3758 - ssim_metric: 0.4074
    157/Unknown - 223s 412ms/step - loss: 0.4573 - mae: 0.4312 - mse: 0.3760 - ssim_metric: 0.4075
    158/Unknown - 223s 412ms/step - loss: 0.4570 - mae: 0.4319 - mse: 0.3770 - ssim_metric: 0.4072
    159/Unknown - 223s 412ms/step - loss: 0.4570 - mae: 0.4311 - mse: 0.3763 - ssim_metric: 0.4080
    160/Unknown - 224s 412ms/step - loss: 0.4566 - mae: 0.4303 - mse: 0.3757 - ssim_metric: 0.4089
    161/Unknown - 224s 412ms/step - loss: 0.4560 - mae: 0.4306 - mse: 0.3763 - ssim_metric: 0.4089
    162/Unknown - 225s 412ms/step - loss: 0.4557 - mae: 0.4298 - mse: 0.3756 - ssim_metric: 0.4097
    163/Unknown - 225s 412ms/step - loss: 0.4556 - mae: 0.4297 - mse: 0.3757 - ssim_metric: 0.4099
    164/Unknown - 225s 412ms/step - loss: 0.4554 - mae: 0.4284 - mse: 0.3746 - ssim_metric: 0.4112
    165/Unknown - 226s 412ms/step - loss: 0.4550 - mae: 0.4292 - mse: 0.3756 - ssim_metric: 0.4107
    166/Unknown - 226s 412ms/step - loss: 0.4549 - mae: 0.4294 - mse: 0.3759 - ssim_metric: 0.4108
    167/Unknown - 227s 412ms/step - loss: 0.4546 - mae: 0.4289 - mse: 0.3755 - ssim_metric: 0.4112
    168/Unknown - 227s 412ms/step - loss: 0.4544 - mae: 0.4289 - mse: 0.3756 - ssim_metric: 0.4115
    169/Unknown - 228s 412ms/step - loss: 0.4537 - mae: 0.4285 - mse: 0.3754 - ssim_metric: 0.4120
    170/Unknown - 228s 412ms/step - loss: 0.4533 - mae: 0.4283 - mse: 0.3754 - ssim_metric: 0.4126
    171/Unknown - 228s 412ms/step - loss: 0.4532 - mae: 0.4285 - mse: 0.3758 - ssim_metric: 0.4126
    172/Unknown - 229s 412ms/step - loss: 0.4527 - mae: 0.4281 - mse: 0.3756 - ssim_metric: 0.4132
    173/Unknown - 229s 412ms/step - loss: 0.4529 - mae: 0.4283 - mse: 0.3759 - ssim_metric: 0.4130
    174/Unknown - 230s 412ms/step - loss: 0.4526 - mae: 0.4279 - mse: 0.3758 - ssim_metric: 0.4136
    175/Unknown - 230s 412ms/step - loss: 0.4519 - mae: 0.4276 - mse: 0.3756 - ssim_metric: 0.4140
    176/Unknown - 230s 412ms/step - loss: 0.4516 - mae: 0.4275 - mse: 0.3757 - ssim_metric: 0.4141
    177/Unknown - 231s 412ms/step - loss: 0.4509 - mae: 0.4269 - mse: 0.3753 - ssim_metric: 0.4148
    178/Unknown - 231s 412ms/step - loss: 0.4505 - mae: 0.4265 - mse: 0.3751 - ssim_metric: 0.4153
    179/Unknown - 232s 412ms/step - loss: 0.4501 - mae: 0.4265 - mse: 0.3753 - ssim_metric: 0.4154
    180/Unknown - 232s 412ms/step - loss: 0.4504 - mae: 0.4265 - mse: 0.3755 - ssim_metric: 0.4154
    181/Unknown - 232s 412ms/step - loss: 0.4504 - mae: 0.4260 - mse: 0.3751 - ssim_metric: 0.4161
    182/Unknown - 233s 412ms/step - loss: 0.4503 - mae: 0.4267 - mse: 0.3761 - ssim_metric: 0.4155
    183/Unknown - 233s 412ms/step - loss: 0.4506 - mae: 0.4275 - mse: 0.3771 - ssim_metric: 0.4147
    184/Unknown - 234s 412ms/step - loss: 0.4504 - mae: 0.4277 - mse: 0.3775 - ssim_metric: 0.4149
    185/Unknown - 234s 412ms/step - loss: 0.4508 - mae: 0.4277 - mse: 0.3777 - ssim_metric: 0.4150
    186/Unknown - 235s 412ms/step - loss: 0.4502 - mae: 0.4280 - mse: 0.3782 - ssim_metric: 0.4148
    187/Unknown - 235s 412ms/step - loss: 0.4511 - mae: 0.4281 - mse: 0.3785 - ssim_metric: 0.4148
    188/Unknown - 235s 412ms/step - loss: 0.4509 - mae: 0.4277 - mse: 0.3782 - ssim_metric: 0.4151
    189/Unknown - 236s 412ms/step - loss: 0.4509 - mae: 0.4272 - mse: 0.3779 - ssim_metric: 0.4156
    190/Unknown - 236s 412ms/step - loss: 0.4513 - mae: 0.4275 - mse: 0.3784 - ssim_metric: 0.4154
    191/Unknown - 237s 412ms/step - loss: 0.4514 - mae: 0.4278 - mse: 0.3788 - ssim_metric: 0.4151
    192/Unknown - 237s 412ms/step - loss: 0.4511 - mae: 0.4274 - mse: 0.3786 - ssim_metric: 0.4157
    193/Unknown - 237s 412ms/step - loss: 0.4509 - mae: 0.4276 - mse: 0.3790 - ssim_metric: 0.4158
    194/Unknown - 238s 412ms/step - loss: 0.4503 - mae: 0.4271 - mse: 0.3787 - ssim_metric: 0.4165
    195/Unknown - 238s 412ms/step - loss: 0.4502 - mae: 0.4268 - mse: 0.3786 - ssim_metric: 0.4170
    196/Unknown - 239s 412ms/step - loss: 0.4506 - mae: 0.4271 - mse: 0.3791 - ssim_metric: 0.4169
    197/Unknown - 239s 412ms/step - loss: 0.4504 - mae: 0.4269 - mse: 0.3791 - ssim_metric: 0.4171
    198/Unknown - 239s 412ms/step - loss: 0.4501 - mae: 0.4265 - mse: 0.3789 - ssim_metric: 0.4176
    199/Unknown - 240s 412ms/step - loss: 0.4501 - mae: 0.4269 - mse: 0.3793 - ssim_metric: 0.4173
    200/Unknown - 240s 412ms/step - loss: 0.4496 - mae: 0.4262 - mse: 0.3789 - ssim_metric: 0.4182
    201/Unknown - 241s 412ms/step - loss: 0.4497 - mae: 0.4262 - mse: 0.3790 - ssim_metric: 0.4182
    202/Unknown - 241s 412ms/step - loss: 0.4498 - mae: 0.4257 - mse: 0.3786 - ssim_metric: 0.4188
    203/Unknown - 242s 412ms/step - loss: 0.4496 - mae: 0.4256 - mse: 0.3787 - ssim_metric: 0.4188
    204/Unknown - 242s 412ms/step - loss: 0.4494 - mae: 0.4253 - mse: 0.3785 - ssim_metric: 0.4191
    205/Unknown - 242s 412ms/step - loss: 0.4493 - mae: 0.4257 - mse: 0.3791 - ssim_metric: 0.4187
    206/Unknown - 243s 412ms/step - loss: 0.4494 - mae: 0.4258 - mse: 0.3793 - ssim_metric: 0.4186
    207/Unknown - 243s 412ms/step - loss: 0.4493 - mae: 0.4256 - mse: 0.3792 - ssim_metric: 0.4190
    208/Unknown - 244s 412ms/step - loss: 0.4493 - mae: 0.4257 - mse: 0.3795 - ssim_metric: 0.4190
    209/Unknown - 244s 412ms/step - loss: 0.4493 - mae: 0.4259 - mse: 0.3799 - ssim_metric: 0.4188
    210/Unknown - 244s 412ms/step - loss: 0.4487 - mae: 0.4253 - mse: 0.3793 - ssim_metric: 0.4194
    211/Unknown - 245s 412ms/step - loss: 0.4481 - mae: 0.4252 - mse: 0.3793 - ssim_metric: 0.4197
    212/Unknown - 245s 412ms/step - loss: 0.4479 - mae: 0.4251 - mse: 0.3793 - ssim_metric: 0.4200
    213/Unknown - 246s 412ms/step - loss: 0.4481 - mae: 0.4249 - mse: 0.3793 - ssim_metric: 0.4203
    214/Unknown - 246s 412ms/step - loss: 0.4478 - mae: 0.4243 - mse: 0.3789 - ssim_metric: 0.4209
    215/Unknown - 247s 412ms/step - loss: 0.4484 - mae: 0.4247 - mse: 0.3794 - ssim_metric: 0.4206
    216/Unknown - 247s 412ms/step - loss: 0.4480 - mae: 0.4247 - mse: 0.3795 - ssim_metric: 0.4207
    217/Unknown - 247s 412ms/step - loss: 0.4482 - mae: 0.4250 - mse: 0.3800 - ssim_metric: 0.4207
    218/Unknown - 248s 412ms/step - loss: 0.4477 - mae: 0.4251 - mse: 0.3802 - ssim_metric: 0.4208
    219/Unknown - 248s 412ms/step - loss: 0.4481 - mae: 0.4253 - mse: 0.3805 - ssim_metric: 0.4206
    220/Unknown - 249s 412ms/step - loss: 0.4478 - mae: 0.4249 - mse: 0.3802 - ssim_metric: 0.4208
    221/Unknown - 249s 412ms/step - loss: 0.4475 - mae: 0.4247 - mse: 0.3802 - ssim_metric: 0.4210
    222/Unknown - 249s 412ms/step - loss: 0.4477 - mae: 0.4246 - mse: 0.3802 - ssim_metric: 0.4214
    223/Unknown - 250s 412ms/step - loss: 0.4475 - mae: 0.4248 - mse: 0.3805 - ssim_metric: 0.4212
    224/Unknown - 250s 412ms/step - loss: 0.4469 - mae: 0.4242 - mse: 0.3801 - ssim_metric: 0.4220
    225/Unknown - 251s 412ms/step - loss: 0.4469 - mae: 0.4242 - mse: 0.3802 - ssim_metric: 0.4222
    226/Unknown - 251s 412ms/step - loss: 0.4466 - mae: 0.4238 - mse: 0.3799 - ssim_metric: 0.4226
    227/Unknown - 251s 412ms/step - loss: 0.4467 - mae: 0.4246 - mse: 0.3808 - ssim_metric: 0.4219
    228/Unknown - 252s 412ms/step - loss: 0.4462 - mae: 0.4241 - mse: 0.3804 - ssim_metric: 0.4225
    229/Unknown - 252s 412ms/step - loss: 0.4465 - mae: 0.4246 - mse: 0.3810 - ssim_metric: 0.4222
    230/Unknown - 253s 412ms/step - loss: 0.4461 - mae: 0.4243 - mse: 0.3810 - ssim_metric: 0.4225
    231/Unknown - 253s 412ms/step - loss: 0.4459 - mae: 0.4247 - mse: 0.3814 - ssim_metric: 0.4222
    232/Unknown - 254s 412ms/step - loss: 0.4461 - mae: 0.4250 - mse: 0.3818 - ssim_metric: 0.4218
    233/Unknown - 254s 412ms/step - loss: 0.4460 - mae: 0.4247 - mse: 0.3816 - ssim_metric: 0.4222
    234/Unknown - 254s 412ms/step - loss: 0.4465 - mae: 0.4251 - mse: 0.3821 - ssim_metric: 0.4218
    235/Unknown - 255s 412ms/step - loss: 0.4463 - mae: 0.4246 - mse: 0.3817 - ssim_metric: 0.4224
    236/Unknown - 255s 412ms/step - loss: 0.4462 - mae: 0.4239 - mse: 0.3812 - ssim_metric: 0.4232
    237/Unknown - 256s 412ms/step - loss: 0.4464 - mae: 0.4237 - mse: 0.3811 - ssim_metric: 0.4235
    238/Unknown - 256s 412ms/step - loss: 0.4460 - mae: 0.4237 - mse: 0.3811 - ssim_metric: 0.4236
    239/Unknown - 256s 412ms/step - loss: 0.4459 - mae: 0.4235 - mse: 0.3810 - ssim_metric: 0.4239
    240/Unknown - 257s 412ms/step - loss: 0.4458 - mae: 0.4235 - mse: 0.3811 - ssim_metric: 0.4240
    241/Unknown - 257s 412ms/step - loss: 0.4458 - mae: 0.4234 - mse: 0.3812 - ssim_metric: 0.4242
    242/Unknown - 258s 412ms/step - loss: 0.4452 - mae: 0.4230 - mse: 0.3809 - ssim_metric: 0.4247
    243/Unknown - 258s 412ms/step - loss: 0.4456 - mae: 0.4232 - mse: 0.3812 - ssim_metric: 0.4246
    244/Unknown - 258s 412ms/step - loss: 0.4457 - mae: 0.4233 - mse: 0.3814 - ssim_metric: 0.4246
    245/Unknown - 259s 412ms/step - loss: 0.4454 - mae: 0.4233 - mse: 0.3815 - ssim_metric: 0.4246
    246/Unknown - 259s 412ms/step - loss: 0.4451 - mae: 0.4229 - mse: 0.3812 - ssim_metric: 0.4249
    247/Unknown - 260s 412ms/step - loss: 0.4448 - mae: 0.4229 - mse: 0.3813 - ssim_metric: 0.4249
    248/Unknown - 260s 412ms/step - loss: 0.4445 - mae: 0.4231 - mse: 0.3816 - ssim_metric: 0.4247
    249/Unknown - 261s 412ms/step - loss: 0.4450 - mae: 0.4240 - mse: 0.3826 - ssim_metric: 0.4240
    250/Unknown - 261s 412ms/step - loss: 0.4448 - mae: 0.4238 - mse: 0.3825 - ssim_metric: 0.4243
    251/Unknown - 261s 412ms/step - loss: 0.4452 - mae: 0.4242 - mse: 0.3830 - ssim_metric: 0.4240
    252/Unknown - 262s 412ms/step - loss: 0.4452 - mae: 0.4246 - mse: 0.3835 - ssim_metric: 0.4236
    253/Unknown - 262s 412ms/step - loss: 0.4451 - mae: 0.4250 - mse: 0.3840 - ssim_metric: 0.4235
    254/Unknown - 263s 412ms/step - loss: 0.4453 - mae: 0.4254 - mse: 0.3845 - ssim_metric: 0.4233
    255/Unknown - 263s 412ms/step - loss: 0.4455 - mae: 0.4255 - mse: 0.3847 - ssim_metric: 0.4231
    256/Unknown - 263s 412ms/step - loss: 0.4451 - mae: 0.4249 - mse: 0.3842 - ssim_metric: 0.4237
    257/Unknown - 264s 412ms/step - loss: 0.4454 - mae: 0.4253 - mse: 0.3847 - ssim_metric: 0.4235
    258/Unknown - 264s 412ms/step - loss: 0.4454 - mae: 0.4254 - mse: 0.3849 - ssim_metric: 0.4235
    259/Unknown - 265s 412ms/step - loss: 0.4454 - mae: 0.4255 - mse: 0.3851 - ssim_metric: 0.4234
    260/Unknown - 265s 412ms/step - loss: 0.4453 - mae: 0.4256 - mse: 0.3854 - ssim_metric: 0.4233
    261/Unknown - 265s 412ms/step - loss: 0.4451 - mae: 0.4254 - mse: 0.3852 - ssim_metric: 0.4236
    262/Unknown - 266s 412ms/step - loss: 0.4451 - mae: 0.4251 - mse: 0.3850 - ssim_metric: 0.4240
    263/Unknown - 266s 412ms/step - loss: 0.4450 - mae: 0.4249 - mse: 0.3848 - ssim_metric: 0.4242
    264/Unknown - 267s 412ms/step - loss: 0.4450 - mae: 0.4253 - mse: 0.3853 - ssim_metric: 0.4239
    265/Unknown - 267s 412ms/step - loss: 0.4447 - mae: 0.4252 - mse: 0.3853 - ssim_metric: 0.4241
    266/Unknown - 268s 412ms/step - loss: 0.4443 - mae: 0.4250 - mse: 0.3852 - ssim_metric: 0.4243
    267/Unknown - 268s 412ms/step - loss: 0.4441 - mae: 0.4250 - mse: 0.3853 - ssim_metric: 0.4243
    268/Unknown - 268s 412ms/step - loss: 0.4442 - mae: 0.4251 - mse: 0.3855 - ssim_metric: 0.4243
    269/Unknown - 269s 412ms/step - loss: 0.4442 - mae: 0.4254 - mse: 0.3859 - ssim_metric: 0.4241
    270/Unknown - 269s 412ms/step - loss: 0.4441 - mae: 0.4253 - mse: 0.3858 - ssim_metric: 0.4240
    271/Unknown - 270s 412ms/step - loss: 0.4440 - mae: 0.4254 - mse: 0.3861 - ssim_metric: 0.4238
    272/Unknown - 270s 412ms/step - loss: 0.4436 - mae: 0.4251 - mse: 0.3858 - ssim_metric: 0.4240
    273/Unknown - 270s 412ms/step - loss: 0.4438 - mae: 0.4257 - mse: 0.3864 - ssim_metric: 0.4235
    274/Unknown - 271s 412ms/step - loss: 0.4437 - mae: 0.4258 - mse: 0.3866 - ssim_metric: 0.4234
    275/Unknown - 271s 412ms/step - loss: 0.4437 - mae: 0.4259 - mse: 0.3868 - ssim_metric: 0.4233
    276/Unknown - 272s 412ms/step - loss: 0.4440 - mae: 0.4265 - mse: 0.3875 - ssim_metric: 0.4227
    277/Unknown - 272s 412ms/step - loss: 0.4435 - mae: 0.4262 - mse: 0.3872 - ssim_metric: 0.4230
    278/Unknown - 272s 412ms/step - loss: 0.4437 - mae: 0.4270 - mse: 0.3882 - ssim_metric: 0.4223
    279/Unknown - 273s 412ms/step - loss: 0.4434 - mae: 0.4267 - mse: 0.3880 - ssim_metric: 0.4226
    280/Unknown - 273s 412ms/step - loss: 0.4431 - mae: 0.4262 - mse: 0.3875 - ssim_metric: 0.4231
    281/Unknown - 274s 412ms/step - loss: 0.4431 - mae: 0.4259 - mse: 0.3873 - ssim_metric: 0.4234
    282/Unknown - 274s 412ms/step - loss: 0.4434 - mae: 0.4261 - mse: 0.3875 - ssim_metric: 0.4233
    283/Unknown - 275s 412ms/step - loss: 0.4433 - mae: 0.4259 - mse: 0.3874 - ssim_metric: 0.4235
    284/Unknown - 275s 412ms/step - loss: 0.4428 - mae: 0.4254 - mse: 0.3871 - ssim_metric: 0.4242
    285/Unknown - 275s 412ms/step - loss: 0.4430 - mae: 0.4255 - mse: 0.3872 - ssim_metric: 0.4240
    286/Unknown - 276s 412ms/step - loss: 0.4428 - mae: 0.4255 - mse: 0.3873 - ssim_metric: 0.4241
    287/Unknown - 276s 412ms/step - loss: 0.4428 - mae: 0.4254 - mse: 0.3872 - ssim_metric: 0.4241
    288/Unknown - 277s 412ms/step - loss: 0.4430 - mae: 0.4259 - mse: 0.3877 - ssim_metric: 0.4237
    289/Unknown - 277s 412ms/step - loss: 0.4430 - mae: 0.4263 - mse: 0.3883 - ssim_metric: 0.4233
    290/Unknown - 277s 412ms/step - loss: 0.4423 - mae: 0.4256 - mse: 0.3876 - ssim_metric: 0.4242
    291/Unknown - 278s 412ms/step - loss: 0.4427 - mae: 0.4259 - mse: 0.3880 - ssim_metric: 0.4240
    292/Unknown - 278s 412ms/step - loss: 0.4424 - mae: 0.4257 - mse: 0.3878 - ssim_metric: 0.4243
    293/Unknown - 279s 412ms/step - loss: 0.4427 - mae: 0.4257 - mse: 0.3879 - ssim_metric: 0.4242
    294/Unknown - 279s 412ms/step - loss: 0.4427 - mae: 0.4258 - mse: 0.3880 - ssim_metric: 0.4241
    295/Unknown - 280s 412ms/step - loss: 0.4427 - mae: 0.4255 - mse: 0.3878 - ssim_metric: 0.4242
    296/Unknown - 280s 412ms/step - loss: 0.4427 - mae: 0.4258 - mse: 0.3882 - ssim_metric: 0.4241
    297/Unknown - 280s 412ms/step - loss: 0.4427 - mae: 0.4257 - mse: 0.3882 - ssim_metric: 0.4242
    298/Unknown - 281s 412ms/step - loss: 0.4427 - mae: 0.4262 - mse: 0.3888 - ssim_metric: 0.4237
    299/Unknown - 281s 412ms/step - loss: 0.4426 - mae: 0.4262 - mse: 0.3888 - ssim_metric: 0.4238
    300/Unknown - 282s 412ms/step - loss: 0.4424 - mae: 0.4261 - mse: 0.3888 - ssim_metric: 0.4238
    301/Unknown - 282s 412ms/step - loss: 0.4424 - mae: 0.4263 - mse: 0.3890 - ssim_metric: 0.4236
    302/Unknown - 282s 412ms/step - loss: 0.4423 - mae: 0.4263 - mse: 0.3891 - ssim_metric: 0.4236
    303/Unknown - 283s 412ms/step - loss: 0.4424 - mae: 0.4264 - mse: 0.3892 - ssim_metric: 0.4234
    304/Unknown - 283s 412ms/step - loss: 0.4427 - mae: 0.4263 - mse: 0.3892 - ssim_metric: 0.4235
    305/Unknown - 284s 412ms/step - loss: 0.4425 - mae: 0.4262 - mse: 0.3892 - ssim_metric: 0.4237
    306/Unknown - 284s 412ms/step - loss: 0.4423 - mae: 0.4260 - mse: 0.3890 - ssim_metric: 0.4238
    307/Unknown - 284s 412ms/step - loss: 0.4422 - mae: 0.4261 - mse: 0.3892 - ssim_metric: 0.4238
    308/Unknown - 285s 412ms/step - loss: 0.4421 - mae: 0.4259 - mse: 0.3890 - ssim_metric: 0.4241
    309/Unknown - 285s 412ms/step - loss: 0.4420 - mae: 0.4259 - mse: 0.3891 - ssim_metric: 0.4242
    310/Unknown - 286s 412ms/step - loss: 0.4424 - mae: 0.4260 - mse: 0.3893 - ssim_metric: 0.4241
    311/Unknown - 286s 412ms/step - loss: 0.4422 - mae: 0.4261 - mse: 0.3895 - ssim_metric: 0.4241
    312/Unknown - 287s 412ms/step - loss: 0.4422 - mae: 0.4265 - mse: 0.3900 - ssim_metric: 0.4238
    313/Unknown - 287s 412ms/step - loss: 0.4420 - mae: 0.4263 - mse: 0.3899 - ssim_metric: 0.4241
    314/Unknown - 287s 412ms/step - loss: 0.4423 - mae: 0.4265 - mse: 0.3901 - ssim_metric: 0.4238
    315/Unknown - 288s 412ms/step - loss: 0.4419 - mae: 0.4260 - mse: 0.3897 - ssim_metric: 0.4244
    316/Unknown - 288s 412ms/step - loss: 0.4418 - mae: 0.4263 - mse: 0.3900 - ssim_metric: 0.4242
    317/Unknown - 289s 412ms/step - loss: 0.4417 - mae: 0.4258 - mse: 0.3897 - ssim_metric: 0.4246
    318/Unknown - 289s 412ms/step - loss: 0.4420 - mae: 0.4263 - mse: 0.3902 - ssim_metric: 0.4242
    319/Unknown - 289s 412ms/step - loss: 0.4417 - mae: 0.4259 - mse: 0.3899 - ssim_metric: 0.4246
    320/Unknown - 290s 412ms/step - loss: 0.4416 - mae: 0.4257 - mse: 0.3898 - ssim_metric: 0.4247
    321/Unknown - 290s 412ms/step - loss: 0.4412 - mae: 0.4254 - mse: 0.3896 - ssim_metric: 0.4250
    322/Unknown - 291s 412ms/step - loss: 0.4410 - mae: 0.4255 - mse: 0.3897 - ssim_metric: 0.4250
    323/Unknown - 291s 412ms/step - loss: 0.4408 - mae: 0.4254 - mse: 0.3896 - ssim_metric: 0.4252
    324/Unknown - 291s 412ms/step - loss: 0.4408 - mae: 0.4257 - mse: 0.3900 - ssim_metric: 0.4249
    325/Unknown - 292s 412ms/step - loss: 0.4410 - mae: 0.4260 - mse: 0.3904 - ssim_metric: 0.4247
    326/Unknown - 292s 412ms/step - loss: 0.4409 - mae: 0.4260 - mse: 0.3905 - ssim_metric: 0.4247
    327/Unknown - 293s 412ms/step - loss: 0.4407 - mae: 0.4258 - mse: 0.3904 - ssim_metric: 0.4250
    328/Unknown - 293s 412ms/step - loss: 0.4407 - mae: 0.4254 - mse: 0.3900 - ssim_metric: 0.4255
    329/Unknown - 294s 412ms/step - loss: 0.4407 - mae: 0.4255 - mse: 0.3902 - ssim_metric: 0.4255
    330/Unknown - 294s 412ms/step - loss: 0.4404 - mae: 0.4250 - mse: 0.3898 - ssim_metric: 0.4259
    331/Unknown - 294s 412ms/step - loss: 0.4408 - mae: 0.4253 - mse: 0.3902 - ssim_metric: 0.4257
    332/Unknown - 295s 412ms/step - loss: 0.4408 - mae: 0.4254 - mse: 0.3902 - ssim_metric: 0.4257
    333/Unknown - 295s 412ms/step - loss: 0.4406 - mae: 0.4254 - mse: 0.3904 - ssim_metric: 0.4256
    334/Unknown - 296s 412ms/step - loss: 0.4403 - mae: 0.4253 - mse: 0.3903 - ssim_metric: 0.4258
    335/Unknown - 296s 412ms/step - loss: 0.4399 - mae: 0.4249 - mse: 0.3900 - ssim_metric: 0.4262
    336/Unknown - 296s 412ms/step - loss: 0.4396 - mae: 0.4246 - mse: 0.3897 - ssim_metric: 0.4265
    337/Unknown - 297s 412ms/step - loss: 0.4396 - mae: 0.4245 - mse: 0.3897 - ssim_metric: 0.4265
    338/Unknown - 297s 412ms/step - loss: 0.4397 - mae: 0.4248 - mse: 0.3900 - ssim_metric: 0.4264
    339/Unknown - 298s 412ms/step - loss: 0.4397 - mae: 0.4249 - mse: 0.3902 - ssim_metric: 0.4263
    340/Unknown - 298s 412ms/step - loss: 0.4398 - mae: 0.4251 - mse: 0.3905 - ssim_metric: 0.4261
    341/Unknown - 298s 412ms/step - loss: 0.4397 - mae: 0.4254 - mse: 0.3908 - ssim_metric: 0.4259
    342/Unknown - 299s 412ms/step - loss: 0.4394 - mae: 0.4252 - mse: 0.3907 - ssim_metric: 0.4262
    343/Unknown - 299s 412ms/step - loss: 0.4392 - mae: 0.4248 - mse: 0.3903 - ssim_metric: 0.4267
    344/Unknown - 300s 412ms/step - loss: 0.4394 - mae: 0.4250 - mse: 0.3906 - ssim_metric: 0.4265
    345/Unknown - 300s 412ms/step - loss: 0.4394 - mae: 0.4253 - mse: 0.3909 - ssim_metric: 0.4263
    346/Unknown - 301s 412ms/step - loss: 0.4394 - mae: 0.4252 - mse: 0.3910 - ssim_metric: 0.4264
    347/Unknown - 301s 412ms/step - loss: 0.4394 - mae: 0.4254 - mse: 0.3912 - ssim_metric: 0.4263
    348/Unknown - 301s 412ms/step - loss: 0.4394 - mae: 0.4256 - mse: 0.3915 - ssim_metric: 0.4260
    349/Unknown - 302s 412ms/step - loss: 0.4391 - mae: 0.4255 - mse: 0.3915 - ssim_metric: 0.4262
    350/Unknown - 302s 412ms/step - loss: 0.4391 - mae: 0.4258 - mse: 0.3918 - ssim_metric: 0.4259
    351/Unknown - 303s 412ms/step - loss: 0.4390 - mae: 0.4258 - mse: 0.3919 - ssim_metric: 0.4260
    352/Unknown - 303s 412ms/step - loss: 0.4389 - mae: 0.4255 - mse: 0.3916 - ssim_metric: 0.4263
    353/Unknown - 303s 412ms/step - loss: 0.4393 - mae: 0.4257 - mse: 0.3919 - ssim_metric: 0.4262
    354/Unknown - 304s 412ms/step - loss: 0.4391 - mae: 0.4254 - mse: 0.3917 - ssim_metric: 0.4265
    355/Unknown - 304s 412ms/step - loss: 0.4388 - mae: 0.4253 - mse: 0.3916 - ssim_metric: 0.4266
    356/Unknown - 305s 412ms/step - loss: 0.4393 - mae: 0.4255 - mse: 0.3918 - ssim_metric: 0.4264
    357/Unknown - 305s 412ms/step - loss: 0.4389 - mae: 0.4250 - mse: 0.3914 - ssim_metric: 0.4270
    358/Unknown - 305s 412ms/step - loss: 0.4392 - mae: 0.4250 - mse: 0.3914 - ssim_metric: 0.4270
    359/Unknown - 306s 412ms/step - loss: 0.4391 - mae: 0.4251 - mse: 0.3916 - ssim_metric: 0.4268
    360/Unknown - 306s 412ms/step - loss: 0.4393 - mae: 0.4253 - mse: 0.3919 - ssim_metric: 0.4267
    361/Unknown - 307s 412ms/step - loss: 0.4390 - mae: 0.4253 - mse: 0.3919 - ssim_metric: 0.4267
    362/Unknown - 307s 412ms/step - loss: 0.4391 - mae: 0.4255 - mse: 0.3922 - ssim_metric: 0.4266
    363/Unknown - 308s 412ms/step - loss: 0.4389 - mae: 0.4255 - mse: 0.3923 - ssim_metric: 0.4264
    364/Unknown - 308s 412ms/step - loss: 0.4391 - mae: 0.4256 - mse: 0.3924 - ssim_metric: 0.4264
    365/Unknown - 308s 412ms/step - loss: 0.4389 - mae: 0.4257 - mse: 0.3925 - ssim_metric: 0.4264
    366/Unknown - 309s 412ms/step - loss: 0.4390 - mae: 0.4257 - mse: 0.3926 - ssim_metric: 0.4264
    367/Unknown - 309s 412ms/step - loss: 0.4390 - mae: 0.4258 - mse: 0.3928 - ssim_metric: 0.4264
    368/Unknown - 310s 412ms/step - loss: 0.4386 - mae: 0.4254 - mse: 0.3924 - ssim_metric: 0.4267
    369/Unknown - 310s 412ms/step - loss: 0.4384 - mae: 0.4255 - mse: 0.3925 - ssim_metric: 0.4266
    370/Unknown - 310s 412ms/step - loss: 0.4383 - mae: 0.4256 - mse: 0.3927 - ssim_metric: 0.4265
    371/Unknown - 311s 412ms/step - loss: 0.4382 - mae: 0.4258 - mse: 0.3929 - ssim_metric: 0.4263
    372/Unknown - 311s 412ms/step - loss: 0.4380 - mae: 0.4261 - mse: 0.3933 - ssim_metric: 0.4260
    373/Unknown - 312s 412ms/step - loss: 0.4378 - mae: 0.4261 - mse: 0.3934 - ssim_metric: 0.4260
    374/Unknown - 312s 412ms/step - loss: 0.4379 - mae: 0.4261 - mse: 0.3934 - ssim_metric: 0.4260
    375/Unknown - 312s 412ms/step - loss: 0.4379 - mae: 0.4262 - mse: 0.3936 - ssim_metric: 0.4259
    376/Unknown - 313s 412ms/step - loss: 0.4382 - mae: 0.4261 - mse: 0.3935 - ssim_metric: 0.4262
    377/Unknown - 313s 412ms/step - loss: 0.4382 - mae: 0.4264 - mse: 0.3939 - ssim_metric: 0.4261
    378/Unknown - 314s 412ms/step - loss: 0.4381 - mae: 0.4265 - mse: 0.3940 - ssim_metric: 0.4260
    379/Unknown - 314s 412ms/step - loss: 0.4382 - mae: 0.4267 - mse: 0.3943 - ssim_metric: 0.4259
    380/Unknown - 315s 412ms/step - loss: 0.4381 - mae: 0.4271 - mse: 0.3948 - ssim_metric: 0.4255
    381/Unknown - 315s 412ms/step - loss: 0.4381 - mae: 0.4277 - mse: 0.3954 - ssim_metric: 0.4251
    382/Unknown - 315s 412ms/step - loss: 0.4381 - mae: 0.4276 - mse: 0.3954 - ssim_metric: 0.4252
    383/Unknown - 316s 412ms/step - loss: 0.4378 - mae: 0.4272 - mse: 0.3950 - ssim_metric: 0.4258
    384/Unknown - 316s 412ms/step - loss: 0.4377 - mae: 0.4274 - mse: 0.3952 - ssim_metric: 0.4257
    385/Unknown - 317s 412ms/step - loss: 0.4378 - mae: 0.4276 - mse: 0.3955 - ssim_metric: 0.4255
    386/Unknown - 317s 412ms/step - loss: 0.4377 - mae: 0.4279 - mse: 0.3959 - ssim_metric: 0.4253
    387/Unknown - 317s 412ms/step - loss: 0.4379 - mae: 0.4282 - mse: 0.3963 - ssim_metric: 0.4249
    388/Unknown - 318s 412ms/step - loss: 0.4377 - mae: 0.4280 - mse: 0.3960 - ssim_metric: 0.4252
    389/Unknown - 318s 412ms/step - loss: 0.4379 - mae: 0.4280 - mse: 0.3961 - ssim_metric: 0.4253
    390/Unknown - 319s 412ms/step - loss: 0.4381 - mae: 0.4283 - mse: 0.3964 - ssim_metric: 0.4250
    391/Unknown - 319s 412ms/step - loss: 0.4382 - mae: 0.4286 - mse: 0.3968 - ssim_metric: 0.4247
    392/Unknown - 319s 412ms/step - loss: 0.4384 - mae: 0.4289 - mse: 0.3972 - ssim_metric: 0.4245
    393/Unknown - 320s 412ms/step - loss: 0.4383 - mae: 0.4288 - mse: 0.3971 - ssim_metric: 0.4247
    394/Unknown - 320s 412ms/step - loss: 0.4383 - mae: 0.4291 - mse: 0.3975 - ssim_metric: 0.4243
    395/Unknown - 321s 412ms/step - loss: 0.4382 - mae: 0.4291 - mse: 0.3975 - ssim_metric: 0.4243
    396/Unknown - 321s 412ms/step - loss: 0.4381 - mae: 0.4292 - mse: 0.3977 - ssim_metric: 0.4243
    397/Unknown - 322s 412ms/step - loss: 0.4382 - mae: 0.4294 - mse: 0.3979 - ssim_metric: 0.4241
    398/Unknown - 322s 412ms/step - loss: 0.4383 - mae: 0.4297 - mse: 0.3983 - ssim_metric: 0.4238
    399/Unknown - 322s 412ms/step - loss: 0.4382 - mae: 0.4299 - mse: 0.3985 - ssim_metric: 0.4237
    400/Unknown - 323s 412ms/step - loss: 0.4379 - mae: 0.4298 - mse: 0.3985 - ssim_metric: 0.4238
    401/Unknown - 323s 412ms/step - loss: 0.4381 - mae: 0.4302 - mse: 0.3989 - ssim_metric: 0.4235
    402/Unknown - 324s 412ms/step - loss: 0.4382 - mae: 0.4306 - mse: 0.3994 - ssim_metric: 0.4231
    403/Unknown - 324s 412ms/step - loss: 0.4382 - mae: 0.4305 - mse: 0.3993 - ssim_metric: 0.4233
    404/Unknown - 324s 412ms/step - loss: 0.4385 - mae: 0.4307 - mse: 0.3996 - ssim_metric: 0.4231
    405/Unknown - 325s 412ms/step - loss: 0.4382 - mae: 0.4306 - mse: 0.3995 - ssim_metric: 0.4234
    406/Unknown - 325s 412ms/step - loss: 0.4380 - mae: 0.4305 - mse: 0.3995 - ssim_metric: 0.4234
    407/Unknown - 326s 412ms/step - loss: 0.4378 - mae: 0.4307 - mse: 0.3998 - ssim_metric: 0.4232
    408/Unknown - 326s 412ms/step - loss: 0.4380 - mae: 0.4309 - mse: 0.4000 - ssim_metric: 0.4231
    409/Unknown - 327s 412ms/step - loss: 0.4383 - mae: 0.4314 - mse: 0.4005 - ssim_metric: 0.4227
    410/Unknown - 327s 412ms/step - loss: 0.4385 - mae: 0.4315 - mse: 0.4007 - ssim_metric: 0.4226
    411/Unknown - 327s 412ms/step - loss: 0.4384 - mae: 0.4319 - mse: 0.4011 - ssim_metric: 0.4224
    412/Unknown - 328s 412ms/step - loss: 0.4383 - mae: 0.4321 - mse: 0.4014 - ssim_metric: 0.4223
    413/Unknown - 328s 412ms/step - loss: 0.4382 - mae: 0.4323 - mse: 0.4016 - ssim_metric: 0.4221
    414/Unknown - 329s 412ms/step - loss: 0.4382 - mae: 0.4321 - mse: 0.4014 - ssim_metric: 0.4224
    415/Unknown - 329s 412ms/step - loss: 0.4383 - mae: 0.4325 - mse: 0.4019 - ssim_metric: 0.4220
    416/Unknown - 329s 412ms/step - loss: 0.4384 - mae: 0.4324 - mse: 0.4019 - ssim_metric: 0.4220
    417/Unknown - 330s 412ms/step - loss: 0.4383 - mae: 0.4324 - mse: 0.4020 - ssim_metric: 0.4221
    418/Unknown - 330s 412ms/step - loss: 0.4383 - mae: 0.4328 - mse: 0.4024 - ssim_metric: 0.4218
    419/Unknown - 331s 412ms/step - loss: 0.4382 - mae: 0.4331 - mse: 0.4027 - ssim_metric: 0.4215
    420/Unknown - 331s 412ms/step - loss: 0.4381 - mae: 0.4332 - mse: 0.4029 - ssim_metric: 0.4214
    421/Unknown - 331s 412ms/step - loss: 0.4385 - mae: 0.4332 - mse: 0.4030 - ssim_metric: 0.4216
    422/Unknown - 332s 412ms/step - loss: 0.4384 - mae: 0.4331 - mse: 0.4029 - ssim_metric: 0.4217
    423/Unknown - 332s 412ms/step - loss: 0.4384 - mae: 0.4332 - mse: 0.4030 - ssim_metric: 0.4216
    424/Unknown - 333s 412ms/step - loss: 0.4385 - mae: 0.4333 - mse: 0.4031 - ssim_metric: 0.4215
    425/Unknown - 333s 412ms/step - loss: 0.4384 - mae: 0.4333 - mse: 0.4032 - ssim_metric: 0.4215
    426/Unknown - 334s 412ms/step - loss: 0.4382 - mae: 0.4332 - mse: 0.4031 - ssim_metric: 0.4217
    427/Unknown - 334s 412ms/step - loss: 0.4382 - mae: 0.4332 - mse: 0.4032 - ssim_metric: 0.4217
    428/Unknown - 334s 412ms/step - loss: 0.4380 - mae: 0.4331 - mse: 0.4032 - ssim_metric: 0.4217
    429/Unknown - 335s 412ms/step - loss: 0.4381 - mae: 0.4332 - mse: 0.4032 - ssim_metric: 0.4216
    430/Unknown - 335s 412ms/step - loss: 0.4380 - mae: 0.4332 - mse: 0.4033 - ssim_metric: 0.4216
    431/Unknown - 336s 412ms/step - loss: 0.4376 - mae: 0.4329 - mse: 0.4030 - ssim_metric: 0.4221
    432/Unknown - 336s 412ms/step - loss: 0.4377 - mae: 0.4328 - mse: 0.4030 - ssim_metric: 0.4222
    433/Unknown - 336s 412ms/step - loss: 0.4376 - mae: 0.4327 - mse: 0.4029 - ssim_metric: 0.4223
    434/Unknown - 337s 412ms/step - loss: 0.4375 - mae: 0.4325 - mse: 0.4028 - ssim_metric: 0.4225
    435/Unknown - 337s 412ms/step - loss: 0.4375 - mae: 0.4324 - mse: 0.4026 - ssim_metric: 0.4226
    436/Unknown - 338s 412ms/step - loss: 0.4373 - mae: 0.4323 - mse: 0.4025 - ssim_metric: 0.4227
    437/Unknown - 338s 412ms/step - loss: 0.4373 - mae: 0.4322 - mse: 0.4025 - ssim_metric: 0.4228
    438/Unknown - 338s 412ms/step - loss: 0.4372 - mae: 0.4318 - mse: 0.4022 - ssim_metric: 0.4231
    439/Unknown - 339s 412ms/step - loss: 0.4371 - mae: 0.4318 - mse: 0.4022 - ssim_metric: 0.4231
    440/Unknown - 339s 412ms/step - loss: 0.4373 - mae: 0.4321 - mse: 0.4025 - ssim_metric: 0.4228
    441/Unknown - 340s 412ms/step - loss: 0.4373 - mae: 0.4324 - mse: 0.4028 - ssim_metric: 0.4225
    442/Unknown - 340s 412ms/step - loss: 0.4371 - mae: 0.4321 - mse: 0.4026 - ssim_metric: 0.4228
    443/Unknown - 341s 412ms/step - loss: 0.4371 - mae: 0.4323 - mse: 0.4029 - ssim_metric: 0.4226
    444/Unknown - 341s 412ms/step - loss: 0.4371 - mae: 0.4326 - mse: 0.4032 - ssim_metric: 0.4224
    445/Unknown - 341s 412ms/step - loss: 0.4369 - mae: 0.4326 - mse: 0.4033 - ssim_metric: 0.4225
    446/Unknown - 342s 412ms/step - loss: 0.4370 - mae: 0.4330 - mse: 0.4037 - ssim_metric: 0.4222
    447/Unknown - 342s 412ms/step - loss: 0.4369 - mae: 0.4332 - mse: 0.4039 - ssim_metric: 0.4221
    448/Unknown - 343s 412ms/step - loss: 0.4367 - mae: 0.4331 - mse: 0.4038 - ssim_metric: 0.4222
    449/Unknown - 343s 412ms/step - loss: 0.4368 - mae: 0.4332 - mse: 0.4040 - ssim_metric: 0.4220
    450/Unknown - 343s 412ms/step - loss: 0.4368 - mae: 0.4333 - mse: 0.4041 - ssim_metric: 0.4220
    451/Unknown - 344s 412ms/step - loss: 0.4366 - mae: 0.4333 - mse: 0.4042 - ssim_metric: 0.4220
    452/Unknown - 344s 412ms/step - loss: 0.4365 - mae: 0.4333 - mse: 0.4042 - ssim_metric: 0.4221
    453/Unknown - 345s 412ms/step - loss: 0.4364 - mae: 0.4331 - mse: 0.4040 - ssim_metric: 0.4223
    454/Unknown - 345s 412ms/step - loss: 0.4366 - mae: 0.4333 - mse: 0.4043 - ssim_metric: 0.4222
    455/Unknown - 345s 412ms/step - loss: 0.4366 - mae: 0.4333 - mse: 0.4044 - ssim_metric: 0.4222
    456/Unknown - 346s 412ms/step - loss: 0.4367 - mae: 0.4334 - mse: 0.4045 - ssim_metric: 0.4222
    457/Unknown - 346s 412ms/step - loss: 0.4366 - mae: 0.4336 - mse: 0.4047 - ssim_metric: 0.4220
    458/Unknown - 347s 412ms/step - loss: 0.4365 - mae: 0.4337 - mse: 0.4048 - ssim_metric: 0.4219
    459/Unknown - 347s 412ms/step - loss: 0.4364 - mae: 0.4340 - mse: 0.4052 - ssim_metric: 0.4217
    460/Unknown - 348s 412ms/step - loss: 0.4364 - mae: 0.4341 - mse: 0.4054 - ssim_metric: 0.4216
    461/Unknown - 348s 412ms/step - loss: 0.4365 - mae: 0.4341 - mse: 0.4054 - ssim_metric: 0.4216
    462/Unknown - 348s 412ms/step - loss: 0.4366 - mae: 0.4342 - mse: 0.4055 - ssim_metric: 0.4215
    463/Unknown - 349s 412ms/step - loss: 0.4363 - mae: 0.4340 - mse: 0.4054 - ssim_metric: 0.4217
    464/Unknown - 349s 412ms/step - loss: 0.4363 - mae: 0.4341 - mse: 0.4055 - ssim_metric: 0.4216
    465/Unknown - 350s 412ms/step - loss: 0.4364 - mae: 0.4342 - mse: 0.4056 - ssim_metric: 0.4216
    466/Unknown - 350s 412ms/step - loss: 0.4367 - mae: 0.4344 - mse: 0.4058 - ssim_metric: 0.4215
    467/Unknown - 350s 412ms/step - loss: 0.4366 - mae: 0.4346 - mse: 0.4061 - ssim_metric: 0.4214
    468/Unknown - 351s 412ms/step - loss: 0.4366 - mae: 0.4349 - mse: 0.4064 - ssim_metric: 0.4211
    469/Unknown - 351s 412ms/step - loss: 0.4365 - mae: 0.4349 - mse: 0.4064 - ssim_metric: 0.4211
    470/Unknown - 352s 412ms/step - loss: 0.4364 - mae: 0.4348 - mse: 0.4063 - ssim_metric: 0.4212
    471/Unknown - 352s 412ms/step - loss: 0.4364 - mae: 0.4348 - mse: 0.4065 - ssim_metric: 0.4213
    472/Unknown - 352s 412ms/step - loss: 0.4365 - mae: 0.4351 - mse: 0.4068 - ssim_metric: 0.4210
    473/Unknown - 353s 412ms/step - loss: 0.4364 - mae: 0.4346 - mse: 0.4063 - ssim_metric: 0.4216
    474/Unknown - 353s 412ms/step - loss: 0.4364 - mae: 0.4348 - mse: 0.4066 - ssim_metric: 0.4215
    475/Unknown - 354s 412ms/step - loss: 0.4362 - mae: 0.4350 - mse: 0.4068 - ssim_metric: 0.4214
    476/Unknown - 354s 412ms/step - loss: 0.4362 - mae: 0.4349 - mse: 0.4068 - ssim_metric: 0.4215
    477/Unknown - 355s 412ms/step - loss: 0.4363 - mae: 0.4352 - mse: 0.4071 - ssim_metric: 0.4213
    478/Unknown - 355s 412ms/step - loss: 0.4362 - mae: 0.4351 - mse: 0.4070 - ssim_metric: 0.4214
    479/Unknown - 355s 412ms/step - loss: 0.4362 - mae: 0.4349 - mse: 0.4068 - ssim_metric: 0.4217
    480/Unknown - 356s 412ms/step - loss: 0.4359 - mae: 0.4347 - mse: 0.4067 - ssim_metric: 0.4219
    481/Unknown - 356s 412ms/step - loss: 0.4357 - mae: 0.4346 - mse: 0.4067 - ssim_metric: 0.4220
    482/Unknown - 357s 412ms/step - loss: 0.4358 - mae: 0.4350 - mse: 0.4071 - ssim_metric: 0.4216
    483/Unknown - 357s 412ms/step - loss: 0.4355 - mae: 0.4348 - mse: 0.4069 - ssim_metric: 0.4219
    484/Unknown - 357s 412ms/step - loss: 0.4356 - mae: 0.4350 - mse: 0.4071 - ssim_metric: 0.4217
    485/Unknown - 358s 412ms/step - loss: 0.4357 - mae: 0.4353 - mse: 0.4075 - ssim_metric: 0.4215
    486/Unknown - 358s 412ms/step - loss: 0.4361 - mae: 0.4355 - mse: 0.4077 - ssim_metric: 0.4214
    487/Unknown - 359s 412ms/step - loss: 0.4361 - mae: 0.4355 - mse: 0.4077 - ssim_metric: 0.4214
    488/Unknown - 359s 412ms/step - loss: 0.4361 - mae: 0.4355 - mse: 0.4078 - ssim_metric: 0.4214
    489/Unknown - 359s 412ms/step - loss: 0.4363 - mae: 0.4356 - mse: 0.4080 - ssim_metric: 0.4213
    490/Unknown - 360s 412ms/step - loss: 0.4363 - mae: 0.4359 - mse: 0.4083 - ssim_metric: 0.4211
    491/Unknown - 360s 412ms/step - loss: 0.4363 - mae: 0.4361 - mse: 0.4085 - ssim_metric: 0.4209
    492/Unknown - 361s 412ms/step - loss: 0.4362 - mae: 0.4359 - mse: 0.4083 - ssim_metric: 0.4212
    493/Unknown - 361s 412ms/step - loss: 0.4362 - mae: 0.4358 - mse: 0.4083 - ssim_metric: 0.4214
    494/Unknown - 362s 412ms/step - loss: 0.4360 - mae: 0.4356 - mse: 0.4081 - ssim_metric: 0.4216
    495/Unknown - 362s 412ms/step - loss: 0.4359 - mae: 0.4356 - mse: 0.4081 - ssim_metric: 0.4216
    496/Unknown - 362s 412ms/step - loss: 0.4356 - mae: 0.4354 - mse: 0.4080 - ssim_metric: 0.4218
    497/Unknown - 363s 412ms/step - loss: 0.4354 - mae: 0.4352 - mse: 0.4079 - ssim_metric: 0.4221
    498/Unknown - 363s 412ms/step - loss: 0.4354 - mae: 0.4352 - mse: 0.4079 - ssim_metric: 0.4221
    499/Unknown - 364s 412ms/step - loss: 0.4353 - mae: 0.4351 - mse: 0.4078 - ssim_metric: 0.4222
    500/Unknown - 364s 412ms/step - loss: 0.4352 - mae: 0.4348 - mse: 0.4076 - ssim_metric: 0.4224
    501/Unknown - 364s 412ms/step - loss: 0.4351 - mae: 0.4347 - mse: 0.4075 - ssim_metric: 0.4226
    502/Unknown - 365s 412ms/step - loss: 0.4350 - mae: 0.4345 - mse: 0.4074 - ssim_metric: 0.4228
    503/Unknown - 365s 412ms/step - loss: 0.4351 - mae: 0.4347 - mse: 0.4076 - ssim_metric: 0.4227
    504/Unknown - 366s 412ms/step - loss: 0.4350 - mae: 0.4345 - mse: 0.4074 - ssim_metric: 0.4229
    505/Unknown - 366s 412ms/step - loss: 0.4353 - mae: 0.4347 - mse: 0.4077 - ssim_metric: 0.4228
    506/Unknown - 366s 412ms/step - loss: 0.4353 - mae: 0.4348 - mse: 0.4078 - ssim_metric: 0.4227
    507/Unknown - 367s 412ms/step - loss: 0.4350 - mae: 0.4346 - mse: 0.4076 - ssim_metric: 0.4230
    508/Unknown - 367s 412ms/step - loss: 0.4349 - mae: 0.4347 - mse: 0.4077 - ssim_metric: 0.4230
    509/Unknown - 368s 412ms/step - loss: 0.4351 - mae: 0.4349 - mse: 0.4080 - ssim_metric: 0.4228
    510/Unknown - 368s 412ms/step - loss: 0.4352 - mae: 0.4353 - mse: 0.4083 - ssim_metric: 0.4225
    511/Unknown - 369s 412ms/step - loss: 0.4354 - mae: 0.4357 - mse: 0.4088 - ssim_metric: 0.4221
    512/Unknown - 369s 412ms/step - loss: 0.4353 - mae: 0.4356 - mse: 0.4087 - ssim_metric: 0.4221
    513/Unknown - 369s 412ms/step - loss: 0.4354 - mae: 0.4358 - mse: 0.4090 - ssim_metric: 0.4218
    514/Unknown - 370s 412ms/step - loss: 0.4354 - mae: 0.4359 - mse: 0.4090 - ssim_metric: 0.4218
    515/Unknown - 370s 412ms/step - loss: 0.4352 - mae: 0.4358 - mse: 0.4090 - ssim_metric: 0.4218
    516/Unknown - 371s 412ms/step - loss: 0.4351 - mae: 0.4360 - mse: 0.4092 - ssim_metric: 0.4217
    517/Unknown - 371s 412ms/step - loss: 0.4351 - mae: 0.4361 - mse: 0.4093 - ssim_metric: 0.4215
    518/Unknown - 371s 412ms/step - loss: 0.4350 - mae: 0.4361 - mse: 0.4094 - ssim_metric: 0.4215
    519/Unknown - 372s 412ms/step - loss: 0.4350 - mae: 0.4362 - mse: 0.4095 - ssim_metric: 0.4214
    520/Unknown - 372s 412ms/step - loss: 0.4349 - mae: 0.4361 - mse: 0.4094 - ssim_metric: 0.4216
    521/Unknown - 373s 412ms/step - loss: 0.4348 - mae: 0.4361 - mse: 0.4094 - ssim_metric: 0.4217
    522/Unknown - 373s 412ms/step - loss: 0.4348 - mae: 0.4360 - mse: 0.4094 - ssim_metric: 0.4216
    523/Unknown - 373s 412ms/step - loss: 0.4347 - mae: 0.4361 - mse: 0.4095 - ssim_metric: 0.4216
    524/Unknown - 374s 412ms/step - loss: 0.4345 - mae: 0.4360 - mse: 0.4094 - ssim_metric: 0.4218
    525/Unknown - 374s 412ms/step - loss: 0.4346 - mae: 0.4359 - mse: 0.4094 - ssim_metric: 0.4218
    526/Unknown - 375s 412ms/step - loss: 0.4345 - mae: 0.4357 - mse: 0.4091 - ssim_metric: 0.4221
    527/Unknown - 375s 412ms/step - loss: 0.4344 - mae: 0.4357 - mse: 0.4092 - ssim_metric: 0.4221
    528/Unknown - 376s 412ms/step - loss: 0.4344 - mae: 0.4356 - mse: 0.4091 - ssim_metric: 0.4222
    529/Unknown - 376s 412ms/step - loss: 0.4344 - mae: 0.4356 - mse: 0.4092 - ssim_metric: 0.4222
    530/Unknown - 376s 412ms/step - loss: 0.4343 - mae: 0.4356 - mse: 0.4092 - ssim_metric: 0.4223
    531/Unknown - 377s 412ms/step - loss: 0.4343 - mae: 0.4356 - mse: 0.4093 - ssim_metric: 0.4223
    532/Unknown - 377s 412ms/step - loss: 0.4344 - mae: 0.4358 - mse: 0.4095 - ssim_metric: 0.4221
    533/Unknown - 378s 412ms/step - loss: 0.4344 - mae: 0.4356 - mse: 0.4093 - ssim_metric: 0.4222
    534/Unknown - 378s 412ms/step - loss: 0.4344 - mae: 0.4357 - mse: 0.4094 - ssim_metric: 0.4222
    535/Unknown - 378s 412ms/step - loss: 0.4344 - mae: 0.4359 - mse: 0.4097 - ssim_metric: 0.4220
    536/Unknown - 379s 412ms/step - loss: 0.4344 - mae: 0.4359 - mse: 0.4097 - ssim_metric: 0.4221
    537/Unknown - 379s 412ms/step - loss: 0.4343 - mae: 0.4358 - mse: 0.4097 - ssim_metric: 0.4222
    538/Unknown - 380s 412ms/step - loss: 0.4343 - mae: 0.4360 - mse: 0.4099 - ssim_metric: 0.4220
    539/Unknown - 380s 412ms/step - loss: 0.4345 - mae: 0.4363 - mse: 0.4102 - ssim_metric: 0.4218
    540/Unknown - 380s 412ms/step - loss: 0.4344 - mae: 0.4365 - mse: 0.4105 - ssim_metric: 0.4216
    541/Unknown - 381s 412ms/step - loss: 0.4342 - mae: 0.4364 - mse: 0.4103 - ssim_metric: 0.4218
    542/Unknown - 381s 412ms/step - loss: 0.4342 - mae: 0.4364 - mse: 0.4104 - ssim_metric: 0.4218
    543/Unknown - 382s 412ms/step - loss: 0.4341 - mae: 0.4362 - mse: 0.4102 - ssim_metric: 0.4220
    544/Unknown - 382s 412ms/step - loss: 0.4339 - mae: 0.4363 - mse: 0.4103 - ssim_metric: 0.4219
    545/Unknown - 383s 412ms/step - loss: 0.4337 - mae: 0.4362 - mse: 0.4103 - ssim_metric: 0.4220
    546/Unknown - 383s 412ms/step - loss: 0.4339 - mae: 0.4365 - mse: 0.4106 - ssim_metric: 0.4218
    547/Unknown - 383s 412ms/step - loss: 0.4341 - mae: 0.4368 - mse: 0.4110 - ssim_metric: 0.4215
    548/Unknown - 384s 412ms/step - loss: 0.4340 - mae: 0.4366 - mse: 0.4108 - ssim_metric: 0.4217
    549/Unknown - 384s 412ms/step - loss: 0.4342 - mae: 0.4366 - mse: 0.4108 - ssim_metric: 0.4219
    550/Unknown - 385s 412ms/step - loss: 0.4342 - mae: 0.4366 - mse: 0.4108 - ssim_metric: 0.4218
    551/Unknown - 385s 412ms/step - loss: 0.4342 - mae: 0.4366 - mse: 0.4108 - ssim_metric: 0.4218
    552/Unknown - 385s 412ms/step - loss: 0.4342 - mae: 0.4367 - mse: 0.4110 - ssim_metric: 0.4217
    553/Unknown - 386s 412ms/step - loss: 0.4342 - mae: 0.4367 - mse: 0.4110 - ssim_metric: 0.4217
    554/Unknown - 386s 412ms/step - loss: 0.4340 - mae: 0.4368 - mse: 0.4111 - ssim_metric: 0.4216
    555/Unknown - 387s 412ms/step - loss: 0.4338 - mae: 0.4366 - mse: 0.4109 - ssim_metric: 0.4219
    556/Unknown - 387s 412ms/step - loss: 0.4337 - mae: 0.4366 - mse: 0.4110 - ssim_metric: 0.4218
    557/Unknown - 388s 412ms/step - loss: 0.4333 - mae: 0.4363 - mse: 0.4107 - ssim_metric: 0.4222
    558/Unknown - 388s 412ms/step - loss: 0.4332 - mae: 0.4361 - mse: 0.4105 - ssim_metric: 0.4225
    559/Unknown - 388s 412ms/step - loss: 0.4333 - mae: 0.4360 - mse: 0.4105 - ssim_metric: 0.4225
    560/Unknown - 389s 412ms/step - loss: 0.4332 - mae: 0.4359 - mse: 0.4104 - ssim_metric: 0.4226
    561/Unknown - 389s 412ms/step - loss: 0.4332 - mae: 0.4361 - mse: 0.4106 - ssim_metric: 0.4225
    562/Unknown - 390s 412ms/step - loss: 0.4330 - mae: 0.4361 - mse: 0.4106 - ssim_metric: 0.4225
    563/Unknown - 390s 412ms/step - loss: 0.4331 - mae: 0.4361 - mse: 0.4107 - ssim_metric: 0.4225
    564/Unknown - 390s 412ms/step - loss: 0.4330 - mae: 0.4362 - mse: 0.4107 - ssim_metric: 0.4226
    565/Unknown - 391s 412ms/step - loss: 0.4331 - mae: 0.4361 - mse: 0.4108 - ssim_metric: 0.4226
    566/Unknown - 391s 412ms/step - loss: 0.4335 - mae: 0.4365 - mse: 0.4111 - ssim_metric: 0.4224
    567/Unknown - 392s 412ms/step - loss: 0.4335 - mae: 0.4368 - mse: 0.4115 - ssim_metric: 0.4221
    568/Unknown - 392s 412ms/step - loss: 0.4334 - mae: 0.4369 - mse: 0.4116 - ssim_metric: 0.4221
    569/Unknown - 392s 412ms/step - loss: 0.4333 - mae: 0.4368 - mse: 0.4115 - ssim_metric: 0.4222
    570/Unknown - 393s 412ms/step - loss: 0.4332 - mae: 0.4370 - mse: 0.4118 - ssim_metric: 0.4220
    571/Unknown - 393s 412ms/step - loss: 0.4333 - mae: 0.4372 - mse: 0.4120 - ssim_metric: 0.4218
    572/Unknown - 394s 412ms/step - loss: 0.4333 - mae: 0.4371 - mse: 0.4119 - ssim_metric: 0.4219
    573/Unknown - 394s 412ms/step - loss: 0.4332 - mae: 0.4371 - mse: 0.4119 - ssim_metric: 0.4220
    574/Unknown - 395s 412ms/step - loss: 0.4334 - mae: 0.4372 - mse: 0.4121 - ssim_metric: 0.4219
    575/Unknown - 395s 412ms/step - loss: 0.4335 - mae: 0.4372 - mse: 0.4121 - ssim_metric: 0.4219
    576/Unknown - 395s 412ms/step - loss: 0.4334 - mae: 0.4372 - mse: 0.4122 - ssim_metric: 0.4219
    577/Unknown - 396s 412ms/step - loss: 0.4334 - mae: 0.4373 - mse: 0.4122 - ssim_metric: 0.4219
    578/Unknown - 396s 412ms/step - loss: 0.4335 - mae: 0.4374 - mse: 0.4123 - ssim_metric: 0.4218
    579/Unknown - 397s 412ms/step - loss: 0.4335 - mae: 0.4374 - mse: 0.4124 - ssim_metric: 0.4219
    580/Unknown - 397s 412ms/step - loss: 0.4337 - mae: 0.4375 - mse: 0.4126 - ssim_metric: 0.4218
    581/Unknown - 397s 412ms/step - loss: 0.4335 - mae: 0.4374 - mse: 0.4125 - ssim_metric: 0.4220
    582/Unknown - 398s 412ms/step - loss: 0.4332 - mae: 0.4372 - mse: 0.4123 - ssim_metric: 0.4222
    583/Unknown - 398s 412ms/step - loss: 0.4332 - mae: 0.4375 - mse: 0.4126 - ssim_metric: 0.4220
    584/Unknown - 399s 412ms/step - loss: 0.4332 - mae: 0.4375 - mse: 0.4126 - ssim_metric: 0.4220
    585/Unknown - 399s 412ms/step - loss: 0.4332 - mae: 0.4375 - mse: 0.4127 - ssim_metric: 0.4219
    586/Unknown - 399s 412ms/step - loss: 0.4330 - mae: 0.4374 - mse: 0.4126 - ssim_metric: 0.4222
    587/Unknown - 400s 412ms/step - loss: 0.4331 - mae: 0.4374 - mse: 0.4126 - ssim_metric: 0.4222
    588/Unknown - 400s 412ms/step - loss: 0.4330 - mae: 0.4376 - mse: 0.4128 - ssim_metric: 0.4221
    589/Unknown - 401s 412ms/step - loss: 0.4329 - mae: 0.4375 - mse: 0.4128 - ssim_metric: 0.4221
    590/Unknown - 401s 412ms/step - loss: 0.4329 - mae: 0.4375 - mse: 0.4128 - ssim_metric: 0.4221
    591/Unknown - 402s 412ms/step - loss: 0.4327 - mae: 0.4374 - mse: 0.4127 - ssim_metric: 0.4221
    592/Unknown - 402s 412ms/step - loss: 0.4327 - mae: 0.4373 - mse: 0.4126 - ssim_metric: 0.4223
    593/Unknown - 402s 412ms/step - loss: 0.4326 - mae: 0.4373 - mse: 0.4127 - ssim_metric: 0.4223
    594/Unknown - 403s 412ms/step - loss: 0.4324 - mae: 0.4372 - mse: 0.4125 - ssim_metric: 0.4225
    595/Unknown - 403s 412ms/step - loss: 0.4326 - mae: 0.4374 - mse: 0.4128 - ssim_metric: 0.4223
    596/Unknown - 404s 412ms/step - loss: 0.4325 - mae: 0.4373 - mse: 0.4127 - ssim_metric: 0.4224
    597/Unknown - 404s 412ms/step - loss: 0.4325 - mae: 0.4373 - mse: 0.4127 - ssim_metric: 0.4224
    598/Unknown - 404s 412ms/step - loss: 0.4323 - mae: 0.4370 - mse: 0.4125 - ssim_metric: 0.4228
    599/Unknown - 405s 412ms/step - loss: 0.4323 - mae: 0.4369 - mse: 0.4124 - ssim_metric: 0.4229
    600/Unknown - 405s 412ms/step - loss: 0.4324 - mae: 0.4368 - mse: 0.4123 - ssim_metric: 0.4230
    601/Unknown - 406s 412ms/step - loss: 0.4325 - mae: 0.4370 - mse: 0.4125 - ssim_metric: 0.4229
    602/Unknown - 406s 412ms/step - loss: 0.4324 - mae: 0.4369 - mse: 0.4124 - ssim_metric: 0.4230
    603/Unknown - 406s 412ms/step - loss: 0.4324 - mae: 0.4370 - mse: 0.4126 - ssim_metric: 0.4229
    604/Unknown - 407s 412ms/step - loss: 0.4325 - mae: 0.4372 - mse: 0.4127 - ssim_metric: 0.4227
    605/Unknown - 407s 412ms/step - loss: 0.4323 - mae: 0.4373 - mse: 0.4129 - ssim_metric: 0.4226
    606/Unknown - 408s 412ms/step - loss: 0.4323 - mae: 0.4375 - mse: 0.4132 - ssim_metric: 0.4223
    607/Unknown - 408s 412ms/step - loss: 0.4323 - mae: 0.4375 - mse: 0.4131 - ssim_metric: 0.4224
    608/Unknown - 409s 412ms/step - loss: 0.4324 - mae: 0.4378 - mse: 0.4134 - ssim_metric: 0.4221
    609/Unknown - 409s 412ms/step - loss: 0.4323 - mae: 0.4379 - mse: 0.4136 - ssim_metric: 0.4220
    610/Unknown - 409s 412ms/step - loss: 0.4323 - mae: 0.4378 - mse: 0.4135 - ssim_metric: 0.4220
    611/Unknown - 410s 412ms/step - loss: 0.4323 - mae: 0.4379 - mse: 0.4136 - ssim_metric: 0.4219
    612/Unknown - 410s 412ms/step - loss: 0.4321 - mae: 0.4379 - mse: 0.4136 - ssim_metric: 0.4219
    613/Unknown - 411s 412ms/step - loss: 0.4320 - mae: 0.4378 - mse: 0.4136 - ssim_metric: 0.4220
    614/Unknown - 411s 412ms/step - loss: 0.4319 - mae: 0.4378 - mse: 0.4135 - ssim_metric: 0.4220
    615/Unknown - 411s 412ms/step - loss: 0.4319 - mae: 0.4377 - mse: 0.4135 - ssim_metric: 0.4221
    616/Unknown - 412s 412ms/step - loss: 0.4319 - mae: 0.4377 - mse: 0.4135 - ssim_metric: 0.4222
    617/Unknown - 412s 412ms/step - loss: 0.4319 - mae: 0.4378 - mse: 0.4136 - ssim_metric: 0.4221
    618/Unknown - 413s 412ms/step - loss: 0.4319 - mae: 0.4377 - mse: 0.4136 - ssim_metric: 0.4222
    619/Unknown - 413s 412ms/step - loss: 0.4318 - mae: 0.4379 - mse: 0.4137 - ssim_metric: 0.4220
    620/Unknown - 413s 412ms/step - loss: 0.4316 - mae: 0.4378 - mse: 0.4137 - ssim_metric: 0.4221
    621/Unknown - 414s 412ms/step - loss: 0.4315 - mae: 0.4376 - mse: 0.4135 - ssim_metric: 0.4223
    622/Unknown - 414s 412ms/step - loss: 0.4314 - mae: 0.4375 - mse: 0.4134 - ssim_metric: 0.4224
    623/Unknown - 415s 412ms/step - loss: 0.4315 - mae: 0.4378 - mse: 0.4137 - ssim_metric: 0.4222
    624/Unknown - 415s 412ms/step - loss: 0.4314 - mae: 0.4378 - mse: 0.4137 - ssim_metric: 0.4221
    625/Unknown - 416s 412ms/step - loss: 0.4313 - mae: 0.4378 - mse: 0.4138 - ssim_metric: 0.4221
    626/Unknown - 416s 412ms/step - loss: 0.4314 - mae: 0.4377 - mse: 0.4137 - ssim_metric: 0.4222
    627/Unknown - 416s 412ms/step - loss: 0.4315 - mae: 0.4378 - mse: 0.4138 - ssim_metric: 0.4222
    628/Unknown - 417s 412ms/step - loss: 0.4315 - mae: 0.4375 - mse: 0.4136 - ssim_metric: 0.4224
    629/Unknown - 417s 412ms/step - loss: 0.4313 - mae: 0.4374 - mse: 0.4135 - ssim_metric: 0.4226
    630/Unknown - 418s 412ms/step - loss: 0.4313 - mae: 0.4375 - mse: 0.4136 - ssim_metric: 0.4225
    631/Unknown - 418s 412ms/step - loss: 0.4314 - mae: 0.4377 - mse: 0.4139 - ssim_metric: 0.4223
    632/Unknown - 418s 412ms/step - loss: 0.4313 - mae: 0.4378 - mse: 0.4140 - ssim_metric: 0.4222
    633/Unknown - 419s 412ms/step - loss: 0.4312 - mae: 0.4377 - mse: 0.4138 - ssim_metric: 0.4224
    634/Unknown - 419s 412ms/step - loss: 0.4311 - mae: 0.4375 - mse: 0.4137 - ssim_metric: 0.4226
    635/Unknown - 420s 412ms/step - loss: 0.4310 - mae: 0.4373 - mse: 0.4135 - ssim_metric: 0.4228
    636/Unknown - 420s 412ms/step - loss: 0.4310 - mae: 0.4374 - mse: 0.4136 - ssim_metric: 0.4228
    637/Unknown - 420s 412ms/step - loss: 0.4310 - mae: 0.4373 - mse: 0.4135 - ssim_metric: 0.4229
    638/Unknown - 421s 412ms/step - loss: 0.4312 - mae: 0.4375 - mse: 0.4137 - ssim_metric: 0.4227
    639/Unknown - 421s 412ms/step - loss: 0.4312 - mae: 0.4377 - mse: 0.4140 - ssim_metric: 0.4225
    640/Unknown - 422s 412ms/step - loss: 0.4314 - mae: 0.4380 - mse: 0.4143 - ssim_metric: 0.4223
    641/Unknown - 422s 412ms/step - loss: 0.4313 - mae: 0.4380 - mse: 0.4143 - ssim_metric: 0.4223
    642/Unknown - 423s 412ms/step - loss: 0.4313 - mae: 0.4379 - mse: 0.4142 - ssim_metric: 0.4224
    643/Unknown - 423s 412ms/step - loss: 0.4312 - mae: 0.4378 - mse: 0.4142 - ssim_metric: 0.4225
    644/Unknown - 423s 412ms/step - loss: 0.4312 - mae: 0.4377 - mse: 0.4141 - ssim_metric: 0.4226
    645/Unknown - 424s 412ms/step - loss: 0.4311 - mae: 0.4377 - mse: 0.4141 - ssim_metric: 0.4226
    646/Unknown - 424s 412ms/step - loss: 0.4312 - mae: 0.4376 - mse: 0.4140 - ssim_metric: 0.4227
    647/Unknown - 425s 412ms/step - loss: 0.4312 - mae: 0.4375 - mse: 0.4140 - ssim_metric: 0.4227
    648/Unknown - 425s 412ms/step - loss: 0.4314 - mae: 0.4378 - mse: 0.4143 - ssim_metric: 0.4225
    649/Unknown - 425s 412ms/step - loss: 0.4313 - mae: 0.4378 - mse: 0.4143 - ssim_metric: 0.4225
    650/Unknown - 426s 412ms/step - loss: 0.4312 - mae: 0.4379 - mse: 0.4144 - ssim_metric: 0.4225
    651/Unknown - 426s 412ms/step - loss: 0.4314 - mae: 0.4379 - mse: 0.4145 - ssim_metric: 0.4225
    652/Unknown - 428s 415ms/step - loss: 0.4313 - mae: 0.4379 - mse: 0.4144 - ssim_metric: 0.4225
Epoch 1: saving model to C:\d_surucusu\visual_navigation\benchmark\models_pipeline\_lr_batch_probe\lr1e-4_b8\_JOB_lr1e-4_b8_05_09_2026__17_43_model_f48_k4_epoch_00001_helu_osigmoid_(1, 1)_.h5

Epoch 1: val_loss improved from inf to 0.42502, saving model to C:\d_surucusu\visual_navigation\benchmark\models_pipeline\_lr_batch_probe\lr1e-4_b8\_JOB_lr1e-4_b8_05_09_2026__17_43_best_val_loss_model_f48_k4.h5

Epoch 1: val_mae improved from inf to 0.45792, saving model to C:\d_surucusu\visual_navigation\benchmark\models_pipeline\_lr_batch_probe\lr1e-4_b8\_JOB_lr1e-4_b8_05_09_2026__17_43_best_mae_model_f48_k4.h5

Epoch 1: val_ssim_metric improved from -inf to 0.41865, saving model to C:\d_surucusu\visual_navigation\benchmark\models_pipeline\_lr_batch_probe\lr1e-4_b8\_JOB_lr1e-4_b8_05_09_2026__17_43_best_ssim_model_f48_k4.h5

652/652 [==============================] - 446s 441ms/step - loss: 0.4313 - mae: 0.4379 - mse: 0.4144 - ssim_metric: 0.4225 - val_loss: 0.4250 - val_mae: 0.4579 - val_mse: 0.4475 - val_ssim_metric: 0.4186
Epoch 2/6

  1/652 [..............................] - ETA: 4:47 - loss: 0.4931 - mae: 0.4982 - mse: 0.4888 - ssim_metric: 0.3741
  2/652 [..............................] - ETA: 4:27 - loss: 0.4558 - mae: 0.4655 - mse: 0.4554 - ssim_metric: 0.3999
  3/652 [..............................] - ETA: 4:26 - loss: 0.4196 - mae: 0.4312 - mse: 0.4211 - ssim_metric: 0.4458
  4/652 [..............................] - ETA: 4:26 - loss: 0.4155 - mae: 0.4168 - mse: 0.4060 - ssim_metric: 0.4534
  5/652 [..............................] - ETA: 4:25 - loss: 0.4253 - mae: 0.4161 - mse: 0.4044 - ssim_metric: 0.4434
  6/652 [..............................] - ETA: 4:25 - loss: 0.4136 - mae: 0.4221 - mse: 0.4106 - ssim_metric: 0.4430
  7/652 [..............................] - ETA: 4:25 - loss: 0.4105 - mae: 0.4254 - mse: 0.4140 - ssim_metric: 0.4411
  8/652 [..............................] - ETA: 4:25 - loss: 0.4029 - mae: 0.4278 - mse: 0.4163 - ssim_metric: 0.4409
  9/652 [..............................] - ETA: 4:24 - loss: 0.4053 - mae: 0.4314 - mse: 0.4200 - ssim_metric: 0.4393
 10/652 [..............................] - ETA: 4:24 - loss: 0.3948 - mae: 0.4201 - mse: 0.4085 - ssim_metric: 0.4549
 11/652 [..............................] - ETA: 4:24 - loss: 0.3977 - mae: 0.4261 - mse: 0.4142 - ssim_metric: 0.4479
 12/652 [..............................] - ETA: 4:23 - loss: 0.4003 - mae: 0.4388 - mse: 0.4269 - ssim_metric: 0.4354
 13/652 [..............................] - ETA: 4:23 - loss: 0.3999 - mae: 0.4327 - mse: 0.4206 - ssim_metric: 0.4420
 14/652 [..............................] - ETA: 4:22 - loss: 0.4040 - mae: 0.4424 - mse: 0.4302 - ssim_metric: 0.4308
 15/652 [..............................] - ETA: 4:22 - loss: 0.4040 - mae: 0.4393 - mse: 0.4268 - ssim_metric: 0.4324
 16/652 [..............................] - ETA: 4:21 - loss: 0.4044 - mae: 0.4422 - mse: 0.4295 - ssim_metric: 0.4295
 17/652 [..............................] - ETA: 4:21 - loss: 0.4077 - mae: 0.4455 - mse: 0.4324 - ssim_metric: 0.4244
 18/652 [..............................] - ETA: 4:21 - loss: 0.4117 - mae: 0.4461 - mse: 0.4331 - ssim_metric: 0.4241
 19/652 [..............................] - ETA: 4:20 - loss: 0.4127 - mae: 0.4516 - mse: 0.4387 - ssim_metric: 0.4194
 20/652 [..............................] - ETA: 4:20 - loss: 0.4152 - mae: 0.4520 - mse: 0.4392 - ssim_metric: 0.4192
 21/652 [..............................] - ETA: 4:19 - loss: 0.4103 - mae: 0.4480 - mse: 0.4354 - ssim_metric: 0.4233
 22/652 [>.............................] - ETA: 4:19 - loss: 0.4051 - mae: 0.4485 - mse: 0.4361 - ssim_metric: 0.4230
 23/652 [>.............................] - ETA: 4:19 - loss: 0.4043 - mae: 0.4461 - mse: 0.4338 - ssim_metric: 0.4259
 24/652 [>.............................] - ETA: 4:18 - loss: 0.4043 - mae: 0.4496 - mse: 0.4374 - ssim_metric: 0.4212
 25/652 [>.............................] - ETA: 4:18 - loss: 0.4027 - mae: 0.4449 - mse: 0.4329 - ssim_metric: 0.4253
 26/652 [>.............................] - ETA: 4:17 - loss: 0.4038 - mae: 0.4482 - mse: 0.4363 - ssim_metric: 0.4214
 27/652 [>.............................] - ETA: 4:17 - loss: 0.4096 - mae: 0.4502 - mse: 0.4383 - ssim_metric: 0.4186
 28/652 [>.............................] - ETA: 4:16 - loss: 0.4121 - mae: 0.4575 - mse: 0.4458 - ssim_metric: 0.4118
 29/652 [>.............................] - ETA: 4:16 - loss: 0.4100 - mae: 0.4561 - mse: 0.4446 - ssim_metric: 0.4144
 30/652 [>.............................] - ETA: 4:16 - loss: 0.4092 - mae: 0.4501 - mse: 0.4387 - ssim_metric: 0.4203
 31/652 [>.............................] - ETA: 4:15 - loss: 0.4107 - mae: 0.4510 - mse: 0.4397 - ssim_metric: 0.4204
 32/652 [>.............................] - ETA: 4:15 - loss: 0.4108 - mae: 0.4507 - mse: 0.4396 - ssim_metric: 0.4207
 33/652 [>.............................] - ETA: 4:14 - loss: 0.4130 - mae: 0.4548 - mse: 0.4437 - ssim_metric: 0.4174
 34/652 [>.............................] - ETA: 4:14 - loss: 0.4136 - mae: 0.4534 - mse: 0.4424 - ssim_metric: 0.4177
 35/652 [>.............................] - ETA: 4:14 - loss: 0.4106 - mae: 0.4521 - mse: 0.4412 - ssim_metric: 0.4192
 36/652 [>.............................] - ETA: 4:13 - loss: 0.4110 - mae: 0.4540 - mse: 0.4432 - ssim_metric: 0.4176
 37/652 [>.............................] - ETA: 4:13 - loss: 0.4094 - mae: 0.4501 - mse: 0.4395 - ssim_metric: 0.4213
 38/652 [>.............................] - ETA: 4:12 - loss: 0.4101 - mae: 0.4539 - mse: 0.4433 - ssim_metric: 0.4172
 39/652 [>.............................] - ETA: 4:12 - loss: 0.4130 - mae: 0.4587 - mse: 0.4482 - ssim_metric: 0.4130
 40/652 [>.............................] - ETA: 4:12 - loss: 0.4158 - mae: 0.4610 - mse: 0.4506 - ssim_metric: 0.4111
 41/652 [>.............................] - ETA: 4:11 - loss: 0.4184 - mae: 0.4610 - mse: 0.4505 - ssim_metric: 0.4109
 42/652 [>.............................] - ETA: 4:11 - loss: 0.4178 - mae: 0.4584 - mse: 0.4480 - ssim_metric: 0.4139
 43/652 [>.............................] - ETA: 4:10 - loss: 0.4196 - mae: 0.4596 - mse: 0.4492 - ssim_metric: 0.4122
 44/652 [=>............................] - ETA: 4:10 - loss: 0.4177 - mae: 0.4563 - mse: 0.4459 - ssim_metric: 0.4152
 45/652 [=>............................] - ETA: 4:10 - loss: 0.4164 - mae: 0.4571 - mse: 0.4467 - ssim_metric: 0.4150
 46/652 [=>............................] - ETA: 4:09 - loss: 0.4192 - mae: 0.4559 - mse: 0.4455 - ssim_metric: 0.4175
 47/652 [=>............................] - ETA: 4:09 - loss: 0.4188 - mae: 0.4544 - mse: 0.4441 - ssim_metric: 0.4193
 48/652 [=>............................] - ETA: 4:08 - loss: 0.4185 - mae: 0.4540 - mse: 0.4438 - ssim_metric: 0.4194
 49/652 [=>............................] - ETA: 4:08 - loss: 0.4164 - mae: 0.4526 - mse: 0.4424 - ssim_metric: 0.4206
 50/652 [=>............................] - ETA: 4:07 - loss: 0.4183 - mae: 0.4533 - mse: 0.4431 - ssim_metric: 0.4189
 51/652 [=>............................] - ETA: 4:07 - loss: 0.4161 - mae: 0.4502 - mse: 0.4400 - ssim_metric: 0.4218
 52/652 [=>............................] - ETA: 4:07 - loss: 0.4154 - mae: 0.4483 - mse: 0.4380 - ssim_metric: 0.4235
 53/652 [=>............................] - ETA: 4:06 - loss: 0.4150 - mae: 0.4492 - mse: 0.4390 - ssim_metric: 0.4225
 54/652 [=>............................] - ETA: 4:06 - loss: 0.4123 - mae: 0.4464 - mse: 0.4363 - ssim_metric: 0.4262
 55/652 [=>............................] - ETA: 4:05 - loss: 0.4124 - mae: 0.4473 - mse: 0.4372 - ssim_metric: 0.4253
 56/652 [=>............................] - ETA: 4:05 - loss: 0.4148 - mae: 0.4477 - mse: 0.4376 - ssim_metric: 0.4249
 57/652 [=>............................] - ETA: 4:05 - loss: 0.4137 - mae: 0.4461 - mse: 0.4360 - ssim_metric: 0.4264
 58/652 [=>............................] - ETA: 4:04 - loss: 0.4130 - mae: 0.4452 - mse: 0.4350 - ssim_metric: 0.4270
 59/652 [=>............................] - ETA: 4:04 - loss: 0.4125 - mae: 0.4453 - mse: 0.4352 - ssim_metric: 0.4270
 60/652 [=>............................] - ETA: 4:03 - loss: 0.4116 - mae: 0.4449 - mse: 0.4349 - ssim_metric: 0.4280
 61/652 [=>............................] - ETA: 4:03 - loss: 0.4124 - mae: 0.4442 - mse: 0.4341 - ssim_metric: 0.4284
 62/652 [=>............................] - ETA: 4:02 - loss: 0.4141 - mae: 0.4464 - mse: 0.4363 - ssim_metric: 0.4259
 63/652 [=>............................] - ETA: 4:02 - loss: 0.4134 - mae: 0.4452 - mse: 0.4350 - ssim_metric: 0.4265
 64/652 [=>............................] - ETA: 4:02 - loss: 0.4116 - mae: 0.4433 - mse: 0.4330 - ssim_metric: 0.4279
 65/652 [=>............................] - ETA: 4:01 - loss: 0.4131 - mae: 0.4446 - mse: 0.4344 - ssim_metric: 0.4272
 66/652 [==>...........................] - ETA: 4:01 - loss: 0.4140 - mae: 0.4452 - mse: 0.4350 - ssim_metric: 0.4269
 67/652 [==>...........................] - ETA: 4:00 - loss: 0.4140 - mae: 0.4462 - mse: 0.4360 - ssim_metric: 0.4258
 68/652 [==>...........................] - ETA: 4:00 - loss: 0.4143 - mae: 0.4473 - mse: 0.4370 - ssim_metric: 0.4246
 69/652 [==>...........................] - ETA: 4:00 - loss: 0.4146 - mae: 0.4480 - mse: 0.4377 - ssim_metric: 0.4240
 70/652 [==>...........................] - ETA: 3:59 - loss: 0.4141 - mae: 0.4452 - mse: 0.4349 - ssim_metric: 0.4266
 71/652 [==>...........................] - ETA: 3:59 - loss: 0.4149 - mae: 0.4458 - mse: 0.4354 - ssim_metric: 0.4260
 72/652 [==>...........................] - ETA: 3:58 - loss: 0.4154 - mae: 0.4461 - mse: 0.4357 - ssim_metric: 0.4254
 73/652 [==>...........................] - ETA: 3:58 - loss: 0.4147 - mae: 0.4444 - mse: 0.4339 - ssim_metric: 0.4272
 74/652 [==>...........................] - ETA: 3:58 - loss: 0.4151 - mae: 0.4443 - mse: 0.4337 - ssim_metric: 0.4270
 75/652 [==>...........................] - ETA: 3:57 - loss: 0.4166 - mae: 0.4460 - mse: 0.4355 - ssim_metric: 0.4254
 76/652 [==>...........................] - ETA: 3:57 - loss: 0.4169 - mae: 0.4465 - mse: 0.4360 - ssim_metric: 0.4250
 77/652 [==>...........................] - ETA: 3:56 - loss: 0.4165 - mae: 0.4455 - mse: 0.4350 - ssim_metric: 0.4259
 78/652 [==>...........................] - ETA: 3:56 - loss: 0.4164 - mae: 0.4470 - mse: 0.4365 - ssim_metric: 0.4246
 79/652 [==>...........................] - ETA: 3:55 - loss: 0.4172 - mae: 0.4496 - mse: 0.4392 - ssim_metric: 0.4226
 80/652 [==>...........................] - ETA: 3:55 - loss: 0.4166 - mae: 0.4494 - mse: 0.4389 - ssim_metric: 0.4230
 81/652 [==>...........................] - ETA: 3:55 - loss: 0.4157 - mae: 0.4481 - mse: 0.4377 - ssim_metric: 0.4243
 82/652 [==>...........................] - ETA: 3:54 - loss: 0.4144 - mae: 0.4466 - mse: 0.4361 - ssim_metric: 0.4259
 83/652 [==>...........................] - ETA: 3:54 - loss: 0.4154 - mae: 0.4467 - mse: 0.4362 - ssim_metric: 0.4259
 84/652 [==>...........................] - ETA: 3:53 - loss: 0.4148 - mae: 0.4456 - mse: 0.4351 - ssim_metric: 0.4270
 85/652 [==>...........................] - ETA: 3:53 - loss: 0.4151 - mae: 0.4463 - mse: 0.4359 - ssim_metric: 0.4263
 86/652 [==>...........................] - ETA: 3:53 - loss: 0.4147 - mae: 0.4453 - mse: 0.4349 - ssim_metric: 0.4271
 87/652 [===>..........................] - ETA: 3:52 - loss: 0.4152 - mae: 0.4466 - mse: 0.4362 - ssim_metric: 0.4257
 88/652 [===>..........................] - ETA: 3:52 - loss: 0.4143 - mae: 0.4461 - mse: 0.4356 - ssim_metric: 0.4260
 89/652 [===>..........................] - ETA: 3:51 - loss: 0.4140 - mae: 0.4467 - mse: 0.4363 - ssim_metric: 0.4253
 90/652 [===>..........................] - ETA: 3:51 - loss: 0.4138 - mae: 0.4473 - mse: 0.4369 - ssim_metric: 0.4243
 91/652 [===>..........................] - ETA: 3:51 - loss: 0.4128 - mae: 0.4454 - mse: 0.4351 - ssim_metric: 0.4264
 92/652 [===>..........................] - ETA: 3:50 - loss: 0.4122 - mae: 0.4453 - mse: 0.4350 - ssim_metric: 0.4264
 93/652 [===>..........................] - ETA: 3:50 - loss: 0.4122 - mae: 0.4456 - mse: 0.4353 - ssim_metric: 0.4259
 94/652 [===>..........................] - ETA: 3:49 - loss: 0.4124 - mae: 0.4453 - mse: 0.4351 - ssim_metric: 0.4264
 95/652 [===>..........................] - ETA: 3:49 - loss: 0.4126 - mae: 0.4443 - mse: 0.4341 - ssim_metric: 0.4276
 96/652 [===>..........................] - ETA: 3:49 - loss: 0.4135 - mae: 0.4451 - mse: 0.4349 - ssim_metric: 0.4270
 97/652 [===>..........................] - ETA: 3:48 - loss: 0.4149 - mae: 0.4449 - mse: 0.4348 - ssim_metric: 0.4272
 98/652 [===>..........................] - ETA: 3:48 - loss: 0.4146 - mae: 0.4452 - mse: 0.4351 - ssim_metric: 0.4266
 99/652 [===>..........................] - ETA: 3:47 - loss: 0.4137 - mae: 0.4439 - mse: 0.4338 - ssim_metric: 0.4284
100/652 [===>..........................] - ETA: 3:47 - loss: 0.4137 - mae: 0.4450 - mse: 0.4349 - ssim_metric: 0.4274
101/652 [===>..........................] - ETA: 3:46 - loss: 0.4143 - mae: 0.4458 - mse: 0.4358 - ssim_metric: 0.4266
102/652 [===>..........................] - ETA: 3:46 - loss: 0.4141 - mae: 0.4463 - mse: 0.4363 - ssim_metric: 0.4259
103/652 [===>..........................] - ETA: 3:46 - loss: 0.4140 - mae: 0.4459 - mse: 0.4359 - ssim_metric: 0.4263
104/652 [===>..........................] - ETA: 3:45 - loss: 0.4137 - mae: 0.4448 - mse: 0.4349 - ssim_metric: 0.4275
105/652 [===>..........................] - ETA: 3:45 - loss: 0.4134 - mae: 0.4440 - mse: 0.4341 - ssim_metric: 0.4284
106/652 [===>..........................] - ETA: 3:44 - loss: 0.4139 - mae: 0.4441 - mse: 0.4342 - ssim_metric: 0.4280
107/652 [===>..........................] - ETA: 3:44 - loss: 0.4131 - mae: 0.4439 - mse: 0.4340 - ssim_metric: 0.4286
108/652 [===>..........................] - ETA: 3:44 - loss: 0.4131 - mae: 0.4449 - mse: 0.4351 - ssim_metric: 0.4276
109/652 [====>.........................] - ETA: 3:43 - loss: 0.4127 - mae: 0.4445 - mse: 0.4347 - ssim_metric: 0.4281
110/652 [====>.........................] - ETA: 3:43 - loss: 0.4132 - mae: 0.4448 - mse: 0.4350 - ssim_metric: 0.4278
111/652 [====>.........................] - ETA: 3:42 - loss: 0.4133 - mae: 0.4448 - mse: 0.4350 - ssim_metric: 0.4275
112/652 [====>.........................] - ETA: 3:42 - loss: 0.4133 - mae: 0.4456 - mse: 0.4359 - ssim_metric: 0.4270
113/652 [====>.........................] - ETA: 3:42 - loss: 0.4131 - mae: 0.4445 - mse: 0.4348 - ssim_metric: 0.4279
114/652 [====>.........................] - ETA: 3:41 - loss: 0.4131 - mae: 0.4452 - mse: 0.4354 - ssim_metric: 0.4275
115/652 [====>.........................] - ETA: 3:41 - loss: 0.4130 - mae: 0.4455 - mse: 0.4358 - ssim_metric: 0.4271
116/652 [====>.........................] - ETA: 3:40 - loss: 0.4123 - mae: 0.4444 - mse: 0.4347 - ssim_metric: 0.4283
117/652 [====>.........................] - ETA: 3:40 - loss: 0.4133 - mae: 0.4445 - mse: 0.4349 - ssim_metric: 0.4280
118/652 [====>.........................] - ETA: 3:39 - loss: 0.4138 - mae: 0.4453 - mse: 0.4357 - ssim_metric: 0.4272
119/652 [====>.........................] - ETA: 3:39 - loss: 0.4137 - mae: 0.4448 - mse: 0.4352 - ssim_metric: 0.4275
120/652 [====>.........................] - ETA: 3:39 - loss: 0.4132 - mae: 0.4439 - mse: 0.4343 - ssim_metric: 0.4285
121/652 [====>.........................] - ETA: 3:38 - loss: 0.4125 - mae: 0.4430 - mse: 0.4333 - ssim_metric: 0.4298
122/652 [====>.........................] - ETA: 3:38 - loss: 0.4119 - mae: 0.4416 - mse: 0.4320 - ssim_metric: 0.4313
123/652 [====>.........................] - ETA: 3:37 - loss: 0.4132 - mae: 0.4436 - mse: 0.4340 - ssim_metric: 0.4297
124/652 [====>.........................] - ETA: 3:37 - loss: 0.4126 - mae: 0.4427 - mse: 0.4331 - ssim_metric: 0.4307
125/652 [====>.........................] - ETA: 3:37 - loss: 0.4129 - mae: 0.4426 - mse: 0.4329 - ssim_metric: 0.4308
126/652 [====>.........................] - ETA: 3:36 - loss: 0.4128 - mae: 0.4429 - mse: 0.4333 - ssim_metric: 0.4303
127/652 [====>.........................] - ETA: 3:36 - loss: 0.4127 - mae: 0.4432 - mse: 0.4335 - ssim_metric: 0.4301
128/652 [====>.........................] - ETA: 3:35 - loss: 0.4121 - mae: 0.4424 - mse: 0.4328 - ssim_metric: 0.4313
129/652 [====>.........................] - ETA: 3:35 - loss: 0.4118 - mae: 0.4417 - mse: 0.4321 - ssim_metric: 0.4322
130/652 [====>.........................] - ETA: 3:35 - loss: 0.4117 - mae: 0.4415 - mse: 0.4318 - ssim_metric: 0.4326
131/652 [=====>........................] - ETA: 3:34 - loss: 0.4120 - mae: 0.4435 - mse: 0.4338 - ssim_metric: 0.4309
132/652 [=====>........................] - ETA: 3:34 - loss: 0.4117 - mae: 0.4432 - mse: 0.4336 - ssim_metric: 0.4310
133/652 [=====>........................] - ETA: 3:33 - loss: 0.4116 - mae: 0.4437 - mse: 0.4340 - ssim_metric: 0.4303
134/652 [=====>........................] - ETA: 3:33 - loss: 0.4117 - mae: 0.4445 - mse: 0.4348 - ssim_metric: 0.4298
135/652 [=====>........................] - ETA: 3:32 - loss: 0.4116 - mae: 0.4450 - mse: 0.4353 - ssim_metric: 0.4290
136/652 [=====>........................] - ETA: 3:32 - loss: 0.4123 - mae: 0.4458 - mse: 0.4361 - ssim_metric: 0.4283
137/652 [=====>........................] - ETA: 3:32 - loss: 0.4120 - mae: 0.4465 - mse: 0.4368 - ssim_metric: 0.4275
138/652 [=====>........................] - ETA: 3:31 - loss: 0.4127 - mae: 0.4479 - mse: 0.4382 - ssim_metric: 0.4263
139/652 [=====>........................] - ETA: 3:31 - loss: 0.4123 - mae: 0.4484 - mse: 0.4387 - ssim_metric: 0.4259
140/652 [=====>........................] - ETA: 3:30 - loss: 0.4123 - mae: 0.4482 - mse: 0.4385 - ssim_metric: 0.4259
141/652 [=====>........................] - ETA: 3:30 - loss: 0.4124 - mae: 0.4489 - mse: 0.4392 - ssim_metric: 0.4253
142/652 [=====>........................] - ETA: 3:30 - loss: 0.4122 - mae: 0.4486 - mse: 0.4389 - ssim_metric: 0.4255
143/652 [=====>........................] - ETA: 3:29 - loss: 0.4131 - mae: 0.4494 - mse: 0.4397 - ssim_metric: 0.4246
144/652 [=====>........................] - ETA: 3:29 - loss: 0.4128 - mae: 0.4497 - mse: 0.4399 - ssim_metric: 0.4242
145/652 [=====>........................] - ETA: 3:28 - loss: 0.4130 - mae: 0.4501 - mse: 0.4403 - ssim_metric: 0.4234
146/652 [=====>........................] - ETA: 3:28 - loss: 0.4135 - mae: 0.4500 - mse: 0.4402 - ssim_metric: 0.4234
147/652 [=====>........................] - ETA: 3:28 - loss: 0.4126 - mae: 0.4492 - mse: 0.4394 - ssim_metric: 0.4244
148/652 [=====>........................] - ETA: 3:27 - loss: 0.4130 - mae: 0.4509 - mse: 0.4411 - ssim_metric: 0.4228
149/652 [=====>........................] - ETA: 3:27 - loss: 0.4128 - mae: 0.4513 - mse: 0.4415 - ssim_metric: 0.4225
150/652 [=====>........................] - ETA: 3:26 - loss: 0.4133 - mae: 0.4513 - mse: 0.4415 - ssim_metric: 0.4224
151/652 [=====>........................] - ETA: 3:26 - loss: 0.4132 - mae: 0.4508 - mse: 0.4410 - ssim_metric: 0.4229
152/652 [=====>........................] - ETA: 3:25 - loss: 0.4139 - mae: 0.4518 - mse: 0.4421 - ssim_metric: 0.4221
153/652 [======>.......................] - ETA: 3:25 - loss: 0.4136 - mae: 0.4525 - mse: 0.4427 - ssim_metric: 0.4216
154/652 [======>.......................] - ETA: 3:25 - loss: 0.4139 - mae: 0.4535 - mse: 0.4437 - ssim_metric: 0.4208
155/652 [======>.......................] - ETA: 3:24 - loss: 0.4143 - mae: 0.4542 - mse: 0.4445 - ssim_metric: 0.4201
156/652 [======>.......................] - ETA: 3:24 - loss: 0.4144 - mae: 0.4540 - mse: 0.4443 - ssim_metric: 0.4206
157/652 [======>.......................] - ETA: 3:23 - loss: 0.4152 - mae: 0.4543 - mse: 0.4446 - ssim_metric: 0.4203
158/652 [======>.......................] - ETA: 3:23 - loss: 0.4150 - mae: 0.4551 - mse: 0.4454 - ssim_metric: 0.4199
159/652 [======>.......................] - ETA: 3:23 - loss: 0.4151 - mae: 0.4543 - mse: 0.4446 - ssim_metric: 0.4204
160/652 [======>.......................] - ETA: 3:22 - loss: 0.4145 - mae: 0.4535 - mse: 0.4439 - ssim_metric: 0.4211
161/652 [======>.......................] - ETA: 3:22 - loss: 0.4143 - mae: 0.4541 - mse: 0.4444 - ssim_metric: 0.4208
162/652 [======>.......................] - ETA: 3:21 - loss: 0.4140 - mae: 0.4535 - mse: 0.4438 - ssim_metric: 0.4213
163/652 [======>.......................] - ETA: 3:21 - loss: 0.4139 - mae: 0.4533 - mse: 0.4436 - ssim_metric: 0.4214
164/652 [======>.......................] - ETA: 3:21 - loss: 0.4138 - mae: 0.4521 - mse: 0.4424 - ssim_metric: 0.4225
165/652 [======>.......................] - ETA: 3:20 - loss: 0.4135 - mae: 0.4530 - mse: 0.4433 - ssim_metric: 0.4218
166/652 [======>.......................] - ETA: 3:20 - loss: 0.4135 - mae: 0.4532 - mse: 0.4435 - ssim_metric: 0.4217
167/652 [======>.......................] - ETA: 3:19 - loss: 0.4132 - mae: 0.4528 - mse: 0.4431 - ssim_metric: 0.4220
168/652 [======>.......................] - ETA: 3:19 - loss: 0.4131 - mae: 0.4528 - mse: 0.4431 - ssim_metric: 0.4220
169/652 [======>.......................] - ETA: 3:18 - loss: 0.4125 - mae: 0.4525 - mse: 0.4429 - ssim_metric: 0.4223
170/652 [======>.......................] - ETA: 3:18 - loss: 0.4124 - mae: 0.4524 - mse: 0.4427 - ssim_metric: 0.4228
171/652 [======>.......................] - ETA: 3:18 - loss: 0.4124 - mae: 0.4526 - mse: 0.4430 - ssim_metric: 0.4225
172/652 [======>.......................] - ETA: 3:17 - loss: 0.4120 - mae: 0.4523 - mse: 0.4427 - ssim_metric: 0.4229
173/652 [======>.......................] - ETA: 3:17 - loss: 0.4123 - mae: 0.4529 - mse: 0.4432 - ssim_metric: 0.4222
174/652 [=======>......................] - ETA: 3:16 - loss: 0.4122 - mae: 0.4527 - mse: 0.4430 - ssim_metric: 0.4225
175/652 [=======>......................] - ETA: 3:16 - loss: 0.4120 - mae: 0.4528 - mse: 0.4431 - ssim_metric: 0.4223
176/652 [=======>......................] - ETA: 3:16 - loss: 0.4118 - mae: 0.4529 - mse: 0.4432 - ssim_metric: 0.4221
177/652 [=======>......................] - ETA: 3:15 - loss: 0.4113 - mae: 0.4527 - mse: 0.4430 - ssim_metric: 0.4223
178/652 [=======>......................] - ETA: 3:15 - loss: 0.4111 - mae: 0.4523 - mse: 0.4427 - ssim_metric: 0.4226
179/652 [=======>......................] - ETA: 3:14 - loss: 0.4109 - mae: 0.4524 - mse: 0.4427 - ssim_metric: 0.4226
180/652 [=======>......................] - ETA: 3:14 - loss: 0.4112 - mae: 0.4526 - mse: 0.4429 - ssim_metric: 0.4222
181/652 [=======>......................] - ETA: 3:13 - loss: 0.4113 - mae: 0.4520 - mse: 0.4424 - ssim_metric: 0.4228
182/652 [=======>......................] - ETA: 3:13 - loss: 0.4114 - mae: 0.4529 - mse: 0.4432 - ssim_metric: 0.4220
183/652 [=======>......................] - ETA: 3:13 - loss: 0.4118 - mae: 0.4538 - mse: 0.4442 - ssim_metric: 0.4210
184/652 [=======>......................] - ETA: 3:12 - loss: 0.4119 - mae: 0.4541 - mse: 0.4445 - ssim_metric: 0.4209
185/652 [=======>......................] - ETA: 3:12 - loss: 0.4123 - mae: 0.4542 - mse: 0.4446 - ssim_metric: 0.4208
186/652 [=======>......................] - ETA: 3:11 - loss: 0.4119 - mae: 0.4547 - mse: 0.4451 - ssim_metric: 0.4205
187/652 [=======>......................] - ETA: 3:11 - loss: 0.4131 - mae: 0.4550 - mse: 0.4454 - ssim_metric: 0.4201
188/652 [=======>......................] - ETA: 3:11 - loss: 0.4130 - mae: 0.4547 - mse: 0.4451 - ssim_metric: 0.4203
189/652 [=======>......................] - ETA: 3:10 - loss: 0.4130 - mae: 0.4542 - mse: 0.4446 - ssim_metric: 0.4206
190/652 [=======>......................] - ETA: 3:10 - loss: 0.4133 - mae: 0.4545 - mse: 0.4450 - ssim_metric: 0.4203
191/652 [=======>......................] - ETA: 3:09 - loss: 0.4135 - mae: 0.4550 - mse: 0.4454 - ssim_metric: 0.4198
192/652 [=======>......................] - ETA: 3:09 - loss: 0.4133 - mae: 0.4547 - mse: 0.4451 - ssim_metric: 0.4202
193/652 [=======>......................] - ETA: 3:09 - loss: 0.4133 - mae: 0.4549 - mse: 0.4454 - ssim_metric: 0.4202
194/652 [=======>......................] - ETA: 3:08 - loss: 0.4128 - mae: 0.4545 - mse: 0.4449 - ssim_metric: 0.4207
195/652 [=======>......................] - ETA: 3:08 - loss: 0.4128 - mae: 0.4542 - mse: 0.4447 - ssim_metric: 0.4210
196/652 [========>.....................] - ETA: 3:07 - loss: 0.4132 - mae: 0.4545 - mse: 0.4449 - ssim_metric: 0.4209
197/652 [========>.....................] - ETA: 3:07 - loss: 0.4131 - mae: 0.4544 - mse: 0.4449 - ssim_metric: 0.4209
198/652 [========>.....................] - ETA: 3:06 - loss: 0.4129 - mae: 0.4541 - mse: 0.4446 - ssim_metric: 0.4212
199/652 [========>.....................] - ETA: 3:06 - loss: 0.4129 - mae: 0.4545 - mse: 0.4450 - ssim_metric: 0.4207
200/652 [========>.....................] - ETA: 3:06 - loss: 0.4125 - mae: 0.4539 - mse: 0.4444 - ssim_metric: 0.4215
201/652 [========>.....................] - ETA: 3:05 - loss: 0.4128 - mae: 0.4541 - mse: 0.4446 - ssim_metric: 0.4212
202/652 [========>.....................] - ETA: 3:05 - loss: 0.4129 - mae: 0.4536 - mse: 0.4441 - ssim_metric: 0.4216
203/652 [========>.....................] - ETA: 3:04 - loss: 0.4128 - mae: 0.4537 - mse: 0.4442 - ssim_metric: 0.4215
204/652 [========>.....................] - ETA: 3:04 - loss: 0.4127 - mae: 0.4535 - mse: 0.4439 - ssim_metric: 0.4216
205/652 [========>.....................] - ETA: 3:04 - loss: 0.4127 - mae: 0.4540 - mse: 0.4444 - ssim_metric: 0.4211
206/652 [========>.....................] - ETA: 3:03 - loss: 0.4128 - mae: 0.4541 - mse: 0.4446 - ssim_metric: 0.4209
207/652 [========>.....................] - ETA: 3:03 - loss: 0.4127 - mae: 0.4539 - mse: 0.4444 - ssim_metric: 0.4212
208/652 [========>.....................] - ETA: 3:02 - loss: 0.4128 - mae: 0.4541 - mse: 0.4445 - ssim_metric: 0.4211
209/652 [========>.....................] - ETA: 3:02 - loss: 0.4128 - mae: 0.4543 - mse: 0.4447 - ssim_metric: 0.4208
210/652 [========>.....................] - ETA: 3:02 - loss: 0.4125 - mae: 0.4539 - mse: 0.4443 - ssim_metric: 0.4211
211/652 [========>.....................] - ETA: 3:01 - loss: 0.4121 - mae: 0.4539 - mse: 0.4443 - ssim_metric: 0.4211
212/652 [========>.....................] - ETA: 3:01 - loss: 0.4121 - mae: 0.4538 - mse: 0.4442 - ssim_metric: 0.4213
213/652 [========>.....................] - ETA: 3:00 - loss: 0.4123 - mae: 0.4537 - mse: 0.4441 - ssim_metric: 0.4215
214/652 [========>.....................] - ETA: 3:00 - loss: 0.4121 - mae: 0.4532 - mse: 0.4436 - ssim_metric: 0.4220
215/652 [========>.....................] - ETA: 2:59 - loss: 0.4129 - mae: 0.4536 - mse: 0.4440 - ssim_metric: 0.4217
216/652 [========>.....................] - ETA: 2:59 - loss: 0.4127 - mae: 0.4537 - mse: 0.4441 - ssim_metric: 0.4216
217/652 [========>.....................] - ETA: 2:59 - loss: 0.4130 - mae: 0.4540 - mse: 0.4444 - ssim_metric: 0.4215
218/652 [=========>....................] - ETA: 2:58 - loss: 0.4127 - mae: 0.4542 - mse: 0.4446 - ssim_metric: 0.4215
219/652 [=========>....................] - ETA: 2:58 - loss: 0.4132 - mae: 0.4544 - mse: 0.4449 - ssim_metric: 0.4211
220/652 [=========>....................] - ETA: 2:57 - loss: 0.4129 - mae: 0.4541 - mse: 0.4446 - ssim_metric: 0.4212
221/652 [=========>....................] - ETA: 2:57 - loss: 0.4127 - mae: 0.4539 - mse: 0.4444 - ssim_metric: 0.4214
222/652 [=========>....................] - ETA: 2:57 - loss: 0.4130 - mae: 0.4538 - mse: 0.4443 - ssim_metric: 0.4217
223/652 [=========>....................] - ETA: 2:56 - loss: 0.4128 - mae: 0.4540 - mse: 0.4445 - ssim_metric: 0.4215
224/652 [=========>....................] - ETA: 2:56 - loss: 0.4123 - mae: 0.4534 - mse: 0.4439 - ssim_metric: 0.4222
225/652 [=========>....................] - ETA: 2:55 - loss: 0.4123 - mae: 0.4533 - mse: 0.4439 - ssim_metric: 0.4223
226/652 [=========>....................] - ETA: 2:55 - loss: 0.4122 - mae: 0.4529 - mse: 0.4435 - ssim_metric: 0.4226
227/652 [=========>....................] - ETA: 2:55 - loss: 0.4124 - mae: 0.4538 - mse: 0.4443 - ssim_metric: 0.4218
228/652 [=========>....................] - ETA: 2:54 - loss: 0.4120 - mae: 0.4533 - mse: 0.4439 - ssim_metric: 0.4224
229/652 [=========>....................] - ETA: 2:54 - loss: 0.4124 - mae: 0.4537 - mse: 0.4443 - ssim_metric: 0.4221
230/652 [=========>....................] - ETA: 2:53 - loss: 0.4120 - mae: 0.4535 - mse: 0.4441 - ssim_metric: 0.4223
231/652 [=========>....................] - ETA: 2:53 - loss: 0.4120 - mae: 0.4539 - mse: 0.4445 - ssim_metric: 0.4219
232/652 [=========>....................] - ETA: 2:52 - loss: 0.4123 - mae: 0.4542 - mse: 0.4449 - ssim_metric: 0.4214
233/652 [=========>....................] - ETA: 2:52 - loss: 0.4123 - mae: 0.4539 - mse: 0.4446 - ssim_metric: 0.4217
234/652 [=========>....................] - ETA: 2:52 - loss: 0.4127 - mae: 0.4543 - mse: 0.4450 - ssim_metric: 0.4212
235/652 [=========>....................] - ETA: 2:51 - loss: 0.4126 - mae: 0.4538 - mse: 0.4444 - ssim_metric: 0.4218
236/652 [=========>....................] - ETA: 2:51 - loss: 0.4125 - mae: 0.4531 - mse: 0.4437 - ssim_metric: 0.4226
237/652 [=========>....................] - ETA: 2:50 - loss: 0.4128 - mae: 0.4529 - mse: 0.4436 - ssim_metric: 0.4227
238/652 [=========>....................] - ETA: 2:50 - loss: 0.4126 - mae: 0.4529 - mse: 0.4436 - ssim_metric: 0.4227
239/652 [=========>....................] - ETA: 2:50 - loss: 0.4125 - mae: 0.4527 - mse: 0.4433 - ssim_metric: 0.4230
240/652 [==========>...................] - ETA: 2:49 - loss: 0.4125 - mae: 0.4527 - mse: 0.4434 - ssim_metric: 0.4230
241/652 [==========>...................] - ETA: 2:49 - loss: 0.4125 - mae: 0.4526 - mse: 0.4433 - ssim_metric: 0.4231
242/652 [==========>...................] - ETA: 2:48 - loss: 0.4121 - mae: 0.4523 - mse: 0.4430 - ssim_metric: 0.4236
243/652 [==========>...................] - ETA: 2:48 - loss: 0.4126 - mae: 0.4525 - mse: 0.4431 - ssim_metric: 0.4234
244/652 [==========>...................] - ETA: 2:48 - loss: 0.4128 - mae: 0.4525 - mse: 0.4432 - ssim_metric: 0.4233
245/652 [==========>...................] - ETA: 2:47 - loss: 0.4125 - mae: 0.4526 - mse: 0.4432 - ssim_metric: 0.4232
246/652 [==========>...................] - ETA: 2:47 - loss: 0.4122 - mae: 0.4522 - mse: 0.4428 - ssim_metric: 0.4235
247/652 [==========>...................] - ETA: 2:46 - loss: 0.4120 - mae: 0.4522 - mse: 0.4429 - ssim_metric: 0.4234
248/652 [==========>...................] - ETA: 2:46 - loss: 0.4118 - mae: 0.4525 - mse: 0.4432 - ssim_metric: 0.4230
249/652 [==========>...................] - ETA: 2:45 - loss: 0.4126 - mae: 0.4535 - mse: 0.4441 - ssim_metric: 0.4223
250/652 [==========>...................] - ETA: 2:45 - loss: 0.4123 - mae: 0.4533 - mse: 0.4439 - ssim_metric: 0.4225
251/652 [==========>...................] - ETA: 2:45 - loss: 0.4129 - mae: 0.4538 - mse: 0.4444 - ssim_metric: 0.4221
252/652 [==========>...................] - ETA: 2:44 - loss: 0.4130 - mae: 0.4542 - mse: 0.4448 - ssim_metric: 0.4216
253/652 [==========>...................] - ETA: 2:44 - loss: 0.4130 - mae: 0.4545 - mse: 0.4452 - ssim_metric: 0.4215
254/652 [==========>...................] - ETA: 2:43 - loss: 0.4133 - mae: 0.4549 - mse: 0.4456 - ssim_metric: 0.4212
255/652 [==========>...................] - ETA: 2:43 - loss: 0.4135 - mae: 0.4551 - mse: 0.4458 - ssim_metric: 0.4209
256/652 [==========>...................] - ETA: 2:43 - loss: 0.4132 - mae: 0.4546 - mse: 0.4452 - ssim_metric: 0.4213
257/652 [==========>...................] - ETA: 2:42 - loss: 0.4136 - mae: 0.4549 - mse: 0.4456 - ssim_metric: 0.4211
258/652 [==========>...................] - ETA: 2:42 - loss: 0.4136 - mae: 0.4550 - mse: 0.4457 - ssim_metric: 0.4210
259/652 [==========>...................] - ETA: 2:41 - loss: 0.4136 - mae: 0.4552 - mse: 0.4459 - ssim_metric: 0.4208
260/652 [==========>...................] - ETA: 2:41 - loss: 0.4135 - mae: 0.4553 - mse: 0.4460 - ssim_metric: 0.4207
261/652 [===========>..................] - ETA: 2:41 - loss: 0.4133 - mae: 0.4551 - mse: 0.4458 - ssim_metric: 0.4209
262/652 [===========>..................] - ETA: 2:40 - loss: 0.4134 - mae: 0.4547 - mse: 0.4454 - ssim_metric: 0.4213
263/652 [===========>..................] - ETA: 2:40 - loss: 0.4134 - mae: 0.4546 - mse: 0.4453 - ssim_metric: 0.4214
264/652 [===========>..................] - ETA: 2:39 - loss: 0.4135 - mae: 0.4550 - mse: 0.4457 - ssim_metric: 0.4210
265/652 [===========>..................] - ETA: 2:39 - loss: 0.4132 - mae: 0.4549 - mse: 0.4456 - ssim_metric: 0.4211
266/652 [===========>..................] - ETA: 2:38 - loss: 0.4129 - mae: 0.4547 - mse: 0.4454 - ssim_metric: 0.4213
267/652 [===========>..................] - ETA: 2:38 - loss: 0.4127 - mae: 0.4547 - mse: 0.4454 - ssim_metric: 0.4213
268/652 [===========>..................] - ETA: 2:38 - loss: 0.4128 - mae: 0.4548 - mse: 0.4456 - ssim_metric: 0.4212
269/652 [===========>..................] - ETA: 2:37 - loss: 0.4130 - mae: 0.4552 - mse: 0.4459 - ssim_metric: 0.4209
270/652 [===========>..................] - ETA: 2:37 - loss: 0.4129 - mae: 0.4550 - mse: 0.4458 - ssim_metric: 0.4208
271/652 [===========>..................] - ETA: 2:36 - loss: 0.4128 - mae: 0.4552 - mse: 0.4459 - ssim_metric: 0.4206
272/652 [===========>..................] - ETA: 2:36 - loss: 0.4125 - mae: 0.4550 - mse: 0.4457 - ssim_metric: 0.4207
273/652 [===========>..................] - ETA: 2:36 - loss: 0.4128 - mae: 0.4556 - mse: 0.4463 - ssim_metric: 0.4200
274/652 [===========>..................] - ETA: 2:35 - loss: 0.4128 - mae: 0.4557 - mse: 0.4464 - ssim_metric: 0.4200
275/652 [===========>..................] - ETA: 2:35 - loss: 0.4129 - mae: 0.4559 - mse: 0.4466 - ssim_metric: 0.4197
276/652 [===========>..................] - ETA: 2:34 - loss: 0.4132 - mae: 0.4565 - mse: 0.4472 - ssim_metric: 0.4191
277/652 [===========>..................] - ETA: 2:34 - loss: 0.4128 - mae: 0.4562 - mse: 0.4468 - ssim_metric: 0.4194
278/652 [===========>..................] - ETA: 2:34 - loss: 0.4132 - mae: 0.4570 - mse: 0.4477 - ssim_metric: 0.4186
279/652 [===========>..................] - ETA: 2:33 - loss: 0.4128 - mae: 0.4568 - mse: 0.4475 - ssim_metric: 0.4188
280/652 [===========>..................] - ETA: 2:33 - loss: 0.4126 - mae: 0.4562 - mse: 0.4469 - ssim_metric: 0.4193
281/652 [===========>..................] - ETA: 2:32 - loss: 0.4126 - mae: 0.4560 - mse: 0.4466 - ssim_metric: 0.4195
282/652 [===========>..................] - ETA: 2:32 - loss: 0.4128 - mae: 0.4560 - mse: 0.4467 - ssim_metric: 0.4195
283/652 [============>.................] - ETA: 2:31 - loss: 0.4127 - mae: 0.4559 - mse: 0.4466 - ssim_metric: 0.4196
284/652 [============>.................] - ETA: 2:31 - loss: 0.4124 - mae: 0.4554 - mse: 0.4461 - ssim_metric: 0.4202
285/652 [============>.................] - ETA: 2:31 - loss: 0.4126 - mae: 0.4555 - mse: 0.4461 - ssim_metric: 0.4201
286/652 [============>.................] - ETA: 2:30 - loss: 0.4124 - mae: 0.4555 - mse: 0.4462 - ssim_metric: 0.4200
287/652 [============>.................] - ETA: 2:30 - loss: 0.4126 - mae: 0.4554 - mse: 0.4461 - ssim_metric: 0.4200
288/652 [============>.................] - ETA: 2:29 - loss: 0.4128 - mae: 0.4559 - mse: 0.4466 - ssim_metric: 0.4196
289/652 [============>.................] - ETA: 2:29 - loss: 0.4129 - mae: 0.4563 - mse: 0.4470 - ssim_metric: 0.4192
290/652 [============>.................] - ETA: 2:29 - loss: 0.4122 - mae: 0.4556 - mse: 0.4462 - ssim_metric: 0.4200
291/652 [============>.................] - ETA: 2:28 - loss: 0.4126 - mae: 0.4559 - mse: 0.4466 - ssim_metric: 0.4198
292/652 [============>.................] - ETA: 2:28 - loss: 0.4124 - mae: 0.4556 - mse: 0.4463 - ssim_metric: 0.4201
293/652 [============>.................] - ETA: 2:27 - loss: 0.4128 - mae: 0.4556 - mse: 0.4463 - ssim_metric: 0.4200
294/652 [============>.................] - ETA: 2:27 - loss: 0.4128 - mae: 0.4557 - mse: 0.4464 - ssim_metric: 0.4198
295/652 [============>.................] - ETA: 2:27 - loss: 0.4129 - mae: 0.4555 - mse: 0.4462 - ssim_metric: 0.4199
296/652 [============>.................] - ETA: 2:26 - loss: 0.4130 - mae: 0.4558 - mse: 0.4465 - ssim_metric: 0.4197
297/652 [============>.................] - ETA: 2:26 - loss: 0.4130 - mae: 0.4557 - mse: 0.4464 - ssim_metric: 0.4197
298/652 [============>.................] - ETA: 2:25 - loss: 0.4130 - mae: 0.4562 - mse: 0.4469 - ssim_metric: 0.4192
299/652 [============>.................] - ETA: 2:25 - loss: 0.4130 - mae: 0.4562 - mse: 0.4468 - ssim_metric: 0.4193
300/652 [============>.................] - ETA: 2:24 - loss: 0.4128 - mae: 0.4562 - mse: 0.4469 - ssim_metric: 0.4191
301/652 [============>.................] - ETA: 2:24 - loss: 0.4128 - mae: 0.4563 - mse: 0.4470 - ssim_metric: 0.4189
302/652 [============>.................] - ETA: 2:24 - loss: 0.4128 - mae: 0.4563 - mse: 0.4470 - ssim_metric: 0.4188
303/652 [============>.................] - ETA: 2:23 - loss: 0.4129 - mae: 0.4565 - mse: 0.4472 - ssim_metric: 0.4185
304/652 [============>.................] - ETA: 2:23 - loss: 0.4133 - mae: 0.4565 - mse: 0.4471 - ssim_metric: 0.4185
305/652 [=============>................] - ETA: 2:22 - loss: 0.4132 - mae: 0.4564 - mse: 0.4470 - ssim_metric: 0.4186
306/652 [=============>................] - ETA: 2:22 - loss: 0.4130 - mae: 0.4563 - mse: 0.4469 - ssim_metric: 0.4186
307/652 [=============>................] - ETA: 2:22 - loss: 0.4130 - mae: 0.4564 - mse: 0.4470 - ssim_metric: 0.4186
308/652 [=============>................] - ETA: 2:21 - loss: 0.4130 - mae: 0.4561 - mse: 0.4467 - ssim_metric: 0.4188
309/652 [=============>................] - ETA: 2:21 - loss: 0.4129 - mae: 0.4561 - mse: 0.4467 - ssim_metric: 0.4189
310/652 [=============>................] - ETA: 2:20 - loss: 0.4134 - mae: 0.4562 - mse: 0.4469 - ssim_metric: 0.4188
311/652 [=============>................] - ETA: 2:20 - loss: 0.4133 - mae: 0.4563 - mse: 0.4469 - ssim_metric: 0.4187
312/652 [=============>................] - ETA: 2:20 - loss: 0.4134 - mae: 0.4567 - mse: 0.4474 - ssim_metric: 0.4184
313/652 [=============>................] - ETA: 2:19 - loss: 0.4132 - mae: 0.4564 - mse: 0.4471 - ssim_metric: 0.4187
314/652 [=============>................] - ETA: 2:19 - loss: 0.4136 - mae: 0.4567 - mse: 0.4474 - ssim_metric: 0.4184
315/652 [=============>................] - ETA: 2:18 - loss: 0.4132 - mae: 0.4561 - mse: 0.4468 - ssim_metric: 0.4189
316/652 [=============>................] - ETA: 2:18 - loss: 0.4131 - mae: 0.4563 - mse: 0.4470 - ssim_metric: 0.4188
317/652 [=============>................] - ETA: 2:17 - loss: 0.4130 - mae: 0.4559 - mse: 0.4466 - ssim_metric: 0.4192
318/652 [=============>................] - ETA: 2:17 - loss: 0.4134 - mae: 0.4563 - mse: 0.4470 - ssim_metric: 0.4187
319/652 [=============>................] - ETA: 2:17 - loss: 0.4132 - mae: 0.4559 - mse: 0.4466 - ssim_metric: 0.4191
320/652 [=============>................] - ETA: 2:16 - loss: 0.4131 - mae: 0.4558 - mse: 0.4464 - ssim_metric: 0.4191
321/652 [=============>................] - ETA: 2:16 - loss: 0.4128 - mae: 0.4555 - mse: 0.4461 - ssim_metric: 0.4195
322/652 [=============>................] - ETA: 2:15 - loss: 0.4126 - mae: 0.4555 - mse: 0.4462 - ssim_metric: 0.4194
323/652 [=============>................] - ETA: 2:15 - loss: 0.4125 - mae: 0.4554 - mse: 0.4461 - ssim_metric: 0.4195
324/652 [=============>................] - ETA: 2:15 - loss: 0.4126 - mae: 0.4557 - mse: 0.4463 - ssim_metric: 0.4193
325/652 [=============>................] - ETA: 2:14 - loss: 0.4128 - mae: 0.4559 - mse: 0.4466 - ssim_metric: 0.4191
326/652 [==============>...............] - ETA: 2:14 - loss: 0.4128 - mae: 0.4560 - mse: 0.4467 - ssim_metric: 0.4191
327/652 [==============>...............] - ETA: 2:13 - loss: 0.4127 - mae: 0.4558 - mse: 0.4464 - ssim_metric: 0.4193
328/652 [==============>...............] - ETA: 2:13 - loss: 0.4127 - mae: 0.4553 - mse: 0.4459 - ssim_metric: 0.4198
329/652 [==============>...............] - ETA: 2:13 - loss: 0.4127 - mae: 0.4553 - mse: 0.4460 - ssim_metric: 0.4198
330/652 [==============>...............] - ETA: 2:12 - loss: 0.4125 - mae: 0.4548 - mse: 0.4455 - ssim_metric: 0.4202
331/652 [==============>...............] - ETA: 2:12 - loss: 0.4129 - mae: 0.4551 - mse: 0.4458 - ssim_metric: 0.4200
332/652 [==============>...............] - ETA: 2:11 - loss: 0.4129 - mae: 0.4551 - mse: 0.4458 - ssim_metric: 0.4200
333/652 [==============>...............] - ETA: 2:11 - loss: 0.4128 - mae: 0.4552 - mse: 0.4459 - ssim_metric: 0.4199
334/652 [==============>...............] - ETA: 2:10 - loss: 0.4125 - mae: 0.4550 - mse: 0.4457 - ssim_metric: 0.4201
335/652 [==============>...............] - ETA: 2:10 - loss: 0.4121 - mae: 0.4546 - mse: 0.4453 - ssim_metric: 0.4205
336/652 [==============>...............] - ETA: 2:10 - loss: 0.4119 - mae: 0.4542 - mse: 0.4449 - ssim_metric: 0.4209
337/652 [==============>...............] - ETA: 2:09 - loss: 0.4119 - mae: 0.4541 - mse: 0.4448 - ssim_metric: 0.4208
338/652 [==============>...............] - ETA: 2:09 - loss: 0.4121 - mae: 0.4544 - mse: 0.4451 - ssim_metric: 0.4207
339/652 [==============>...............] - ETA: 2:08 - loss: 0.4121 - mae: 0.4545 - mse: 0.4452 - ssim_metric: 0.4206
340/652 [==============>...............] - ETA: 2:08 - loss: 0.4122 - mae: 0.4547 - mse: 0.4454 - ssim_metric: 0.4204
341/652 [==============>...............] - ETA: 2:08 - loss: 0.4122 - mae: 0.4549 - mse: 0.4456 - ssim_metric: 0.4202
342/652 [==============>...............] - ETA: 2:07 - loss: 0.4120 - mae: 0.4547 - mse: 0.4454 - ssim_metric: 0.4205
343/652 [==============>...............] - ETA: 2:07 - loss: 0.4118 - mae: 0.4543 - mse: 0.4450 - ssim_metric: 0.4209
344/652 [==============>...............] - ETA: 2:06 - loss: 0.4121 - mae: 0.4545 - mse: 0.4452 - ssim_metric: 0.4207
345/652 [==============>...............] - ETA: 2:06 - loss: 0.4121 - mae: 0.4547 - mse: 0.4454 - ssim_metric: 0.4205
346/652 [==============>...............] - ETA: 2:06 - loss: 0.4122 - mae: 0.4546 - mse: 0.4454 - ssim_metric: 0.4206
347/652 [==============>...............] - ETA: 2:05 - loss: 0.4122 - mae: 0.4548 - mse: 0.4455 - ssim_metric: 0.4204
348/652 [===============>..............] - ETA: 2:05 - loss: 0.4122 - mae: 0.4551 - mse: 0.4458 - ssim_metric: 0.4201
349/652 [===============>..............] - ETA: 2:04 - loss: 0.4119 - mae: 0.4549 - mse: 0.4456 - ssim_metric: 0.4203
350/652 [===============>..............] - ETA: 2:04 - loss: 0.4120 - mae: 0.4552 - mse: 0.4459 - ssim_metric: 0.4200
351/652 [===============>..............] - ETA: 2:03 - loss: 0.4119 - mae: 0.4552 - mse: 0.4459 - ssim_metric: 0.4200
352/652 [===============>..............] - ETA: 2:03 - loss: 0.4118 - mae: 0.4548 - mse: 0.4456 - ssim_metric: 0.4203
353/652 [===============>..............] - ETA: 2:03 - loss: 0.4123 - mae: 0.4550 - mse: 0.4457 - ssim_metric: 0.4202
354/652 [===============>..............] - ETA: 2:02 - loss: 0.4121 - mae: 0.4548 - mse: 0.4455 - ssim_metric: 0.4204
355/652 [===============>..............] - ETA: 2:02 - loss: 0.4118 - mae: 0.4546 - mse: 0.4453 - ssim_metric: 0.4206
356/652 [===============>..............] - ETA: 2:01 - loss: 0.4123 - mae: 0.4548 - mse: 0.4455 - ssim_metric: 0.4203
357/652 [===============>..............] - ETA: 2:01 - loss: 0.4120 - mae: 0.4543 - mse: 0.4450 - ssim_metric: 0.4208
358/652 [===============>..............] - ETA: 2:01 - loss: 0.4123 - mae: 0.4543 - mse: 0.4450 - ssim_metric: 0.4208
359/652 [===============>..............] - ETA: 2:00 - loss: 0.4122 - mae: 0.4544 - mse: 0.4451 - ssim_metric: 0.4206
360/652 [===============>..............] - ETA: 2:00 - loss: 0.4125 - mae: 0.4546 - mse: 0.4453 - ssim_metric: 0.4204
361/652 [===============>..............] - ETA: 1:59 - loss: 0.4122 - mae: 0.4546 - mse: 0.4453 - ssim_metric: 0.4204
362/652 [===============>..............] - ETA: 1:59 - loss: 0.4123 - mae: 0.4548 - mse: 0.4455 - ssim_metric: 0.4202
363/652 [===============>..............] - ETA: 1:59 - loss: 0.4122 - mae: 0.4548 - mse: 0.4455 - ssim_metric: 0.4200
364/652 [===============>..............] - ETA: 1:58 - loss: 0.4124 - mae: 0.4549 - mse: 0.4456 - ssim_metric: 0.4199
365/652 [===============>..............] - ETA: 1:58 - loss: 0.4123 - mae: 0.4550 - mse: 0.4456 - ssim_metric: 0.4199
366/652 [===============>..............] - ETA: 1:57 - loss: 0.4124 - mae: 0.4549 - mse: 0.4456 - ssim_metric: 0.4199
367/652 [===============>..............] - ETA: 1:57 - loss: 0.4124 - mae: 0.4550 - mse: 0.4457 - ssim_metric: 0.4199
368/652 [===============>..............] - ETA: 1:56 - loss: 0.4121 - mae: 0.4546 - mse: 0.4453 - ssim_metric: 0.4203
369/652 [===============>..............] - ETA: 1:56 - loss: 0.4119 - mae: 0.4546 - mse: 0.4453 - ssim_metric: 0.4201
370/652 [================>.............] - ETA: 1:56 - loss: 0.4119 - mae: 0.4547 - mse: 0.4454 - ssim_metric: 0.4200
371/652 [================>.............] - ETA: 1:55 - loss: 0.4117 - mae: 0.4549 - mse: 0.4456 - ssim_metric: 0.4197
372/652 [================>.............] - ETA: 1:55 - loss: 0.4117 - mae: 0.4552 - mse: 0.4459 - ssim_metric: 0.4195
373/652 [================>.............] - ETA: 1:54 - loss: 0.4115 - mae: 0.4552 - mse: 0.4459 - ssim_metric: 0.4195
374/652 [================>.............] - ETA: 1:54 - loss: 0.4116 - mae: 0.4552 - mse: 0.4459 - ssim_metric: 0.4195
375/652 [================>.............] - ETA: 1:54 - loss: 0.4116 - mae: 0.4552 - mse: 0.4459 - ssim_metric: 0.4194
376/652 [================>.............] - ETA: 1:53 - loss: 0.4119 - mae: 0.4551 - mse: 0.4458 - ssim_metric: 0.4197
377/652 [================>.............] - ETA: 1:53 - loss: 0.4120 - mae: 0.4553 - mse: 0.4460 - ssim_metric: 0.4197
378/652 [================>.............] - ETA: 1:52 - loss: 0.4120 - mae: 0.4553 - mse: 0.4461 - ssim_metric: 0.4195
379/652 [================>.............] - ETA: 1:52 - loss: 0.4121 - mae: 0.4556 - mse: 0.4463 - ssim_metric: 0.4194
380/652 [================>.............] - ETA: 1:52 - loss: 0.4122 - mae: 0.4559 - mse: 0.4467 - ssim_metric: 0.4191
381/652 [================>.............] - ETA: 1:51 - loss: 0.4122 - mae: 0.4565 - mse: 0.4473 - ssim_metric: 0.4186
382/652 [================>.............] - ETA: 1:51 - loss: 0.4122 - mae: 0.4564 - mse: 0.4472 - ssim_metric: 0.4187
383/652 [================>.............] - ETA: 1:50 - loss: 0.4120 - mae: 0.4559 - mse: 0.4467 - ssim_metric: 0.4193
384/652 [================>.............] - ETA: 1:50 - loss: 0.4119 - mae: 0.4561 - mse: 0.4469 - ssim_metric: 0.4192
385/652 [================>.............] - ETA: 1:49 - loss: 0.4121 - mae: 0.4563 - mse: 0.4471 - ssim_metric: 0.4190
386/652 [================>.............] - ETA: 1:49 - loss: 0.4120 - mae: 0.4565 - mse: 0.4474 - ssim_metric: 0.4187
387/652 [================>.............] - ETA: 1:49 - loss: 0.4122 - mae: 0.4569 - mse: 0.4477 - ssim_metric: 0.4184
388/652 [================>.............] - ETA: 1:48 - loss: 0.4122 - mae: 0.4566 - mse: 0.4474 - ssim_metric: 0.4187
389/652 [================>.............] - ETA: 1:48 - loss: 0.4124 - mae: 0.4566 - mse: 0.4474 - ssim_metric: 0.4187
390/652 [================>.............] - ETA: 1:47 - loss: 0.4125 - mae: 0.4569 - mse: 0.4477 - ssim_metric: 0.4184
391/652 [================>.............] - ETA: 1:47 - loss: 0.4127 - mae: 0.4572 - mse: 0.4480 - ssim_metric: 0.4181
392/652 [=================>............] - ETA: 1:47 - loss: 0.4129 - mae: 0.4575 - mse: 0.4483 - ssim_metric: 0.4179
393/652 [=================>............] - ETA: 1:46 - loss: 0.4129 - mae: 0.4573 - mse: 0.4482 - ssim_metric: 0.4180
394/652 [=================>............] - ETA: 1:46 - loss: 0.4130 - mae: 0.4577 - mse: 0.4486 - ssim_metric: 0.4176
395/652 [=================>............] - ETA: 1:45 - loss: 0.4129 - mae: 0.4577 - mse: 0.4486 - ssim_metric: 0.4176
396/652 [=================>............] - ETA: 1:45 - loss: 0.4129 - mae: 0.4578 - mse: 0.4487 - ssim_metric: 0.4175
397/652 [=================>............] - ETA: 1:45 - loss: 0.4130 - mae: 0.4580 - mse: 0.4488 - ssim_metric: 0.4173
398/652 [=================>............] - ETA: 1:44 - loss: 0.4131 - mae: 0.4583 - mse: 0.4492 - ssim_metric: 0.4170
399/652 [=================>............] - ETA: 1:44 - loss: 0.4131 - mae: 0.4584 - mse: 0.4493 - ssim_metric: 0.4169
400/652 [=================>............] - ETA: 1:43 - loss: 0.4129 - mae: 0.4584 - mse: 0.4493 - ssim_metric: 0.4169
401/652 [=================>............] - ETA: 1:43 - loss: 0.4131 - mae: 0.4588 - mse: 0.4497 - ssim_metric: 0.4165
402/652 [=================>............] - ETA: 1:42 - loss: 0.4133 - mae: 0.4592 - mse: 0.4501 - ssim_metric: 0.4162
403/652 [=================>............] - ETA: 1:42 - loss: 0.4133 - mae: 0.4590 - mse: 0.4499 - ssim_metric: 0.4163
404/652 [=================>............] - ETA: 1:42 - loss: 0.4136 - mae: 0.4593 - mse: 0.4502 - ssim_metric: 0.4161
405/652 [=================>............] - ETA: 1:41 - loss: 0.4134 - mae: 0.4591 - mse: 0.4500 - ssim_metric: 0.4164
406/652 [=================>............] - ETA: 1:41 - loss: 0.4132 - mae: 0.4590 - mse: 0.4499 - ssim_metric: 0.4164
407/652 [=================>............] - ETA: 1:40 - loss: 0.4131 - mae: 0.4592 - mse: 0.4502 - ssim_metric: 0.4162
408/652 [=================>............] - ETA: 1:40 - loss: 0.4133 - mae: 0.4594 - mse: 0.4503 - ssim_metric: 0.4161
409/652 [=================>............] - ETA: 1:40 - loss: 0.4137 - mae: 0.4599 - mse: 0.4508 - ssim_metric: 0.4156
410/652 [=================>............] - ETA: 1:39 - loss: 0.4139 - mae: 0.4600 - mse: 0.4509 - ssim_metric: 0.4155
411/652 [=================>............] - ETA: 1:39 - loss: 0.4139 - mae: 0.4603 - mse: 0.4512 - ssim_metric: 0.4153
412/652 [=================>............] - ETA: 1:38 - loss: 0.4138 - mae: 0.4605 - mse: 0.4514 - ssim_metric: 0.4152
413/652 [==================>...........] - ETA: 1:38 - loss: 0.4138 - mae: 0.4607 - mse: 0.4516 - ssim_metric: 0.4150
414/652 [==================>...........] - ETA: 1:38 - loss: 0.4138 - mae: 0.4605 - mse: 0.4514 - ssim_metric: 0.4152
415/652 [==================>...........] - ETA: 1:37 - loss: 0.4140 - mae: 0.4609 - mse: 0.4518 - ssim_metric: 0.4149
416/652 [==================>...........] - ETA: 1:37 - loss: 0.4140 - mae: 0.4608 - mse: 0.4517 - ssim_metric: 0.4149
417/652 [==================>...........] - ETA: 1:36 - loss: 0.4139 - mae: 0.4608 - mse: 0.4517 - ssim_metric: 0.4150
418/652 [==================>...........] - ETA: 1:36 - loss: 0.4140 - mae: 0.4611 - mse: 0.4521 - ssim_metric: 0.4146
419/652 [==================>...........] - ETA: 1:35 - loss: 0.4139 - mae: 0.4614 - mse: 0.4524 - ssim_metric: 0.4143
420/652 [==================>...........] - ETA: 1:35 - loss: 0.4138 - mae: 0.4615 - mse: 0.4525 - ssim_metric: 0.4143
421/652 [==================>...........] - ETA: 1:35 - loss: 0.4143 - mae: 0.4615 - mse: 0.4525 - ssim_metric: 0.4144
422/652 [==================>...........] - ETA: 1:34 - loss: 0.4142 - mae: 0.4614 - mse: 0.4524 - ssim_metric: 0.4144
423/652 [==================>...........] - ETA: 1:34 - loss: 0.4143 - mae: 0.4615 - mse: 0.4524 - ssim_metric: 0.4143
424/652 [==================>...........] - ETA: 1:33 - loss: 0.4143 - mae: 0.4615 - mse: 0.4525 - ssim_metric: 0.4143
425/652 [==================>...........] - ETA: 1:33 - loss: 0.4144 - mae: 0.4615 - mse: 0.4525 - ssim_metric: 0.4143
426/652 [==================>...........] - ETA: 1:33 - loss: 0.4141 - mae: 0.4614 - mse: 0.4524 - ssim_metric: 0.4144
427/652 [==================>...........] - ETA: 1:32 - loss: 0.4141 - mae: 0.4614 - mse: 0.4524 - ssim_metric: 0.4144
428/652 [==================>...........] - ETA: 1:32 - loss: 0.4140 - mae: 0.4613 - mse: 0.4523 - ssim_metric: 0.4144
429/652 [==================>...........] - ETA: 1:31 - loss: 0.4140 - mae: 0.4614 - mse: 0.4523 - ssim_metric: 0.4142
430/652 [==================>...........] - ETA: 1:31 - loss: 0.4140 - mae: 0.4613 - mse: 0.4523 - ssim_metric: 0.4142
431/652 [==================>...........] - ETA: 1:31 - loss: 0.4137 - mae: 0.4609 - mse: 0.4519 - ssim_metric: 0.4147
432/652 [==================>...........] - ETA: 1:30 - loss: 0.4138 - mae: 0.4609 - mse: 0.4519 - ssim_metric: 0.4148
433/652 [==================>...........] - ETA: 1:30 - loss: 0.4136 - mae: 0.4608 - mse: 0.4517 - ssim_metric: 0.4150
434/652 [==================>...........] - ETA: 1:29 - loss: 0.4137 - mae: 0.4606 - mse: 0.4515 - ssim_metric: 0.4151
435/652 [===================>..........] - ETA: 1:29 - loss: 0.4136 - mae: 0.4604 - mse: 0.4514 - ssim_metric: 0.4152
436/652 [===================>..........] - ETA: 1:28 - loss: 0.4135 - mae: 0.4603 - mse: 0.4512 - ssim_metric: 0.4153
437/652 [===================>..........] - ETA: 1:28 - loss: 0.4135 - mae: 0.4601 - mse: 0.4511 - ssim_metric: 0.4154
438/652 [===================>..........] - ETA: 1:28 - loss: 0.4134 - mae: 0.4598 - mse: 0.4507 - ssim_metric: 0.4157
439/652 [===================>..........] - ETA: 1:27 - loss: 0.4133 - mae: 0.4598 - mse: 0.4507 - ssim_metric: 0.4156
440/652 [===================>..........] - ETA: 1:27 - loss: 0.4135 - mae: 0.4601 - mse: 0.4510 - ssim_metric: 0.4154
441/652 [===================>..........] - ETA: 1:26 - loss: 0.4135 - mae: 0.4603 - mse: 0.4512 - ssim_metric: 0.4151
442/652 [===================>..........] - ETA: 1:26 - loss: 0.4133 - mae: 0.4600 - mse: 0.4510 - ssim_metric: 0.4154
443/652 [===================>..........] - ETA: 1:26 - loss: 0.4134 - mae: 0.4602 - mse: 0.4512 - ssim_metric: 0.4151
444/652 [===================>..........] - ETA: 1:25 - loss: 0.4135 - mae: 0.4605 - mse: 0.4514 - ssim_metric: 0.4149
445/652 [===================>..........] - ETA: 1:25 - loss: 0.4133 - mae: 0.4605 - mse: 0.4514 - ssim_metric: 0.4149
446/652 [===================>..........] - ETA: 1:24 - loss: 0.4135 - mae: 0.4609 - mse: 0.4518 - ssim_metric: 0.4147
447/652 [===================>..........] - ETA: 1:24 - loss: 0.4134 - mae: 0.4610 - mse: 0.4519 - ssim_metric: 0.4145
448/652 [===================>..........] - ETA: 1:24 - loss: 0.4132 - mae: 0.4609 - mse: 0.4518 - ssim_metric: 0.4146
449/652 [===================>..........] - ETA: 1:23 - loss: 0.4133 - mae: 0.4610 - mse: 0.4519 - ssim_metric: 0.4145
450/652 [===================>..........] - ETA: 1:23 - loss: 0.4133 - mae: 0.4611 - mse: 0.4520 - ssim_metric: 0.4144
451/652 [===================>..........] - ETA: 1:22 - loss: 0.4132 - mae: 0.4611 - mse: 0.4520 - ssim_metric: 0.4144
452/652 [===================>..........] - ETA: 1:22 - loss: 0.4131 - mae: 0.4611 - mse: 0.4520 - ssim_metric: 0.4144
453/652 [===================>..........] - ETA: 1:21 - loss: 0.4131 - mae: 0.4609 - mse: 0.4518 - ssim_metric: 0.4147
454/652 [===================>..........] - ETA: 1:21 - loss: 0.4133 - mae: 0.4610 - mse: 0.4519 - ssim_metric: 0.4146
455/652 [===================>..........] - ETA: 1:21 - loss: 0.4133 - mae: 0.4610 - mse: 0.4520 - ssim_metric: 0.4145
456/652 [===================>..........] - ETA: 1:20 - loss: 0.4134 - mae: 0.4610 - mse: 0.4520 - ssim_metric: 0.4146
457/652 [====================>.........] - ETA: 1:20 - loss: 0.4134 - mae: 0.4612 - mse: 0.4521 - ssim_metric: 0.4144
458/652 [====================>.........] - ETA: 1:19 - loss: 0.4133 - mae: 0.4613 - mse: 0.4522 - ssim_metric: 0.4143
459/652 [====================>.........] - ETA: 1:19 - loss: 0.4133 - mae: 0.4615 - mse: 0.4525 - ssim_metric: 0.4141
460/652 [====================>.........] - ETA: 1:19 - loss: 0.4132 - mae: 0.4617 - mse: 0.4526 - ssim_metric: 0.4140
461/652 [====================>.........] - ETA: 1:18 - loss: 0.4134 - mae: 0.4616 - mse: 0.4526 - ssim_metric: 0.4141
462/652 [====================>.........] - ETA: 1:18 - loss: 0.4135 - mae: 0.4617 - mse: 0.4526 - ssim_metric: 0.4140
463/652 [====================>.........] - ETA: 1:17 - loss: 0.4133 - mae: 0.4615 - mse: 0.4525 - ssim_metric: 0.4142
464/652 [====================>.........] - ETA: 1:17 - loss: 0.4132 - mae: 0.4615 - mse: 0.4525 - ssim_metric: 0.4141
465/652 [====================>.........] - ETA: 1:17 - loss: 0.4134 - mae: 0.4616 - mse: 0.4526 - ssim_metric: 0.4140
466/652 [====================>.........] - ETA: 1:16 - loss: 0.4138 - mae: 0.4618 - mse: 0.4528 - ssim_metric: 0.4139
467/652 [====================>.........] - ETA: 1:16 - loss: 0.4137 - mae: 0.4620 - mse: 0.4529 - ssim_metric: 0.4138
468/652 [====================>.........] - ETA: 1:15 - loss: 0.4137 - mae: 0.4622 - mse: 0.4532 - ssim_metric: 0.4135
469/652 [====================>.........] - ETA: 1:15 - loss: 0.4136 - mae: 0.4622 - mse: 0.4532 - ssim_metric: 0.4135
470/652 [====================>.........] - ETA: 1:14 - loss: 0.4136 - mae: 0.4621 - mse: 0.4531 - ssim_metric: 0.4136
471/652 [====================>.........] - ETA: 1:14 - loss: 0.4136 - mae: 0.4622 - mse: 0.4531 - ssim_metric: 0.4136
472/652 [====================>.........] - ETA: 1:14 - loss: 0.4138 - mae: 0.4624 - mse: 0.4534 - ssim_metric: 0.4133
473/652 [====================>.........] - ETA: 1:13 - loss: 0.4138 - mae: 0.4620 - mse: 0.4529 - ssim_metric: 0.4139
474/652 [====================>.........] - ETA: 1:13 - loss: 0.4138 - mae: 0.4621 - mse: 0.4531 - ssim_metric: 0.4138
475/652 [====================>.........] - ETA: 1:12 - loss: 0.4136 - mae: 0.4623 - mse: 0.4532 - ssim_metric: 0.4137
476/652 [====================>.........] - ETA: 1:12 - loss: 0.4136 - mae: 0.4622 - mse: 0.4532 - ssim_metric: 0.4138
477/652 [====================>.........] - ETA: 1:12 - loss: 0.4138 - mae: 0.4624 - mse: 0.4534 - ssim_metric: 0.4136
478/652 [====================>.........] - ETA: 1:11 - loss: 0.4138 - mae: 0.4623 - mse: 0.4533 - ssim_metric: 0.4137
479/652 [=====================>........] - ETA: 1:11 - loss: 0.4137 - mae: 0.4621 - mse: 0.4531 - ssim_metric: 0.4140
480/652 [=====================>........] - ETA: 1:10 - loss: 0.4134 - mae: 0.4619 - mse: 0.4529 - ssim_metric: 0.4142
481/652 [=====================>........] - ETA: 1:10 - loss: 0.4132 - mae: 0.4618 - mse: 0.4529 - ssim_metric: 0.4142
482/652 [=====================>........] - ETA: 1:10 - loss: 0.4134 - mae: 0.4622 - mse: 0.4533 - ssim_metric: 0.4138
483/652 [=====================>........] - ETA: 1:09 - loss: 0.4132 - mae: 0.4620 - mse: 0.4530 - ssim_metric: 0.4141
484/652 [=====================>........] - ETA: 1:09 - loss: 0.4133 - mae: 0.4621 - mse: 0.4532 - ssim_metric: 0.4139
485/652 [=====================>........] - ETA: 1:08 - loss: 0.4134 - mae: 0.4625 - mse: 0.4535 - ssim_metric: 0.4137
486/652 [=====================>........] - ETA: 1:08 - loss: 0.4139 - mae: 0.4626 - mse: 0.4536 - ssim_metric: 0.4136
487/652 [=====================>........] - ETA: 1:07 - loss: 0.4138 - mae: 0.4626 - mse: 0.4536 - ssim_metric: 0.4137
488/652 [=====================>........] - ETA: 1:07 - loss: 0.4139 - mae: 0.4625 - mse: 0.4536 - ssim_metric: 0.4137
489/652 [=====================>........] - ETA: 1:07 - loss: 0.4140 - mae: 0.4627 - mse: 0.4537 - ssim_metric: 0.4135
490/652 [=====================>........] - ETA: 1:06 - loss: 0.4141 - mae: 0.4629 - mse: 0.4540 - ssim_metric: 0.4133
491/652 [=====================>........] - ETA: 1:06 - loss: 0.4141 - mae: 0.4630 - mse: 0.4541 - ssim_metric: 0.4132
492/652 [=====================>........] - ETA: 1:05 - loss: 0.4141 - mae: 0.4628 - mse: 0.4539 - ssim_metric: 0.4135
493/652 [=====================>........] - ETA: 1:05 - loss: 0.4141 - mae: 0.4627 - mse: 0.4538 - ssim_metric: 0.4136
494/652 [=====================>........] - ETA: 1:05 - loss: 0.4139 - mae: 0.4625 - mse: 0.4536 - ssim_metric: 0.4138
495/652 [=====================>........] - ETA: 1:04 - loss: 0.4138 - mae: 0.4625 - mse: 0.4536 - ssim_metric: 0.4138
496/652 [=====================>........] - ETA: 1:04 - loss: 0.4135 - mae: 0.4623 - mse: 0.4534 - ssim_metric: 0.4140
497/652 [=====================>........] - ETA: 1:03 - loss: 0.4133 - mae: 0.4621 - mse: 0.4532 - ssim_metric: 0.4143
498/652 [=====================>........] - ETA: 1:03 - loss: 0.4134 - mae: 0.4620 - mse: 0.4531 - ssim_metric: 0.4142
499/652 [=====================>........] - ETA: 1:03 - loss: 0.4133 - mae: 0.4620 - mse: 0.4531 - ssim_metric: 0.4143
500/652 [======================>.......] - ETA: 1:02 - loss: 0.4132 - mae: 0.4617 - mse: 0.4528 - ssim_metric: 0.4145
501/652 [======================>.......] - ETA: 1:02 - loss: 0.4131 - mae: 0.4615 - mse: 0.4526 - ssim_metric: 0.4146
502/652 [======================>.......] - ETA: 1:01 - loss: 0.4131 - mae: 0.4614 - mse: 0.4525 - ssim_metric: 0.4148
503/652 [======================>.......] - ETA: 1:01 - loss: 0.4132 - mae: 0.4616 - mse: 0.4526 - ssim_metric: 0.4147
504/652 [======================>.......] - ETA: 1:00 - loss: 0.4131 - mae: 0.4614 - mse: 0.4524 - ssim_metric: 0.4149
505/652 [======================>.......] - ETA: 1:00 - loss: 0.4134 - mae: 0.4615 - mse: 0.4526 - ssim_metric: 0.4148
506/652 [======================>.......] - ETA: 1:00 - loss: 0.4134 - mae: 0.4616 - mse: 0.4527 - ssim_metric: 0.4148
507/652 [======================>.......] - ETA: 59s - loss: 0.4131 - mae: 0.4613 - mse: 0.4524 - ssim_metric: 0.4150 
508/652 [======================>.......] - ETA: 59s - loss: 0.4131 - mae: 0.4614 - mse: 0.4524 - ssim_metric: 0.4150
509/652 [======================>.......] - ETA: 58s - loss: 0.4133 - mae: 0.4616 - mse: 0.4527 - ssim_metric: 0.4148
510/652 [======================>.......] - ETA: 58s - loss: 0.4134 - mae: 0.4619 - mse: 0.4530 - ssim_metric: 0.4145
511/652 [======================>.......] - ETA: 58s - loss: 0.4136 - mae: 0.4623 - mse: 0.4534 - ssim_metric: 0.4142
512/652 [======================>.......] - ETA: 57s - loss: 0.4136 - mae: 0.4621 - mse: 0.4532 - ssim_metric: 0.4142
513/652 [======================>.......] - ETA: 57s - loss: 0.4136 - mae: 0.4624 - mse: 0.4535 - ssim_metric: 0.4139
514/652 [======================>.......] - ETA: 56s - loss: 0.4136 - mae: 0.4624 - mse: 0.4535 - ssim_metric: 0.4139
515/652 [======================>.......] - ETA: 56s - loss: 0.4135 - mae: 0.4623 - mse: 0.4534 - ssim_metric: 0.4140
516/652 [======================>.......] - ETA: 56s - loss: 0.4134 - mae: 0.4625 - mse: 0.4536 - ssim_metric: 0.4138
517/652 [======================>.......] - ETA: 55s - loss: 0.4134 - mae: 0.4625 - mse: 0.4536 - ssim_metric: 0.4137
518/652 [======================>.......] - ETA: 55s - loss: 0.4134 - mae: 0.4625 - mse: 0.4536 - ssim_metric: 0.4137
519/652 [======================>.......] - ETA: 54s - loss: 0.4134 - mae: 0.4626 - mse: 0.4537 - ssim_metric: 0.4136
520/652 [======================>.......] - ETA: 54s - loss: 0.4133 - mae: 0.4625 - mse: 0.4536 - ssim_metric: 0.4137
521/652 [======================>.......] - ETA: 53s - loss: 0.4133 - mae: 0.4624 - mse: 0.4535 - ssim_metric: 0.4137
522/652 [=======================>......] - ETA: 53s - loss: 0.4133 - mae: 0.4624 - mse: 0.4535 - ssim_metric: 0.4137
523/652 [=======================>......] - ETA: 53s - loss: 0.4132 - mae: 0.4625 - mse: 0.4536 - ssim_metric: 0.4136
524/652 [=======================>......] - ETA: 52s - loss: 0.4131 - mae: 0.4624 - mse: 0.4535 - ssim_metric: 0.4138
525/652 [=======================>......] - ETA: 52s - loss: 0.4132 - mae: 0.4623 - mse: 0.4534 - ssim_metric: 0.4138
526/652 [=======================>......] - ETA: 51s - loss: 0.4131 - mae: 0.4620 - mse: 0.4531 - ssim_metric: 0.4141
527/652 [=======================>......] - ETA: 51s - loss: 0.4130 - mae: 0.4620 - mse: 0.4531 - ssim_metric: 0.4142
528/652 [=======================>......] - ETA: 51s - loss: 0.4131 - mae: 0.4619 - mse: 0.4529 - ssim_metric: 0.4143
529/652 [=======================>......] - ETA: 50s - loss: 0.4130 - mae: 0.4619 - mse: 0.4530 - ssim_metric: 0.4143
530/652 [=======================>......] - ETA: 50s - loss: 0.4130 - mae: 0.4618 - mse: 0.4529 - ssim_metric: 0.4143
531/652 [=======================>......] - ETA: 49s - loss: 0.4130 - mae: 0.4618 - mse: 0.4529 - ssim_metric: 0.4143
532/652 [=======================>......] - ETA: 49s - loss: 0.4131 - mae: 0.4620 - mse: 0.4531 - ssim_metric: 0.4141
533/652 [=======================>......] - ETA: 49s - loss: 0.4131 - mae: 0.4618 - mse: 0.4529 - ssim_metric: 0.4143
534/652 [=======================>......] - ETA: 48s - loss: 0.4130 - mae: 0.4618 - mse: 0.4529 - ssim_metric: 0.4142
535/652 [=======================>......] - ETA: 48s - loss: 0.4131 - mae: 0.4620 - mse: 0.4531 - ssim_metric: 0.4141
536/652 [=======================>......] - ETA: 47s - loss: 0.4131 - mae: 0.4620 - mse: 0.4531 - ssim_metric: 0.4141
537/652 [=======================>......] - ETA: 47s - loss: 0.4131 - mae: 0.4619 - mse: 0.4530 - ssim_metric: 0.4143
538/652 [=======================>......] - ETA: 46s - loss: 0.4131 - mae: 0.4621 - mse: 0.4532 - ssim_metric: 0.4141
539/652 [=======================>......] - ETA: 46s - loss: 0.4133 - mae: 0.4624 - mse: 0.4535 - ssim_metric: 0.4138
540/652 [=======================>......] - ETA: 46s - loss: 0.4132 - mae: 0.4626 - mse: 0.4537 - ssim_metric: 0.4137
541/652 [=======================>......] - ETA: 45s - loss: 0.4131 - mae: 0.4624 - mse: 0.4535 - ssim_metric: 0.4138
542/652 [=======================>......] - ETA: 45s - loss: 0.4131 - mae: 0.4624 - mse: 0.4535 - ssim_metric: 0.4138
543/652 [=======================>......] - ETA: 44s - loss: 0.4130 - mae: 0.4622 - mse: 0.4533 - ssim_metric: 0.4140
544/652 [========================>.....] - ETA: 44s - loss: 0.4128 - mae: 0.4623 - mse: 0.4533 - ssim_metric: 0.4139
545/652 [========================>.....] - ETA: 44s - loss: 0.4126 - mae: 0.4622 - mse: 0.4533 - ssim_metric: 0.4140
546/652 [========================>.....] - ETA: 43s - loss: 0.4129 - mae: 0.4624 - mse: 0.4535 - ssim_metric: 0.4138
547/652 [========================>.....] - ETA: 43s - loss: 0.4131 - mae: 0.4627 - mse: 0.4538 - ssim_metric: 0.4135
548/652 [========================>.....] - ETA: 42s - loss: 0.4130 - mae: 0.4625 - mse: 0.4536 - ssim_metric: 0.4138
549/652 [========================>.....] - ETA: 42s - loss: 0.4133 - mae: 0.4624 - mse: 0.4535 - ssim_metric: 0.4139
550/652 [========================>.....] - ETA: 42s - loss: 0.4132 - mae: 0.4624 - mse: 0.4535 - ssim_metric: 0.4139
551/652 [========================>.....] - ETA: 41s - loss: 0.4132 - mae: 0.4623 - mse: 0.4535 - ssim_metric: 0.4139
552/652 [========================>.....] - ETA: 41s - loss: 0.4133 - mae: 0.4625 - mse: 0.4536 - ssim_metric: 0.4138
553/652 [========================>.....] - ETA: 40s - loss: 0.4132 - mae: 0.4624 - mse: 0.4536 - ssim_metric: 0.4138
554/652 [========================>.....] - ETA: 40s - loss: 0.4131 - mae: 0.4625 - mse: 0.4536 - ssim_metric: 0.4137
555/652 [========================>.....] - ETA: 39s - loss: 0.4129 - mae: 0.4623 - mse: 0.4534 - ssim_metric: 0.4140
556/652 [========================>.....] - ETA: 39s - loss: 0.4129 - mae: 0.4622 - mse: 0.4534 - ssim_metric: 0.4140
557/652 [========================>.....] - ETA: 39s - loss: 0.4125 - mae: 0.4619 - mse: 0.4530 - ssim_metric: 0.4144
558/652 [========================>.....] - ETA: 38s - loss: 0.4125 - mae: 0.4616 - mse: 0.4528 - ssim_metric: 0.4146
559/652 [========================>.....] - ETA: 38s - loss: 0.4125 - mae: 0.4615 - mse: 0.4527 - ssim_metric: 0.4147
560/652 [========================>.....] - ETA: 37s - loss: 0.4125 - mae: 0.4614 - mse: 0.4526 - ssim_metric: 0.4148
561/652 [========================>.....] - ETA: 37s - loss: 0.4125 - mae: 0.4616 - mse: 0.4527 - ssim_metric: 0.4146
562/652 [========================>.....] - ETA: 37s - loss: 0.4123 - mae: 0.4616 - mse: 0.4527 - ssim_metric: 0.4147
563/652 [========================>.....] - ETA: 36s - loss: 0.4124 - mae: 0.4616 - mse: 0.4527 - ssim_metric: 0.4147
564/652 [========================>.....] - ETA: 36s - loss: 0.4124 - mae: 0.4616 - mse: 0.4527 - ssim_metric: 0.4148
565/652 [========================>.....] - ETA: 35s - loss: 0.4125 - mae: 0.4615 - mse: 0.4527 - ssim_metric: 0.4148
566/652 [=========================>....] - ETA: 35s - loss: 0.4129 - mae: 0.4618 - mse: 0.4530 - ssim_metric: 0.4146
567/652 [=========================>....] - ETA: 35s - loss: 0.4129 - mae: 0.4622 - mse: 0.4533 - ssim_metric: 0.4143
568/652 [=========================>....] - ETA: 34s - loss: 0.4129 - mae: 0.4622 - mse: 0.4534 - ssim_metric: 0.4143
569/652 [=========================>....] - ETA: 34s - loss: 0.4127 - mae: 0.4621 - mse: 0.4532 - ssim_metric: 0.4144
570/652 [=========================>....] - ETA: 33s - loss: 0.4127 - mae: 0.4623 - mse: 0.4535 - ssim_metric: 0.4142
571/652 [=========================>....] - ETA: 33s - loss: 0.4128 - mae: 0.4625 - mse: 0.4537 - ssim_metric: 0.4140
572/652 [=========================>....] - ETA: 32s - loss: 0.4128 - mae: 0.4624 - mse: 0.4536 - ssim_metric: 0.4141
573/652 [=========================>....] - ETA: 32s - loss: 0.4128 - mae: 0.4624 - mse: 0.4535 - ssim_metric: 0.4141
574/652 [=========================>....] - ETA: 32s - loss: 0.4130 - mae: 0.4624 - mse: 0.4536 - ssim_metric: 0.4141
575/652 [=========================>....] - ETA: 31s - loss: 0.4131 - mae: 0.4625 - mse: 0.4536 - ssim_metric: 0.4140
576/652 [=========================>....] - ETA: 31s - loss: 0.4130 - mae: 0.4625 - mse: 0.4536 - ssim_metric: 0.4140
577/652 [=========================>....] - ETA: 30s - loss: 0.4130 - mae: 0.4625 - mse: 0.4536 - ssim_metric: 0.4140
578/652 [=========================>....] - ETA: 30s - loss: 0.4132 - mae: 0.4626 - mse: 0.4537 - ssim_metric: 0.4139
579/652 [=========================>....] - ETA: 30s - loss: 0.4132 - mae: 0.4626 - mse: 0.4537 - ssim_metric: 0.4140
580/652 [=========================>....] - ETA: 29s - loss: 0.4134 - mae: 0.4627 - mse: 0.4538 - ssim_metric: 0.4139
581/652 [=========================>....] - ETA: 29s - loss: 0.4133 - mae: 0.4626 - mse: 0.4537 - ssim_metric: 0.4140
582/652 [=========================>....] - ETA: 28s - loss: 0.4130 - mae: 0.4624 - mse: 0.4535 - ssim_metric: 0.4142
583/652 [=========================>....] - ETA: 28s - loss: 0.4131 - mae: 0.4626 - mse: 0.4537 - ssim_metric: 0.4140
584/652 [=========================>....] - ETA: 28s - loss: 0.4130 - mae: 0.4626 - mse: 0.4537 - ssim_metric: 0.4140
585/652 [=========================>....] - ETA: 27s - loss: 0.4131 - mae: 0.4626 - mse: 0.4537 - ssim_metric: 0.4140
586/652 [=========================>....] - ETA: 27s - loss: 0.4129 - mae: 0.4624 - mse: 0.4535 - ssim_metric: 0.4143
587/652 [==========================>...] - ETA: 26s - loss: 0.4130 - mae: 0.4624 - mse: 0.4535 - ssim_metric: 0.4143
588/652 [==========================>...] - ETA: 26s - loss: 0.4129 - mae: 0.4625 - mse: 0.4537 - ssim_metric: 0.4142
589/652 [==========================>...] - ETA: 25s - loss: 0.4129 - mae: 0.4625 - mse: 0.4536 - ssim_metric: 0.4142
590/652 [==========================>...] - ETA: 25s - loss: 0.4128 - mae: 0.4624 - mse: 0.4535 - ssim_metric: 0.4143
591/652 [==========================>...] - ETA: 25s - loss: 0.4127 - mae: 0.4623 - mse: 0.4535 - ssim_metric: 0.4143
592/652 [==========================>...] - ETA: 24s - loss: 0.4126 - mae: 0.4622 - mse: 0.4533 - ssim_metric: 0.4145
593/652 [==========================>...] - ETA: 24s - loss: 0.4126 - mae: 0.4622 - mse: 0.4533 - ssim_metric: 0.4144
594/652 [==========================>...] - ETA: 23s - loss: 0.4124 - mae: 0.4620 - mse: 0.4531 - ssim_metric: 0.4147
595/652 [==========================>...] - ETA: 23s - loss: 0.4126 - mae: 0.4622 - mse: 0.4534 - ssim_metric: 0.4145
596/652 [==========================>...] - ETA: 23s - loss: 0.4126 - mae: 0.4621 - mse: 0.4532 - ssim_metric: 0.4146
597/652 [==========================>...] - ETA: 22s - loss: 0.4126 - mae: 0.4620 - mse: 0.4532 - ssim_metric: 0.4146
598/652 [==========================>...] - ETA: 22s - loss: 0.4124 - mae: 0.4617 - mse: 0.4529 - ssim_metric: 0.4150
599/652 [==========================>...] - ETA: 21s - loss: 0.4124 - mae: 0.4616 - mse: 0.4528 - ssim_metric: 0.4151
600/652 [==========================>...] - ETA: 21s - loss: 0.4125 - mae: 0.4614 - mse: 0.4526 - ssim_metric: 0.4152
601/652 [==========================>...] - ETA: 21s - loss: 0.4126 - mae: 0.4616 - mse: 0.4528 - ssim_metric: 0.4151
602/652 [==========================>...] - ETA: 20s - loss: 0.4125 - mae: 0.4615 - mse: 0.4527 - ssim_metric: 0.4153
603/652 [==========================>...] - ETA: 20s - loss: 0.4126 - mae: 0.4616 - mse: 0.4528 - ssim_metric: 0.4151
604/652 [==========================>...] - ETA: 19s - loss: 0.4126 - mae: 0.4617 - mse: 0.4529 - ssim_metric: 0.4149
605/652 [==========================>...] - ETA: 19s - loss: 0.4125 - mae: 0.4618 - mse: 0.4530 - ssim_metric: 0.4148
606/652 [==========================>...] - ETA: 18s - loss: 0.4126 - mae: 0.4620 - mse: 0.4533 - ssim_metric: 0.4146
607/652 [==========================>...] - ETA: 18s - loss: 0.4125 - mae: 0.4620 - mse: 0.4532 - ssim_metric: 0.4146
608/652 [==========================>...] - ETA: 18s - loss: 0.4126 - mae: 0.4623 - mse: 0.4535 - ssim_metric: 0.4143
609/652 [===========================>..] - ETA: 17s - loss: 0.4126 - mae: 0.4624 - mse: 0.4536 - ssim_metric: 0.4142
610/652 [===========================>..] - ETA: 17s - loss: 0.4126 - mae: 0.4623 - mse: 0.4535 - ssim_metric: 0.4142
611/652 [===========================>..] - ETA: 16s - loss: 0.4126 - mae: 0.4624 - mse: 0.4536 - ssim_metric: 0.4140
612/652 [===========================>..] - ETA: 16s - loss: 0.4124 - mae: 0.4624 - mse: 0.4536 - ssim_metric: 0.4141
613/652 [===========================>..] - ETA: 16s - loss: 0.4123 - mae: 0.4623 - mse: 0.4535 - ssim_metric: 0.4141
614/652 [===========================>..] - ETA: 15s - loss: 0.4123 - mae: 0.4622 - mse: 0.4534 - ssim_metric: 0.4142
615/652 [===========================>..] - ETA: 15s - loss: 0.4122 - mae: 0.4622 - mse: 0.4534 - ssim_metric: 0.4142
616/652 [===========================>..] - ETA: 14s - loss: 0.4123 - mae: 0.4621 - mse: 0.4533 - ssim_metric: 0.4143
617/652 [===========================>..] - ETA: 14s - loss: 0.4123 - mae: 0.4622 - mse: 0.4534 - ssim_metric: 0.4142
618/652 [===========================>..] - ETA: 14s - loss: 0.4123 - mae: 0.4621 - mse: 0.4533 - ssim_metric: 0.4143
619/652 [===========================>..] - ETA: 13s - loss: 0.4122 - mae: 0.4622 - mse: 0.4534 - ssim_metric: 0.4141
620/652 [===========================>..] - ETA: 13s - loss: 0.4120 - mae: 0.4621 - mse: 0.4533 - ssim_metric: 0.4142
621/652 [===========================>..] - ETA: 12s - loss: 0.4120 - mae: 0.4619 - mse: 0.4531 - ssim_metric: 0.4144
622/652 [===========================>..] - ETA: 12s - loss: 0.4119 - mae: 0.4618 - mse: 0.4530 - ssim_metric: 0.4145
623/652 [===========================>..] - ETA: 11s - loss: 0.4120 - mae: 0.4620 - mse: 0.4532 - ssim_metric: 0.4143
624/652 [===========================>..] - ETA: 11s - loss: 0.4119 - mae: 0.4621 - mse: 0.4532 - ssim_metric: 0.4142
625/652 [===========================>..] - ETA: 11s - loss: 0.4119 - mae: 0.4621 - mse: 0.4532 - ssim_metric: 0.4142
626/652 [===========================>..] - ETA: 10s - loss: 0.4119 - mae: 0.4620 - mse: 0.4531 - ssim_metric: 0.4144
627/652 [===========================>..] - ETA: 10s - loss: 0.4121 - mae: 0.4620 - mse: 0.4531 - ssim_metric: 0.4143
628/652 [===========================>..] - ETA: 9s - loss: 0.4121 - mae: 0.4617 - mse: 0.4529 - ssim_metric: 0.4146 
629/652 [===========================>..] - ETA: 9s - loss: 0.4120 - mae: 0.4616 - mse: 0.4528 - ssim_metric: 0.4147
630/652 [===========================>..] - ETA: 9s - loss: 0.4119 - mae: 0.4616 - mse: 0.4528 - ssim_metric: 0.4146
631/652 [============================>.] - ETA: 8s - loss: 0.4120 - mae: 0.4619 - mse: 0.4531 - ssim_metric: 0.4144
632/652 [============================>.] - ETA: 8s - loss: 0.4120 - mae: 0.4619 - mse: 0.4532 - ssim_metric: 0.4144
633/652 [============================>.] - ETA: 7s - loss: 0.4119 - mae: 0.4617 - mse: 0.4530 - ssim_metric: 0.4145
634/652 [============================>.] - ETA: 7s - loss: 0.4118 - mae: 0.4616 - mse: 0.4528 - ssim_metric: 0.4148
635/652 [============================>.] - ETA: 7s - loss: 0.4117 - mae: 0.4614 - mse: 0.4526 - ssim_metric: 0.4149
636/652 [============================>.] - ETA: 6s - loss: 0.4118 - mae: 0.4614 - mse: 0.4526 - ssim_metric: 0.4149
637/652 [============================>.] - ETA: 6s - loss: 0.4117 - mae: 0.4613 - mse: 0.4525 - ssim_metric: 0.4150
638/652 [============================>.] - ETA: 5s - loss: 0.4119 - mae: 0.4615 - mse: 0.4527 - ssim_metric: 0.4149
639/652 [============================>.] - ETA: 5s - loss: 0.4120 - mae: 0.4617 - mse: 0.4529 - ssim_metric: 0.4146
640/652 [============================>.] - ETA: 4s - loss: 0.4122 - mae: 0.4619 - mse: 0.4531 - ssim_metric: 0.4144
641/652 [============================>.] - ETA: 4s - loss: 0.4121 - mae: 0.4619 - mse: 0.4531 - ssim_metric: 0.4144
642/652 [============================>.] - ETA: 4s - loss: 0.4121 - mae: 0.4618 - mse: 0.4530 - ssim_metric: 0.4145
643/652 [============================>.] - ETA: 3s - loss: 0.4121 - mae: 0.4618 - mse: 0.4530 - ssim_metric: 0.4146
644/652 [============================>.] - ETA: 3s - loss: 0.4121 - mae: 0.4617 - mse: 0.4529 - ssim_metric: 0.4146
645/652 [============================>.] - ETA: 2s - loss: 0.4120 - mae: 0.4617 - mse: 0.4528 - ssim_metric: 0.4146
646/652 [============================>.] - ETA: 2s - loss: 0.4121 - mae: 0.4615 - mse: 0.4527 - ssim_metric: 0.4147
647/652 [============================>.] - ETA: 2s - loss: 0.4121 - mae: 0.4615 - mse: 0.4526 - ssim_metric: 0.4147
648/652 [============================>.] - ETA: 1s - loss: 0.4123 - mae: 0.4617 - mse: 0.4529 - ssim_metric: 0.4145
649/652 [============================>.] - ETA: 1s - loss: 0.4122 - mae: 0.4617 - mse: 0.4529 - ssim_metric: 0.4145
650/652 [============================>.] - ETA: 0s - loss: 0.4122 - mae: 0.4618 - mse: 0.4530 - ssim_metric: 0.4145
651/652 [============================>.] - ETA: 0s - loss: 0.4124 - mae: 0.4618 - mse: 0.4530 - ssim_metric: 0.4144
652/652 [==============================] - ETA: 0s - loss: 0.4123 - mae: 0.4617 - mse: 0.4529 - ssim_metric: 0.4145
Epoch 2: saving model to C:\d_surucusu\visual_navigation\benchmark\models_pipeline\_lr_batch_probe\lr1e-4_b8\_JOB_lr1e-4_b8_05_09_2026__17_43_model_f48_k4_epoch_00002_helu_osigmoid_(1, 1)_.h5

Epoch 2: val_loss improved from 0.42502 to 0.41885, saving model to C:\d_surucusu\visual_navigation\benchmark\models_pipeline\_lr_batch_probe\lr1e-4_b8\_JOB_lr1e-4_b8_05_09_2026__17_43_best_val_loss_model_f48_k4.h5

Epoch 2: val_mae did not improve from 0.45792

Epoch 2: val_ssim_metric did not improve from 0.41865

652/652 [==============================] - 285s 437ms/step - loss: 0.4123 - mae: 0.4617 - mse: 0.4529 - ssim_metric: 0.4145 - val_loss: 0.4188 - val_mae: 0.4731 - val_mse: 0.4654 - val_ssim_metric: 0.4074
Epoch 3/6

  1/652 [..............................] - ETA: 4:45 - loss: 0.4792 - mae: 0.5111 - mse: 0.5027 - ssim_metric: 0.3650
  2/652 [..............................] - ETA: 4:27 - loss: 0.4379 - mae: 0.4760 - mse: 0.4676 - ssim_metric: 0.3920
  3/652 [..............................] - ETA: 4:26 - loss: 0.4076 - mae: 0.4439 - mse: 0.4352 - ssim_metric: 0.4348
  4/652 [..............................] - ETA: 4:27 - loss: 0.4013 - mae: 0.4284 - mse: 0.4190 - ssim_metric: 0.4430
  5/652 [..............................] - ETA: 4:26 - loss: 0.4087 - mae: 0.4275 - mse: 0.4170 - ssim_metric: 0.4332
  6/652 [..............................] - ETA: 4:26 - loss: 0.3977 - mae: 0.4329 - mse: 0.4218 - ssim_metric: 0.4340
  7/652 [..............................] - ETA: 4:25 - loss: 0.3939 - mae: 0.4357 - mse: 0.4248 - ssim_metric: 0.4318
  8/652 [..............................] - ETA: 4:25 - loss: 0.3877 - mae: 0.4390 - mse: 0.4283 - ssim_metric: 0.4304
  9/652 [..............................] - ETA: 4:24 - loss: 0.3913 - mae: 0.4431 - mse: 0.4321 - ssim_metric: 0.4273
 10/652 [..............................] - ETA: 4:24 - loss: 0.3834 - mae: 0.4328 - mse: 0.4212 - ssim_metric: 0.4408
 11/652 [..............................] - ETA: 4:23 - loss: 0.3867 - mae: 0.4388 - mse: 0.4272 - ssim_metric: 0.4345
 12/652 [..............................] - ETA: 4:23 - loss: 0.3892 - mae: 0.4509 - mse: 0.4398 - ssim_metric: 0.4232
 13/652 [..............................] - ETA: 4:23 - loss: 0.3885 - mae: 0.4439 - mse: 0.4331 - ssim_metric: 0.4312
 14/652 [..............................] - ETA: 4:22 - loss: 0.3926 - mae: 0.4533 - mse: 0.4428 - ssim_metric: 0.4207
 15/652 [..............................] - ETA: 4:22 - loss: 0.3929 - mae: 0.4498 - mse: 0.4396 - ssim_metric: 0.4229
 16/652 [..............................] - ETA: 4:21 - loss: 0.3940 - mae: 0.4526 - mse: 0.4426 - ssim_metric: 0.4204
 17/652 [..............................] - ETA: 4:21 - loss: 0.3981 - mae: 0.4562 - mse: 0.4463 - ssim_metric: 0.4157
 18/652 [..............................] - ETA: 4:21 - loss: 0.4024 - mae: 0.4564 - mse: 0.4468 - ssim_metric: 0.4158
 19/652 [..............................] - ETA: 4:20 - loss: 0.4041 - mae: 0.4623 - mse: 0.4530 - ssim_metric: 0.4110
 20/652 [..............................] - ETA: 4:20 - loss: 0.4065 - mae: 0.4622 - mse: 0.4531 - ssim_metric: 0.4113
 21/652 [..............................] - ETA: 4:19 - loss: 0.4016 - mae: 0.4580 - mse: 0.4491 - ssim_metric: 0.4157
 22/652 [>.............................] - ETA: 4:19 - loss: 0.3969 - mae: 0.4583 - mse: 0.4497 - ssim_metric: 0.4155
 23/652 [>.............................] - ETA: 4:18 - loss: 0.3966 - mae: 0.4561 - mse: 0.4476 - ssim_metric: 0.4183
 24/652 [>.............................] - ETA: 4:18 - loss: 0.3967 - mae: 0.4594 - mse: 0.4511 - ssim_metric: 0.4139
 25/652 [>.............................] - ETA: 4:18 - loss: 0.3952 - mae: 0.4545 - mse: 0.4464 - ssim_metric: 0.4182
 26/652 [>.............................] - ETA: 4:17 - loss: 0.3963 - mae: 0.4577 - mse: 0.4497 - ssim_metric: 0.4145
 27/652 [>.............................] - ETA: 4:17 - loss: 0.4021 - mae: 0.4595 - mse: 0.4517 - ssim_metric: 0.4119
 28/652 [>.............................] - ETA: 4:16 - loss: 0.4046 - mae: 0.4666 - mse: 0.4589 - ssim_metric: 0.4054
 29/652 [>.............................] - ETA: 4:16 - loss: 0.4028 - mae: 0.4651 - mse: 0.4576 - ssim_metric: 0.4080
 30/652 [>.............................] - ETA: 4:16 - loss: 0.4021 - mae: 0.4589 - mse: 0.4515 - ssim_metric: 0.4143
 31/652 [>.............................] - ETA: 4:15 - loss: 0.4037 - mae: 0.4596 - mse: 0.4523 - ssim_metric: 0.4146
 32/652 [>.............................] - ETA: 4:15 - loss: 0.4038 - mae: 0.4591 - mse: 0.4520 - ssim_metric: 0.4151
 33/652 [>.............................] - ETA: 4:14 - loss: 0.4061 - mae: 0.4631 - mse: 0.4560 - ssim_metric: 0.4120
 34/652 [>.............................] - ETA: 4:14 - loss: 0.4066 - mae: 0.4615 - mse: 0.4545 - ssim_metric: 0.4126
 35/652 [>.............................] - ETA: 4:14 - loss: 0.4036 - mae: 0.4600 - mse: 0.4531 - ssim_metric: 0.4143
 36/652 [>.............................] - ETA: 4:13 - loss: 0.4041 - mae: 0.4619 - mse: 0.4551 - ssim_metric: 0.4128
 37/652 [>.............................] - ETA: 4:13 - loss: 0.4022 - mae: 0.4579 - mse: 0.4511 - ssim_metric: 0.4166
 38/652 [>.............................] - ETA: 4:12 - loss: 0.4029 - mae: 0.4616 - mse: 0.4550 - ssim_metric: 0.4127
 39/652 [>.............................] - ETA: 4:12 - loss: 0.4060 - mae: 0.4664 - mse: 0.4598 - ssim_metric: 0.4085
 40/652 [>.............................] - ETA: 4:11 - loss: 0.4089 - mae: 0.4687 - mse: 0.4621 - ssim_metric: 0.4066
 41/652 [>.............................] - ETA: 4:11 - loss: 0.4115 - mae: 0.4687 - mse: 0.4621 - ssim_metric: 0.4065
 42/652 [>.............................] - ETA: 4:11 - loss: 0.4109 - mae: 0.4661 - mse: 0.4596 - ssim_metric: 0.4095
 43/652 [>.............................] - ETA: 4:10 - loss: 0.4128 - mae: 0.4673 - mse: 0.4608 - ssim_metric: 0.4079
 44/652 [=>............................] - ETA: 4:10 - loss: 0.4108 - mae: 0.4640 - mse: 0.4575 - ssim_metric: 0.4109
 45/652 [=>............................] - ETA: 4:09 - loss: 0.4097 - mae: 0.4647 - mse: 0.4583 - ssim_metric: 0.4108
 46/652 [=>............................] - ETA: 4:09 - loss: 0.4124 - mae: 0.4633 - mse: 0.4569 - ssim_metric: 0.4134
 47/652 [=>............................] - ETA: 4:09 - loss: 0.4120 - mae: 0.4618 - mse: 0.4554 - ssim_metric: 0.4152
 48/652 [=>............................] - ETA: 4:08 - loss: 0.4115 - mae: 0.4614 - mse: 0.4550 - ssim_metric: 0.4154
 49/652 [=>............................] - ETA: 4:08 - loss: 0.4094 - mae: 0.4600 - mse: 0.4537 - ssim_metric: 0.4166
 50/652 [=>............................] - ETA: 4:07 - loss: 0.4112 - mae: 0.4607 - mse: 0.4543 - ssim_metric: 0.4149
 51/652 [=>............................] - ETA: 4:07 - loss: 0.4090 - mae: 0.4575 - mse: 0.4511 - ssim_metric: 0.4179
 52/652 [=>............................] - ETA: 4:07 - loss: 0.4083 - mae: 0.4557 - mse: 0.4491 - ssim_metric: 0.4195
 53/652 [=>............................] - ETA: 4:06 - loss: 0.4079 - mae: 0.4567 - mse: 0.4502 - ssim_metric: 0.4184
 54/652 [=>............................] - ETA: 4:06 - loss: 0.4052 - mae: 0.4539 - mse: 0.4474 - ssim_metric: 0.4221
 55/652 [=>............................] - ETA: 4:05 - loss: 0.4053 - mae: 0.4548 - mse: 0.4482 - ssim_metric: 0.4212
 56/652 [=>............................] - ETA: 4:05 - loss: 0.4078 - mae: 0.4554 - mse: 0.4488 - ssim_metric: 0.4206
 57/652 [=>............................] - ETA: 4:04 - loss: 0.4066 - mae: 0.4537 - mse: 0.4471 - ssim_metric: 0.4222
 58/652 [=>............................] - ETA: 4:04 - loss: 0.4061 - mae: 0.4529 - mse: 0.4462 - ssim_metric: 0.4227
 59/652 [=>............................] - ETA: 4:04 - loss: 0.4055 - mae: 0.4530 - mse: 0.4463 - ssim_metric: 0.4227
 60/652 [=>............................] - ETA: 4:03 - loss: 0.4047 - mae: 0.4527 - mse: 0.4460 - ssim_metric: 0.4236
 61/652 [=>............................] - ETA: 4:03 - loss: 0.4055 - mae: 0.4518 - mse: 0.4451 - ssim_metric: 0.4241
 62/652 [=>............................] - ETA: 4:02 - loss: 0.4071 - mae: 0.4540 - mse: 0.4473 - ssim_metric: 0.4216
 63/652 [=>............................] - ETA: 4:02 - loss: 0.4063 - mae: 0.4528 - mse: 0.4460 - ssim_metric: 0.4223
 64/652 [=>............................] - ETA: 4:02 - loss: 0.4044 - mae: 0.4507 - mse: 0.4439 - ssim_metric: 0.4239
 65/652 [=>............................] - ETA: 4:01 - loss: 0.4058 - mae: 0.4520 - mse: 0.4452 - ssim_metric: 0.4233
 66/652 [==>...........................] - ETA: 4:01 - loss: 0.4067 - mae: 0.4526 - mse: 0.4457 - ssim_metric: 0.4230
 67/652 [==>...........................] - ETA: 4:00 - loss: 0.4067 - mae: 0.4535 - mse: 0.4467 - ssim_metric: 0.4219
 68/652 [==>...........................] - ETA: 4:00 - loss: 0.4069 - mae: 0.4546 - mse: 0.4477 - ssim_metric: 0.4207
 69/652 [==>...........................] - ETA: 3:59 - loss: 0.4073 - mae: 0.4552 - mse: 0.4483 - ssim_metric: 0.4201
 70/652 [==>...........................] - ETA: 3:59 - loss: 0.4068 - mae: 0.4525 - mse: 0.4455 - ssim_metric: 0.4226
 71/652 [==>...........................] - ETA: 3:59 - loss: 0.4075 - mae: 0.4531 - mse: 0.4460 - ssim_metric: 0.4220
 72/652 [==>...........................] - ETA: 3:58 - loss: 0.4079 - mae: 0.4533 - mse: 0.4462 - ssim_metric: 0.4213
 73/652 [==>...........................] - ETA: 3:58 - loss: 0.4071 - mae: 0.4516 - mse: 0.4444 - ssim_metric: 0.4232
 74/652 [==>...........................] - ETA: 3:57 - loss: 0.4075 - mae: 0.4515 - mse: 0.4443 - ssim_metric: 0.4230
 75/652 [==>...........................] - ETA: 3:57 - loss: 0.4090 - mae: 0.4533 - mse: 0.4460 - ssim_metric: 0.4212
 76/652 [==>...........................] - ETA: 3:57 - loss: 0.4094 - mae: 0.4538 - mse: 0.4465 - ssim_metric: 0.4208
 77/652 [==>...........................] - ETA: 3:56 - loss: 0.4090 - mae: 0.4528 - mse: 0.4455 - ssim_metric: 0.4217
 78/652 [==>...........................] - ETA: 3:56 - loss: 0.4089 - mae: 0.4544 - mse: 0.4470 - ssim_metric: 0.4205
 79/652 [==>...........................] - ETA: 3:55 - loss: 0.4098 - mae: 0.4569 - mse: 0.4496 - ssim_metric: 0.4184
 80/652 [==>...........................] - ETA: 3:55 - loss: 0.4092 - mae: 0.4567 - mse: 0.4493 - ssim_metric: 0.4188
 81/652 [==>...........................] - ETA: 3:55 - loss: 0.4083 - mae: 0.4554 - mse: 0.4481 - ssim_metric: 0.4201
 82/652 [==>...........................] - ETA: 3:54 - loss: 0.4071 - mae: 0.4539 - mse: 0.4466 - ssim_metric: 0.4217
 83/652 [==>...........................] - ETA: 3:54 - loss: 0.4081 - mae: 0.4540 - mse: 0.4467 - ssim_metric: 0.4217
 84/652 [==>...........................] - ETA: 3:53 - loss: 0.4076 - mae: 0.4529 - mse: 0.4456 - ssim_metric: 0.4228
 85/652 [==>...........................] - ETA: 3:53 - loss: 0.4079 - mae: 0.4536 - mse: 0.4463 - ssim_metric: 0.4221
 86/652 [==>...........................] - ETA: 3:52 - loss: 0.4076 - mae: 0.4526 - mse: 0.4453 - ssim_metric: 0.4230
 87/652 [===>..........................] - ETA: 3:52 - loss: 0.4080 - mae: 0.4539 - mse: 0.4466 - ssim_metric: 0.4216
 88/652 [===>..........................] - ETA: 3:52 - loss: 0.4072 - mae: 0.4533 - mse: 0.4461 - ssim_metric: 0.4219
 89/652 [===>..........................] - ETA: 3:51 - loss: 0.4069 - mae: 0.4540 - mse: 0.4468 - ssim_metric: 0.4212
 90/652 [===>..........................] - ETA: 3:51 - loss: 0.4067 - mae: 0.4545 - mse: 0.4474 - ssim_metric: 0.4203
 91/652 [===>..........................] - ETA: 3:50 - loss: 0.4057 - mae: 0.4526 - mse: 0.4455 - ssim_metric: 0.4225
 92/652 [===>..........................] - ETA: 3:50 - loss: 0.4052 - mae: 0.4525 - mse: 0.4454 - ssim_metric: 0.4225
 93/652 [===>..........................] - ETA: 3:50 - loss: 0.4051 - mae: 0.4527 - mse: 0.4456 - ssim_metric: 0.4220
 94/652 [===>..........................] - ETA: 3:49 - loss: 0.4054 - mae: 0.4524 - mse: 0.4454 - ssim_metric: 0.4226
 95/652 [===>..........................] - ETA: 3:49 - loss: 0.4055 - mae: 0.4513 - mse: 0.4443 - ssim_metric: 0.4238
 96/652 [===>..........................] - ETA: 3:48 - loss: 0.4064 - mae: 0.4521 - mse: 0.4451 - ssim_metric: 0.4232
 97/652 [===>..........................] - ETA: 3:48 - loss: 0.4078 - mae: 0.4519 - mse: 0.4449 - ssim_metric: 0.4235
 98/652 [===>..........................] - ETA: 3:48 - loss: 0.4076 - mae: 0.4522 - mse: 0.4452 - ssim_metric: 0.4229
 99/652 [===>..........................] - ETA: 3:47 - loss: 0.4068 - mae: 0.4508 - mse: 0.4439 - ssim_metric: 0.4247
100/652 [===>..........................] - ETA: 3:47 - loss: 0.4067 - mae: 0.4518 - mse: 0.4449 - ssim_metric: 0.4238
101/652 [===>..........................] - ETA: 3:46 - loss: 0.4074 - mae: 0.4527 - mse: 0.4458 - ssim_metric: 0.4230
102/652 [===>..........................] - ETA: 3:46 - loss: 0.4072 - mae: 0.4533 - mse: 0.4464 - ssim_metric: 0.4223
103/652 [===>..........................] - ETA: 3:46 - loss: 0.4071 - mae: 0.4528 - mse: 0.4459 - ssim_metric: 0.4227
104/652 [===>..........................] - ETA: 3:45 - loss: 0.4067 - mae: 0.4517 - mse: 0.4448 - ssim_metric: 0.4240
105/652 [===>..........................] - ETA: 3:45 - loss: 0.4064 - mae: 0.4509 - mse: 0.4440 - ssim_metric: 0.4248
106/652 [===>..........................] - ETA: 3:44 - loss: 0.4070 - mae: 0.4510 - mse: 0.4441 - ssim_metric: 0.4244
107/652 [===>..........................] - ETA: 3:44 - loss: 0.4061 - mae: 0.4507 - mse: 0.4439 - ssim_metric: 0.4250
108/652 [===>..........................] - ETA: 3:43 - loss: 0.4063 - mae: 0.4518 - mse: 0.4450 - ssim_metric: 0.4241
109/652 [====>.........................] - ETA: 3:43 - loss: 0.4058 - mae: 0.4513 - mse: 0.4445 - ssim_metric: 0.4245
110/652 [====>.........................] - ETA: 3:43 - loss: 0.4063 - mae: 0.4517 - mse: 0.4448 - ssim_metric: 0.4242
111/652 [====>.........................] - ETA: 3:42 - loss: 0.4064 - mae: 0.4516 - mse: 0.4447 - ssim_metric: 0.4240
112/652 [====>.........................] - ETA: 3:42 - loss: 0.4064 - mae: 0.4525 - mse: 0.4457 - ssim_metric: 0.4234
113/652 [====>.........................] - ETA: 3:41 - loss: 0.4062 - mae: 0.4514 - mse: 0.4446 - ssim_metric: 0.4243
114/652 [====>.........................] - ETA: 3:41 - loss: 0.4063 - mae: 0.4521 - mse: 0.4452 - ssim_metric: 0.4238
115/652 [====>.........................] - ETA: 3:41 - loss: 0.4061 - mae: 0.4524 - mse: 0.4456 - ssim_metric: 0.4234
116/652 [====>.........................] - ETA: 3:40 - loss: 0.4054 - mae: 0.4513 - mse: 0.4444 - ssim_metric: 0.4246
117/652 [====>.........................] - ETA: 3:40 - loss: 0.4064 - mae: 0.4515 - mse: 0.4446 - ssim_metric: 0.4243
118/652 [====>.........................] - ETA: 3:39 - loss: 0.4069 - mae: 0.4523 - mse: 0.4455 - ssim_metric: 0.4234
119/652 [====>.........................] - ETA: 3:39 - loss: 0.4067 - mae: 0.4518 - mse: 0.4449 - ssim_metric: 0.4237
120/652 [====>.........................] - ETA: 3:39 - loss: 0.4061 - mae: 0.4508 - mse: 0.4439 - ssim_metric: 0.4248
121/652 [====>.........................] - ETA: 3:38 - loss: 0.4056 - mae: 0.4498 - mse: 0.4430 - ssim_metric: 0.4260
122/652 [====>.........................] - ETA: 3:38 - loss: 0.4050 - mae: 0.4485 - mse: 0.4416 - ssim_metric: 0.4273
123/652 [====>.........................] - ETA: 3:37 - loss: 0.4062 - mae: 0.4505 - mse: 0.4436 - ssim_metric: 0.4258
124/652 [====>.........................] - ETA: 3:37 - loss: 0.4057 - mae: 0.4497 - mse: 0.4427 - ssim_metric: 0.4266
125/652 [====>.........................] - ETA: 3:36 - loss: 0.4059 - mae: 0.4495 - mse: 0.4425 - ssim_metric: 0.4267
126/652 [====>.........................] - ETA: 3:36 - loss: 0.4059 - mae: 0.4499 - mse: 0.4429 - ssim_metric: 0.4261
127/652 [====>.........................] - ETA: 3:36 - loss: 0.4057 - mae: 0.4501 - mse: 0.4431 - ssim_metric: 0.4261
128/652 [====>.........................] - ETA: 3:35 - loss: 0.4051 - mae: 0.4493 - mse: 0.4423 - ssim_metric: 0.4273
129/652 [====>.........................] - ETA: 3:35 - loss: 0.4048 - mae: 0.4486 - mse: 0.4416 - ssim_metric: 0.4282
130/652 [====>.........................] - ETA: 3:34 - loss: 0.4047 - mae: 0.4482 - mse: 0.4413 - ssim_metric: 0.4287
131/652 [=====>........................] - ETA: 3:34 - loss: 0.4051 - mae: 0.4502 - mse: 0.4433 - ssim_metric: 0.4270
132/652 [=====>........................] - ETA: 3:34 - loss: 0.4048 - mae: 0.4499 - mse: 0.4430 - ssim_metric: 0.4271
133/652 [=====>........................] - ETA: 3:33 - loss: 0.4047 - mae: 0.4504 - mse: 0.4435 - ssim_metric: 0.4265
134/652 [=====>........................] - ETA: 3:33 - loss: 0.4048 - mae: 0.4512 - mse: 0.4443 - ssim_metric: 0.4259
135/652 [=====>........................] - ETA: 3:32 - loss: 0.4048 - mae: 0.4517 - mse: 0.4449 - ssim_metric: 0.4252
136/652 [=====>........................] - ETA: 3:32 - loss: 0.4053 - mae: 0.4525 - mse: 0.4456 - ssim_metric: 0.4245
137/652 [=====>........................] - ETA: 3:32 - loss: 0.4050 - mae: 0.4531 - mse: 0.4463 - ssim_metric: 0.4238
138/652 [=====>........................] - ETA: 3:31 - loss: 0.4058 - mae: 0.4545 - mse: 0.4476 - ssim_metric: 0.4226
139/652 [=====>........................] - ETA: 3:31 - loss: 0.4054 - mae: 0.4549 - mse: 0.4481 - ssim_metric: 0.4222
140/652 [=====>........................] - ETA: 3:30 - loss: 0.4053 - mae: 0.4547 - mse: 0.4479 - ssim_metric: 0.4223
141/652 [=====>........................] - ETA: 3:30 - loss: 0.4054 - mae: 0.4553 - mse: 0.4486 - ssim_metric: 0.4218
142/652 [=====>........................] - ETA: 3:29 - loss: 0.4052 - mae: 0.4551 - mse: 0.4484 - ssim_metric: 0.4219
143/652 [=====>........................] - ETA: 3:29 - loss: 0.4061 - mae: 0.4559 - mse: 0.4491 - ssim_metric: 0.4210
144/652 [=====>........................] - ETA: 3:29 - loss: 0.4059 - mae: 0.4562 - mse: 0.4494 - ssim_metric: 0.4206
145/652 [=====>........................] - ETA: 3:28 - loss: 0.4060 - mae: 0.4567 - mse: 0.4499 - ssim_metric: 0.4199
146/652 [=====>........................] - ETA: 3:28 - loss: 0.4065 - mae: 0.4566 - mse: 0.4498 - ssim_metric: 0.4199
147/652 [=====>........................] - ETA: 3:27 - loss: 0.4057 - mae: 0.4558 - mse: 0.4490 - ssim_metric: 0.4208
148/652 [=====>........................] - ETA: 3:27 - loss: 0.4061 - mae: 0.4575 - mse: 0.4508 - ssim_metric: 0.4193
149/652 [=====>........................] - ETA: 3:27 - loss: 0.4060 - mae: 0.4579 - mse: 0.4512 - ssim_metric: 0.4189
150/652 [=====>........................] - ETA: 3:26 - loss: 0.4064 - mae: 0.4579 - mse: 0.4512 - ssim_metric: 0.4188
151/652 [=====>........................] - ETA: 3:26 - loss: 0.4063 - mae: 0.4574 - mse: 0.4507 - ssim_metric: 0.4193
152/652 [=====>........................] - ETA: 3:25 - loss: 0.4070 - mae: 0.4585 - mse: 0.4518 - ssim_metric: 0.4184
153/652 [======>.......................] - ETA: 3:25 - loss: 0.4068 - mae: 0.4591 - mse: 0.4525 - ssim_metric: 0.4179
154/652 [======>.......................] - ETA: 3:25 - loss: 0.4071 - mae: 0.4601 - mse: 0.4534 - ssim_metric: 0.4171
155/652 [======>.......................] - ETA: 3:24 - loss: 0.4074 - mae: 0.4609 - mse: 0.4542 - ssim_metric: 0.4164
156/652 [======>.......................] - ETA: 3:24 - loss: 0.4075 - mae: 0.4606 - mse: 0.4539 - ssim_metric: 0.4170
157/652 [======>.......................] - ETA: 3:23 - loss: 0.4084 - mae: 0.4610 - mse: 0.4543 - ssim_metric: 0.4166
158/652 [======>.......................] - ETA: 3:23 - loss: 0.4082 - mae: 0.4617 - mse: 0.4551 - ssim_metric: 0.4162
159/652 [======>.......................] - ETA: 3:22 - loss: 0.4082 - mae: 0.4610 - mse: 0.4543 - ssim_metric: 0.4167
160/652 [======>.......................] - ETA: 3:22 - loss: 0.4076 - mae: 0.4603 - mse: 0.4536 - ssim_metric: 0.4173
161/652 [======>.......................] - ETA: 3:22 - loss: 0.4075 - mae: 0.4608 - mse: 0.4541 - ssim_metric: 0.4169
162/652 [======>.......................] - ETA: 3:21 - loss: 0.4072 - mae: 0.4602 - mse: 0.4535 - ssim_metric: 0.4174
163/652 [======>.......................] - ETA: 3:21 - loss: 0.4069 - mae: 0.4601 - mse: 0.4534 - ssim_metric: 0.4175
164/652 [======>.......................] - ETA: 3:20 - loss: 0.4068 - mae: 0.4589 - mse: 0.4522 - ssim_metric: 0.4184
165/652 [======>.......................] - ETA: 3:20 - loss: 0.4066 - mae: 0.4598 - mse: 0.4531 - ssim_metric: 0.4178
166/652 [======>.......................] - ETA: 3:20 - loss: 0.4066 - mae: 0.4600 - mse: 0.4533 - ssim_metric: 0.4177
167/652 [======>.......................] - ETA: 3:19 - loss: 0.4062 - mae: 0.4596 - mse: 0.4528 - ssim_metric: 0.4180
168/652 [======>.......................] - ETA: 3:19 - loss: 0.4062 - mae: 0.4596 - mse: 0.4529 - ssim_metric: 0.4180
169/652 [======>.......................] - ETA: 3:18 - loss: 0.4056 - mae: 0.4594 - mse: 0.4526 - ssim_metric: 0.4182
170/652 [======>.......................] - ETA: 3:18 - loss: 0.4055 - mae: 0.4592 - mse: 0.4524 - ssim_metric: 0.4187
171/652 [======>.......................] - ETA: 3:18 - loss: 0.4055 - mae: 0.4594 - mse: 0.4527 - ssim_metric: 0.4185
172/652 [======>.......................] - ETA: 3:17 - loss: 0.4051 - mae: 0.4591 - mse: 0.4523 - ssim_metric: 0.4189
173/652 [======>.......................] - ETA: 3:17 - loss: 0.4055 - mae: 0.4597 - mse: 0.4529 - ssim_metric: 0.4181
174/652 [=======>......................] - ETA: 3:16 - loss: 0.4053 - mae: 0.4595 - mse: 0.4527 - ssim_metric: 0.4184
175/652 [=======>......................] - ETA: 3:16 - loss: 0.4052 - mae: 0.4596 - mse: 0.4529 - ssim_metric: 0.4181
176/652 [=======>......................] - ETA: 3:15 - loss: 0.4050 - mae: 0.4597 - mse: 0.4530 - ssim_metric: 0.4179
177/652 [=======>......................] - ETA: 3:15 - loss: 0.4047 - mae: 0.4595 - mse: 0.4528 - ssim_metric: 0.4181
178/652 [=======>......................] - ETA: 3:15 - loss: 0.4044 - mae: 0.4592 - mse: 0.4524 - ssim_metric: 0.4185
179/652 [=======>......................] - ETA: 3:14 - loss: 0.4042 - mae: 0.4592 - mse: 0.4524 - ssim_metric: 0.4185
180/652 [=======>......................] - ETA: 3:14 - loss: 0.4045 - mae: 0.4593 - mse: 0.4526 - ssim_metric: 0.4181
181/652 [=======>......................] - ETA: 3:13 - loss: 0.4046 - mae: 0.4588 - mse: 0.4521 - ssim_metric: 0.4187
182/652 [=======>......................] - ETA: 3:13 - loss: 0.4047 - mae: 0.4596 - mse: 0.4529 - ssim_metric: 0.4179
183/652 [=======>......................] - ETA: 3:13 - loss: 0.4051 - mae: 0.4606 - mse: 0.4539 - ssim_metric: 0.4169
184/652 [=======>......................] - ETA: 3:12 - loss: 0.4052 - mae: 0.4609 - mse: 0.4542 - ssim_metric: 0.4168
185/652 [=======>......................] - ETA: 3:12 - loss: 0.4056 - mae: 0.4610 - mse: 0.4543 - ssim_metric: 0.4166
186/652 [=======>......................] - ETA: 3:11 - loss: 0.4052 - mae: 0.4614 - mse: 0.4547 - ssim_metric: 0.4164
187/652 [=======>......................] - ETA: 3:11 - loss: 0.4064 - mae: 0.4618 - mse: 0.4551 - ssim_metric: 0.4160
188/652 [=======>......................] - ETA: 3:11 - loss: 0.4063 - mae: 0.4614 - mse: 0.4547 - ssim_metric: 0.4161
189/652 [=======>......................] - ETA: 3:10 - loss: 0.4063 - mae: 0.4609 - mse: 0.4542 - ssim_metric: 0.4165
190/652 [=======>......................] - ETA: 3:10 - loss: 0.4065 - mae: 0.4613 - mse: 0.4546 - ssim_metric: 0.4161
191/652 [=======>......................] - ETA: 3:09 - loss: 0.4068 - mae: 0.4618 - mse: 0.4550 - ssim_metric: 0.4156
192/652 [=======>......................] - ETA: 3:09 - loss: 0.4066 - mae: 0.4615 - mse: 0.4547 - ssim_metric: 0.4159
193/652 [=======>......................] - ETA: 3:08 - loss: 0.4066 - mae: 0.4618 - mse: 0.4550 - ssim_metric: 0.4157
194/652 [=======>......................] - ETA: 3:08 - loss: 0.4061 - mae: 0.4614 - mse: 0.4545 - ssim_metric: 0.4161
195/652 [=======>......................] - ETA: 3:08 - loss: 0.4061 - mae: 0.4612 - mse: 0.4543 - ssim_metric: 0.4164
196/652 [========>.....................] - ETA: 3:07 - loss: 0.4064 - mae: 0.4614 - mse: 0.4545 - ssim_metric: 0.4163
197/652 [========>.....................] - ETA: 3:07 - loss: 0.4064 - mae: 0.4613 - mse: 0.4544 - ssim_metric: 0.4164
198/652 [========>.....................] - ETA: 3:06 - loss: 0.4061 - mae: 0.4610 - mse: 0.4541 - ssim_metric: 0.4167
199/652 [========>.....................] - ETA: 3:06 - loss: 0.4062 - mae: 0.4613 - mse: 0.4545 - ssim_metric: 0.4163
200/652 [========>.....................] - ETA: 3:06 - loss: 0.4057 - mae: 0.4607 - mse: 0.4538 - ssim_metric: 0.4171
201/652 [========>.....................] - ETA: 3:05 - loss: 0.4060 - mae: 0.4609 - mse: 0.4540 - ssim_metric: 0.4169
202/652 [========>.....................] - ETA: 3:05 - loss: 0.4061 - mae: 0.4603 - mse: 0.4535 - ssim_metric: 0.4173
203/652 [========>.....................] - ETA: 3:04 - loss: 0.4060 - mae: 0.4604 - mse: 0.4536 - ssim_metric: 0.4172
204/652 [========>.....................] - ETA: 3:04 - loss: 0.4058 - mae: 0.4601 - mse: 0.4532 - ssim_metric: 0.4175
205/652 [========>.....................] - ETA: 3:04 - loss: 0.4059 - mae: 0.4605 - mse: 0.4537 - ssim_metric: 0.4170
206/652 [========>.....................] - ETA: 3:03 - loss: 0.4060 - mae: 0.4607 - mse: 0.4539 - ssim_metric: 0.4168
207/652 [========>.....................] - ETA: 3:03 - loss: 0.4058 - mae: 0.4604 - mse: 0.4536 - ssim_metric: 0.4171
208/652 [========>.....................] - ETA: 3:02 - loss: 0.4060 - mae: 0.4606 - mse: 0.4538 - ssim_metric: 0.4170
209/652 [========>.....................] - ETA: 3:02 - loss: 0.4060 - mae: 0.4608 - mse: 0.4540 - ssim_metric: 0.4168
210/652 [========>.....................] - ETA: 3:01 - loss: 0.4057 - mae: 0.4604 - mse: 0.4536 - ssim_metric: 0.4170
211/652 [========>.....................] - ETA: 3:01 - loss: 0.4054 - mae: 0.4604 - mse: 0.4537 - ssim_metric: 0.4170
212/652 [========>.....................] - ETA: 3:01 - loss: 0.4054 - mae: 0.4603 - mse: 0.4536 - ssim_metric: 0.4172
213/652 [========>.....................] - ETA: 3:00 - loss: 0.4056 - mae: 0.4602 - mse: 0.4535 - ssim_metric: 0.4174
214/652 [========>.....................] - ETA: 3:00 - loss: 0.4054 - mae: 0.4597 - mse: 0.4529 - ssim_metric: 0.4179
215/652 [========>.....................] - ETA: 2:59 - loss: 0.4062 - mae: 0.4601 - mse: 0.4534 - ssim_metric: 0.4176
216/652 [========>.....................] - ETA: 2:59 - loss: 0.4060 - mae: 0.4601 - mse: 0.4534 - ssim_metric: 0.4175
217/652 [========>.....................] - ETA: 2:59 - loss: 0.4064 - mae: 0.4604 - mse: 0.4537 - ssim_metric: 0.4174
218/652 [=========>....................] - ETA: 2:58 - loss: 0.4061 - mae: 0.4606 - mse: 0.4539 - ssim_metric: 0.4174
219/652 [=========>....................] - ETA: 2:58 - loss: 0.4066 - mae: 0.4609 - mse: 0.4542 - ssim_metric: 0.4170
220/652 [=========>....................] - ETA: 2:57 - loss: 0.4063 - mae: 0.4606 - mse: 0.4539 - ssim_metric: 0.4172
221/652 [=========>....................] - ETA: 2:57 - loss: 0.4061 - mae: 0.4604 - mse: 0.4537 - ssim_metric: 0.4173
222/652 [=========>....................] - ETA: 2:57 - loss: 0.4064 - mae: 0.4603 - mse: 0.4536 - ssim_metric: 0.4176
223/652 [=========>....................] - ETA: 2:56 - loss: 0.4062 - mae: 0.4604 - mse: 0.4538 - ssim_metric: 0.4174
224/652 [=========>....................] - ETA: 2:56 - loss: 0.4057 - mae: 0.4598 - mse: 0.4532 - ssim_metric: 0.4181
225/652 [=========>....................] - ETA: 2:55 - loss: 0.4058 - mae: 0.4597 - mse: 0.4531 - ssim_metric: 0.4183
226/652 [=========>....................] - ETA: 2:55 - loss: 0.4056 - mae: 0.4593 - mse: 0.4527 - ssim_metric: 0.4186
227/652 [=========>....................] - ETA: 2:54 - loss: 0.4058 - mae: 0.4602 - mse: 0.4536 - ssim_metric: 0.4178
228/652 [=========>....................] - ETA: 2:54 - loss: 0.4054 - mae: 0.4597 - mse: 0.4531 - ssim_metric: 0.4184
229/652 [=========>....................] - ETA: 2:54 - loss: 0.4058 - mae: 0.4601 - mse: 0.4535 - ssim_metric: 0.4180
230/652 [=========>....................] - ETA: 2:53 - loss: 0.4055 - mae: 0.4599 - mse: 0.4533 - ssim_metric: 0.4182
231/652 [=========>....................] - ETA: 2:53 - loss: 0.4054 - mae: 0.4603 - mse: 0.4537 - ssim_metric: 0.4178
232/652 [=========>....................] - ETA: 2:52 - loss: 0.4058 - mae: 0.4607 - mse: 0.4541 - ssim_metric: 0.4173
233/652 [=========>....................] - ETA: 2:52 - loss: 0.4057 - mae: 0.4604 - mse: 0.4538 - ssim_metric: 0.4176
234/652 [=========>....................] - ETA: 2:52 - loss: 0.4062 - mae: 0.4608 - mse: 0.4542 - ssim_metric: 0.4171
235/652 [=========>....................] - ETA: 2:51 - loss: 0.4060 - mae: 0.4602 - mse: 0.4536 - ssim_metric: 0.4177
236/652 [=========>....................] - ETA: 2:51 - loss: 0.4059 - mae: 0.4595 - mse: 0.4529 - ssim_metric: 0.4184
237/652 [=========>....................] - ETA: 2:50 - loss: 0.4062 - mae: 0.4594 - mse: 0.4527 - ssim_metric: 0.4185
238/652 [=========>....................] - ETA: 2:50 - loss: 0.4060 - mae: 0.4594 - mse: 0.4527 - ssim_metric: 0.4185
239/652 [=========>....................] - ETA: 2:50 - loss: 0.4059 - mae: 0.4592 - mse: 0.4525 - ssim_metric: 0.4188
240/652 [==========>...................] - ETA: 2:49 - loss: 0.4059 - mae: 0.4592 - mse: 0.4525 - ssim_metric: 0.4187
241/652 [==========>...................] - ETA: 2:49 - loss: 0.4059 - mae: 0.4591 - mse: 0.4524 - ssim_metric: 0.4189
242/652 [==========>...................] - ETA: 2:48 - loss: 0.4056 - mae: 0.4588 - mse: 0.4521 - ssim_metric: 0.4193
243/652 [==========>...................] - ETA: 2:48 - loss: 0.4060 - mae: 0.4589 - mse: 0.4522 - ssim_metric: 0.4192
244/652 [==========>...................] - ETA: 2:47 - loss: 0.4062 - mae: 0.4589 - mse: 0.4522 - ssim_metric: 0.4191
245/652 [==========>...................] - ETA: 2:47 - loss: 0.4060 - mae: 0.4590 - mse: 0.4523 - ssim_metric: 0.4190
246/652 [==========>...................] - ETA: 2:47 - loss: 0.4056 - mae: 0.4586 - mse: 0.4519 - ssim_metric: 0.4194
247/652 [==========>...................] - ETA: 2:46 - loss: 0.4054 - mae: 0.4586 - mse: 0.4519 - ssim_metric: 0.4193
248/652 [==========>...................] - ETA: 2:46 - loss: 0.4052 - mae: 0.4589 - mse: 0.4522 - ssim_metric: 0.4189
249/652 [==========>...................] - ETA: 2:45 - loss: 0.4060 - mae: 0.4598 - mse: 0.4531 - ssim_metric: 0.4182
250/652 [==========>...................] - ETA: 2:45 - loss: 0.4058 - mae: 0.4596 - mse: 0.4529 - ssim_metric: 0.4185
251/652 [==========>...................] - ETA: 2:45 - loss: 0.4064 - mae: 0.4600 - mse: 0.4534 - ssim_metric: 0.4180
252/652 [==========>...................] - ETA: 2:44 - loss: 0.4064 - mae: 0.4604 - mse: 0.4537 - ssim_metric: 0.4176
253/652 [==========>...................] - ETA: 2:44 - loss: 0.4065 - mae: 0.4608 - mse: 0.4541 - ssim_metric: 0.4174
254/652 [==========>...................] - ETA: 2:43 - loss: 0.4067 - mae: 0.4611 - mse: 0.4545 - ssim_metric: 0.4172
255/652 [==========>...................] - ETA: 2:43 - loss: 0.4069 - mae: 0.4613 - mse: 0.4546 - ssim_metric: 0.4169
256/652 [==========>...................] - ETA: 2:43 - loss: 0.4067 - mae: 0.4608 - mse: 0.4541 - ssim_metric: 0.4174
257/652 [==========>...................] - ETA: 2:42 - loss: 0.4070 - mae: 0.4611 - mse: 0.4544 - ssim_metric: 0.4172
258/652 [==========>...................] - ETA: 2:42 - loss: 0.4071 - mae: 0.4612 - mse: 0.4545 - ssim_metric: 0.4171
259/652 [==========>...................] - ETA: 2:41 - loss: 0.4070 - mae: 0.4614 - mse: 0.4547 - ssim_metric: 0.4169
260/652 [==========>...................] - ETA: 2:41 - loss: 0.4070 - mae: 0.4615 - mse: 0.4548 - ssim_metric: 0.4167
261/652 [===========>..................] - ETA: 2:40 - loss: 0.4068 - mae: 0.4613 - mse: 0.4546 - ssim_metric: 0.4169
262/652 [===========>..................] - ETA: 2:40 - loss: 0.4068 - mae: 0.4609 - mse: 0.4542 - ssim_metric: 0.4173
263/652 [===========>..................] - ETA: 2:40 - loss: 0.4068 - mae: 0.4607 - mse: 0.4541 - ssim_metric: 0.4174
264/652 [===========>..................] - ETA: 2:39 - loss: 0.4069 - mae: 0.4611 - mse: 0.4545 - ssim_metric: 0.4171
265/652 [===========>..................] - ETA: 2:39 - loss: 0.4066 - mae: 0.4610 - mse: 0.4544 - ssim_metric: 0.4172
266/652 [===========>..................] - ETA: 2:38 - loss: 0.4063 - mae: 0.4608 - mse: 0.4542 - ssim_metric: 0.4174
267/652 [===========>..................] - ETA: 2:38 - loss: 0.4061 - mae: 0.4608 - mse: 0.4542 - ssim_metric: 0.4173
268/652 [===========>..................] - ETA: 2:38 - loss: 0.4063 - mae: 0.4610 - mse: 0.4543 - ssim_metric: 0.4172
269/652 [===========>..................] - ETA: 2:37 - loss: 0.4064 - mae: 0.4613 - mse: 0.4546 - ssim_metric: 0.4169
270/652 [===========>..................] - ETA: 2:37 - loss: 0.4064 - mae: 0.4612 - mse: 0.4545 - ssim_metric: 0.4168
271/652 [===========>..................] - ETA: 2:36 - loss: 0.4062 - mae: 0.4613 - mse: 0.4546 - ssim_metric: 0.4166
272/652 [===========>..................] - ETA: 2:36 - loss: 0.4059 - mae: 0.4611 - mse: 0.4544 - ssim_metric: 0.4167
273/652 [===========>..................] - ETA: 2:36 - loss: 0.4063 - mae: 0.4617 - mse: 0.4550 - ssim_metric: 0.4160
274/652 [===========>..................] - ETA: 2:35 - loss: 0.4063 - mae: 0.4618 - mse: 0.4551 - ssim_metric: 0.4160
275/652 [===========>..................] - ETA: 2:35 - loss: 0.4063 - mae: 0.4620 - mse: 0.4552 - ssim_metric: 0.4157
276/652 [===========>..................] - ETA: 2:34 - loss: 0.4067 - mae: 0.4626 - mse: 0.4559 - ssim_metric: 0.4150
277/652 [===========>..................] - ETA: 2:34 - loss: 0.4063 - mae: 0.4623 - mse: 0.4555 - ssim_metric: 0.4154
278/652 [===========>..................] - ETA: 2:33 - loss: 0.4067 - mae: 0.4631 - mse: 0.4564 - ssim_metric: 0.4146
279/652 [===========>..................] - ETA: 2:33 - loss: 0.4063 - mae: 0.4629 - mse: 0.4562 - ssim_metric: 0.4148
280/652 [===========>..................] - ETA: 2:33 - loss: 0.4061 - mae: 0.4623 - mse: 0.4556 - ssim_metric: 0.4153
281/652 [===========>..................] - ETA: 2:32 - loss: 0.4061 - mae: 0.4620 - mse: 0.4553 - ssim_metric: 0.4155
282/652 [===========>..................] - ETA: 2:32 - loss: 0.4062 - mae: 0.4621 - mse: 0.4553 - ssim_metric: 0.4155
283/652 [============>.................] - ETA: 2:31 - loss: 0.4061 - mae: 0.4619 - mse: 0.4552 - ssim_metric: 0.4156
284/652 [============>.................] - ETA: 2:31 - loss: 0.4058 - mae: 0.4614 - mse: 0.4547 - ssim_metric: 0.4163
285/652 [============>.................] - ETA: 2:31 - loss: 0.4060 - mae: 0.4614 - mse: 0.4546 - ssim_metric: 0.4161
286/652 [============>.................] - ETA: 2:30 - loss: 0.4058 - mae: 0.4614 - mse: 0.4547 - ssim_metric: 0.4161
287/652 [============>.................] - ETA: 2:30 - loss: 0.4059 - mae: 0.4614 - mse: 0.4546 - ssim_metric: 0.4161
288/652 [============>.................] - ETA: 2:29 - loss: 0.4062 - mae: 0.4618 - mse: 0.4551 - ssim_metric: 0.4156
289/652 [============>.................] - ETA: 2:29 - loss: 0.4062 - mae: 0.4623 - mse: 0.4555 - ssim_metric: 0.4152
290/652 [============>.................] - ETA: 2:29 - loss: 0.4056 - mae: 0.4615 - mse: 0.4547 - ssim_metric: 0.4161
291/652 [============>.................] - ETA: 2:28 - loss: 0.4060 - mae: 0.4618 - mse: 0.4550 - ssim_metric: 0.4158
292/652 [============>.................] - ETA: 2:28 - loss: 0.4058 - mae: 0.4615 - mse: 0.4548 - ssim_metric: 0.4161
293/652 [============>.................] - ETA: 2:27 - loss: 0.4062 - mae: 0.4615 - mse: 0.4548 - ssim_metric: 0.4160
294/652 [============>.................] - ETA: 2:27 - loss: 0.4062 - mae: 0.4616 - mse: 0.4549 - ssim_metric: 0.4158
295/652 [============>.................] - ETA: 2:26 - loss: 0.4062 - mae: 0.4615 - mse: 0.4547 - ssim_metric: 0.4158
296/652 [============>.................] - ETA: 2:26 - loss: 0.4064 - mae: 0.4618 - mse: 0.4550 - ssim_metric: 0.4156
297/652 [============>.................] - ETA: 2:26 - loss: 0.4064 - mae: 0.4617 - mse: 0.4549 - ssim_metric: 0.4156
298/652 [============>.................] - ETA: 2:25 - loss: 0.4064 - mae: 0.4622 - mse: 0.4554 - ssim_metric: 0.4151
299/652 [============>.................] - ETA: 2:25 - loss: 0.4063 - mae: 0.4622 - mse: 0.4554 - ssim_metric: 0.4151
300/652 [============>.................] - ETA: 2:24 - loss: 0.4062 - mae: 0.4622 - mse: 0.4554 - ssim_metric: 0.4149
301/652 [============>.................] - ETA: 2:24 - loss: 0.4062 - mae: 0.4623 - mse: 0.4555 - ssim_metric: 0.4147
302/652 [============>.................] - ETA: 2:24 - loss: 0.4061 - mae: 0.4623 - mse: 0.4555 - ssim_metric: 0.4147
303/652 [============>.................] - ETA: 2:23 - loss: 0.4062 - mae: 0.4625 - mse: 0.4557 - ssim_metric: 0.4143
304/652 [============>.................] - ETA: 2:23 - loss: 0.4067 - mae: 0.4625 - mse: 0.4556 - ssim_metric: 0.4143
305/652 [=============>................] - ETA: 2:22 - loss: 0.4065 - mae: 0.4623 - mse: 0.4555 - ssim_metric: 0.4144
306/652 [=============>................] - ETA: 2:22 - loss: 0.4064 - mae: 0.4623 - mse: 0.4554 - ssim_metric: 0.4144
307/652 [=============>................] - ETA: 2:22 - loss: 0.4064 - mae: 0.4623 - mse: 0.4555 - ssim_metric: 0.4145
308/652 [=============>................] - ETA: 2:21 - loss: 0.4063 - mae: 0.4621 - mse: 0.4552 - ssim_metric: 0.4147
309/652 [=============>................] - ETA: 2:21 - loss: 0.4063 - mae: 0.4621 - mse: 0.4552 - ssim_metric: 0.4147
310/652 [=============>................] - ETA: 2:20 - loss: 0.4068 - mae: 0.4622 - mse: 0.4554 - ssim_metric: 0.4146
311/652 [=============>................] - ETA: 2:20 - loss: 0.4066 - mae: 0.4623 - mse: 0.4554 - ssim_metric: 0.4146
312/652 [=============>................] - ETA: 2:19 - loss: 0.4068 - mae: 0.4627 - mse: 0.4558 - ssim_metric: 0.4143
313/652 [=============>................] - ETA: 2:19 - loss: 0.4066 - mae: 0.4624 - mse: 0.4556 - ssim_metric: 0.4146
314/652 [=============>................] - ETA: 2:19 - loss: 0.4070 - mae: 0.4626 - mse: 0.4558 - ssim_metric: 0.4142
315/652 [=============>................] - ETA: 2:18 - loss: 0.4066 - mae: 0.4621 - mse: 0.4552 - ssim_metric: 0.4148
316/652 [=============>................] - ETA: 2:18 - loss: 0.4065 - mae: 0.4623 - mse: 0.4555 - ssim_metric: 0.4146
317/652 [=============>................] - ETA: 2:17 - loss: 0.4064 - mae: 0.4618 - mse: 0.4550 - ssim_metric: 0.4150
318/652 [=============>................] - ETA: 2:17 - loss: 0.4068 - mae: 0.4622 - mse: 0.4554 - ssim_metric: 0.4146
319/652 [=============>................] - ETA: 2:17 - loss: 0.4065 - mae: 0.4618 - mse: 0.4550 - ssim_metric: 0.4149
320/652 [=============>................] - ETA: 2:16 - loss: 0.4064 - mae: 0.4616 - mse: 0.4548 - ssim_metric: 0.4150
321/652 [=============>................] - ETA: 2:16 - loss: 0.4061 - mae: 0.4613 - mse: 0.4545 - ssim_metric: 0.4153
322/652 [=============>................] - ETA: 2:15 - loss: 0.4060 - mae: 0.4614 - mse: 0.4545 - ssim_metric: 0.4152
323/652 [=============>................] - ETA: 2:15 - loss: 0.4059 - mae: 0.4612 - mse: 0.4544 - ssim_metric: 0.4154
324/652 [=============>................] - ETA: 2:15 - loss: 0.4059 - mae: 0.4615 - mse: 0.4546 - ssim_metric: 0.4151
325/652 [=============>................] - ETA: 2:14 - loss: 0.4062 - mae: 0.4618 - mse: 0.4549 - ssim_metric: 0.4150
326/652 [==============>...............] - ETA: 2:14 - loss: 0.4062 - mae: 0.4618 - mse: 0.4550 - ssim_metric: 0.4149
327/652 [==============>...............] - ETA: 2:13 - loss: 0.4061 - mae: 0.4616 - mse: 0.4547 - ssim_metric: 0.4152
328/652 [==============>...............] - ETA: 2:13 - loss: 0.4061 - mae: 0.4610 - mse: 0.4542 - ssim_metric: 0.4157
329/652 [==============>...............] - ETA: 2:12 - loss: 0.4061 - mae: 0.4611 - mse: 0.4542 - ssim_metric: 0.4157
330/652 [==============>...............] - ETA: 2:12 - loss: 0.4058 - mae: 0.4606 - mse: 0.4537 - ssim_metric: 0.4162
331/652 [==============>...............] - ETA: 2:12 - loss: 0.4063 - mae: 0.4608 - mse: 0.4540 - ssim_metric: 0.4160
332/652 [==============>...............] - ETA: 2:11 - loss: 0.4063 - mae: 0.4608 - mse: 0.4540 - ssim_metric: 0.4160
333/652 [==============>...............] - ETA: 2:11 - loss: 0.4062 - mae: 0.4609 - mse: 0.4541 - ssim_metric: 0.4159
334/652 [==============>...............] - ETA: 2:10 - loss: 0.4059 - mae: 0.4607 - mse: 0.4539 - ssim_metric: 0.4161
335/652 [==============>...............] - ETA: 2:10 - loss: 0.4055 - mae: 0.4602 - mse: 0.4534 - ssim_metric: 0.4165
336/652 [==============>...............] - ETA: 2:10 - loss: 0.4052 - mae: 0.4598 - mse: 0.4530 - ssim_metric: 0.4169
337/652 [==============>...............] - ETA: 2:09 - loss: 0.4053 - mae: 0.4598 - mse: 0.4529 - ssim_metric: 0.4168
338/652 [==============>...............] - ETA: 2:09 - loss: 0.4054 - mae: 0.4600 - mse: 0.4532 - ssim_metric: 0.4167
339/652 [==============>...............] - ETA: 2:08 - loss: 0.4054 - mae: 0.4601 - mse: 0.4533 - ssim_metric: 0.4166
340/652 [==============>...............] - ETA: 2:08 - loss: 0.4056 - mae: 0.4603 - mse: 0.4535 - ssim_metric: 0.4164
341/652 [==============>...............] - ETA: 2:08 - loss: 0.4055 - mae: 0.4605 - mse: 0.4537 - ssim_metric: 0.4161
342/652 [==============>...............] - ETA: 2:07 - loss: 0.4054 - mae: 0.4603 - mse: 0.4535 - ssim_metric: 0.4164
343/652 [==============>...............] - ETA: 2:07 - loss: 0.4052 - mae: 0.4600 - mse: 0.4531 - ssim_metric: 0.4168
344/652 [==============>...............] - ETA: 2:06 - loss: 0.4055 - mae: 0.4602 - mse: 0.4533 - ssim_metric: 0.4165
345/652 [==============>...............] - ETA: 2:06 - loss: 0.4055 - mae: 0.4603 - mse: 0.4535 - ssim_metric: 0.4164
346/652 [==============>...............] - ETA: 2:05 - loss: 0.4056 - mae: 0.4603 - mse: 0.4534 - ssim_metric: 0.4164
347/652 [==============>...............] - ETA: 2:05 - loss: 0.4056 - mae: 0.4604 - mse: 0.4535 - ssim_metric: 0.4163
348/652 [===============>..............] - ETA: 2:05 - loss: 0.4056 - mae: 0.4607 - mse: 0.4538 - ssim_metric: 0.4160
349/652 [===============>..............] - ETA: 2:04 - loss: 0.4053 - mae: 0.4605 - mse: 0.4536 - ssim_metric: 0.4163
350/652 [===============>..............] - ETA: 2:04 - loss: 0.4053 - mae: 0.4608 - mse: 0.4539 - ssim_metric: 0.4159
351/652 [===============>..............] - ETA: 2:03 - loss: 0.4052 - mae: 0.4607 - mse: 0.4539 - ssim_metric: 0.4160
352/652 [===============>..............] - ETA: 2:03 - loss: 0.4052 - mae: 0.4604 - mse: 0.4535 - ssim_metric: 0.4163
353/652 [===============>..............] - ETA: 2:03 - loss: 0.4056 - mae: 0.4605 - mse: 0.4536 - ssim_metric: 0.4163
354/652 [===============>..............] - ETA: 2:02 - loss: 0.4055 - mae: 0.4602 - mse: 0.4534 - ssim_metric: 0.4165
355/652 [===============>..............] - ETA: 2:02 - loss: 0.4052 - mae: 0.4600 - mse: 0.4532 - ssim_metric: 0.4167
356/652 [===============>..............] - ETA: 2:01 - loss: 0.4057 - mae: 0.4602 - mse: 0.4533 - ssim_metric: 0.4165
357/652 [===============>..............] - ETA: 2:01 - loss: 0.4054 - mae: 0.4596 - mse: 0.4528 - ssim_metric: 0.4170
358/652 [===============>..............] - ETA: 2:01 - loss: 0.4057 - mae: 0.4596 - mse: 0.4528 - ssim_metric: 0.4170
359/652 [===============>..............] - ETA: 2:00 - loss: 0.4056 - mae: 0.4597 - mse: 0.4529 - ssim_metric: 0.4168
360/652 [===============>..............] - ETA: 2:00 - loss: 0.4058 - mae: 0.4599 - mse: 0.4531 - ssim_metric: 0.4167
361/652 [===============>..............] - ETA: 1:59 - loss: 0.4056 - mae: 0.4598 - mse: 0.4530 - ssim_metric: 0.4167
362/652 [===============>..............] - ETA: 1:59 - loss: 0.4057 - mae: 0.4601 - mse: 0.4532 - ssim_metric: 0.4165
363/652 [===============>..............] - ETA: 1:58 - loss: 0.4055 - mae: 0.4601 - mse: 0.4532 - ssim_metric: 0.4164
364/652 [===============>..............] - ETA: 1:58 - loss: 0.4058 - mae: 0.4602 - mse: 0.4533 - ssim_metric: 0.4163
365/652 [===============>..............] - ETA: 1:58 - loss: 0.4057 - mae: 0.4602 - mse: 0.4533 - ssim_metric: 0.4162
366/652 [===============>..............] - ETA: 1:57 - loss: 0.4058 - mae: 0.4601 - mse: 0.4532 - ssim_metric: 0.4163
367/652 [===============>..............] - ETA: 1:57 - loss: 0.4058 - mae: 0.4602 - mse: 0.4533 - ssim_metric: 0.4162
368/652 [===============>..............] - ETA: 1:56 - loss: 0.4054 - mae: 0.4597 - mse: 0.4529 - ssim_metric: 0.4166
369/652 [===============>..............] - ETA: 1:56 - loss: 0.4053 - mae: 0.4598 - mse: 0.4529 - ssim_metric: 0.4165
370/652 [================>.............] - ETA: 1:56 - loss: 0.4053 - mae: 0.4599 - mse: 0.4530 - ssim_metric: 0.4163
371/652 [================>.............] - ETA: 1:55 - loss: 0.4051 - mae: 0.4600 - mse: 0.4531 - ssim_metric: 0.4161
372/652 [================>.............] - ETA: 1:55 - loss: 0.4050 - mae: 0.4603 - mse: 0.4534 - ssim_metric: 0.4159
373/652 [================>.............] - ETA: 1:54 - loss: 0.4049 - mae: 0.4603 - mse: 0.4534 - ssim_metric: 0.4159
374/652 [================>.............] - ETA: 1:54 - loss: 0.4049 - mae: 0.4603 - mse: 0.4534 - ssim_metric: 0.4159
375/652 [================>.............] - ETA: 1:54 - loss: 0.4050 - mae: 0.4603 - mse: 0.4534 - ssim_metric: 0.4159
376/652 [================>.............] - ETA: 1:53 - loss: 0.4053 - mae: 0.4601 - mse: 0.4533 - ssim_metric: 0.4161
377/652 [================>.............] - ETA: 1:53 - loss: 0.4054 - mae: 0.4603 - mse: 0.4535 - ssim_metric: 0.4161
378/652 [================>.............] - ETA: 1:52 - loss: 0.4054 - mae: 0.4604 - mse: 0.4535 - ssim_metric: 0.4160
379/652 [================>.............] - ETA: 1:52 - loss: 0.4056 - mae: 0.4606 - mse: 0.4537 - ssim_metric: 0.4159
380/652 [================>.............] - ETA: 1:51 - loss: 0.4056 - mae: 0.4609 - mse: 0.4541 - ssim_metric: 0.4155
381/652 [================>.............] - ETA: 1:51 - loss: 0.4056 - mae: 0.4615 - mse: 0.4547 - ssim_metric: 0.4151
382/652 [================>.............] - ETA: 1:51 - loss: 0.4057 - mae: 0.4614 - mse: 0.4546 - ssim_metric: 0.4152
383/652 [================>.............] - ETA: 1:50 - loss: 0.4055 - mae: 0.4609 - mse: 0.4541 - ssim_metric: 0.4158
384/652 [================>.............] - ETA: 1:50 - loss: 0.4054 - mae: 0.4611 - mse: 0.4543 - ssim_metric: 0.4156
385/652 [================>.............] - ETA: 1:49 - loss: 0.4055 - mae: 0.4613 - mse: 0.4545 - ssim_metric: 0.4155
386/652 [================>.............] - ETA: 1:49 - loss: 0.4055 - mae: 0.4615 - mse: 0.4547 - ssim_metric: 0.4152
387/652 [================>.............] - ETA: 1:49 - loss: 0.4057 - mae: 0.4618 - mse: 0.4550 - ssim_metric: 0.4149
388/652 [================>.............] - ETA: 1:48 - loss: 0.4056 - mae: 0.4615 - mse: 0.4548 - ssim_metric: 0.4152
389/652 [================>.............] - ETA: 1:48 - loss: 0.4059 - mae: 0.4615 - mse: 0.4547 - ssim_metric: 0.4153
390/652 [================>.............] - ETA: 1:47 - loss: 0.4060 - mae: 0.4618 - mse: 0.4550 - ssim_metric: 0.4150
391/652 [================>.............] - ETA: 1:47 - loss: 0.4061 - mae: 0.4621 - mse: 0.4553 - ssim_metric: 0.4147
392/652 [=================>............] - ETA: 1:47 - loss: 0.4064 - mae: 0.4624 - mse: 0.4556 - ssim_metric: 0.4144
393/652 [=================>............] - ETA: 1:46 - loss: 0.4063 - mae: 0.4622 - mse: 0.4554 - ssim_metric: 0.4146
394/652 [=================>............] - ETA: 1:46 - loss: 0.4065 - mae: 0.4626 - mse: 0.4559 - ssim_metric: 0.4142
395/652 [=================>............] - ETA: 1:45 - loss: 0.4064 - mae: 0.4626 - mse: 0.4559 - ssim_metric: 0.4142
396/652 [=================>............] - ETA: 1:45 - loss: 0.4064 - mae: 0.4627 - mse: 0.4559 - ssim_metric: 0.4141
397/652 [=================>............] - ETA: 1:44 - loss: 0.4065 - mae: 0.4629 - mse: 0.4561 - ssim_metric: 0.4139
398/652 [=================>............] - ETA: 1:44 - loss: 0.4067 - mae: 0.4632 - mse: 0.4564 - ssim_metric: 0.4135
399/652 [=================>............] - ETA: 1:44 - loss: 0.4066 - mae: 0.4633 - mse: 0.4566 - ssim_metric: 0.4134
400/652 [=================>............] - ETA: 1:43 - loss: 0.4064 - mae: 0.4633 - mse: 0.4565 - ssim_metric: 0.4134
401/652 [=================>............] - ETA: 1:43 - loss: 0.4067 - mae: 0.4637 - mse: 0.4569 - ssim_metric: 0.4130
402/652 [=================>............] - ETA: 1:42 - loss: 0.4068 - mae: 0.4641 - mse: 0.4573 - ssim_metric: 0.4126
403/652 [=================>............] - ETA: 1:42 - loss: 0.4068 - mae: 0.4639 - mse: 0.4571 - ssim_metric: 0.4128
404/652 [=================>............] - ETA: 1:42 - loss: 0.4072 - mae: 0.4641 - mse: 0.4574 - ssim_metric: 0.4126
405/652 [=================>............] - ETA: 1:41 - loss: 0.4069 - mae: 0.4640 - mse: 0.4572 - ssim_metric: 0.4129
406/652 [=================>............] - ETA: 1:41 - loss: 0.4068 - mae: 0.4639 - mse: 0.4571 - ssim_metric: 0.4129
407/652 [=================>............] - ETA: 1:40 - loss: 0.4067 - mae: 0.4641 - mse: 0.4573 - ssim_metric: 0.4127
408/652 [=================>............] - ETA: 1:40 - loss: 0.4069 - mae: 0.4642 - mse: 0.4575 - ssim_metric: 0.4126
409/652 [=================>............] - ETA: 1:40 - loss: 0.4073 - mae: 0.4647 - mse: 0.4580 - ssim_metric: 0.4122
410/652 [=================>............] - ETA: 1:39 - loss: 0.4074 - mae: 0.4648 - mse: 0.4580 - ssim_metric: 0.4121
411/652 [=================>............] - ETA: 1:39 - loss: 0.4075 - mae: 0.4651 - mse: 0.4584 - ssim_metric: 0.4118
412/652 [=================>............] - ETA: 1:38 - loss: 0.4074 - mae: 0.4653 - mse: 0.4586 - ssim_metric: 0.4117
413/652 [==================>...........] - ETA: 1:38 - loss: 0.4074 - mae: 0.4654 - mse: 0.4587 - ssim_metric: 0.4116
414/652 [==================>...........] - ETA: 1:37 - loss: 0.4074 - mae: 0.4652 - mse: 0.4585 - ssim_metric: 0.4118
415/652 [==================>...........] - ETA: 1:37 - loss: 0.4076 - mae: 0.4656 - mse: 0.4589 - ssim_metric: 0.4114
416/652 [==================>...........] - ETA: 1:37 - loss: 0.4076 - mae: 0.4655 - mse: 0.4588 - ssim_metric: 0.4115
417/652 [==================>...........] - ETA: 1:36 - loss: 0.4075 - mae: 0.4655 - mse: 0.4587 - ssim_metric: 0.4116
418/652 [==================>...........] - ETA: 1:36 - loss: 0.4076 - mae: 0.4658 - mse: 0.4591 - ssim_metric: 0.4112
419/652 [==================>...........] - ETA: 1:35 - loss: 0.4075 - mae: 0.4661 - mse: 0.4594 - ssim_metric: 0.4109
420/652 [==================>...........] - ETA: 1:35 - loss: 0.4075 - mae: 0.4662 - mse: 0.4595 - ssim_metric: 0.4109
421/652 [==================>...........] - ETA: 1:35 - loss: 0.4079 - mae: 0.4662 - mse: 0.4595 - ssim_metric: 0.4110
422/652 [==================>...........] - ETA: 1:34 - loss: 0.4078 - mae: 0.4661 - mse: 0.4594 - ssim_metric: 0.4111
423/652 [==================>...........] - ETA: 1:34 - loss: 0.4079 - mae: 0.4661 - mse: 0.4594 - ssim_metric: 0.4110
424/652 [==================>...........] - ETA: 1:33 - loss: 0.4079 - mae: 0.4662 - mse: 0.4595 - ssim_metric: 0.4109
425/652 [==================>...........] - ETA: 1:33 - loss: 0.4079 - mae: 0.4662 - mse: 0.4595 - ssim_metric: 0.4109
426/652 [==================>...........] - ETA: 1:33 - loss: 0.4077 - mae: 0.4661 - mse: 0.4593 - ssim_metric: 0.4110
427/652 [==================>...........] - ETA: 1:32 - loss: 0.4077 - mae: 0.4661 - mse: 0.4593 - ssim_metric: 0.4109
428/652 [==================>...........] - ETA: 1:32 - loss: 0.4076 - mae: 0.4660 - mse: 0.4592 - ssim_metric: 0.4110
429/652 [==================>...........] - ETA: 1:31 - loss: 0.4076 - mae: 0.4660 - mse: 0.4593 - ssim_metric: 0.4108
430/652 [==================>...........] - ETA: 1:31 - loss: 0.4076 - mae: 0.4660 - mse: 0.4592 - ssim_metric: 0.4108
431/652 [==================>...........] - ETA: 1:30 - loss: 0.4072 - mae: 0.4656 - mse: 0.4588 - ssim_metric: 0.4113
432/652 [==================>...........] - ETA: 1:30 - loss: 0.4074 - mae: 0.4655 - mse: 0.4588 - ssim_metric: 0.4114
433/652 [==================>...........] - ETA: 1:30 - loss: 0.4072 - mae: 0.4654 - mse: 0.4586 - ssim_metric: 0.4116
434/652 [==================>...........] - ETA: 1:29 - loss: 0.4072 - mae: 0.4652 - mse: 0.4584 - ssim_metric: 0.4117
435/652 [===================>..........] - ETA: 1:29 - loss: 0.4072 - mae: 0.4650 - mse: 0.4583 - ssim_metric: 0.4118
436/652 [===================>..........] - ETA: 1:28 - loss: 0.4070 - mae: 0.4648 - mse: 0.4581 - ssim_metric: 0.4119
437/652 [===================>..........] - ETA: 1:28 - loss: 0.4071 - mae: 0.4647 - mse: 0.4579 - ssim_metric: 0.4120
438/652 [===================>..........] - ETA: 1:28 - loss: 0.4069 - mae: 0.4643 - mse: 0.4576 - ssim_metric: 0.4123
439/652 [===================>..........] - ETA: 1:27 - loss: 0.4069 - mae: 0.4643 - mse: 0.4575 - ssim_metric: 0.4123
440/652 [===================>..........] - ETA: 1:27 - loss: 0.4071 - mae: 0.4645 - mse: 0.4578 - ssim_metric: 0.4120
441/652 [===================>..........] - ETA: 1:26 - loss: 0.4071 - mae: 0.4648 - mse: 0.4580 - ssim_metric: 0.4118
442/652 [===================>..........] - ETA: 1:26 - loss: 0.4068 - mae: 0.4645 - mse: 0.4577 - ssim_metric: 0.4121
443/652 [===================>..........] - ETA: 1:26 - loss: 0.4069 - mae: 0.4647 - mse: 0.4579 - ssim_metric: 0.4118
444/652 [===================>..........] - ETA: 1:25 - loss: 0.4070 - mae: 0.4649 - mse: 0.4581 - ssim_metric: 0.4116
445/652 [===================>..........] - ETA: 1:25 - loss: 0.4068 - mae: 0.4650 - mse: 0.4582 - ssim_metric: 0.4116
446/652 [===================>..........] - ETA: 1:24 - loss: 0.4070 - mae: 0.4653 - mse: 0.4585 - ssim_metric: 0.4113
447/652 [===================>..........] - ETA: 1:24 - loss: 0.4070 - mae: 0.4655 - mse: 0.4586 - ssim_metric: 0.4112
448/652 [===================>..........] - ETA: 1:23 - loss: 0.4068 - mae: 0.4653 - mse: 0.4585 - ssim_metric: 0.4113
449/652 [===================>..........] - ETA: 1:23 - loss: 0.4069 - mae: 0.4654 - mse: 0.4586 - ssim_metric: 0.4112
450/652 [===================>..........] - ETA: 1:23 - loss: 0.4069 - mae: 0.4655 - mse: 0.4587 - ssim_metric: 0.4111
451/652 [===================>..........] - ETA: 1:22 - loss: 0.4068 - mae: 0.4655 - mse: 0.4587 - ssim_metric: 0.4111
452/652 [===================>..........] - ETA: 1:22 - loss: 0.4067 - mae: 0.4654 - mse: 0.4586 - ssim_metric: 0.4112
453/652 [===================>..........] - ETA: 1:21 - loss: 0.4066 - mae: 0.4652 - mse: 0.4584 - ssim_metric: 0.4115
454/652 [===================>..........] - ETA: 1:21 - loss: 0.4069 - mae: 0.4653 - mse: 0.4585 - ssim_metric: 0.4114
455/652 [===================>..........] - ETA: 1:21 - loss: 0.4069 - mae: 0.4653 - mse: 0.4585 - ssim_metric: 0.4113
456/652 [===================>..........] - ETA: 1:20 - loss: 0.4070 - mae: 0.4653 - mse: 0.4585 - ssim_metric: 0.4114
457/652 [====================>.........] - ETA: 1:20 - loss: 0.4070 - mae: 0.4654 - mse: 0.4586 - ssim_metric: 0.4112
458/652 [====================>.........] - ETA: 1:19 - loss: 0.4069 - mae: 0.4655 - mse: 0.4587 - ssim_metric: 0.4111
459/652 [====================>.........] - ETA: 1:19 - loss: 0.4069 - mae: 0.4657 - mse: 0.4590 - ssim_metric: 0.4109
460/652 [====================>.........] - ETA: 1:19 - loss: 0.4068 - mae: 0.4659 - mse: 0.4591 - ssim_metric: 0.4109
461/652 [====================>.........] - ETA: 1:18 - loss: 0.4070 - mae: 0.4658 - mse: 0.4590 - ssim_metric: 0.4109
462/652 [====================>.........] - ETA: 1:18 - loss: 0.4071 - mae: 0.4658 - mse: 0.4591 - ssim_metric: 0.4109
463/652 [====================>.........] - ETA: 1:17 - loss: 0.4069 - mae: 0.4656 - mse: 0.4589 - ssim_metric: 0.4111
464/652 [====================>.........] - ETA: 1:17 - loss: 0.4068 - mae: 0.4657 - mse: 0.4589 - ssim_metric: 0.4110
465/652 [====================>.........] - ETA: 1:16 - loss: 0.4070 - mae: 0.4657 - mse: 0.4590 - ssim_metric: 0.4109
466/652 [====================>.........] - ETA: 1:16 - loss: 0.4074 - mae: 0.4659 - mse: 0.4591 - ssim_metric: 0.4109
467/652 [====================>.........] - ETA: 1:16 - loss: 0.4073 - mae: 0.4661 - mse: 0.4593 - ssim_metric: 0.4107
468/652 [====================>.........] - ETA: 1:15 - loss: 0.4074 - mae: 0.4664 - mse: 0.4596 - ssim_metric: 0.4104
469/652 [====================>.........] - ETA: 1:15 - loss: 0.4073 - mae: 0.4663 - mse: 0.4596 - ssim_metric: 0.4104
470/652 [====================>.........] - ETA: 1:14 - loss: 0.4073 - mae: 0.4662 - mse: 0.4595 - ssim_metric: 0.4105
471/652 [====================>.........] - ETA: 1:14 - loss: 0.4073 - mae: 0.4663 - mse: 0.4595 - ssim_metric: 0.4105
472/652 [====================>.........] - ETA: 1:14 - loss: 0.4075 - mae: 0.4665 - mse: 0.4597 - ssim_metric: 0.4103
473/652 [====================>.........] - ETA: 1:13 - loss: 0.4074 - mae: 0.4660 - mse: 0.4593 - ssim_metric: 0.4109
474/652 [====================>.........] - ETA: 1:13 - loss: 0.4075 - mae: 0.4661 - mse: 0.4594 - ssim_metric: 0.4108
475/652 [====================>.........] - ETA: 1:12 - loss: 0.4073 - mae: 0.4663 - mse: 0.4595 - ssim_metric: 0.4107
476/652 [====================>.........] - ETA: 1:12 - loss: 0.4073 - mae: 0.4662 - mse: 0.4594 - ssim_metric: 0.4108
477/652 [====================>.........] - ETA: 1:12 - loss: 0.4074 - mae: 0.4664 - mse: 0.4597 - ssim_metric: 0.4106
478/652 [====================>.........] - ETA: 1:11 - loss: 0.4074 - mae: 0.4663 - mse: 0.4596 - ssim_metric: 0.4107
479/652 [=====================>........] - ETA: 1:11 - loss: 0.4073 - mae: 0.4660 - mse: 0.4593 - ssim_metric: 0.4110
480/652 [=====================>........] - ETA: 1:10 - loss: 0.4071 - mae: 0.4659 - mse: 0.4591 - ssim_metric: 0.4112
481/652 [=====================>........] - ETA: 1:10 - loss: 0.4069 - mae: 0.4658 - mse: 0.4590 - ssim_metric: 0.4112
482/652 [=====================>........] - ETA: 1:09 - loss: 0.4070 - mae: 0.4662 - mse: 0.4594 - ssim_metric: 0.4109
483/652 [=====================>........] - ETA: 1:09 - loss: 0.4068 - mae: 0.4658 - mse: 0.4591 - ssim_metric: 0.4112
484/652 [=====================>........] - ETA: 1:09 - loss: 0.4069 - mae: 0.4660 - mse: 0.4592 - ssim_metric: 0.4110
485/652 [=====================>........] - ETA: 1:08 - loss: 0.4070 - mae: 0.4663 - mse: 0.4596 - ssim_metric: 0.4108
486/652 [=====================>........] - ETA: 1:08 - loss: 0.4075 - mae: 0.4664 - mse: 0.4597 - ssim_metric: 0.4108
487/652 [=====================>........] - ETA: 1:07 - loss: 0.4075 - mae: 0.4664 - mse: 0.4597 - ssim_metric: 0.4108
488/652 [=====================>........] - ETA: 1:07 - loss: 0.4075 - mae: 0.4663 - mse: 0.4596 - ssim_metric: 0.4108
489/652 [=====================>........] - ETA: 1:07 - loss: 0.4076 - mae: 0.4664 - mse: 0.4597 - ssim_metric: 0.4107
490/652 [=====================>........] - ETA: 1:06 - loss: 0.4077 - mae: 0.4667 - mse: 0.4600 - ssim_metric: 0.4105
491/652 [=====================>........] - ETA: 1:06 - loss: 0.4077 - mae: 0.4668 - mse: 0.4601 - ssim_metric: 0.4104
492/652 [=====================>........] - ETA: 1:05 - loss: 0.4077 - mae: 0.4666 - mse: 0.4599 - ssim_metric: 0.4107
493/652 [=====================>........] - ETA: 1:05 - loss: 0.4077 - mae: 0.4664 - mse: 0.4597 - ssim_metric: 0.4108
494/652 [=====================>........] - ETA: 1:05 - loss: 0.4075 - mae: 0.4663 - mse: 0.4595 - ssim_metric: 0.4110
495/652 [=====================>........] - ETA: 1:04 - loss: 0.4074 - mae: 0.4662 - mse: 0.4595 - ssim_metric: 0.4110
496/652 [=====================>........] - ETA: 1:04 - loss: 0.4072 - mae: 0.4661 - mse: 0.4593 - ssim_metric: 0.4112
497/652 [=====================>........] - ETA: 1:03 - loss: 0.4069 - mae: 0.4658 - mse: 0.4591 - ssim_metric: 0.4114
498/652 [=====================>........] - ETA: 1:03 - loss: 0.4070 - mae: 0.4658 - mse: 0.4590 - ssim_metric: 0.4114
499/652 [=====================>........] - ETA: 1:02 - loss: 0.4069 - mae: 0.4657 - mse: 0.4589 - ssim_metric: 0.4115
500/652 [======================>.......] - ETA: 1:02 - loss: 0.4069 - mae: 0.4655 - mse: 0.4587 - ssim_metric: 0.4116
501/652 [======================>.......] - ETA: 1:02 - loss: 0.4067 - mae: 0.4653 - mse: 0.4585 - ssim_metric: 0.4118
502/652 [======================>.......] - ETA: 1:01 - loss: 0.4067 - mae: 0.4651 - mse: 0.4584 - ssim_metric: 0.4120
503/652 [======================>.......] - ETA: 1:01 - loss: 0.4068 - mae: 0.4652 - mse: 0.4585 - ssim_metric: 0.4119
504/652 [======================>.......] - ETA: 1:00 - loss: 0.4067 - mae: 0.4650 - mse: 0.4583 - ssim_metric: 0.4121
505/652 [======================>.......] - ETA: 1:00 - loss: 0.4071 - mae: 0.4652 - mse: 0.4584 - ssim_metric: 0.4120
506/652 [======================>.......] - ETA: 1:00 - loss: 0.4070 - mae: 0.4653 - mse: 0.4585 - ssim_metric: 0.4119
507/652 [======================>.......] - ETA: 59s - loss: 0.4068 - mae: 0.4650 - mse: 0.4583 - ssim_metric: 0.4122 
508/652 [======================>.......] - ETA: 59s - loss: 0.4067 - mae: 0.4650 - mse: 0.4583 - ssim_metric: 0.4122
509/652 [======================>.......] - ETA: 58s - loss: 0.4069 - mae: 0.4652 - mse: 0.4585 - ssim_metric: 0.4120
510/652 [======================>.......] - ETA: 58s - loss: 0.4071 - mae: 0.4655 - mse: 0.4588 - ssim_metric: 0.4118
511/652 [======================>.......] - ETA: 58s - loss: 0.4072 - mae: 0.4659 - mse: 0.4592 - ssim_metric: 0.4114
512/652 [======================>.......] - ETA: 57s - loss: 0.4072 - mae: 0.4657 - mse: 0.4590 - ssim_metric: 0.4115
513/652 [======================>.......] - ETA: 57s - loss: 0.4072 - mae: 0.4660 - mse: 0.4593 - ssim_metric: 0.4112
514/652 [======================>.......] - ETA: 56s - loss: 0.4073 - mae: 0.4660 - mse: 0.4593 - ssim_metric: 0.4111
515/652 [======================>.......] - ETA: 56s - loss: 0.4071 - mae: 0.4659 - mse: 0.4592 - ssim_metric: 0.4112
516/652 [======================>.......] - ETA: 55s - loss: 0.4071 - mae: 0.4661 - mse: 0.4594 - ssim_metric: 0.4111
517/652 [======================>.......] - ETA: 55s - loss: 0.4071 - mae: 0.4661 - mse: 0.4594 - ssim_metric: 0.4109
518/652 [======================>.......] - ETA: 55s - loss: 0.4070 - mae: 0.4661 - mse: 0.4594 - ssim_metric: 0.4109
519/652 [======================>.......] - ETA: 54s - loss: 0.4070 - mae: 0.4662 - mse: 0.4595 - ssim_metric: 0.4108
520/652 [======================>.......] - ETA: 54s - loss: 0.4069 - mae: 0.4661 - mse: 0.4594 - ssim_metric: 0.4109
521/652 [======================>.......] - ETA: 53s - loss: 0.4069 - mae: 0.4660 - mse: 0.4593 - ssim_metric: 0.4109
522/652 [=======================>......] - ETA: 53s - loss: 0.4069 - mae: 0.4660 - mse: 0.4593 - ssim_metric: 0.4109
523/652 [=======================>......] - ETA: 53s - loss: 0.4069 - mae: 0.4661 - mse: 0.4593 - ssim_metric: 0.4108
524/652 [=======================>......] - ETA: 52s - loss: 0.4068 - mae: 0.4659 - mse: 0.4592 - ssim_metric: 0.4109
525/652 [=======================>......] - ETA: 52s - loss: 0.4068 - mae: 0.4658 - mse: 0.4591 - ssim_metric: 0.4110
526/652 [=======================>......] - ETA: 51s - loss: 0.4067 - mae: 0.4655 - mse: 0.4588 - ssim_metric: 0.4112
527/652 [=======================>......] - ETA: 51s - loss: 0.4067 - mae: 0.4655 - mse: 0.4588 - ssim_metric: 0.4113
528/652 [=======================>......] - ETA: 51s - loss: 0.4067 - mae: 0.4653 - mse: 0.4586 - ssim_metric: 0.4115
529/652 [=======================>......] - ETA: 50s - loss: 0.4067 - mae: 0.4654 - mse: 0.4586 - ssim_metric: 0.4115
530/652 [=======================>......] - ETA: 50s - loss: 0.4066 - mae: 0.4652 - mse: 0.4585 - ssim_metric: 0.4115
531/652 [=======================>......] - ETA: 49s - loss: 0.4067 - mae: 0.4653 - mse: 0.4585 - ssim_metric: 0.4116
532/652 [=======================>......] - ETA: 49s - loss: 0.4068 - mae: 0.4654 - mse: 0.4587 - ssim_metric: 0.4114
533/652 [=======================>......] - ETA: 48s - loss: 0.4068 - mae: 0.4652 - mse: 0.4585 - ssim_metric: 0.4115
534/652 [=======================>......] - ETA: 48s - loss: 0.4067 - mae: 0.4652 - mse: 0.4585 - ssim_metric: 0.4115
535/652 [=======================>......] - ETA: 48s - loss: 0.4068 - mae: 0.4654 - mse: 0.4587 - ssim_metric: 0.4114
536/652 [=======================>......] - ETA: 47s - loss: 0.4068 - mae: 0.4654 - mse: 0.4587 - ssim_metric: 0.4114
537/652 [=======================>......] - ETA: 47s - loss: 0.4068 - mae: 0.4652 - mse: 0.4585 - ssim_metric: 0.4116
538/652 [=======================>......] - ETA: 46s - loss: 0.4067 - mae: 0.4654 - mse: 0.4587 - ssim_metric: 0.4114
539/652 [=======================>......] - ETA: 46s - loss: 0.4069 - mae: 0.4656 - mse: 0.4589 - ssim_metric: 0.4112
540/652 [=======================>......] - ETA: 46s - loss: 0.4069 - mae: 0.4658 - mse: 0.4591 - ssim_metric: 0.4111
541/652 [=======================>......] - ETA: 45s - loss: 0.4068 - mae: 0.4656 - mse: 0.4589 - ssim_metric: 0.4113
542/652 [=======================>......] - ETA: 45s - loss: 0.4068 - mae: 0.4657 - mse: 0.4589 - ssim_metric: 0.4112
543/652 [=======================>......] - ETA: 44s - loss: 0.4066 - mae: 0.4654 - mse: 0.4587 - ssim_metric: 0.4115
544/652 [========================>.....] - ETA: 44s - loss: 0.4065 - mae: 0.4655 - mse: 0.4587 - ssim_metric: 0.4114
545/652 [========================>.....] - ETA: 44s - loss: 0.4063 - mae: 0.4653 - mse: 0.4586 - ssim_metric: 0.4115
546/652 [========================>.....] - ETA: 43s - loss: 0.4066 - mae: 0.4656 - mse: 0.4589 - ssim_metric: 0.4113
547/652 [========================>.....] - ETA: 43s - loss: 0.4068 - mae: 0.4659 - mse: 0.4592 - ssim_metric: 0.4110
548/652 [========================>.....] - ETA: 42s - loss: 0.4067 - mae: 0.4656 - mse: 0.4589 - ssim_metric: 0.4112
549/652 [========================>.....] - ETA: 42s - loss: 0.4069 - mae: 0.4655 - mse: 0.4588 - ssim_metric: 0.4114
550/652 [========================>.....] - ETA: 41s - loss: 0.4069 - mae: 0.4655 - mse: 0.4588 - ssim_metric: 0.4114
551/652 [========================>.....] - ETA: 41s - loss: 0.4069 - mae: 0.4655 - mse: 0.4588 - ssim_metric: 0.4113
552/652 [========================>.....] - ETA: 41s - loss: 0.4069 - mae: 0.4656 - mse: 0.4589 - ssim_metric: 0.4112
553/652 [========================>.....] - ETA: 40s - loss: 0.4069 - mae: 0.4656 - mse: 0.4589 - ssim_metric: 0.4112
554/652 [========================>.....] - ETA: 40s - loss: 0.4068 - mae: 0.4657 - mse: 0.4590 - ssim_metric: 0.4111
555/652 [========================>.....] - ETA: 39s - loss: 0.4066 - mae: 0.4655 - mse: 0.4587 - ssim_metric: 0.4114
556/652 [========================>.....] - ETA: 39s - loss: 0.4065 - mae: 0.4655 - mse: 0.4587 - ssim_metric: 0.4113
557/652 [========================>.....] - ETA: 39s - loss: 0.4062 - mae: 0.4651 - mse: 0.4583 - ssim_metric: 0.4117
558/652 [========================>.....] - ETA: 38s - loss: 0.4061 - mae: 0.4649 - mse: 0.4581 - ssim_metric: 0.4120
559/652 [========================>.....] - ETA: 38s - loss: 0.4062 - mae: 0.4648 - mse: 0.4580 - ssim_metric: 0.4120
560/652 [========================>.....] - ETA: 37s - loss: 0.4061 - mae: 0.4647 - mse: 0.4579 - ssim_metric: 0.4121
561/652 [========================>.....] - ETA: 37s - loss: 0.4061 - mae: 0.4648 - mse: 0.4581 - ssim_metric: 0.4119
562/652 [========================>.....] - ETA: 37s - loss: 0.4060 - mae: 0.4648 - mse: 0.4580 - ssim_metric: 0.4120
563/652 [========================>.....] - ETA: 36s - loss: 0.4061 - mae: 0.4648 - mse: 0.4581 - ssim_metric: 0.4120
564/652 [========================>.....] - ETA: 36s - loss: 0.4061 - mae: 0.4648 - mse: 0.4580 - ssim_metric: 0.4121
565/652 [========================>.....] - ETA: 35s - loss: 0.4062 - mae: 0.4647 - mse: 0.4580 - ssim_metric: 0.4122
566/652 [=========================>....] - ETA: 35s - loss: 0.4066 - mae: 0.4650 - mse: 0.4583 - ssim_metric: 0.4119
567/652 [=========================>....] - ETA: 34s - loss: 0.4066 - mae: 0.4654 - mse: 0.4586 - ssim_metric: 0.4116
568/652 [=========================>....] - ETA: 34s - loss: 0.4066 - mae: 0.4654 - mse: 0.4587 - ssim_metric: 0.4116
569/652 [=========================>....] - ETA: 34s - loss: 0.4064 - mae: 0.4652 - mse: 0.4585 - ssim_metric: 0.4118
570/652 [=========================>....] - ETA: 33s - loss: 0.4064 - mae: 0.4654 - mse: 0.4587 - ssim_metric: 0.4115
571/652 [=========================>....] - ETA: 33s - loss: 0.4065 - mae: 0.4656 - mse: 0.4589 - ssim_metric: 0.4114
572/652 [=========================>....] - ETA: 32s - loss: 0.4065 - mae: 0.4655 - mse: 0.4588 - ssim_metric: 0.4115
573/652 [=========================>....] - ETA: 32s - loss: 0.4065 - mae: 0.4654 - mse: 0.4587 - ssim_metric: 0.4116
574/652 [=========================>....] - ETA: 32s - loss: 0.4068 - mae: 0.4655 - mse: 0.4588 - ssim_metric: 0.4115
575/652 [=========================>....] - ETA: 31s - loss: 0.4068 - mae: 0.4656 - mse: 0.4588 - ssim_metric: 0.4114
576/652 [=========================>....] - ETA: 31s - loss: 0.4068 - mae: 0.4655 - mse: 0.4588 - ssim_metric: 0.4115
577/652 [=========================>....] - ETA: 30s - loss: 0.4068 - mae: 0.4655 - mse: 0.4588 - ssim_metric: 0.4114
578/652 [=========================>....] - ETA: 30s - loss: 0.4069 - mae: 0.4656 - mse: 0.4589 - ssim_metric: 0.4113
579/652 [=========================>....] - ETA: 30s - loss: 0.4070 - mae: 0.4656 - mse: 0.4589 - ssim_metric: 0.4114
580/652 [=========================>....] - ETA: 29s - loss: 0.4071 - mae: 0.4657 - mse: 0.4590 - ssim_metric: 0.4113
581/652 [=========================>....] - ETA: 29s - loss: 0.4070 - mae: 0.4656 - mse: 0.4588 - ssim_metric: 0.4115
582/652 [=========================>....] - ETA: 28s - loss: 0.4067 - mae: 0.4654 - mse: 0.4586 - ssim_metric: 0.4117
583/652 [=========================>....] - ETA: 28s - loss: 0.4068 - mae: 0.4656 - mse: 0.4588 - ssim_metric: 0.4115
584/652 [=========================>....] - ETA: 27s - loss: 0.4068 - mae: 0.4655 - mse: 0.4588 - ssim_metric: 0.4115
585/652 [=========================>....] - ETA: 27s - loss: 0.4068 - mae: 0.4656 - mse: 0.4588 - ssim_metric: 0.4115
586/652 [=========================>....] - ETA: 27s - loss: 0.4066 - mae: 0.4653 - mse: 0.4585 - ssim_metric: 0.4118
587/652 [==========================>...] - ETA: 26s - loss: 0.4067 - mae: 0.4652 - mse: 0.4585 - ssim_metric: 0.4118
588/652 [==========================>...] - ETA: 26s - loss: 0.4066 - mae: 0.4654 - mse: 0.4586 - ssim_metric: 0.4117
589/652 [==========================>...] - ETA: 25s - loss: 0.4066 - mae: 0.4653 - mse: 0.4586 - ssim_metric: 0.4117
590/652 [==========================>...] - ETA: 25s - loss: 0.4065 - mae: 0.4652 - mse: 0.4585 - ssim_metric: 0.4118
591/652 [==========================>...] - ETA: 25s - loss: 0.4064 - mae: 0.4652 - mse: 0.4584 - ssim_metric: 0.4118
592/652 [==========================>...] - ETA: 24s - loss: 0.4063 - mae: 0.4650 - mse: 0.4582 - ssim_metric: 0.4121
593/652 [==========================>...] - ETA: 24s - loss: 0.4063 - mae: 0.4650 - mse: 0.4582 - ssim_metric: 0.4120
594/652 [==========================>...] - ETA: 23s - loss: 0.4061 - mae: 0.4647 - mse: 0.4580 - ssim_metric: 0.4123
595/652 [==========================>...] - ETA: 23s - loss: 0.4063 - mae: 0.4650 - mse: 0.4582 - ssim_metric: 0.4121
596/652 [==========================>...] - ETA: 23s - loss: 0.4063 - mae: 0.4648 - mse: 0.4581 - ssim_metric: 0.4123
597/652 [==========================>...] - ETA: 22s - loss: 0.4063 - mae: 0.4648 - mse: 0.4581 - ssim_metric: 0.4123
598/652 [==========================>...] - ETA: 22s - loss: 0.4062 - mae: 0.4645 - mse: 0.4577 - ssim_metric: 0.4126
599/652 [==========================>...] - ETA: 21s - loss: 0.4061 - mae: 0.4644 - mse: 0.4576 - ssim_metric: 0.4127
600/652 [==========================>...] - ETA: 21s - loss: 0.4062 - mae: 0.4641 - mse: 0.4574 - ssim_metric: 0.4129
601/652 [==========================>...] - ETA: 20s - loss: 0.4063 - mae: 0.4644 - mse: 0.4577 - ssim_metric: 0.4127
602/652 [==========================>...] - ETA: 20s - loss: 0.4062 - mae: 0.4642 - mse: 0.4575 - ssim_metric: 0.4129
603/652 [==========================>...] - ETA: 20s - loss: 0.4062 - mae: 0.4643 - mse: 0.4576 - ssim_metric: 0.4128
604/652 [==========================>...] - ETA: 19s - loss: 0.4063 - mae: 0.4644 - mse: 0.4577 - ssim_metric: 0.4125
605/652 [==========================>...] - ETA: 19s - loss: 0.4062 - mae: 0.4645 - mse: 0.4578 - ssim_metric: 0.4125
606/652 [==========================>...] - ETA: 18s - loss: 0.4062 - mae: 0.4647 - mse: 0.4580 - ssim_metric: 0.4122
607/652 [==========================>...] - ETA: 18s - loss: 0.4062 - mae: 0.4647 - mse: 0.4580 - ssim_metric: 0.4123
608/652 [==========================>...] - ETA: 18s - loss: 0.4063 - mae: 0.4650 - mse: 0.4583 - ssim_metric: 0.4120
609/652 [===========================>..] - ETA: 17s - loss: 0.4063 - mae: 0.4651 - mse: 0.4584 - ssim_metric: 0.4118
610/652 [===========================>..] - ETA: 17s - loss: 0.4063 - mae: 0.4650 - mse: 0.4583 - ssim_metric: 0.4118
611/652 [===========================>..] - ETA: 16s - loss: 0.4063 - mae: 0.4651 - mse: 0.4584 - ssim_metric: 0.4116
612/652 [===========================>..] - ETA: 16s - loss: 0.4061 - mae: 0.4651 - mse: 0.4584 - ssim_metric: 0.4116
613/652 [===========================>..] - ETA: 16s - loss: 0.4060 - mae: 0.4650 - mse: 0.4583 - ssim_metric: 0.4117
614/652 [===========================>..] - ETA: 15s - loss: 0.4059 - mae: 0.4649 - mse: 0.4582 - ssim_metric: 0.4117
615/652 [===========================>..] - ETA: 15s - loss: 0.4059 - mae: 0.4649 - mse: 0.4581 - ssim_metric: 0.4117
616/652 [===========================>..] - ETA: 14s - loss: 0.4060 - mae: 0.4648 - mse: 0.4581 - ssim_metric: 0.4119
617/652 [===========================>..] - ETA: 14s - loss: 0.4060 - mae: 0.4649 - mse: 0.4582 - ssim_metric: 0.4117
618/652 [===========================>..] - ETA: 13s - loss: 0.4060 - mae: 0.4648 - mse: 0.4581 - ssim_metric: 0.4118
619/652 [===========================>..] - ETA: 13s - loss: 0.4059 - mae: 0.4649 - mse: 0.4582 - ssim_metric: 0.4117
620/652 [===========================>..] - ETA: 13s - loss: 0.4057 - mae: 0.4648 - mse: 0.4581 - ssim_metric: 0.4118
621/652 [===========================>..] - ETA: 12s - loss: 0.4056 - mae: 0.4646 - mse: 0.4578 - ssim_metric: 0.4120
622/652 [===========================>..] - ETA: 12s - loss: 0.4055 - mae: 0.4645 - mse: 0.4577 - ssim_metric: 0.4121
623/652 [===========================>..] - ETA: 11s - loss: 0.4057 - mae: 0.4647 - mse: 0.4579 - ssim_metric: 0.4119
624/652 [===========================>..] - ETA: 11s - loss: 0.4056 - mae: 0.4647 - mse: 0.4579 - ssim_metric: 0.4118
625/652 [===========================>..] - ETA: 11s - loss: 0.4056 - mae: 0.4647 - mse: 0.4579 - ssim_metric: 0.4118
626/652 [===========================>..] - ETA: 10s - loss: 0.4056 - mae: 0.4646 - mse: 0.4578 - ssim_metric: 0.4120
627/652 [===========================>..] - ETA: 10s - loss: 0.4058 - mae: 0.4646 - mse: 0.4578 - ssim_metric: 0.4119
628/652 [===========================>..] - ETA: 9s - loss: 0.4058 - mae: 0.4643 - mse: 0.4575 - ssim_metric: 0.4122 
629/652 [===========================>..] - ETA: 9s - loss: 0.4056 - mae: 0.4642 - mse: 0.4574 - ssim_metric: 0.4124
630/652 [===========================>..] - ETA: 9s - loss: 0.4056 - mae: 0.4642 - mse: 0.4575 - ssim_metric: 0.4123
631/652 [============================>.] - ETA: 8s - loss: 0.4057 - mae: 0.4644 - mse: 0.4577 - ssim_metric: 0.4121
632/652 [============================>.] - ETA: 8s - loss: 0.4056 - mae: 0.4645 - mse: 0.4577 - ssim_metric: 0.4120
633/652 [============================>.] - ETA: 7s - loss: 0.4056 - mae: 0.4643 - mse: 0.4575 - ssim_metric: 0.4122
634/652 [============================>.] - ETA: 7s - loss: 0.4055 - mae: 0.4641 - mse: 0.4573 - ssim_metric: 0.4124
635/652 [============================>.] - ETA: 6s - loss: 0.4054 - mae: 0.4639 - mse: 0.4571 - ssim_metric: 0.4126
636/652 [============================>.] - ETA: 6s - loss: 0.4054 - mae: 0.4639 - mse: 0.4571 - ssim_metric: 0.4126
637/652 [============================>.] - ETA: 6s - loss: 0.4054 - mae: 0.4637 - mse: 0.4570 - ssim_metric: 0.4127
638/652 [============================>.] - ETA: 5s - loss: 0.4056 - mae: 0.4639 - mse: 0.4572 - ssim_metric: 0.4126
639/652 [============================>.] - ETA: 5s - loss: 0.4057 - mae: 0.4642 - mse: 0.4575 - ssim_metric: 0.4123
640/652 [============================>.] - ETA: 4s - loss: 0.4058 - mae: 0.4644 - mse: 0.4576 - ssim_metric: 0.4121
641/652 [============================>.] - ETA: 4s - loss: 0.4058 - mae: 0.4644 - mse: 0.4576 - ssim_metric: 0.4121
642/652 [============================>.] - ETA: 4s - loss: 0.4058 - mae: 0.4643 - mse: 0.4575 - ssim_metric: 0.4122
643/652 [============================>.] - ETA: 3s - loss: 0.4057 - mae: 0.4642 - mse: 0.4575 - ssim_metric: 0.4122
644/652 [============================>.] - ETA: 3s - loss: 0.4057 - mae: 0.4641 - mse: 0.4574 - ssim_metric: 0.4123
645/652 [============================>.] - ETA: 2s - loss: 0.4057 - mae: 0.4641 - mse: 0.4574 - ssim_metric: 0.4122
646/652 [============================>.] - ETA: 2s - loss: 0.4057 - mae: 0.4640 - mse: 0.4572 - ssim_metric: 0.4123
647/652 [============================>.] - ETA: 2s - loss: 0.4057 - mae: 0.4640 - mse: 0.4572 - ssim_metric: 0.4123
648/652 [============================>.] - ETA: 1s - loss: 0.4060 - mae: 0.4642 - mse: 0.4575 - ssim_metric: 0.4120
649/652 [============================>.] - ETA: 1s - loss: 0.4058 - mae: 0.4642 - mse: 0.4574 - ssim_metric: 0.4120
650/652 [============================>.] - ETA: 0s - loss: 0.4058 - mae: 0.4643 - mse: 0.4575 - ssim_metric: 0.4120
651/652 [============================>.] - ETA: 0s - loss: 0.4060 - mae: 0.4644 - mse: 0.4576 - ssim_metric: 0.4119
652/652 [==============================] - ETA: 0s - loss: 0.4060 - mae: 0.4643 - mse: 0.4575 - ssim_metric: 0.4120
Epoch 3: saving model to C:\d_surucusu\visual_navigation\benchmark\models_pipeline\_lr_batch_probe\lr1e-4_b8\_JOB_lr1e-4_b8_05_09_2026__17_43_model_f48_k4_epoch_00003_helu_osigmoid_(1, 1)_.h5

Epoch 3: val_loss improved from 0.41885 to 0.41413, saving model to C:\d_surucusu\visual_navigation\benchmark\models_pipeline\_lr_batch_probe\lr1e-4_b8\_JOB_lr1e-4_b8_05_09_2026__17_43_best_val_loss_model_f48_k4.h5

Epoch 3: val_mae did not improve from 0.45792

Epoch 3: val_ssim_metric did not improve from 0.41865

652/652 [==============================] - 285s 437ms/step - loss: 0.4060 - mae: 0.4643 - mse: 0.4575 - ssim_metric: 0.4120 - val_loss: 0.4141 - val_mae: 0.4797 - val_mse: 0.4719 - val_ssim_metric: 0.3936
Epoch 4/6

  1/652 [..............................] - ETA: 4:47 - loss: 0.4680 - mae: 0.5154 - mse: 0.5063 - ssim_metric: 0.3508
  2/652 [..............................] - ETA: 4:26 - loss: 0.4235 - mae: 0.4789 - mse: 0.4702 - ssim_metric: 0.3794
  3/652 [..............................] - ETA: 4:26 - loss: 0.4002 - mae: 0.4505 - mse: 0.4406 - ssim_metric: 0.4153
  4/652 [..............................] - ETA: 4:26 - loss: 0.3920 - mae: 0.4335 - mse: 0.4230 - ssim_metric: 0.4243
  5/652 [..............................] - ETA: 4:26 - loss: 0.3982 - mae: 0.4315 - mse: 0.4200 - ssim_metric: 0.4147
  6/652 [..............................] - ETA: 4:25 - loss: 0.3877 - mae: 0.4361 - mse: 0.4238 - ssim_metric: 0.4177
  7/652 [..............................] - ETA: 4:25 - loss: 0.3849 - mae: 0.4392 - mse: 0.4276 - ssim_metric: 0.4163
  8/652 [..............................] - ETA: 4:24 - loss: 0.3793 - mae: 0.4423 - mse: 0.4314 - ssim_metric: 0.4162
  9/652 [..............................] - ETA: 4:24 - loss: 0.3831 - mae: 0.4458 - mse: 0.4351 - ssim_metric: 0.4151
 10/652 [..............................] - ETA: 4:23 - loss: 0.3755 - mae: 0.4348 - mse: 0.4241 - ssim_metric: 0.4299
 11/652 [..............................] - ETA: 4:23 - loss: 0.3789 - mae: 0.4402 - mse: 0.4296 - ssim_metric: 0.4247
 12/652 [..............................] - ETA: 4:23 - loss: 0.3815 - mae: 0.4520 - mse: 0.4419 - ssim_metric: 0.4141
 13/652 [..............................] - ETA: 4:22 - loss: 0.3801 - mae: 0.4440 - mse: 0.4342 - ssim_metric: 0.4235
 14/652 [..............................] - ETA: 4:22 - loss: 0.3842 - mae: 0.4533 - mse: 0.4437 - ssim_metric: 0.4133
 15/652 [..............................] - ETA: 4:22 - loss: 0.3845 - mae: 0.4496 - mse: 0.4402 - ssim_metric: 0.4162
 16/652 [..............................] - ETA: 4:21 - loss: 0.3859 - mae: 0.4522 - mse: 0.4430 - ssim_metric: 0.4143
 17/652 [..............................] - ETA: 4:21 - loss: 0.3898 - mae: 0.4554 - mse: 0.4462 - ssim_metric: 0.4103
 18/652 [..............................] - ETA: 4:20 - loss: 0.3945 - mae: 0.4556 - mse: 0.4467 - ssim_metric: 0.4105
 19/652 [..............................] - ETA: 4:20 - loss: 0.3965 - mae: 0.4615 - mse: 0.4528 - ssim_metric: 0.4060
 20/652 [..............................] - ETA: 4:19 - loss: 0.3987 - mae: 0.4611 - mse: 0.4527 - ssim_metric: 0.4068
 21/652 [..............................] - ETA: 4:19 - loss: 0.3941 - mae: 0.4569 - mse: 0.4487 - ssim_metric: 0.4114
 22/652 [>.............................] - ETA: 4:19 - loss: 0.3896 - mae: 0.4571 - mse: 0.4491 - ssim_metric: 0.4117
 23/652 [>.............................] - ETA: 4:18 - loss: 0.3893 - mae: 0.4544 - mse: 0.4466 - ssim_metric: 0.4152
 24/652 [>.............................] - ETA: 4:18 - loss: 0.3895 - mae: 0.4577 - mse: 0.4500 - ssim_metric: 0.4110
 25/652 [>.............................] - ETA: 4:17 - loss: 0.3882 - mae: 0.4528 - mse: 0.4452 - ssim_metric: 0.4155
 26/652 [>.............................] - ETA: 4:17 - loss: 0.3894 - mae: 0.4556 - mse: 0.4482 - ssim_metric: 0.4123
 27/652 [>.............................] - ETA: 4:17 - loss: 0.3951 - mae: 0.4572 - mse: 0.4498 - ssim_metric: 0.4101
 28/652 [>.............................] - ETA: 4:16 - loss: 0.3977 - mae: 0.4643 - mse: 0.4571 - ssim_metric: 0.4037
 29/652 [>.............................] - ETA: 4:16 - loss: 0.3962 - mae: 0.4630 - mse: 0.4558 - ssim_metric: 0.4061
 30/652 [>.............................] - ETA: 4:15 - loss: 0.3953 - mae: 0.4564 - mse: 0.4493 - ssim_metric: 0.4130
 31/652 [>.............................] - ETA: 4:15 - loss: 0.3970 - mae: 0.4570 - mse: 0.4499 - ssim_metric: 0.4134
 32/652 [>.............................] - ETA: 4:15 - loss: 0.3970 - mae: 0.4565 - mse: 0.4495 - ssim_metric: 0.4139
 33/652 [>.............................] - ETA: 4:14 - loss: 0.3992 - mae: 0.4603 - mse: 0.4533 - ssim_metric: 0.4110
 34/652 [>.............................] - ETA: 4:14 - loss: 0.3996 - mae: 0.4585 - mse: 0.4515 - ssim_metric: 0.4118
 35/652 [>.............................] - ETA: 4:13 - loss: 0.3967 - mae: 0.4572 - mse: 0.4502 - ssim_metric: 0.4134
 36/652 [>.............................] - ETA: 4:13 - loss: 0.3974 - mae: 0.4593 - mse: 0.4523 - ssim_metric: 0.4116
 37/652 [>.............................] - ETA: 4:13 - loss: 0.3953 - mae: 0.4553 - mse: 0.4483 - ssim_metric: 0.4154
 38/652 [>.............................] - ETA: 4:12 - loss: 0.3959 - mae: 0.4589 - mse: 0.4519 - ssim_metric: 0.4115
 39/652 [>.............................] - ETA: 4:12 - loss: 0.3992 - mae: 0.4641 - mse: 0.4569 - ssim_metric: 0.4069
 40/652 [>.............................] - ETA: 4:11 - loss: 0.4022 - mae: 0.4665 - mse: 0.4592 - ssim_metric: 0.4045
 41/652 [>.............................] - ETA: 4:11 - loss: 0.4048 - mae: 0.4664 - mse: 0.4590 - ssim_metric: 0.4043
 42/652 [>.............................] - ETA: 4:11 - loss: 0.4042 - mae: 0.4639 - mse: 0.4565 - ssim_metric: 0.4073
 43/652 [>.............................] - ETA: 4:10 - loss: 0.4059 - mae: 0.4648 - mse: 0.4575 - ssim_metric: 0.4059
 44/652 [=>............................] - ETA: 4:10 - loss: 0.4038 - mae: 0.4614 - mse: 0.4540 - ssim_metric: 0.4092
 45/652 [=>............................] - ETA: 4:09 - loss: 0.4025 - mae: 0.4617 - mse: 0.4543 - ssim_metric: 0.4096
 46/652 [=>............................] - ETA: 4:09 - loss: 0.4052 - mae: 0.4602 - mse: 0.4529 - ssim_metric: 0.4121
 47/652 [=>............................] - ETA: 4:09 - loss: 0.4048 - mae: 0.4586 - mse: 0.4514 - ssim_metric: 0.4142
 48/652 [=>............................] - ETA: 4:08 - loss: 0.4044 - mae: 0.4580 - mse: 0.4509 - ssim_metric: 0.4145
 49/652 [=>............................] - ETA: 4:08 - loss: 0.4024 - mae: 0.4566 - mse: 0.4495 - ssim_metric: 0.4159
 50/652 [=>............................] - ETA: 4:07 - loss: 0.4042 - mae: 0.4571 - mse: 0.4500 - ssim_metric: 0.4144
 51/652 [=>............................] - ETA: 4:07 - loss: 0.4021 - mae: 0.4537 - mse: 0.4466 - ssim_metric: 0.4175
 52/652 [=>............................] - ETA: 4:06 - loss: 0.4013 - mae: 0.4516 - mse: 0.4445 - ssim_metric: 0.4194
 53/652 [=>............................] - ETA: 4:06 - loss: 0.4010 - mae: 0.4527 - mse: 0.4456 - ssim_metric: 0.4183
 54/652 [=>............................] - ETA: 4:06 - loss: 0.3984 - mae: 0.4499 - mse: 0.4429 - ssim_metric: 0.4220
 55/652 [=>............................] - ETA: 4:05 - loss: 0.3985 - mae: 0.4506 - mse: 0.4437 - ssim_metric: 0.4213
 56/652 [=>............................] - ETA: 4:05 - loss: 0.4011 - mae: 0.4512 - mse: 0.4442 - ssim_metric: 0.4208
 57/652 [=>............................] - ETA: 4:04 - loss: 0.3998 - mae: 0.4495 - mse: 0.4425 - ssim_metric: 0.4224
 58/652 [=>............................] - ETA: 4:04 - loss: 0.3993 - mae: 0.4486 - mse: 0.4416 - ssim_metric: 0.4230
 59/652 [=>............................] - ETA: 4:04 - loss: 0.3988 - mae: 0.4488 - mse: 0.4418 - ssim_metric: 0.4229
 60/652 [=>............................] - ETA: 4:03 - loss: 0.3980 - mae: 0.4485 - mse: 0.4417 - ssim_metric: 0.4237
 61/652 [=>............................] - ETA: 4:03 - loss: 0.3987 - mae: 0.4476 - mse: 0.4407 - ssim_metric: 0.4242
 62/652 [=>............................] - ETA: 4:02 - loss: 0.4002 - mae: 0.4497 - mse: 0.4428 - ssim_metric: 0.4218
 63/652 [=>............................] - ETA: 4:02 - loss: 0.3992 - mae: 0.4484 - mse: 0.4415 - ssim_metric: 0.4225
 64/652 [=>............................] - ETA: 4:02 - loss: 0.3974 - mae: 0.4464 - mse: 0.4395 - ssim_metric: 0.4239
 65/652 [=>............................] - ETA: 4:01 - loss: 0.3988 - mae: 0.4477 - mse: 0.4407 - ssim_metric: 0.4228
 66/652 [==>...........................] - ETA: 4:01 - loss: 0.3999 - mae: 0.4486 - mse: 0.4414 - ssim_metric: 0.4220
 67/652 [==>...........................] - ETA: 4:00 - loss: 0.3998 - mae: 0.4495 - mse: 0.4424 - ssim_metric: 0.4207
 68/652 [==>...........................] - ETA: 4:00 - loss: 0.4000 - mae: 0.4505 - mse: 0.4433 - ssim_metric: 0.4195
 69/652 [==>...........................] - ETA: 4:00 - loss: 0.4003 - mae: 0.4511 - mse: 0.4438 - ssim_metric: 0.4189
 70/652 [==>...........................] - ETA: 3:59 - loss: 0.3999 - mae: 0.4485 - mse: 0.4412 - ssim_metric: 0.4211
 71/652 [==>...........................] - ETA: 3:59 - loss: 0.4007 - mae: 0.4492 - mse: 0.4418 - ssim_metric: 0.4201
 72/652 [==>...........................] - ETA: 3:58 - loss: 0.4009 - mae: 0.4494 - mse: 0.4419 - ssim_metric: 0.4195
 73/652 [==>...........................] - ETA: 3:58 - loss: 0.4002 - mae: 0.4476 - mse: 0.4401 - ssim_metric: 0.4213
 74/652 [==>...........................] - ETA: 3:57 - loss: 0.4004 - mae: 0.4475 - mse: 0.4400 - ssim_metric: 0.4212
 75/652 [==>...........................] - ETA: 3:57 - loss: 0.4020 - mae: 0.4493 - mse: 0.4418 - ssim_metric: 0.4194
 76/652 [==>...........................] - ETA: 3:57 - loss: 0.4023 - mae: 0.4497 - mse: 0.4422 - ssim_metric: 0.4192
 77/652 [==>...........................] - ETA: 3:56 - loss: 0.4019 - mae: 0.4487 - mse: 0.4413 - ssim_metric: 0.4200
 78/652 [==>...........................] - ETA: 3:56 - loss: 0.4019 - mae: 0.4502 - mse: 0.4427 - ssim_metric: 0.4188
 79/652 [==>...........................] - ETA: 3:55 - loss: 0.4028 - mae: 0.4526 - mse: 0.4452 - ssim_metric: 0.4170
 80/652 [==>...........................] - ETA: 3:55 - loss: 0.4021 - mae: 0.4523 - mse: 0.4449 - ssim_metric: 0.4174
 81/652 [==>...........................] - ETA: 3:55 - loss: 0.4013 - mae: 0.4510 - mse: 0.4436 - ssim_metric: 0.4187
 82/652 [==>...........................] - ETA: 3:54 - loss: 0.4001 - mae: 0.4493 - mse: 0.4419 - ssim_metric: 0.4205
 83/652 [==>...........................] - ETA: 3:54 - loss: 0.4011 - mae: 0.4493 - mse: 0.4419 - ssim_metric: 0.4206
 84/652 [==>...........................] - ETA: 3:53 - loss: 0.4005 - mae: 0.4480 - mse: 0.4406 - ssim_metric: 0.4221
 85/652 [==>...........................] - ETA: 3:53 - loss: 0.4008 - mae: 0.4487 - mse: 0.4413 - ssim_metric: 0.4215
 86/652 [==>...........................] - ETA: 3:52 - loss: 0.4006 - mae: 0.4476 - mse: 0.4403 - ssim_metric: 0.4224
 87/652 [===>..........................] - ETA: 3:52 - loss: 0.4011 - mae: 0.4488 - mse: 0.4416 - ssim_metric: 0.4211
 88/652 [===>..........................] - ETA: 3:52 - loss: 0.4001 - mae: 0.4480 - mse: 0.4408 - ssim_metric: 0.4218
 89/652 [===>..........................] - ETA: 3:51 - loss: 0.3999 - mae: 0.4487 - mse: 0.4415 - ssim_metric: 0.4212
 90/652 [===>..........................] - ETA: 3:51 - loss: 0.3998 - mae: 0.4492 - mse: 0.4420 - ssim_metric: 0.4203
 91/652 [===>..........................] - ETA: 3:50 - loss: 0.3988 - mae: 0.4473 - mse: 0.4402 - ssim_metric: 0.4225
 92/652 [===>..........................] - ETA: 3:50 - loss: 0.3984 - mae: 0.4471 - mse: 0.4400 - ssim_metric: 0.4226
 93/652 [===>..........................] - ETA: 3:50 - loss: 0.3983 - mae: 0.4472 - mse: 0.4401 - ssim_metric: 0.4223
 94/652 [===>..........................] - ETA: 3:49 - loss: 0.3985 - mae: 0.4468 - mse: 0.4397 - ssim_metric: 0.4230
 95/652 [===>..........................] - ETA: 3:49 - loss: 0.3986 - mae: 0.4456 - mse: 0.4385 - ssim_metric: 0.4244
 96/652 [===>..........................] - ETA: 3:48 - loss: 0.3995 - mae: 0.4463 - mse: 0.4392 - ssim_metric: 0.4239
 97/652 [===>..........................] - ETA: 3:48 - loss: 0.4010 - mae: 0.4460 - mse: 0.4390 - ssim_metric: 0.4242
 98/652 [===>..........................] - ETA: 3:48 - loss: 0.4007 - mae: 0.4463 - mse: 0.4392 - ssim_metric: 0.4237
 99/652 [===>..........................] - ETA: 3:47 - loss: 0.4000 - mae: 0.4449 - mse: 0.4379 - ssim_metric: 0.4255
100/652 [===>..........................] - ETA: 3:47 - loss: 0.4000 - mae: 0.4460 - mse: 0.4390 - ssim_metric: 0.4245
101/652 [===>..........................] - ETA: 3:46 - loss: 0.4005 - mae: 0.4466 - mse: 0.4396 - ssim_metric: 0.4239
102/652 [===>..........................] - ETA: 3:46 - loss: 0.4003 - mae: 0.4471 - mse: 0.4401 - ssim_metric: 0.4233
103/652 [===>..........................] - ETA: 3:45 - loss: 0.4002 - mae: 0.4467 - mse: 0.4397 - ssim_metric: 0.4237
104/652 [===>..........................] - ETA: 3:45 - loss: 0.3998 - mae: 0.4455 - mse: 0.4385 - ssim_metric: 0.4249
105/652 [===>..........................] - ETA: 3:45 - loss: 0.3995 - mae: 0.4446 - mse: 0.4375 - ssim_metric: 0.4258
106/652 [===>..........................] - ETA: 3:44 - loss: 0.4001 - mae: 0.4446 - mse: 0.4376 - ssim_metric: 0.4254
107/652 [===>..........................] - ETA: 3:44 - loss: 0.3993 - mae: 0.4443 - mse: 0.4373 - ssim_metric: 0.4261
108/652 [===>..........................] - ETA: 3:43 - loss: 0.3994 - mae: 0.4453 - mse: 0.4384 - ssim_metric: 0.4252
109/652 [====>.........................] - ETA: 3:43 - loss: 0.3989 - mae: 0.4448 - mse: 0.4379 - ssim_metric: 0.4258
110/652 [====>.........................] - ETA: 3:43 - loss: 0.3995 - mae: 0.4451 - mse: 0.4382 - ssim_metric: 0.4255
111/652 [====>.........................] - ETA: 3:42 - loss: 0.3995 - mae: 0.4449 - mse: 0.4380 - ssim_metric: 0.4254
112/652 [====>.........................] - ETA: 3:42 - loss: 0.3996 - mae: 0.4458 - mse: 0.4389 - ssim_metric: 0.4249
113/652 [====>.........................] - ETA: 3:41 - loss: 0.3994 - mae: 0.4446 - mse: 0.4377 - ssim_metric: 0.4259
114/652 [====>.........................] - ETA: 3:41 - loss: 0.3995 - mae: 0.4453 - mse: 0.4384 - ssim_metric: 0.4254
115/652 [====>.........................] - ETA: 3:41 - loss: 0.3993 - mae: 0.4456 - mse: 0.4387 - ssim_metric: 0.4251
116/652 [====>.........................] - ETA: 3:40 - loss: 0.3987 - mae: 0.4445 - mse: 0.4376 - ssim_metric: 0.4263
117/652 [====>.........................] - ETA: 3:40 - loss: 0.3996 - mae: 0.4447 - mse: 0.4378 - ssim_metric: 0.4259
118/652 [====>.........................] - ETA: 3:39 - loss: 0.4002 - mae: 0.4455 - mse: 0.4387 - ssim_metric: 0.4251
119/652 [====>.........................] - ETA: 3:39 - loss: 0.3999 - mae: 0.4450 - mse: 0.4382 - ssim_metric: 0.4253
120/652 [====>.........................] - ETA: 3:39 - loss: 0.3993 - mae: 0.4440 - mse: 0.4372 - ssim_metric: 0.4264
121/652 [====>.........................] - ETA: 3:38 - loss: 0.3988 - mae: 0.4431 - mse: 0.4363 - ssim_metric: 0.4275
122/652 [====>.........................] - ETA: 3:38 - loss: 0.3981 - mae: 0.4418 - mse: 0.4349 - ssim_metric: 0.4288
123/652 [====>.........................] - ETA: 3:37 - loss: 0.3994 - mae: 0.4438 - mse: 0.4369 - ssim_metric: 0.4272
124/652 [====>.........................] - ETA: 3:37 - loss: 0.3989 - mae: 0.4430 - mse: 0.4361 - ssim_metric: 0.4278
125/652 [====>.........................] - ETA: 3:36 - loss: 0.3991 - mae: 0.4430 - mse: 0.4360 - ssim_metric: 0.4277
126/652 [====>.........................] - ETA: 3:36 - loss: 0.3991 - mae: 0.4434 - mse: 0.4365 - ssim_metric: 0.4270
127/652 [====>.........................] - ETA: 3:36 - loss: 0.3989 - mae: 0.4437 - mse: 0.4368 - ssim_metric: 0.4268
128/652 [====>.........................] - ETA: 3:35 - loss: 0.3984 - mae: 0.4430 - mse: 0.4361 - ssim_metric: 0.4280
129/652 [====>.........................] - ETA: 3:35 - loss: 0.3981 - mae: 0.4423 - mse: 0.4354 - ssim_metric: 0.4288
130/652 [====>.........................] - ETA: 3:34 - loss: 0.3980 - mae: 0.4420 - mse: 0.4351 - ssim_metric: 0.4292
131/652 [=====>........................] - ETA: 3:34 - loss: 0.3984 - mae: 0.4441 - mse: 0.4372 - ssim_metric: 0.4275
132/652 [=====>........................] - ETA: 3:34 - loss: 0.3982 - mae: 0.4438 - mse: 0.4370 - ssim_metric: 0.4275
133/652 [=====>........................] - ETA: 3:33 - loss: 0.3981 - mae: 0.4443 - mse: 0.4375 - ssim_metric: 0.4269
134/652 [=====>........................] - ETA: 3:33 - loss: 0.3983 - mae: 0.4452 - mse: 0.4384 - ssim_metric: 0.4263
135/652 [=====>........................] - ETA: 3:32 - loss: 0.3982 - mae: 0.4457 - mse: 0.4389 - ssim_metric: 0.4256
136/652 [=====>........................] - ETA: 3:32 - loss: 0.3987 - mae: 0.4465 - mse: 0.4397 - ssim_metric: 0.4249
137/652 [=====>........................] - ETA: 3:32 - loss: 0.3984 - mae: 0.4472 - mse: 0.4404 - ssim_metric: 0.4242
138/652 [=====>........................] - ETA: 3:31 - loss: 0.3992 - mae: 0.4485 - mse: 0.4417 - ssim_metric: 0.4231
139/652 [=====>........................] - ETA: 3:31 - loss: 0.3988 - mae: 0.4490 - mse: 0.4422 - ssim_metric: 0.4227
140/652 [=====>........................] - ETA: 3:30 - loss: 0.3987 - mae: 0.4487 - mse: 0.4420 - ssim_metric: 0.4228
141/652 [=====>........................] - ETA: 3:30 - loss: 0.3988 - mae: 0.4493 - mse: 0.4426 - ssim_metric: 0.4223
142/652 [=====>........................] - ETA: 3:29 - loss: 0.3986 - mae: 0.4491 - mse: 0.4424 - ssim_metric: 0.4224
143/652 [=====>........................] - ETA: 3:29 - loss: 0.3996 - mae: 0.4499 - mse: 0.4432 - ssim_metric: 0.4216
144/652 [=====>........................] - ETA: 3:29 - loss: 0.3993 - mae: 0.4502 - mse: 0.4435 - ssim_metric: 0.4212
145/652 [=====>........................] - ETA: 3:28 - loss: 0.3994 - mae: 0.4506 - mse: 0.4439 - ssim_metric: 0.4206
146/652 [=====>........................] - ETA: 3:28 - loss: 0.3999 - mae: 0.4505 - mse: 0.4438 - ssim_metric: 0.4206
147/652 [=====>........................] - ETA: 3:27 - loss: 0.3992 - mae: 0.4497 - mse: 0.4431 - ssim_metric: 0.4215
148/652 [=====>........................] - ETA: 3:27 - loss: 0.3996 - mae: 0.4515 - mse: 0.4449 - ssim_metric: 0.4199
149/652 [=====>........................] - ETA: 3:27 - loss: 0.3995 - mae: 0.4518 - mse: 0.4452 - ssim_metric: 0.4197
150/652 [=====>........................] - ETA: 3:26 - loss: 0.3998 - mae: 0.4518 - mse: 0.4452 - ssim_metric: 0.4196
151/652 [=====>........................] - ETA: 3:26 - loss: 0.3997 - mae: 0.4513 - mse: 0.4447 - ssim_metric: 0.4201
152/652 [=====>........................] - ETA: 3:25 - loss: 0.4004 - mae: 0.4524 - mse: 0.4458 - ssim_metric: 0.4192
153/652 [======>.......................] - ETA: 3:25 - loss: 0.4002 - mae: 0.4531 - mse: 0.4465 - ssim_metric: 0.4187
154/652 [======>.......................] - ETA: 3:25 - loss: 0.4005 - mae: 0.4541 - mse: 0.4476 - ssim_metric: 0.4178
155/652 [======>.......................] - ETA: 3:24 - loss: 0.4009 - mae: 0.4549 - mse: 0.4484 - ssim_metric: 0.4172
156/652 [======>.......................] - ETA: 3:24 - loss: 0.4010 - mae: 0.4546 - mse: 0.4481 - ssim_metric: 0.4177
157/652 [======>.......................] - ETA: 3:23 - loss: 0.4018 - mae: 0.4550 - mse: 0.4485 - ssim_metric: 0.4174
158/652 [======>.......................] - ETA: 3:23 - loss: 0.4017 - mae: 0.4558 - mse: 0.4493 - ssim_metric: 0.4169
159/652 [======>.......................] - ETA: 3:22 - loss: 0.4017 - mae: 0.4550 - mse: 0.4485 - ssim_metric: 0.4174
160/652 [======>.......................] - ETA: 3:22 - loss: 0.4011 - mae: 0.4543 - mse: 0.4478 - ssim_metric: 0.4180
161/652 [======>.......................] - ETA: 3:22 - loss: 0.4009 - mae: 0.4548 - mse: 0.4483 - ssim_metric: 0.4176
162/652 [======>.......................] - ETA: 3:21 - loss: 0.4006 - mae: 0.4541 - mse: 0.4476 - ssim_metric: 0.4181
163/652 [======>.......................] - ETA: 3:21 - loss: 0.4004 - mae: 0.4540 - mse: 0.4475 - ssim_metric: 0.4182
164/652 [======>.......................] - ETA: 3:20 - loss: 0.4003 - mae: 0.4528 - mse: 0.4462 - ssim_metric: 0.4191
165/652 [======>.......................] - ETA: 3:20 - loss: 0.4001 - mae: 0.4537 - mse: 0.4472 - ssim_metric: 0.4185
166/652 [======>.......................] - ETA: 3:20 - loss: 0.4001 - mae: 0.4539 - mse: 0.4474 - ssim_metric: 0.4184
167/652 [======>.......................] - ETA: 3:19 - loss: 0.3997 - mae: 0.4535 - mse: 0.4469 - ssim_metric: 0.4187
168/652 [======>.......................] - ETA: 3:19 - loss: 0.3997 - mae: 0.4535 - mse: 0.4469 - ssim_metric: 0.4186
169/652 [======>.......................] - ETA: 3:18 - loss: 0.3991 - mae: 0.4532 - mse: 0.4466 - ssim_metric: 0.4189
170/652 [======>.......................] - ETA: 3:18 - loss: 0.3991 - mae: 0.4530 - mse: 0.4465 - ssim_metric: 0.4193
171/652 [======>.......................] - ETA: 3:18 - loss: 0.3990 - mae: 0.4533 - mse: 0.4467 - ssim_metric: 0.4191
172/652 [======>.......................] - ETA: 3:17 - loss: 0.3986 - mae: 0.4529 - mse: 0.4464 - ssim_metric: 0.4195
173/652 [======>.......................] - ETA: 3:17 - loss: 0.3990 - mae: 0.4535 - mse: 0.4469 - ssim_metric: 0.4188
174/652 [=======>......................] - ETA: 3:16 - loss: 0.3989 - mae: 0.4533 - mse: 0.4467 - ssim_metric: 0.4191
175/652 [=======>......................] - ETA: 3:16 - loss: 0.3988 - mae: 0.4534 - mse: 0.4469 - ssim_metric: 0.4189
176/652 [=======>......................] - ETA: 3:15 - loss: 0.3986 - mae: 0.4535 - mse: 0.4469 - ssim_metric: 0.4187
177/652 [=======>......................] - ETA: 3:15 - loss: 0.3982 - mae: 0.4533 - mse: 0.4467 - ssim_metric: 0.4190
178/652 [=======>......................] - ETA: 3:15 - loss: 0.3979 - mae: 0.4528 - mse: 0.4463 - ssim_metric: 0.4194
179/652 [=======>......................] - ETA: 3:14 - loss: 0.3977 - mae: 0.4528 - mse: 0.4463 - ssim_metric: 0.4194
180/652 [=======>......................] - ETA: 3:14 - loss: 0.3981 - mae: 0.4530 - mse: 0.4465 - ssim_metric: 0.4190
181/652 [=======>......................] - ETA: 3:13 - loss: 0.3981 - mae: 0.4523 - mse: 0.4458 - ssim_metric: 0.4197
182/652 [=======>......................] - ETA: 3:13 - loss: 0.3982 - mae: 0.4532 - mse: 0.4467 - ssim_metric: 0.4189
183/652 [=======>......................] - ETA: 3:13 - loss: 0.3986 - mae: 0.4541 - mse: 0.4477 - ssim_metric: 0.4179
184/652 [=======>......................] - ETA: 3:12 - loss: 0.3988 - mae: 0.4545 - mse: 0.4480 - ssim_metric: 0.4178
185/652 [=======>......................] - ETA: 3:12 - loss: 0.3992 - mae: 0.4546 - mse: 0.4481 - ssim_metric: 0.4176
186/652 [=======>......................] - ETA: 3:11 - loss: 0.3988 - mae: 0.4550 - mse: 0.4485 - ssim_metric: 0.4173
187/652 [=======>......................] - ETA: 3:11 - loss: 0.4000 - mae: 0.4553 - mse: 0.4487 - ssim_metric: 0.4170
188/652 [=======>......................] - ETA: 3:11 - loss: 0.3998 - mae: 0.4549 - mse: 0.4484 - ssim_metric: 0.4170
189/652 [=======>......................] - ETA: 3:10 - loss: 0.3998 - mae: 0.4544 - mse: 0.4478 - ssim_metric: 0.4173
190/652 [=======>......................] - ETA: 3:10 - loss: 0.4000 - mae: 0.4548 - mse: 0.4482 - ssim_metric: 0.4169
191/652 [=======>......................] - ETA: 3:09 - loss: 0.4003 - mae: 0.4553 - mse: 0.4487 - ssim_metric: 0.4161
192/652 [=======>......................] - ETA: 3:09 - loss: 0.4001 - mae: 0.4551 - mse: 0.4484 - ssim_metric: 0.4161
193/652 [=======>......................] - ETA: 3:08 - loss: 0.4002 - mae: 0.4554 - mse: 0.4487 - ssim_metric: 0.4157
194/652 [=======>......................] - ETA: 3:08 - loss: 0.3997 - mae: 0.4550 - mse: 0.4482 - ssim_metric: 0.4162
195/652 [=======>......................] - ETA: 3:08 - loss: 0.3997 - mae: 0.4548 - mse: 0.4480 - ssim_metric: 0.4165
196/652 [========>.....................] - ETA: 3:07 - loss: 0.4000 - mae: 0.4549 - mse: 0.4482 - ssim_metric: 0.4165
197/652 [========>.....................] - ETA: 3:07 - loss: 0.4000 - mae: 0.4548 - mse: 0.4480 - ssim_metric: 0.4166
198/652 [========>.....................] - ETA: 3:06 - loss: 0.3997 - mae: 0.4545 - mse: 0.4477 - ssim_metric: 0.4170
199/652 [========>.....................] - ETA: 3:06 - loss: 0.3997 - mae: 0.4548 - mse: 0.4481 - ssim_metric: 0.4166
200/652 [========>.....................] - ETA: 3:06 - loss: 0.3993 - mae: 0.4542 - mse: 0.4474 - ssim_metric: 0.4174
201/652 [========>.....................] - ETA: 3:05 - loss: 0.3996 - mae: 0.4544 - mse: 0.4477 - ssim_metric: 0.4172
202/652 [========>.....................] - ETA: 3:05 - loss: 0.3997 - mae: 0.4538 - mse: 0.4471 - ssim_metric: 0.4177
203/652 [========>.....................] - ETA: 3:04 - loss: 0.3996 - mae: 0.4539 - mse: 0.4472 - ssim_metric: 0.4175
204/652 [========>.....................] - ETA: 3:04 - loss: 0.3993 - mae: 0.4535 - mse: 0.4468 - ssim_metric: 0.4180
205/652 [========>.....................] - ETA: 3:04 - loss: 0.3994 - mae: 0.4540 - mse: 0.4473 - ssim_metric: 0.4174
206/652 [========>.....................] - ETA: 3:03 - loss: 0.3995 - mae: 0.4542 - mse: 0.4475 - ssim_metric: 0.4173
207/652 [========>.....................] - ETA: 3:03 - loss: 0.3994 - mae: 0.4539 - mse: 0.4473 - ssim_metric: 0.4176
208/652 [========>.....................] - ETA: 3:02 - loss: 0.3996 - mae: 0.4540 - mse: 0.4474 - ssim_metric: 0.4175
209/652 [========>.....................] - ETA: 3:02 - loss: 0.3996 - mae: 0.4543 - mse: 0.4477 - ssim_metric: 0.4172
210/652 [========>.....................] - ETA: 3:01 - loss: 0.3994 - mae: 0.4540 - mse: 0.4474 - ssim_metric: 0.4173
211/652 [========>.....................] - ETA: 3:01 - loss: 0.3992 - mae: 0.4541 - mse: 0.4475 - ssim_metric: 0.4172
212/652 [========>.....................] - ETA: 3:01 - loss: 0.3992 - mae: 0.4540 - mse: 0.4474 - ssim_metric: 0.4175
213/652 [========>.....................] - ETA: 3:00 - loss: 0.3994 - mae: 0.4539 - mse: 0.4474 - ssim_metric: 0.4176
214/652 [========>.....................] - ETA: 3:00 - loss: 0.3992 - mae: 0.4534 - mse: 0.4468 - ssim_metric: 0.4182
215/652 [========>.....................] - ETA: 2:59 - loss: 0.4000 - mae: 0.4538 - mse: 0.4472 - ssim_metric: 0.4179
216/652 [========>.....................] - ETA: 2:59 - loss: 0.3998 - mae: 0.4538 - mse: 0.4472 - ssim_metric: 0.4179
217/652 [========>.....................] - ETA: 2:59 - loss: 0.4001 - mae: 0.4541 - mse: 0.4475 - ssim_metric: 0.4178
218/652 [=========>....................] - ETA: 2:58 - loss: 0.3999 - mae: 0.4542 - mse: 0.4477 - ssim_metric: 0.4179
219/652 [=========>....................] - ETA: 2:58 - loss: 0.4003 - mae: 0.4544 - mse: 0.4480 - ssim_metric: 0.4176
220/652 [=========>....................] - ETA: 2:57 - loss: 0.4001 - mae: 0.4541 - mse: 0.4476 - ssim_metric: 0.4178
221/652 [=========>....................] - ETA: 2:57 - loss: 0.3999 - mae: 0.4539 - mse: 0.4474 - ssim_metric: 0.4180
222/652 [=========>....................] - ETA: 2:57 - loss: 0.4002 - mae: 0.4538 - mse: 0.4473 - ssim_metric: 0.4182
223/652 [=========>....................] - ETA: 2:56 - loss: 0.4001 - mae: 0.4539 - mse: 0.4475 - ssim_metric: 0.4181
224/652 [=========>....................] - ETA: 2:56 - loss: 0.3995 - mae: 0.4533 - mse: 0.4468 - ssim_metric: 0.4188
225/652 [=========>....................] - ETA: 2:55 - loss: 0.3996 - mae: 0.4532 - mse: 0.4468 - ssim_metric: 0.4190
226/652 [=========>....................] - ETA: 2:55 - loss: 0.3994 - mae: 0.4527 - mse: 0.4463 - ssim_metric: 0.4193
227/652 [=========>....................] - ETA: 2:54 - loss: 0.3997 - mae: 0.4536 - mse: 0.4472 - ssim_metric: 0.4186
228/652 [=========>....................] - ETA: 2:54 - loss: 0.3993 - mae: 0.4530 - mse: 0.4466 - ssim_metric: 0.4192
229/652 [=========>....................] - ETA: 2:54 - loss: 0.3997 - mae: 0.4535 - mse: 0.4471 - ssim_metric: 0.4189
230/652 [=========>....................] - ETA: 2:53 - loss: 0.3994 - mae: 0.4533 - mse: 0.4469 - ssim_metric: 0.4190
231/652 [=========>....................] - ETA: 2:53 - loss: 0.3994 - mae: 0.4537 - mse: 0.4473 - ssim_metric: 0.4186
232/652 [=========>....................] - ETA: 2:52 - loss: 0.3998 - mae: 0.4540 - mse: 0.4477 - ssim_metric: 0.4181
233/652 [=========>....................] - ETA: 2:52 - loss: 0.3997 - mae: 0.4537 - mse: 0.4474 - ssim_metric: 0.4184
234/652 [=========>....................] - ETA: 2:52 - loss: 0.4001 - mae: 0.4541 - mse: 0.4477 - ssim_metric: 0.4179
235/652 [=========>....................] - ETA: 2:51 - loss: 0.3999 - mae: 0.4535 - mse: 0.4471 - ssim_metric: 0.4186
236/652 [=========>....................] - ETA: 2:51 - loss: 0.3998 - mae: 0.4528 - mse: 0.4465 - ssim_metric: 0.4193
237/652 [=========>....................] - ETA: 2:50 - loss: 0.4001 - mae: 0.4526 - mse: 0.4463 - ssim_metric: 0.4194
238/652 [=========>....................] - ETA: 2:50 - loss: 0.3999 - mae: 0.4526 - mse: 0.4462 - ssim_metric: 0.4194
239/652 [=========>....................] - ETA: 2:50 - loss: 0.3998 - mae: 0.4524 - mse: 0.4460 - ssim_metric: 0.4197
240/652 [==========>...................] - ETA: 2:49 - loss: 0.3998 - mae: 0.4524 - mse: 0.4460 - ssim_metric: 0.4196
241/652 [==========>...................] - ETA: 2:49 - loss: 0.3999 - mae: 0.4523 - mse: 0.4460 - ssim_metric: 0.4198
242/652 [==========>...................] - ETA: 2:48 - loss: 0.3995 - mae: 0.4520 - mse: 0.4456 - ssim_metric: 0.4202
243/652 [==========>...................] - ETA: 2:48 - loss: 0.4000 - mae: 0.4522 - mse: 0.4458 - ssim_metric: 0.4200
244/652 [==========>...................] - ETA: 2:47 - loss: 0.4001 - mae: 0.4522 - mse: 0.4458 - ssim_metric: 0.4200
245/652 [==========>...................] - ETA: 2:47 - loss: 0.3999 - mae: 0.4522 - mse: 0.4459 - ssim_metric: 0.4198
246/652 [==========>...................] - ETA: 2:47 - loss: 0.3996 - mae: 0.4518 - mse: 0.4454 - ssim_metric: 0.4202
247/652 [==========>...................] - ETA: 2:46 - loss: 0.3994 - mae: 0.4518 - mse: 0.4455 - ssim_metric: 0.4201
248/652 [==========>...................] - ETA: 2:46 - loss: 0.3992 - mae: 0.4521 - mse: 0.4458 - ssim_metric: 0.4198
249/652 [==========>...................] - ETA: 2:45 - loss: 0.4000 - mae: 0.4531 - mse: 0.4467 - ssim_metric: 0.4190
250/652 [==========>...................] - ETA: 2:45 - loss: 0.3997 - mae: 0.4528 - mse: 0.4465 - ssim_metric: 0.4193
251/652 [==========>...................] - ETA: 2:45 - loss: 0.4003 - mae: 0.4533 - mse: 0.4469 - ssim_metric: 0.4189
252/652 [==========>...................] - ETA: 2:44 - loss: 0.4003 - mae: 0.4536 - mse: 0.4473 - ssim_metric: 0.4185
253/652 [==========>...................] - ETA: 2:44 - loss: 0.4005 - mae: 0.4541 - mse: 0.4477 - ssim_metric: 0.4183
254/652 [==========>...................] - ETA: 2:43 - loss: 0.4007 - mae: 0.4544 - mse: 0.4481 - ssim_metric: 0.4180
255/652 [==========>...................] - ETA: 2:43 - loss: 0.4008 - mae: 0.4545 - mse: 0.4482 - ssim_metric: 0.4178
256/652 [==========>...................] - ETA: 2:43 - loss: 0.4006 - mae: 0.4540 - mse: 0.4477 - ssim_metric: 0.4183
257/652 [==========>...................] - ETA: 2:42 - loss: 0.4009 - mae: 0.4543 - mse: 0.4480 - ssim_metric: 0.4180
258/652 [==========>...................] - ETA: 2:42 - loss: 0.4010 - mae: 0.4544 - mse: 0.4481 - ssim_metric: 0.4179
259/652 [==========>...................] - ETA: 2:41 - loss: 0.4010 - mae: 0.4547 - mse: 0.4484 - ssim_metric: 0.4177
260/652 [==========>...................] - ETA: 2:41 - loss: 0.4009 - mae: 0.4548 - mse: 0.4485 - ssim_metric: 0.4175
261/652 [===========>..................] - ETA: 2:40 - loss: 0.4007 - mae: 0.4546 - mse: 0.4483 - ssim_metric: 0.4177
262/652 [===========>..................] - ETA: 2:40 - loss: 0.4008 - mae: 0.4542 - mse: 0.4479 - ssim_metric: 0.4180
263/652 [===========>..................] - ETA: 2:40 - loss: 0.4008 - mae: 0.4541 - mse: 0.4477 - ssim_metric: 0.4181
264/652 [===========>..................] - ETA: 2:39 - loss: 0.4009 - mae: 0.4545 - mse: 0.4482 - ssim_metric: 0.4177
265/652 [===========>..................] - ETA: 2:39 - loss: 0.4005 - mae: 0.4544 - mse: 0.4481 - ssim_metric: 0.4179
266/652 [===========>..................] - ETA: 2:38 - loss: 0.4003 - mae: 0.4542 - mse: 0.4479 - ssim_metric: 0.4181
267/652 [===========>..................] - ETA: 2:38 - loss: 0.4001 - mae: 0.4542 - mse: 0.4479 - ssim_metric: 0.4180
268/652 [===========>..................] - ETA: 2:38 - loss: 0.4002 - mae: 0.4544 - mse: 0.4481 - ssim_metric: 0.4178
269/652 [===========>..................] - ETA: 2:37 - loss: 0.4004 - mae: 0.4547 - mse: 0.4484 - ssim_metric: 0.4175
270/652 [===========>..................] - ETA: 2:37 - loss: 0.4003 - mae: 0.4546 - mse: 0.4483 - ssim_metric: 0.4174
271/652 [===========>..................] - ETA: 2:36 - loss: 0.4002 - mae: 0.4547 - mse: 0.4484 - ssim_metric: 0.4171
272/652 [===========>..................] - ETA: 2:36 - loss: 0.3999 - mae: 0.4545 - mse: 0.4482 - ssim_metric: 0.4173
273/652 [===========>..................] - ETA: 2:36 - loss: 0.4002 - mae: 0.4551 - mse: 0.4488 - ssim_metric: 0.4166
274/652 [===========>..................] - ETA: 2:35 - loss: 0.4002 - mae: 0.4552 - mse: 0.4488 - ssim_metric: 0.4166
275/652 [===========>..................] - ETA: 2:35 - loss: 0.4002 - mae: 0.4553 - mse: 0.4490 - ssim_metric: 0.4163
276/652 [===========>..................] - ETA: 2:34 - loss: 0.4006 - mae: 0.4560 - mse: 0.4496 - ssim_metric: 0.4156
277/652 [===========>..................] - ETA: 2:34 - loss: 0.4002 - mae: 0.4556 - mse: 0.4493 - ssim_metric: 0.4159
278/652 [===========>..................] - ETA: 2:33 - loss: 0.4006 - mae: 0.4565 - mse: 0.4502 - ssim_metric: 0.4151
279/652 [===========>..................] - ETA: 2:33 - loss: 0.4002 - mae: 0.4563 - mse: 0.4499 - ssim_metric: 0.4153
280/652 [===========>..................] - ETA: 2:33 - loss: 0.4000 - mae: 0.4557 - mse: 0.4493 - ssim_metric: 0.4159
281/652 [===========>..................] - ETA: 2:32 - loss: 0.4000 - mae: 0.4554 - mse: 0.4490 - ssim_metric: 0.4161
282/652 [===========>..................] - ETA: 2:32 - loss: 0.4001 - mae: 0.4554 - mse: 0.4491 - ssim_metric: 0.4160
283/652 [============>.................] - ETA: 2:31 - loss: 0.4000 - mae: 0.4552 - mse: 0.4488 - ssim_metric: 0.4161
284/652 [============>.................] - ETA: 2:31 - loss: 0.3996 - mae: 0.4547 - mse: 0.4483 - ssim_metric: 0.4168
285/652 [============>.................] - ETA: 2:31 - loss: 0.3998 - mae: 0.4546 - mse: 0.4482 - ssim_metric: 0.4167
286/652 [============>.................] - ETA: 2:30 - loss: 0.3996 - mae: 0.4546 - mse: 0.4482 - ssim_metric: 0.4167
287/652 [============>.................] - ETA: 2:30 - loss: 0.3997 - mae: 0.4546 - mse: 0.4482 - ssim_metric: 0.4166
288/652 [============>.................] - ETA: 2:29 - loss: 0.4000 - mae: 0.4551 - mse: 0.4486 - ssim_metric: 0.4162
289/652 [============>.................] - ETA: 2:29 - loss: 0.4001 - mae: 0.4555 - mse: 0.4491 - ssim_metric: 0.4157
290/652 [============>.................] - ETA: 2:29 - loss: 0.3994 - mae: 0.4547 - mse: 0.4483 - ssim_metric: 0.4166
291/652 [============>.................] - ETA: 2:28 - loss: 0.3998 - mae: 0.4550 - mse: 0.4486 - ssim_metric: 0.4164
292/652 [============>.................] - ETA: 2:28 - loss: 0.3996 - mae: 0.4547 - mse: 0.4483 - ssim_metric: 0.4167
293/652 [============>.................] - ETA: 2:27 - loss: 0.4000 - mae: 0.4548 - mse: 0.4483 - ssim_metric: 0.4165
294/652 [============>.................] - ETA: 2:27 - loss: 0.4000 - mae: 0.4548 - mse: 0.4484 - ssim_metric: 0.4164
295/652 [============>.................] - ETA: 2:26 - loss: 0.4000 - mae: 0.4547 - mse: 0.4482 - ssim_metric: 0.4164
296/652 [============>.................] - ETA: 2:26 - loss: 0.4001 - mae: 0.4549 - mse: 0.4485 - ssim_metric: 0.4162
297/652 [============>.................] - ETA: 2:26 - loss: 0.4001 - mae: 0.4549 - mse: 0.4484 - ssim_metric: 0.4162
298/652 [============>.................] - ETA: 2:25 - loss: 0.4001 - mae: 0.4554 - mse: 0.4490 - ssim_metric: 0.4157
299/652 [============>.................] - ETA: 2:25 - loss: 0.4001 - mae: 0.4553 - mse: 0.4489 - ssim_metric: 0.4157
300/652 [============>.................] - ETA: 2:24 - loss: 0.3999 - mae: 0.4554 - mse: 0.4490 - ssim_metric: 0.4155
301/652 [============>.................] - ETA: 2:24 - loss: 0.3999 - mae: 0.4555 - mse: 0.4491 - ssim_metric: 0.4153
302/652 [============>.................] - ETA: 2:24 - loss: 0.3998 - mae: 0.4555 - mse: 0.4491 - ssim_metric: 0.4153
303/652 [============>.................] - ETA: 2:23 - loss: 0.3999 - mae: 0.4556 - mse: 0.4492 - ssim_metric: 0.4150
304/652 [============>.................] - ETA: 2:23 - loss: 0.4004 - mae: 0.4555 - mse: 0.4491 - ssim_metric: 0.4150
305/652 [=============>................] - ETA: 2:22 - loss: 0.4002 - mae: 0.4554 - mse: 0.4489 - ssim_metric: 0.4151
306/652 [=============>................] - ETA: 2:22 - loss: 0.4000 - mae: 0.4553 - mse: 0.4488 - ssim_metric: 0.4151
307/652 [=============>................] - ETA: 2:22 - loss: 0.4001 - mae: 0.4554 - mse: 0.4489 - ssim_metric: 0.4151
308/652 [=============>................] - ETA: 2:21 - loss: 0.4000 - mae: 0.4551 - mse: 0.4487 - ssim_metric: 0.4154
309/652 [=============>................] - ETA: 2:21 - loss: 0.4000 - mae: 0.4551 - mse: 0.4487 - ssim_metric: 0.4154
310/652 [=============>................] - ETA: 2:20 - loss: 0.4004 - mae: 0.4553 - mse: 0.4488 - ssim_metric: 0.4152
311/652 [=============>................] - ETA: 2:20 - loss: 0.4003 - mae: 0.4553 - mse: 0.4488 - ssim_metric: 0.4152
312/652 [=============>................] - ETA: 2:19 - loss: 0.4005 - mae: 0.4557 - mse: 0.4492 - ssim_metric: 0.4149
313/652 [=============>................] - ETA: 2:19 - loss: 0.4003 - mae: 0.4554 - mse: 0.4490 - ssim_metric: 0.4152
314/652 [=============>................] - ETA: 2:19 - loss: 0.4006 - mae: 0.4557 - mse: 0.4492 - ssim_metric: 0.4148
315/652 [=============>................] - ETA: 2:18 - loss: 0.4003 - mae: 0.4551 - mse: 0.4486 - ssim_metric: 0.4154
316/652 [=============>................] - ETA: 2:18 - loss: 0.4002 - mae: 0.4553 - mse: 0.4489 - ssim_metric: 0.4152
317/652 [=============>................] - ETA: 2:17 - loss: 0.4001 - mae: 0.4548 - mse: 0.4484 - ssim_metric: 0.4156
318/652 [=============>................] - ETA: 2:17 - loss: 0.4005 - mae: 0.4553 - mse: 0.4488 - ssim_metric: 0.4151
319/652 [=============>................] - ETA: 2:17 - loss: 0.4002 - mae: 0.4548 - mse: 0.4483 - ssim_metric: 0.4155
320/652 [=============>................] - ETA: 2:16 - loss: 0.4001 - mae: 0.4546 - mse: 0.4481 - ssim_metric: 0.4157
321/652 [=============>................] - ETA: 2:16 - loss: 0.3998 - mae: 0.4542 - mse: 0.4477 - ssim_metric: 0.4159
322/652 [=============>................] - ETA: 2:15 - loss: 0.3996 - mae: 0.4543 - mse: 0.4478 - ssim_metric: 0.4158
323/652 [=============>................] - ETA: 2:15 - loss: 0.3995 - mae: 0.4541 - mse: 0.4476 - ssim_metric: 0.4159
324/652 [=============>................] - ETA: 2:15 - loss: 0.3996 - mae: 0.4544 - mse: 0.4479 - ssim_metric: 0.4157
325/652 [=============>................] - ETA: 2:14 - loss: 0.3998 - mae: 0.4547 - mse: 0.4482 - ssim_metric: 0.4155
326/652 [==============>...............] - ETA: 2:14 - loss: 0.3998 - mae: 0.4547 - mse: 0.4482 - ssim_metric: 0.4155
327/652 [==============>...............] - ETA: 2:13 - loss: 0.3997 - mae: 0.4545 - mse: 0.4480 - ssim_metric: 0.4157
328/652 [==============>...............] - ETA: 2:13 - loss: 0.3997 - mae: 0.4539 - mse: 0.4474 - ssim_metric: 0.4162
329/652 [==============>...............] - ETA: 2:12 - loss: 0.3997 - mae: 0.4540 - mse: 0.4475 - ssim_metric: 0.4162
330/652 [==============>...............] - ETA: 2:12 - loss: 0.3994 - mae: 0.4535 - mse: 0.4470 - ssim_metric: 0.4167
331/652 [==============>...............] - ETA: 2:12 - loss: 0.3999 - mae: 0.4537 - mse: 0.4473 - ssim_metric: 0.4165
332/652 [==============>...............] - ETA: 2:11 - loss: 0.3999 - mae: 0.4537 - mse: 0.4472 - ssim_metric: 0.4164
333/652 [==============>...............] - ETA: 2:11 - loss: 0.3998 - mae: 0.4538 - mse: 0.4474 - ssim_metric: 0.4163
334/652 [==============>...............] - ETA: 2:10 - loss: 0.3995 - mae: 0.4537 - mse: 0.4472 - ssim_metric: 0.4165
335/652 [==============>...............] - ETA: 2:10 - loss: 0.3991 - mae: 0.4532 - mse: 0.4467 - ssim_metric: 0.4169
336/652 [==============>...............] - ETA: 2:10 - loss: 0.3988 - mae: 0.4528 - mse: 0.4463 - ssim_metric: 0.4172
337/652 [==============>...............] - ETA: 2:09 - loss: 0.3988 - mae: 0.4527 - mse: 0.4462 - ssim_metric: 0.4172
338/652 [==============>...............] - ETA: 2:09 - loss: 0.3989 - mae: 0.4530 - mse: 0.4465 - ssim_metric: 0.4170
339/652 [==============>...............] - ETA: 2:08 - loss: 0.3990 - mae: 0.4531 - mse: 0.4466 - ssim_metric: 0.4169
340/652 [==============>...............] - ETA: 2:08 - loss: 0.3991 - mae: 0.4533 - mse: 0.4468 - ssim_metric: 0.4167
341/652 [==============>...............] - ETA: 2:08 - loss: 0.3990 - mae: 0.4535 - mse: 0.4470 - ssim_metric: 0.4164
342/652 [==============>...............] - ETA: 2:07 - loss: 0.3989 - mae: 0.4533 - mse: 0.4468 - ssim_metric: 0.4167
343/652 [==============>...............] - ETA: 2:07 - loss: 0.3987 - mae: 0.4529 - mse: 0.4464 - ssim_metric: 0.4170
344/652 [==============>...............] - ETA: 2:06 - loss: 0.3989 - mae: 0.4531 - mse: 0.4466 - ssim_metric: 0.4169
345/652 [==============>...............] - ETA: 2:06 - loss: 0.3990 - mae: 0.4532 - mse: 0.4467 - ssim_metric: 0.4167
346/652 [==============>...............] - ETA: 2:05 - loss: 0.3990 - mae: 0.4532 - mse: 0.4466 - ssim_metric: 0.4167
347/652 [==============>...............] - ETA: 2:05 - loss: 0.3990 - mae: 0.4532 - mse: 0.4467 - ssim_metric: 0.4167
348/652 [===============>..............] - ETA: 2:05 - loss: 0.3990 - mae: 0.4535 - mse: 0.4470 - ssim_metric: 0.4164
349/652 [===============>..............] - ETA: 2:04 - loss: 0.3987 - mae: 0.4533 - mse: 0.4468 - ssim_metric: 0.4166
350/652 [===============>..............] - ETA: 2:04 - loss: 0.3988 - mae: 0.4536 - mse: 0.4471 - ssim_metric: 0.4162
351/652 [===============>..............] - ETA: 2:03 - loss: 0.3987 - mae: 0.4535 - mse: 0.4470 - ssim_metric: 0.4163
352/652 [===============>..............] - ETA: 2:03 - loss: 0.3986 - mae: 0.4531 - mse: 0.4466 - ssim_metric: 0.4166
353/652 [===============>..............] - ETA: 2:03 - loss: 0.3990 - mae: 0.4532 - mse: 0.4467 - ssim_metric: 0.4165
354/652 [===============>..............] - ETA: 2:02 - loss: 0.3988 - mae: 0.4529 - mse: 0.4463 - ssim_metric: 0.4168
355/652 [===============>..............] - ETA: 2:02 - loss: 0.3986 - mae: 0.4527 - mse: 0.4461 - ssim_metric: 0.4168
356/652 [===============>..............] - ETA: 2:01 - loss: 0.3991 - mae: 0.4529 - mse: 0.4463 - ssim_metric: 0.4166
357/652 [===============>..............] - ETA: 2:01 - loss: 0.3987 - mae: 0.4524 - mse: 0.4458 - ssim_metric: 0.4170
358/652 [===============>..............] - ETA: 2:01 - loss: 0.3990 - mae: 0.4523 - mse: 0.4457 - ssim_metric: 0.4170
359/652 [===============>..............] - ETA: 2:00 - loss: 0.3989 - mae: 0.4524 - mse: 0.4457 - ssim_metric: 0.4168
360/652 [===============>..............] - ETA: 2:00 - loss: 0.3991 - mae: 0.4526 - mse: 0.4459 - ssim_metric: 0.4165
361/652 [===============>..............] - ETA: 1:59 - loss: 0.3989 - mae: 0.4525 - mse: 0.4458 - ssim_metric: 0.4166
362/652 [===============>..............] - ETA: 1:59 - loss: 0.3990 - mae: 0.4528 - mse: 0.4461 - ssim_metric: 0.4163
363/652 [===============>..............] - ETA: 1:58 - loss: 0.3988 - mae: 0.4527 - mse: 0.4460 - ssim_metric: 0.4162
364/652 [===============>..............] - ETA: 1:58 - loss: 0.3990 - mae: 0.4528 - mse: 0.4461 - ssim_metric: 0.4161
365/652 [===============>..............] - ETA: 1:58 - loss: 0.3989 - mae: 0.4528 - mse: 0.4461 - ssim_metric: 0.4161
366/652 [===============>..............] - ETA: 1:57 - loss: 0.3990 - mae: 0.4527 - mse: 0.4460 - ssim_metric: 0.4162
367/652 [===============>..............] - ETA: 1:57 - loss: 0.3990 - mae: 0.4528 - mse: 0.4461 - ssim_metric: 0.4161
368/652 [===============>..............] - ETA: 1:56 - loss: 0.3987 - mae: 0.4523 - mse: 0.4456 - ssim_metric: 0.4165
369/652 [===============>..............] - ETA: 1:56 - loss: 0.3985 - mae: 0.4523 - mse: 0.4456 - ssim_metric: 0.4164
370/652 [================>.............] - ETA: 1:56 - loss: 0.3985 - mae: 0.4524 - mse: 0.4457 - ssim_metric: 0.4163
371/652 [================>.............] - ETA: 1:55 - loss: 0.3984 - mae: 0.4526 - mse: 0.4459 - ssim_metric: 0.4161
372/652 [================>.............] - ETA: 1:55 - loss: 0.3983 - mae: 0.4528 - mse: 0.4461 - ssim_metric: 0.4158
373/652 [================>.............] - ETA: 1:54 - loss: 0.3981 - mae: 0.4528 - mse: 0.4461 - ssim_metric: 0.4159
374/652 [================>.............] - ETA: 1:54 - loss: 0.3982 - mae: 0.4528 - mse: 0.4461 - ssim_metric: 0.4159
375/652 [================>.............] - ETA: 1:54 - loss: 0.3982 - mae: 0.4528 - mse: 0.4461 - ssim_metric: 0.4159
376/652 [================>.............] - ETA: 1:53 - loss: 0.3986 - mae: 0.4527 - mse: 0.4460 - ssim_metric: 0.4161
377/652 [================>.............] - ETA: 1:53 - loss: 0.3987 - mae: 0.4529 - mse: 0.4462 - ssim_metric: 0.4161
378/652 [================>.............] - ETA: 1:52 - loss: 0.3987 - mae: 0.4529 - mse: 0.4462 - ssim_metric: 0.4160
379/652 [================>.............] - ETA: 1:52 - loss: 0.3988 - mae: 0.4531 - mse: 0.4465 - ssim_metric: 0.4158
380/652 [================>.............] - ETA: 1:51 - loss: 0.3989 - mae: 0.4535 - mse: 0.4468 - ssim_metric: 0.4155
381/652 [================>.............] - ETA: 1:51 - loss: 0.3989 - mae: 0.4541 - mse: 0.4474 - ssim_metric: 0.4150
382/652 [================>.............] - ETA: 1:51 - loss: 0.3990 - mae: 0.4540 - mse: 0.4474 - ssim_metric: 0.4151
383/652 [================>.............] - ETA: 1:50 - loss: 0.3988 - mae: 0.4536 - mse: 0.4469 - ssim_metric: 0.4156
384/652 [================>.............] - ETA: 1:50 - loss: 0.3987 - mae: 0.4537 - mse: 0.4471 - ssim_metric: 0.4155
385/652 [================>.............] - ETA: 1:49 - loss: 0.3989 - mae: 0.4539 - mse: 0.4473 - ssim_metric: 0.4153
386/652 [================>.............] - ETA: 1:49 - loss: 0.3988 - mae: 0.4542 - mse: 0.4476 - ssim_metric: 0.4150
387/652 [================>.............] - ETA: 1:49 - loss: 0.3990 - mae: 0.4545 - mse: 0.4478 - ssim_metric: 0.4147
388/652 [================>.............] - ETA: 1:48 - loss: 0.3989 - mae: 0.4542 - mse: 0.4475 - ssim_metric: 0.4150
389/652 [================>.............] - ETA: 1:48 - loss: 0.3991 - mae: 0.4541 - mse: 0.4475 - ssim_metric: 0.4151
390/652 [================>.............] - ETA: 1:47 - loss: 0.3993 - mae: 0.4544 - mse: 0.4478 - ssim_metric: 0.4148
391/652 [================>.............] - ETA: 1:47 - loss: 0.3994 - mae: 0.4548 - mse: 0.4481 - ssim_metric: 0.4144
392/652 [=================>............] - ETA: 1:47 - loss: 0.3996 - mae: 0.4550 - mse: 0.4484 - ssim_metric: 0.4142
393/652 [=================>............] - ETA: 1:46 - loss: 0.3996 - mae: 0.4549 - mse: 0.4482 - ssim_metric: 0.4143
394/652 [=================>............] - ETA: 1:46 - loss: 0.3997 - mae: 0.4553 - mse: 0.4486 - ssim_metric: 0.4139
395/652 [=================>............] - ETA: 1:45 - loss: 0.3996 - mae: 0.4553 - mse: 0.4486 - ssim_metric: 0.4139
396/652 [=================>............] - ETA: 1:45 - loss: 0.3996 - mae: 0.4553 - mse: 0.4487 - ssim_metric: 0.4138
397/652 [=================>............] - ETA: 1:44 - loss: 0.3998 - mae: 0.4555 - mse: 0.4488 - ssim_metric: 0.4136
398/652 [=================>............] - ETA: 1:44 - loss: 0.3999 - mae: 0.4559 - mse: 0.4492 - ssim_metric: 0.4132
399/652 [=================>............] - ETA: 1:44 - loss: 0.3998 - mae: 0.4560 - mse: 0.4493 - ssim_metric: 0.4131
400/652 [=================>............] - ETA: 1:43 - loss: 0.3996 - mae: 0.4559 - mse: 0.4492 - ssim_metric: 0.4131
401/652 [=================>............] - ETA: 1:43 - loss: 0.3999 - mae: 0.4562 - mse: 0.4496 - ssim_metric: 0.4128
402/652 [=================>............] - ETA: 1:42 - loss: 0.4000 - mae: 0.4566 - mse: 0.4499 - ssim_metric: 0.4124
403/652 [=================>............] - ETA: 1:42 - loss: 0.4000 - mae: 0.4564 - mse: 0.4497 - ssim_metric: 0.4126
404/652 [=================>............] - ETA: 1:42 - loss: 0.4004 - mae: 0.4566 - mse: 0.4499 - ssim_metric: 0.4125
405/652 [=================>............] - ETA: 1:41 - loss: 0.4002 - mae: 0.4564 - mse: 0.4497 - ssim_metric: 0.4127
406/652 [=================>............] - ETA: 1:41 - loss: 0.4001 - mae: 0.4563 - mse: 0.4496 - ssim_metric: 0.4128
407/652 [=================>............] - ETA: 1:40 - loss: 0.4000 - mae: 0.4565 - mse: 0.4499 - ssim_metric: 0.4126
408/652 [=================>............] - ETA: 1:40 - loss: 0.4002 - mae: 0.4566 - mse: 0.4500 - ssim_metric: 0.4125
409/652 [=================>............] - ETA: 1:40 - loss: 0.4006 - mae: 0.4571 - mse: 0.4504 - ssim_metric: 0.4122
410/652 [=================>............] - ETA: 1:39 - loss: 0.4007 - mae: 0.4571 - mse: 0.4504 - ssim_metric: 0.4121
411/652 [=================>............] - ETA: 1:39 - loss: 0.4007 - mae: 0.4573 - mse: 0.4507 - ssim_metric: 0.4119
412/652 [=================>............] - ETA: 1:38 - loss: 0.4007 - mae: 0.4575 - mse: 0.4509 - ssim_metric: 0.4118
413/652 [==================>...........] - ETA: 1:38 - loss: 0.4006 - mae: 0.4576 - mse: 0.4510 - ssim_metric: 0.4118
414/652 [==================>...........] - ETA: 1:37 - loss: 0.4006 - mae: 0.4574 - mse: 0.4508 - ssim_metric: 0.4120
415/652 [==================>...........] - ETA: 1:37 - loss: 0.4008 - mae: 0.4578 - mse: 0.4511 - ssim_metric: 0.4116
416/652 [==================>...........] - ETA: 1:37 - loss: 0.4008 - mae: 0.4576 - mse: 0.4510 - ssim_metric: 0.4117
417/652 [==================>...........] - ETA: 1:36 - loss: 0.4007 - mae: 0.4576 - mse: 0.4510 - ssim_metric: 0.4118
418/652 [==================>...........] - ETA: 1:36 - loss: 0.4008 - mae: 0.4579 - mse: 0.4513 - ssim_metric: 0.4114
419/652 [==================>...........] - ETA: 1:35 - loss: 0.4008 - mae: 0.4582 - mse: 0.4516 - ssim_metric: 0.4111
420/652 [==================>...........] - ETA: 1:35 - loss: 0.4007 - mae: 0.4583 - mse: 0.4517 - ssim_metric: 0.4110
421/652 [==================>...........] - ETA: 1:35 - loss: 0.4011 - mae: 0.4583 - mse: 0.4517 - ssim_metric: 0.4111
422/652 [==================>...........] - ETA: 1:34 - loss: 0.4011 - mae: 0.4583 - mse: 0.4516 - ssim_metric: 0.4111
423/652 [==================>...........] - ETA: 1:34 - loss: 0.4011 - mae: 0.4583 - mse: 0.4517 - ssim_metric: 0.4110
424/652 [==================>...........] - ETA: 1:33 - loss: 0.4012 - mae: 0.4584 - mse: 0.4517 - ssim_metric: 0.4108
425/652 [==================>...........] - ETA: 1:33 - loss: 0.4012 - mae: 0.4584 - mse: 0.4517 - ssim_metric: 0.4108
426/652 [==================>...........] - ETA: 1:33 - loss: 0.4009 - mae: 0.4582 - mse: 0.4516 - ssim_metric: 0.4109
427/652 [==================>...........] - ETA: 1:32 - loss: 0.4009 - mae: 0.4582 - mse: 0.4516 - ssim_metric: 0.4109
428/652 [==================>...........] - ETA: 1:32 - loss: 0.4008 - mae: 0.4581 - mse: 0.4514 - ssim_metric: 0.4110
429/652 [==================>...........] - ETA: 1:31 - loss: 0.4008 - mae: 0.4581 - mse: 0.4514 - ssim_metric: 0.4108
430/652 [==================>...........] - ETA: 1:31 - loss: 0.4007 - mae: 0.4580 - mse: 0.4513 - ssim_metric: 0.4109
431/652 [==================>...........] - ETA: 1:30 - loss: 0.4004 - mae: 0.4576 - mse: 0.4509 - ssim_metric: 0.4114
432/652 [==================>...........] - ETA: 1:30 - loss: 0.4005 - mae: 0.4575 - mse: 0.4509 - ssim_metric: 0.4115
433/652 [==================>...........] - ETA: 1:30 - loss: 0.4004 - mae: 0.4574 - mse: 0.4507 - ssim_metric: 0.4116
434/652 [==================>...........] - ETA: 1:29 - loss: 0.4004 - mae: 0.4571 - mse: 0.4505 - ssim_metric: 0.4118
435/652 [===================>..........] - ETA: 1:29 - loss: 0.4003 - mae: 0.4569 - mse: 0.4503 - ssim_metric: 0.4120
436/652 [===================>..........] - ETA: 1:28 - loss: 0.4001 - mae: 0.4567 - mse: 0.4501 - ssim_metric: 0.4121
437/652 [===================>..........] - ETA: 1:28 - loss: 0.4002 - mae: 0.4566 - mse: 0.4499 - ssim_metric: 0.4122
438/652 [===================>..........] - ETA: 1:28 - loss: 0.4000 - mae: 0.4561 - mse: 0.4494 - ssim_metric: 0.4126
439/652 [===================>..........] - ETA: 1:27 - loss: 0.3999 - mae: 0.4560 - mse: 0.4494 - ssim_metric: 0.4126
440/652 [===================>..........] - ETA: 1:27 - loss: 0.4001 - mae: 0.4563 - mse: 0.4496 - ssim_metric: 0.4123
441/652 [===================>..........] - ETA: 1:26 - loss: 0.4001 - mae: 0.4565 - mse: 0.4498 - ssim_metric: 0.4120
442/652 [===================>..........] - ETA: 1:26 - loss: 0.3999 - mae: 0.4562 - mse: 0.4496 - ssim_metric: 0.4123
443/652 [===================>..........] - ETA: 1:26 - loss: 0.4000 - mae: 0.4564 - mse: 0.4497 - ssim_metric: 0.4121
444/652 [===================>..........] - ETA: 1:25 - loss: 0.4001 - mae: 0.4567 - mse: 0.4499 - ssim_metric: 0.4118
445/652 [===================>..........] - ETA: 1:25 - loss: 0.3999 - mae: 0.4567 - mse: 0.4500 - ssim_metric: 0.4117
446/652 [===================>..........] - ETA: 1:24 - loss: 0.4001 - mae: 0.4570 - mse: 0.4503 - ssim_metric: 0.4115
447/652 [===================>..........] - ETA: 1:24 - loss: 0.4001 - mae: 0.4572 - mse: 0.4504 - ssim_metric: 0.4113
448/652 [===================>..........] - ETA: 1:23 - loss: 0.3998 - mae: 0.4570 - mse: 0.4503 - ssim_metric: 0.4114
449/652 [===================>..........] - ETA: 1:23 - loss: 0.3999 - mae: 0.4571 - mse: 0.4504 - ssim_metric: 0.4113
450/652 [===================>..........] - ETA: 1:23 - loss: 0.4000 - mae: 0.4572 - mse: 0.4505 - ssim_metric: 0.4112
451/652 [===================>..........] - ETA: 1:22 - loss: 0.3999 - mae: 0.4572 - mse: 0.4505 - ssim_metric: 0.4112
452/652 [===================>..........] - ETA: 1:22 - loss: 0.3998 - mae: 0.4571 - mse: 0.4504 - ssim_metric: 0.4112
453/652 [===================>..........] - ETA: 1:21 - loss: 0.3997 - mae: 0.4569 - mse: 0.4502 - ssim_metric: 0.4115
454/652 [===================>..........] - ETA: 1:21 - loss: 0.3999 - mae: 0.4570 - mse: 0.4503 - ssim_metric: 0.4114
455/652 [===================>..........] - ETA: 1:21 - loss: 0.4000 - mae: 0.4571 - mse: 0.4503 - ssim_metric: 0.4113
456/652 [===================>..........] - ETA: 1:20 - loss: 0.4000 - mae: 0.4570 - mse: 0.4503 - ssim_metric: 0.4114
457/652 [====================>.........] - ETA: 1:20 - loss: 0.4000 - mae: 0.4572 - mse: 0.4505 - ssim_metric: 0.4111
458/652 [====================>.........] - ETA: 1:19 - loss: 0.3999 - mae: 0.4573 - mse: 0.4506 - ssim_metric: 0.4110
459/652 [====================>.........] - ETA: 1:19 - loss: 0.3999 - mae: 0.4576 - mse: 0.4509 - ssim_metric: 0.4108
460/652 [====================>.........] - ETA: 1:19 - loss: 0.3999 - mae: 0.4578 - mse: 0.4510 - ssim_metric: 0.4107
461/652 [====================>.........] - ETA: 1:18 - loss: 0.4000 - mae: 0.4577 - mse: 0.4510 - ssim_metric: 0.4107
462/652 [====================>.........] - ETA: 1:18 - loss: 0.4001 - mae: 0.4579 - mse: 0.4511 - ssim_metric: 0.4105
463/652 [====================>.........] - ETA: 1:17 - loss: 0.3999 - mae: 0.4577 - mse: 0.4509 - ssim_metric: 0.4107
464/652 [====================>.........] - ETA: 1:17 - loss: 0.3999 - mae: 0.4577 - mse: 0.4509 - ssim_metric: 0.4106
465/652 [====================>.........] - ETA: 1:16 - loss: 0.4000 - mae: 0.4577 - mse: 0.4510 - ssim_metric: 0.4105
466/652 [====================>.........] - ETA: 1:16 - loss: 0.4004 - mae: 0.4579 - mse: 0.4512 - ssim_metric: 0.4105
467/652 [====================>.........] - ETA: 1:16 - loss: 0.4003 - mae: 0.4581 - mse: 0.4513 - ssim_metric: 0.4103
468/652 [====================>.........] - ETA: 1:15 - loss: 0.4004 - mae: 0.4583 - mse: 0.4516 - ssim_metric: 0.4100
469/652 [====================>.........] - ETA: 1:15 - loss: 0.4003 - mae: 0.4583 - mse: 0.4516 - ssim_metric: 0.4100
470/652 [====================>.........] - ETA: 1:14 - loss: 0.4003 - mae: 0.4581 - mse: 0.4514 - ssim_metric: 0.4102
471/652 [====================>.........] - ETA: 1:14 - loss: 0.4002 - mae: 0.4582 - mse: 0.4514 - ssim_metric: 0.4101
472/652 [====================>.........] - ETA: 1:14 - loss: 0.4004 - mae: 0.4583 - mse: 0.4516 - ssim_metric: 0.4100
473/652 [====================>.........] - ETA: 1:13 - loss: 0.4004 - mae: 0.4578 - mse: 0.4511 - ssim_metric: 0.4105
474/652 [====================>.........] - ETA: 1:13 - loss: 0.4004 - mae: 0.4579 - mse: 0.4512 - ssim_metric: 0.4105
475/652 [====================>.........] - ETA: 1:12 - loss: 0.4002 - mae: 0.4581 - mse: 0.4513 - ssim_metric: 0.4103
476/652 [====================>.........] - ETA: 1:12 - loss: 0.4002 - mae: 0.4580 - mse: 0.4512 - ssim_metric: 0.4105
477/652 [====================>.........] - ETA: 1:12 - loss: 0.4004 - mae: 0.4581 - mse: 0.4514 - ssim_metric: 0.4103
478/652 [====================>.........] - ETA: 1:11 - loss: 0.4003 - mae: 0.4579 - mse: 0.4512 - ssim_metric: 0.4106
479/652 [=====================>........] - ETA: 1:11 - loss: 0.4002 - mae: 0.4576 - mse: 0.4509 - ssim_metric: 0.4109
480/652 [=====================>........] - ETA: 1:10 - loss: 0.4000 - mae: 0.4574 - mse: 0.4507 - ssim_metric: 0.4111
481/652 [=====================>........] - ETA: 1:10 - loss: 0.3998 - mae: 0.4572 - mse: 0.4505 - ssim_metric: 0.4112
482/652 [=====================>........] - ETA: 1:09 - loss: 0.4000 - mae: 0.4576 - mse: 0.4509 - ssim_metric: 0.4109
483/652 [=====================>........] - ETA: 1:09 - loss: 0.3997 - mae: 0.4572 - mse: 0.4505 - ssim_metric: 0.4114
484/652 [=====================>........] - ETA: 1:09 - loss: 0.3997 - mae: 0.4573 - mse: 0.4505 - ssim_metric: 0.4113
485/652 [=====================>........] - ETA: 1:08 - loss: 0.3998 - mae: 0.4576 - mse: 0.4509 - ssim_metric: 0.4111
486/652 [=====================>........] - ETA: 1:08 - loss: 0.4003 - mae: 0.4577 - mse: 0.4510 - ssim_metric: 0.4110
487/652 [=====================>........] - ETA: 1:07 - loss: 0.4003 - mae: 0.4576 - mse: 0.4509 - ssim_metric: 0.4111
488/652 [=====================>........] - ETA: 1:07 - loss: 0.4003 - mae: 0.4576 - mse: 0.4509 - ssim_metric: 0.4111
489/652 [=====================>........] - ETA: 1:07 - loss: 0.4005 - mae: 0.4577 - mse: 0.4510 - ssim_metric: 0.4110
490/652 [=====================>........] - ETA: 1:06 - loss: 0.4006 - mae: 0.4579 - mse: 0.4512 - ssim_metric: 0.4108
491/652 [=====================>........] - ETA: 1:06 - loss: 0.4006 - mae: 0.4581 - mse: 0.4514 - ssim_metric: 0.4107
492/652 [=====================>........] - ETA: 1:05 - loss: 0.4005 - mae: 0.4578 - mse: 0.4511 - ssim_metric: 0.4109
493/652 [=====================>........] - ETA: 1:05 - loss: 0.4005 - mae: 0.4577 - mse: 0.4510 - ssim_metric: 0.4111
494/652 [=====================>........] - ETA: 1:05 - loss: 0.4003 - mae: 0.4576 - mse: 0.4509 - ssim_metric: 0.4111
495/652 [=====================>........] - ETA: 1:04 - loss: 0.4003 - mae: 0.4575 - mse: 0.4508 - ssim_metric: 0.4112
496/652 [=====================>........] - ETA: 1:04 - loss: 0.4000 - mae: 0.4574 - mse: 0.4507 - ssim_metric: 0.4113
497/652 [=====================>........] - ETA: 1:03 - loss: 0.3998 - mae: 0.4572 - mse: 0.4505 - ssim_metric: 0.4115
498/652 [=====================>........] - ETA: 1:03 - loss: 0.3998 - mae: 0.4571 - mse: 0.4504 - ssim_metric: 0.4114
499/652 [=====================>........] - ETA: 1:02 - loss: 0.3997 - mae: 0.4571 - mse: 0.4504 - ssim_metric: 0.4115
500/652 [======================>.......] - ETA: 1:02 - loss: 0.3997 - mae: 0.4569 - mse: 0.4502 - ssim_metric: 0.4115
501/652 [======================>.......] - ETA: 1:02 - loss: 0.3996 - mae: 0.4568 - mse: 0.4500 - ssim_metric: 0.4116
502/652 [======================>.......] - ETA: 1:01 - loss: 0.3995 - mae: 0.4566 - mse: 0.4499 - ssim_metric: 0.4117
503/652 [======================>.......] - ETA: 1:01 - loss: 0.3996 - mae: 0.4568 - mse: 0.4500 - ssim_metric: 0.4116
504/652 [======================>.......] - ETA: 1:00 - loss: 0.3995 - mae: 0.4566 - mse: 0.4499 - ssim_metric: 0.4117
505/652 [======================>.......] - ETA: 1:00 - loss: 0.3999 - mae: 0.4568 - mse: 0.4500 - ssim_metric: 0.4116
506/652 [======================>.......] - ETA: 1:00 - loss: 0.3998 - mae: 0.4568 - mse: 0.4501 - ssim_metric: 0.4116
507/652 [======================>.......] - ETA: 59s - loss: 0.3996 - mae: 0.4566 - mse: 0.4498 - ssim_metric: 0.4118 
508/652 [======================>.......] - ETA: 59s - loss: 0.3995 - mae: 0.4566 - mse: 0.4499 - ssim_metric: 0.4118
509/652 [======================>.......] - ETA: 58s - loss: 0.3997 - mae: 0.4568 - mse: 0.4501 - ssim_metric: 0.4116
510/652 [======================>.......] - ETA: 58s - loss: 0.3998 - mae: 0.4572 - mse: 0.4504 - ssim_metric: 0.4113
511/652 [======================>.......] - ETA: 58s - loss: 0.4000 - mae: 0.4575 - mse: 0.4508 - ssim_metric: 0.4110
512/652 [======================>.......] - ETA: 57s - loss: 0.4000 - mae: 0.4573 - mse: 0.4506 - ssim_metric: 0.4110
513/652 [======================>.......] - ETA: 57s - loss: 0.4000 - mae: 0.4576 - mse: 0.4508 - ssim_metric: 0.4108
514/652 [======================>.......] - ETA: 56s - loss: 0.4000 - mae: 0.4575 - mse: 0.4507 - ssim_metric: 0.4108
515/652 [======================>.......] - ETA: 56s - loss: 0.3999 - mae: 0.4574 - mse: 0.4506 - ssim_metric: 0.4108
516/652 [======================>.......] - ETA: 55s - loss: 0.3998 - mae: 0.4576 - mse: 0.4508 - ssim_metric: 0.4107
517/652 [======================>.......] - ETA: 55s - loss: 0.3998 - mae: 0.4576 - mse: 0.4509 - ssim_metric: 0.4105
518/652 [======================>.......] - ETA: 55s - loss: 0.3998 - mae: 0.4576 - mse: 0.4508 - ssim_metric: 0.4105
519/652 [======================>.......] - ETA: 54s - loss: 0.3997 - mae: 0.4577 - mse: 0.4509 - ssim_metric: 0.4104
520/652 [======================>.......] - ETA: 54s - loss: 0.3996 - mae: 0.4575 - mse: 0.4507 - ssim_metric: 0.4105
521/652 [======================>.......] - ETA: 53s - loss: 0.3996 - mae: 0.4574 - mse: 0.4506 - ssim_metric: 0.4106
522/652 [=======================>......] - ETA: 53s - loss: 0.3996 - mae: 0.4574 - mse: 0.4505 - ssim_metric: 0.4105
523/652 [=======================>......] - ETA: 53s - loss: 0.3995 - mae: 0.4573 - mse: 0.4505 - ssim_metric: 0.4105
524/652 [=======================>......] - ETA: 52s - loss: 0.3994 - mae: 0.4572 - mse: 0.4504 - ssim_metric: 0.4105
525/652 [=======================>......] - ETA: 52s - loss: 0.3995 - mae: 0.4571 - mse: 0.4503 - ssim_metric: 0.4106
526/652 [=======================>......] - ETA: 51s - loss: 0.3994 - mae: 0.4568 - mse: 0.4499 - ssim_metric: 0.4109
527/652 [=======================>......] - ETA: 51s - loss: 0.3994 - mae: 0.4567 - mse: 0.4499 - ssim_metric: 0.4110
528/652 [=======================>......] - ETA: 51s - loss: 0.3994 - mae: 0.4565 - mse: 0.4497 - ssim_metric: 0.4112
529/652 [=======================>......] - ETA: 50s - loss: 0.3994 - mae: 0.4565 - mse: 0.4497 - ssim_metric: 0.4113
530/652 [=======================>......] - ETA: 50s - loss: 0.3993 - mae: 0.4564 - mse: 0.4495 - ssim_metric: 0.4113
531/652 [=======================>......] - ETA: 49s - loss: 0.3994 - mae: 0.4564 - mse: 0.4496 - ssim_metric: 0.4114
532/652 [=======================>......] - ETA: 49s - loss: 0.3995 - mae: 0.4566 - mse: 0.4498 - ssim_metric: 0.4112
533/652 [=======================>......] - ETA: 48s - loss: 0.3995 - mae: 0.4563 - mse: 0.4495 - ssim_metric: 0.4113
534/652 [=======================>......] - ETA: 48s - loss: 0.3994 - mae: 0.4563 - mse: 0.4495 - ssim_metric: 0.4113
535/652 [=======================>......] - ETA: 48s - loss: 0.3994 - mae: 0.4565 - mse: 0.4497 - ssim_metric: 0.4112
536/652 [=======================>......] - ETA: 47s - loss: 0.3994 - mae: 0.4565 - mse: 0.4497 - ssim_metric: 0.4112
537/652 [=======================>......] - ETA: 47s - loss: 0.3994 - mae: 0.4564 - mse: 0.4496 - ssim_metric: 0.4113
538/652 [=======================>......] - ETA: 46s - loss: 0.3994 - mae: 0.4566 - mse: 0.4498 - ssim_metric: 0.4111
539/652 [=======================>......] - ETA: 46s - loss: 0.3996 - mae: 0.4569 - mse: 0.4501 - ssim_metric: 0.4108
540/652 [=======================>......] - ETA: 46s - loss: 0.3995 - mae: 0.4570 - mse: 0.4502 - ssim_metric: 0.4107
541/652 [=======================>......] - ETA: 45s - loss: 0.3994 - mae: 0.4569 - mse: 0.4501 - ssim_metric: 0.4109
542/652 [=======================>......] - ETA: 45s - loss: 0.3994 - mae: 0.4570 - mse: 0.4502 - ssim_metric: 0.4108
543/652 [=======================>......] - ETA: 44s - loss: 0.3993 - mae: 0.4568 - mse: 0.4500 - ssim_metric: 0.4109
544/652 [========================>.....] - ETA: 44s - loss: 0.3992 - mae: 0.4568 - mse: 0.4500 - ssim_metric: 0.4108
545/652 [========================>.....] - ETA: 44s - loss: 0.3990 - mae: 0.4567 - mse: 0.4499 - ssim_metric: 0.4109
546/652 [========================>.....] - ETA: 43s - loss: 0.3992 - mae: 0.4570 - mse: 0.4502 - ssim_metric: 0.4107
547/652 [========================>.....] - ETA: 43s - loss: 0.3994 - mae: 0.4573 - mse: 0.4505 - ssim_metric: 0.4104
548/652 [========================>.....] - ETA: 42s - loss: 0.3993 - mae: 0.4570 - mse: 0.4502 - ssim_metric: 0.4106
549/652 [========================>.....] - ETA: 42s - loss: 0.3995 - mae: 0.4569 - mse: 0.4501 - ssim_metric: 0.4108
550/652 [========================>.....] - ETA: 41s - loss: 0.3995 - mae: 0.4569 - mse: 0.4501 - ssim_metric: 0.4108
551/652 [========================>.....] - ETA: 41s - loss: 0.3995 - mae: 0.4569 - mse: 0.4501 - ssim_metric: 0.4107
552/652 [========================>.....] - ETA: 41s - loss: 0.3995 - mae: 0.4570 - mse: 0.4502 - ssim_metric: 0.4106
553/652 [========================>.....] - ETA: 40s - loss: 0.3995 - mae: 0.4570 - mse: 0.4502 - ssim_metric: 0.4106
554/652 [========================>.....] - ETA: 40s - loss: 0.3994 - mae: 0.4570 - mse: 0.4503 - ssim_metric: 0.4105
555/652 [========================>.....] - ETA: 39s - loss: 0.3992 - mae: 0.4568 - mse: 0.4500 - ssim_metric: 0.4108
556/652 [========================>.....] - ETA: 39s - loss: 0.3991 - mae: 0.4567 - mse: 0.4500 - ssim_metric: 0.4108
557/652 [========================>.....] - ETA: 39s - loss: 0.3988 - mae: 0.4563 - mse: 0.4496 - ssim_metric: 0.4112
558/652 [========================>.....] - ETA: 38s - loss: 0.3987 - mae: 0.4561 - mse: 0.4493 - ssim_metric: 0.4114
559/652 [========================>.....] - ETA: 38s - loss: 0.3987 - mae: 0.4560 - mse: 0.4492 - ssim_metric: 0.4116
560/652 [========================>.....] - ETA: 37s - loss: 0.3986 - mae: 0.4558 - mse: 0.4490 - ssim_metric: 0.4117
561/652 [========================>.....] - ETA: 37s - loss: 0.3987 - mae: 0.4559 - mse: 0.4491 - ssim_metric: 0.4115
562/652 [========================>.....] - ETA: 37s - loss: 0.3985 - mae: 0.4559 - mse: 0.4491 - ssim_metric: 0.4116
563/652 [========================>.....] - ETA: 36s - loss: 0.3986 - mae: 0.4559 - mse: 0.4491 - ssim_metric: 0.4116
564/652 [========================>.....] - ETA: 36s - loss: 0.3986 - mae: 0.4558 - mse: 0.4491 - ssim_metric: 0.4117
565/652 [========================>.....] - ETA: 35s - loss: 0.3987 - mae: 0.4558 - mse: 0.4490 - ssim_metric: 0.4118
566/652 [=========================>....] - ETA: 35s - loss: 0.3991 - mae: 0.4561 - mse: 0.4493 - ssim_metric: 0.4115
567/652 [=========================>....] - ETA: 34s - loss: 0.3991 - mae: 0.4564 - mse: 0.4496 - ssim_metric: 0.4112
568/652 [=========================>....] - ETA: 34s - loss: 0.3991 - mae: 0.4565 - mse: 0.4497 - ssim_metric: 0.4113
569/652 [=========================>....] - ETA: 34s - loss: 0.3990 - mae: 0.4563 - mse: 0.4495 - ssim_metric: 0.4114
570/652 [=========================>....] - ETA: 33s - loss: 0.3990 - mae: 0.4564 - mse: 0.4496 - ssim_metric: 0.4112
571/652 [=========================>....] - ETA: 33s - loss: 0.3991 - mae: 0.4566 - mse: 0.4498 - ssim_metric: 0.4110
572/652 [=========================>....] - ETA: 32s - loss: 0.3991 - mae: 0.4565 - mse: 0.4497 - ssim_metric: 0.4111
573/652 [=========================>....] - ETA: 32s - loss: 0.3990 - mae: 0.4564 - mse: 0.4496 - ssim_metric: 0.4111
574/652 [=========================>....] - ETA: 32s - loss: 0.3993 - mae: 0.4565 - mse: 0.4497 - ssim_metric: 0.4111
575/652 [=========================>....] - ETA: 31s - loss: 0.3993 - mae: 0.4566 - mse: 0.4497 - ssim_metric: 0.4109
576/652 [=========================>....] - ETA: 31s - loss: 0.3993 - mae: 0.4565 - mse: 0.4497 - ssim_metric: 0.4110
577/652 [=========================>....] - ETA: 30s - loss: 0.3993 - mae: 0.4565 - mse: 0.4497 - ssim_metric: 0.4109
578/652 [=========================>....] - ETA: 30s - loss: 0.3994 - mae: 0.4566 - mse: 0.4497 - ssim_metric: 0.4108
579/652 [=========================>....] - ETA: 30s - loss: 0.3995 - mae: 0.4566 - mse: 0.4498 - ssim_metric: 0.4108
580/652 [=========================>....] - ETA: 29s - loss: 0.3996 - mae: 0.4567 - mse: 0.4498 - ssim_metric: 0.4108
581/652 [=========================>....] - ETA: 29s - loss: 0.3995 - mae: 0.4565 - mse: 0.4497 - ssim_metric: 0.4109
582/652 [=========================>....] - ETA: 28s - loss: 0.3992 - mae: 0.4563 - mse: 0.4495 - ssim_metric: 0.4111
583/652 [=========================>....] - ETA: 28s - loss: 0.3993 - mae: 0.4565 - mse: 0.4496 - ssim_metric: 0.4109
584/652 [=========================>....] - ETA: 27s - loss: 0.3993 - mae: 0.4565 - mse: 0.4496 - ssim_metric: 0.4109
585/652 [=========================>....] - ETA: 27s - loss: 0.3993 - mae: 0.4565 - mse: 0.4496 - ssim_metric: 0.4109
586/652 [=========================>....] - ETA: 27s - loss: 0.3991 - mae: 0.4562 - mse: 0.4493 - ssim_metric: 0.4112
587/652 [==========================>...] - ETA: 26s - loss: 0.3992 - mae: 0.4562 - mse: 0.4493 - ssim_metric: 0.4112
588/652 [==========================>...] - ETA: 26s - loss: 0.3991 - mae: 0.4563 - mse: 0.4495 - ssim_metric: 0.4111
589/652 [==========================>...] - ETA: 25s - loss: 0.3990 - mae: 0.4563 - mse: 0.4494 - ssim_metric: 0.4111
590/652 [==========================>...] - ETA: 25s - loss: 0.3990 - mae: 0.4561 - mse: 0.4493 - ssim_metric: 0.4112
591/652 [==========================>...] - ETA: 25s - loss: 0.3988 - mae: 0.4560 - mse: 0.4492 - ssim_metric: 0.4112
592/652 [==========================>...] - ETA: 24s - loss: 0.3988 - mae: 0.4558 - mse: 0.4490 - ssim_metric: 0.4115
593/652 [==========================>...] - ETA: 24s - loss: 0.3988 - mae: 0.4558 - mse: 0.4490 - ssim_metric: 0.4114
594/652 [==========================>...] - ETA: 23s - loss: 0.3986 - mae: 0.4556 - mse: 0.4488 - ssim_metric: 0.4117
595/652 [==========================>...] - ETA: 23s - loss: 0.3988 - mae: 0.4558 - mse: 0.4490 - ssim_metric: 0.4116
596/652 [==========================>...] - ETA: 23s - loss: 0.3988 - mae: 0.4556 - mse: 0.4488 - ssim_metric: 0.4117
597/652 [==========================>...] - ETA: 22s - loss: 0.3988 - mae: 0.4556 - mse: 0.4488 - ssim_metric: 0.4117
598/652 [==========================>...] - ETA: 22s - loss: 0.3986 - mae: 0.4553 - mse: 0.4484 - ssim_metric: 0.4121
599/652 [==========================>...] - ETA: 21s - loss: 0.3986 - mae: 0.4552 - mse: 0.4483 - ssim_metric: 0.4122
600/652 [==========================>...] - ETA: 21s - loss: 0.3986 - mae: 0.4550 - mse: 0.4481 - ssim_metric: 0.4123
601/652 [==========================>...] - ETA: 20s - loss: 0.3987 - mae: 0.4552 - mse: 0.4483 - ssim_metric: 0.4121
602/652 [==========================>...] - ETA: 20s - loss: 0.3986 - mae: 0.4550 - mse: 0.4481 - ssim_metric: 0.4124
603/652 [==========================>...] - ETA: 20s - loss: 0.3987 - mae: 0.4551 - mse: 0.4482 - ssim_metric: 0.4122
604/652 [==========================>...] - ETA: 19s - loss: 0.3987 - mae: 0.4552 - mse: 0.4483 - ssim_metric: 0.4120
605/652 [==========================>...] - ETA: 19s - loss: 0.3986 - mae: 0.4553 - mse: 0.4484 - ssim_metric: 0.4119
606/652 [==========================>...] - ETA: 18s - loss: 0.3986 - mae: 0.4555 - mse: 0.4486 - ssim_metric: 0.4117
607/652 [==========================>...] - ETA: 18s - loss: 0.3986 - mae: 0.4555 - mse: 0.4486 - ssim_metric: 0.4117
608/652 [==========================>...] - ETA: 18s - loss: 0.3987 - mae: 0.4557 - mse: 0.4489 - ssim_metric: 0.4114
609/652 [===========================>..] - ETA: 17s - loss: 0.3987 - mae: 0.4559 - mse: 0.4490 - ssim_metric: 0.4112
610/652 [===========================>..] - ETA: 17s - loss: 0.3986 - mae: 0.4558 - mse: 0.4489 - ssim_metric: 0.4111
611/652 [===========================>..] - ETA: 16s - loss: 0.3986 - mae: 0.4559 - mse: 0.4490 - ssim_metric: 0.4110
612/652 [===========================>..] - ETA: 16s - loss: 0.3985 - mae: 0.4559 - mse: 0.4490 - ssim_metric: 0.4109
613/652 [===========================>..] - ETA: 16s - loss: 0.3984 - mae: 0.4558 - mse: 0.4489 - ssim_metric: 0.4109
614/652 [===========================>..] - ETA: 15s - loss: 0.3983 - mae: 0.4557 - mse: 0.4488 - ssim_metric: 0.4110
615/652 [===========================>..] - ETA: 15s - loss: 0.3982 - mae: 0.4556 - mse: 0.4487 - ssim_metric: 0.4110
616/652 [===========================>..] - ETA: 14s - loss: 0.3983 - mae: 0.4555 - mse: 0.4486 - ssim_metric: 0.4111
617/652 [===========================>..] - ETA: 14s - loss: 0.3983 - mae: 0.4557 - mse: 0.4487 - ssim_metric: 0.4110
618/652 [===========================>..] - ETA: 13s - loss: 0.3983 - mae: 0.4556 - mse: 0.4486 - ssim_metric: 0.4111
619/652 [===========================>..] - ETA: 13s - loss: 0.3982 - mae: 0.4556 - mse: 0.4487 - ssim_metric: 0.4110
620/652 [===========================>..] - ETA: 13s - loss: 0.3980 - mae: 0.4554 - mse: 0.4485 - ssim_metric: 0.4111
621/652 [===========================>..] - ETA: 12s - loss: 0.3979 - mae: 0.4552 - mse: 0.4482 - ssim_metric: 0.4114
622/652 [===========================>..] - ETA: 12s - loss: 0.3978 - mae: 0.4551 - mse: 0.4481 - ssim_metric: 0.4115
623/652 [===========================>..] - ETA: 11s - loss: 0.3979 - mae: 0.4552 - mse: 0.4482 - ssim_metric: 0.4114
624/652 [===========================>..] - ETA: 11s - loss: 0.3978 - mae: 0.4552 - mse: 0.4482 - ssim_metric: 0.4113
625/652 [===========================>..] - ETA: 11s - loss: 0.3978 - mae: 0.4552 - mse: 0.4482 - ssim_metric: 0.4113
626/652 [===========================>..] - ETA: 10s - loss: 0.3978 - mae: 0.4550 - mse: 0.4481 - ssim_metric: 0.4114
627/652 [===========================>..] - ETA: 10s - loss: 0.3980 - mae: 0.4550 - mse: 0.4480 - ssim_metric: 0.4114
628/652 [===========================>..] - ETA: 9s - loss: 0.3980 - mae: 0.4547 - mse: 0.4477 - ssim_metric: 0.4117 
629/652 [===========================>..] - ETA: 9s - loss: 0.3979 - mae: 0.4546 - mse: 0.4476 - ssim_metric: 0.4119
630/652 [===========================>..] - ETA: 9s - loss: 0.3978 - mae: 0.4546 - mse: 0.4477 - ssim_metric: 0.4118
631/652 [============================>.] - ETA: 8s - loss: 0.3979 - mae: 0.4548 - mse: 0.4479 - ssim_metric: 0.4116
632/652 [============================>.] - ETA: 8s - loss: 0.3978 - mae: 0.4549 - mse: 0.4479 - ssim_metric: 0.4115
633/652 [============================>.] - ETA: 7s - loss: 0.3978 - mae: 0.4547 - mse: 0.4477 - ssim_metric: 0.4116
634/652 [============================>.] - ETA: 7s - loss: 0.3976 - mae: 0.4544 - mse: 0.4475 - ssim_metric: 0.4118
635/652 [============================>.] - ETA: 6s - loss: 0.3975 - mae: 0.4542 - mse: 0.4472 - ssim_metric: 0.4120
636/652 [============================>.] - ETA: 6s - loss: 0.3975 - mae: 0.4543 - mse: 0.4473 - ssim_metric: 0.4119
637/652 [============================>.] - ETA: 6s - loss: 0.3975 - mae: 0.4541 - mse: 0.4471 - ssim_metric: 0.4120
638/652 [============================>.] - ETA: 5s - loss: 0.3977 - mae: 0.4543 - mse: 0.4473 - ssim_metric: 0.4118
639/652 [============================>.] - ETA: 5s - loss: 0.3978 - mae: 0.4546 - mse: 0.4476 - ssim_metric: 0.4116
640/652 [============================>.] - ETA: 4s - loss: 0.3979 - mae: 0.4547 - mse: 0.4477 - ssim_metric: 0.4114
641/652 [============================>.] - ETA: 4s - loss: 0.3979 - mae: 0.4547 - mse: 0.4477 - ssim_metric: 0.4114
642/652 [============================>.] - ETA: 4s - loss: 0.3978 - mae: 0.4546 - mse: 0.4476 - ssim_metric: 0.4115
643/652 [============================>.] - ETA: 3s - loss: 0.3978 - mae: 0.4546 - mse: 0.4476 - ssim_metric: 0.4115
644/652 [============================>.] - ETA: 3s - loss: 0.3978 - mae: 0.4546 - mse: 0.4476 - ssim_metric: 0.4114
645/652 [============================>.] - ETA: 2s - loss: 0.3977 - mae: 0.4546 - mse: 0.4476 - ssim_metric: 0.4114
646/652 [============================>.] - ETA: 2s - loss: 0.3978 - mae: 0.4545 - mse: 0.4475 - ssim_metric: 0.4114
647/652 [============================>.] - ETA: 2s - loss: 0.3978 - mae: 0.4545 - mse: 0.4475 - ssim_metric: 0.4113
648/652 [============================>.] - ETA: 1s - loss: 0.3980 - mae: 0.4548 - mse: 0.4477 - ssim_metric: 0.4111
649/652 [============================>.] - ETA: 1s - loss: 0.3979 - mae: 0.4547 - mse: 0.4477 - ssim_metric: 0.4111
650/652 [============================>.] - ETA: 0s - loss: 0.3979 - mae: 0.4548 - mse: 0.4478 - ssim_metric: 0.4110
651/652 [============================>.] - ETA: 0s - loss: 0.3981 - mae: 0.4548 - mse: 0.4478 - ssim_metric: 0.4110
652/652 [==============================] - ETA: 0s - loss: 0.3980 - mae: 0.4547 - mse: 0.4477 - ssim_metric: 0.4111
Epoch 4: saving model to C:\d_surucusu\visual_navigation\benchmark\models_pipeline\_lr_batch_probe\lr1e-4_b8\_JOB_lr1e-4_b8_05_09_2026__17_43_model_f48_k4_epoch_00004_helu_osigmoid_(1, 1)_.h5

Epoch 4: val_loss improved from 0.41413 to 0.39657, saving model to C:\d_surucusu\visual_navigation\benchmark\models_pipeline\_lr_batch_probe\lr1e-4_b8\_JOB_lr1e-4_b8_05_09_2026__17_43_best_val_loss_model_f48_k4.h5

Epoch 4: val_mae improved from 0.45792 to 0.44479, saving model to C:\d_surucusu\visual_navigation\benchmark\models_pipeline\_lr_batch_probe\lr1e-4_b8\_JOB_lr1e-4_b8_05_09_2026__17_43_best_mae_model_f48_k4.h5

Epoch 4: val_ssim_metric did not improve from 0.41865

652/652 [==============================] - 285s 437ms/step - loss: 0.3980 - mae: 0.4547 - mse: 0.4477 - ssim_metric: 0.4111 - val_loss: 0.3966 - val_mae: 0.4448 - val_mse: 0.4354 - val_ssim_metric: 0.4081
Epoch 5/6

  1/652 [..............................] - ETA: 4:48 - loss: 0.4604 - mae: 0.5082 - mse: 0.4973 - ssim_metric: 0.3355
  2/652 [..............................] - ETA: 4:26 - loss: 0.4141 - mae: 0.4621 - mse: 0.4516 - ssim_metric: 0.3723
  3/652 [..............................] - ETA: 4:27 - loss: 0.3882 - mae: 0.4275 - mse: 0.4161 - ssim_metric: 0.4189
  4/652 [..............................] - ETA: 4:26 - loss: 0.3829 - mae: 0.4091 - mse: 0.3972 - ssim_metric: 0.4304
  5/652 [..............................] - ETA: 4:26 - loss: 0.3898 - mae: 0.4042 - mse: 0.3908 - ssim_metric: 0.4164
  6/652 [..............................] - ETA: 4:25 - loss: 0.3830 - mae: 0.4153 - mse: 0.3998 - ssim_metric: 0.4077
  7/652 [..............................] - ETA: 4:25 - loss: 0.3808 - mae: 0.4187 - mse: 0.4044 - ssim_metric: 0.4081
  8/652 [..............................] - ETA: 4:25 - loss: 0.3736 - mae: 0.4198 - mse: 0.4062 - ssim_metric: 0.4109
  9/652 [..............................] - ETA: 4:24 - loss: 0.3774 - mae: 0.4250 - mse: 0.4120 - ssim_metric: 0.4101
 10/652 [..............................] - ETA: 4:24 - loss: 0.3680 - mae: 0.4128 - mse: 0.4003 - ssim_metric: 0.4276
 11/652 [..............................] - ETA: 4:24 - loss: 0.3709 - mae: 0.4186 - mse: 0.4064 - ssim_metric: 0.4225
 12/652 [..............................] - ETA: 4:23 - loss: 0.3737 - mae: 0.4308 - mse: 0.4191 - ssim_metric: 0.4124
 13/652 [..............................] - ETA: 4:23 - loss: 0.3715 - mae: 0.4227 - mse: 0.4113 - ssim_metric: 0.4227
 14/652 [..............................] - ETA: 4:22 - loss: 0.3751 - mae: 0.4326 - mse: 0.4214 - ssim_metric: 0.4124
 15/652 [..............................] - ETA: 4:22 - loss: 0.3751 - mae: 0.4290 - mse: 0.4180 - ssim_metric: 0.4158
 16/652 [..............................] - ETA: 4:22 - loss: 0.3764 - mae: 0.4318 - mse: 0.4211 - ssim_metric: 0.4141
 17/652 [..............................] - ETA: 4:21 - loss: 0.3794 - mae: 0.4340 - mse: 0.4232 - ssim_metric: 0.4111
 18/652 [..............................] - ETA: 4:21 - loss: 0.3842 - mae: 0.4353 - mse: 0.4247 - ssim_metric: 0.4101
 19/652 [..............................] - ETA: 4:20 - loss: 0.3857 - mae: 0.4404 - mse: 0.4301 - ssim_metric: 0.4067
 20/652 [..............................] - ETA: 4:20 - loss: 0.3879 - mae: 0.4404 - mse: 0.4303 - ssim_metric: 0.4077
 21/652 [..............................] - ETA: 4:20 - loss: 0.3839 - mae: 0.4366 - mse: 0.4268 - ssim_metric: 0.4125
 22/652 [>.............................] - ETA: 4:19 - loss: 0.3795 - mae: 0.4367 - mse: 0.4271 - ssim_metric: 0.4135
 23/652 [>.............................] - ETA: 4:19 - loss: 0.3785 - mae: 0.4330 - mse: 0.4237 - ssim_metric: 0.4188
 24/652 [>.............................] - ETA: 4:18 - loss: 0.3788 - mae: 0.4361 - mse: 0.4269 - ssim_metric: 0.4148
 25/652 [>.............................] - ETA: 4:18 - loss: 0.3780 - mae: 0.4313 - mse: 0.4223 - ssim_metric: 0.4194
 26/652 [>.............................] - ETA: 4:17 - loss: 0.3789 - mae: 0.4333 - mse: 0.4244 - ssim_metric: 0.4175
 27/652 [>.............................] - ETA: 4:17 - loss: 0.3846 - mae: 0.4347 - mse: 0.4260 - ssim_metric: 0.4157
 28/652 [>.............................] - ETA: 4:17 - loss: 0.3875 - mae: 0.4421 - mse: 0.4335 - ssim_metric: 0.4092
 29/652 [>.............................] - ETA: 4:16 - loss: 0.3858 - mae: 0.4407 - mse: 0.4322 - ssim_metric: 0.4119
 30/652 [>.............................] - ETA: 4:16 - loss: 0.3845 - mae: 0.4335 - mse: 0.4251 - ssim_metric: 0.4197
 31/652 [>.............................] - ETA: 4:15 - loss: 0.3862 - mae: 0.4344 - mse: 0.4261 - ssim_metric: 0.4201
 32/652 [>.............................] - ETA: 4:15 - loss: 0.3862 - mae: 0.4340 - mse: 0.4258 - ssim_metric: 0.4206
 33/652 [>.............................] - ETA: 4:15 - loss: 0.3883 - mae: 0.4375 - mse: 0.4294 - ssim_metric: 0.4181
 34/652 [>.............................] - ETA: 4:14 - loss: 0.3885 - mae: 0.4356 - mse: 0.4274 - ssim_metric: 0.4189
 35/652 [>.............................] - ETA: 4:14 - loss: 0.3859 - mae: 0.4349 - mse: 0.4267 - ssim_metric: 0.4197
 36/652 [>.............................] - ETA: 4:13 - loss: 0.3867 - mae: 0.4375 - mse: 0.4294 - ssim_metric: 0.4173
 37/652 [>.............................] - ETA: 4:13 - loss: 0.3845 - mae: 0.4341 - mse: 0.4259 - ssim_metric: 0.4204
 38/652 [>.............................] - ETA: 4:13 - loss: 0.3848 - mae: 0.4376 - mse: 0.4294 - ssim_metric: 0.4163
 39/652 [>.............................] - ETA: 4:12 - loss: 0.3883 - mae: 0.4433 - mse: 0.4350 - ssim_metric: 0.4111
 40/652 [>.............................] - ETA: 4:12 - loss: 0.3910 - mae: 0.4461 - mse: 0.4375 - ssim_metric: 0.4073
 41/652 [>.............................] - ETA: 4:11 - loss: 0.3930 - mae: 0.4465 - mse: 0.4378 - ssim_metric: 0.4058
 42/652 [>.............................] - ETA: 4:11 - loss: 0.3925 - mae: 0.4447 - mse: 0.4359 - ssim_metric: 0.4075
 43/652 [>.............................] - ETA: 4:10 - loss: 0.3938 - mae: 0.4457 - mse: 0.4369 - ssim_metric: 0.4055
 44/652 [=>............................] - ETA: 4:10 - loss: 0.3916 - mae: 0.4426 - mse: 0.4337 - ssim_metric: 0.4081
 45/652 [=>............................] - ETA: 4:10 - loss: 0.3899 - mae: 0.4422 - mse: 0.4333 - ssim_metric: 0.4090
 46/652 [=>............................] - ETA: 4:09 - loss: 0.3925 - mae: 0.4408 - mse: 0.4319 - ssim_metric: 0.4111
 47/652 [=>............................] - ETA: 4:09 - loss: 0.3920 - mae: 0.4393 - mse: 0.4304 - ssim_metric: 0.4130
 48/652 [=>............................] - ETA: 4:08 - loss: 0.3917 - mae: 0.4386 - mse: 0.4298 - ssim_metric: 0.4135
 49/652 [=>............................] - ETA: 4:08 - loss: 0.3900 - mae: 0.4373 - mse: 0.4285 - ssim_metric: 0.4148
 50/652 [=>............................] - ETA: 4:08 - loss: 0.3915 - mae: 0.4374 - mse: 0.4286 - ssim_metric: 0.4135
 51/652 [=>............................] - ETA: 4:07 - loss: 0.3895 - mae: 0.4339 - mse: 0.4251 - ssim_metric: 0.4167
 52/652 [=>............................] - ETA: 4:07 - loss: 0.3887 - mae: 0.4315 - mse: 0.4227 - ssim_metric: 0.4183
 53/652 [=>............................] - ETA: 4:06 - loss: 0.3884 - mae: 0.4328 - mse: 0.4240 - ssim_metric: 0.4172
 54/652 [=>............................] - ETA: 4:06 - loss: 0.3860 - mae: 0.4304 - mse: 0.4217 - ssim_metric: 0.4205
 55/652 [=>............................] - ETA: 4:06 - loss: 0.3860 - mae: 0.4312 - mse: 0.4224 - ssim_metric: 0.4197
 56/652 [=>............................] - ETA: 4:05 - loss: 0.3887 - mae: 0.4321 - mse: 0.4233 - ssim_metric: 0.4186
 57/652 [=>............................] - ETA: 4:05 - loss: 0.3874 - mae: 0.4304 - mse: 0.4216 - ssim_metric: 0.4199
 58/652 [=>............................] - ETA: 4:04 - loss: 0.3869 - mae: 0.4297 - mse: 0.4208 - ssim_metric: 0.4199
 59/652 [=>............................] - ETA: 4:04 - loss: 0.3864 - mae: 0.4302 - mse: 0.4214 - ssim_metric: 0.4194
 60/652 [=>............................] - ETA: 4:03 - loss: 0.3858 - mae: 0.4304 - mse: 0.4216 - ssim_metric: 0.4197
 61/652 [=>............................] - ETA: 4:03 - loss: 0.3861 - mae: 0.4293 - mse: 0.4205 - ssim_metric: 0.4203
 62/652 [=>............................] - ETA: 4:03 - loss: 0.3872 - mae: 0.4309 - mse: 0.4221 - ssim_metric: 0.4180
 63/652 [=>............................] - ETA: 4:02 - loss: 0.3859 - mae: 0.4294 - mse: 0.4205 - ssim_metric: 0.4189
 64/652 [=>............................] - ETA: 4:02 - loss: 0.3841 - mae: 0.4275 - mse: 0.4185 - ssim_metric: 0.4202
 65/652 [=>............................] - ETA: 4:01 - loss: 0.3858 - mae: 0.4290 - mse: 0.4200 - ssim_metric: 0.4186
 66/652 [==>...........................] - ETA: 4:01 - loss: 0.3869 - mae: 0.4301 - mse: 0.4208 - ssim_metric: 0.4167
 67/652 [==>...........................] - ETA: 4:01 - loss: 0.3867 - mae: 0.4307 - mse: 0.4214 - ssim_metric: 0.4157
 68/652 [==>...........................] - ETA: 4:00 - loss: 0.3868 - mae: 0.4313 - mse: 0.4219 - ssim_metric: 0.4147
 69/652 [==>...........................] - ETA: 4:00 - loss: 0.3868 - mae: 0.4314 - mse: 0.4220 - ssim_metric: 0.4144
 70/652 [==>...........................] - ETA: 3:59 - loss: 0.3863 - mae: 0.4284 - mse: 0.4190 - ssim_metric: 0.4171
 71/652 [==>...........................] - ETA: 3:59 - loss: 0.3875 - mae: 0.4297 - mse: 0.4200 - ssim_metric: 0.4153
 72/652 [==>...........................] - ETA: 3:58 - loss: 0.3874 - mae: 0.4293 - mse: 0.4197 - ssim_metric: 0.4151
 73/652 [==>...........................] - ETA: 3:58 - loss: 0.3867 - mae: 0.4272 - mse: 0.4176 - ssim_metric: 0.4173
 74/652 [==>...........................] - ETA: 3:58 - loss: 0.3864 - mae: 0.4263 - mse: 0.4166 - ssim_metric: 0.4178
 75/652 [==>...........................] - ETA: 3:57 - loss: 0.3878 - mae: 0.4281 - mse: 0.4184 - ssim_metric: 0.4160
 76/652 [==>...........................] - ETA: 3:57 - loss: 0.3878 - mae: 0.4280 - mse: 0.4184 - ssim_metric: 0.4162
 77/652 [==>...........................] - ETA: 3:56 - loss: 0.3874 - mae: 0.4269 - mse: 0.4172 - ssim_metric: 0.4172
 78/652 [==>...........................] - ETA: 3:56 - loss: 0.3877 - mae: 0.4287 - mse: 0.4188 - ssim_metric: 0.4151
 79/652 [==>...........................] - ETA: 3:56 - loss: 0.3885 - mae: 0.4309 - mse: 0.4211 - ssim_metric: 0.4135
 80/652 [==>...........................] - ETA: 3:55 - loss: 0.3879 - mae: 0.4306 - mse: 0.4208 - ssim_metric: 0.4136
 81/652 [==>...........................] - ETA: 3:55 - loss: 0.3874 - mae: 0.4292 - mse: 0.4194 - ssim_metric: 0.4148
 82/652 [==>...........................] - ETA: 3:54 - loss: 0.3862 - mae: 0.4274 - mse: 0.4175 - ssim_metric: 0.4166
 83/652 [==>...........................] - ETA: 3:54 - loss: 0.3869 - mae: 0.4270 - mse: 0.4172 - ssim_metric: 0.4171
 84/652 [==>...........................] - ETA: 3:54 - loss: 0.3860 - mae: 0.4252 - mse: 0.4154 - ssim_metric: 0.4191
 85/652 [==>...........................] - ETA: 3:53 - loss: 0.3864 - mae: 0.4256 - mse: 0.4159 - ssim_metric: 0.4187
 86/652 [==>...........................] - ETA: 3:53 - loss: 0.3863 - mae: 0.4244 - mse: 0.4147 - ssim_metric: 0.4199
 87/652 [===>..........................] - ETA: 3:52 - loss: 0.3869 - mae: 0.4255 - mse: 0.4158 - ssim_metric: 0.4187
 88/652 [===>..........................] - ETA: 3:52 - loss: 0.3859 - mae: 0.4241 - mse: 0.4145 - ssim_metric: 0.4201
 89/652 [===>..........................] - ETA: 3:51 - loss: 0.3857 - mae: 0.4244 - mse: 0.4148 - ssim_metric: 0.4198
 90/652 [===>..........................] - ETA: 3:51 - loss: 0.3856 - mae: 0.4247 - mse: 0.4151 - ssim_metric: 0.4190
 91/652 [===>..........................] - ETA: 3:51 - loss: 0.3848 - mae: 0.4229 - mse: 0.4134 - ssim_metric: 0.4213
 92/652 [===>..........................] - ETA: 3:50 - loss: 0.3844 - mae: 0.4226 - mse: 0.4131 - ssim_metric: 0.4215
 93/652 [===>..........................] - ETA: 3:50 - loss: 0.3842 - mae: 0.4224 - mse: 0.4129 - ssim_metric: 0.4215
 94/652 [===>..........................] - ETA: 3:49 - loss: 0.3842 - mae: 0.4216 - mse: 0.4121 - ssim_metric: 0.4226
 95/652 [===>..........................] - ETA: 3:49 - loss: 0.3842 - mae: 0.4203 - mse: 0.4109 - ssim_metric: 0.4242
 96/652 [===>..........................] - ETA: 3:49 - loss: 0.3849 - mae: 0.4210 - mse: 0.4116 - ssim_metric: 0.4237
 97/652 [===>..........................] - ETA: 3:48 - loss: 0.3866 - mae: 0.4209 - mse: 0.4115 - ssim_metric: 0.4238
 98/652 [===>..........................] - ETA: 3:48 - loss: 0.3862 - mae: 0.4210 - mse: 0.4116 - ssim_metric: 0.4233
 99/652 [===>..........................] - ETA: 3:47 - loss: 0.3856 - mae: 0.4199 - mse: 0.4105 - ssim_metric: 0.4247
100/652 [===>..........................] - ETA: 3:47 - loss: 0.3857 - mae: 0.4212 - mse: 0.4118 - ssim_metric: 0.4236
101/652 [===>..........................] - ETA: 3:47 - loss: 0.3862 - mae: 0.4217 - mse: 0.4123 - ssim_metric: 0.4229
102/652 [===>..........................] - ETA: 3:46 - loss: 0.3860 - mae: 0.4223 - mse: 0.4129 - ssim_metric: 0.4220
103/652 [===>..........................] - ETA: 3:46 - loss: 0.3859 - mae: 0.4219 - mse: 0.4125 - ssim_metric: 0.4224
104/652 [===>..........................] - ETA: 3:45 - loss: 0.3855 - mae: 0.4207 - mse: 0.4113 - ssim_metric: 0.4235
105/652 [===>..........................] - ETA: 3:45 - loss: 0.3850 - mae: 0.4195 - mse: 0.4101 - ssim_metric: 0.4246
106/652 [===>..........................] - ETA: 3:45 - loss: 0.3855 - mae: 0.4193 - mse: 0.4098 - ssim_metric: 0.4243
107/652 [===>..........................] - ETA: 3:44 - loss: 0.3848 - mae: 0.4189 - mse: 0.4095 - ssim_metric: 0.4250
108/652 [===>..........................] - ETA: 3:44 - loss: 0.3849 - mae: 0.4197 - mse: 0.4102 - ssim_metric: 0.4243
109/652 [====>.........................] - ETA: 3:43 - loss: 0.3845 - mae: 0.4190 - mse: 0.4096 - ssim_metric: 0.4249
110/652 [====>.........................] - ETA: 3:43 - loss: 0.3852 - mae: 0.4192 - mse: 0.4098 - ssim_metric: 0.4243
111/652 [====>.........................] - ETA: 3:42 - loss: 0.3852 - mae: 0.4186 - mse: 0.4092 - ssim_metric: 0.4242
112/652 [====>.........................] - ETA: 3:42 - loss: 0.3853 - mae: 0.4195 - mse: 0.4100 - ssim_metric: 0.4235
113/652 [====>.........................] - ETA: 3:42 - loss: 0.3851 - mae: 0.4182 - mse: 0.4087 - ssim_metric: 0.4244
114/652 [====>.........................] - ETA: 3:41 - loss: 0.3852 - mae: 0.4189 - mse: 0.4094 - ssim_metric: 0.4238
115/652 [====>.........................] - ETA: 3:41 - loss: 0.3850 - mae: 0.4192 - mse: 0.4097 - ssim_metric: 0.4235
116/652 [====>.........................] - ETA: 3:40 - loss: 0.3844 - mae: 0.4181 - mse: 0.4086 - ssim_metric: 0.4246
117/652 [====>.........................] - ETA: 3:40 - loss: 0.3852 - mae: 0.4183 - mse: 0.4089 - ssim_metric: 0.4241
118/652 [====>.........................] - ETA: 3:40 - loss: 0.3858 - mae: 0.4194 - mse: 0.4099 - ssim_metric: 0.4231
119/652 [====>.........................] - ETA: 3:39 - loss: 0.3854 - mae: 0.4189 - mse: 0.4094 - ssim_metric: 0.4231
120/652 [====>.........................] - ETA: 3:39 - loss: 0.3848 - mae: 0.4182 - mse: 0.4087 - ssim_metric: 0.4238
121/652 [====>.........................] - ETA: 3:38 - loss: 0.3844 - mae: 0.4175 - mse: 0.4080 - ssim_metric: 0.4245
122/652 [====>.........................] - ETA: 3:38 - loss: 0.3838 - mae: 0.4164 - mse: 0.4069 - ssim_metric: 0.4256
123/652 [====>.........................] - ETA: 3:38 - loss: 0.3850 - mae: 0.4185 - mse: 0.4090 - ssim_metric: 0.4239
124/652 [====>.........................] - ETA: 3:37 - loss: 0.3845 - mae: 0.4179 - mse: 0.4083 - ssim_metric: 0.4245
125/652 [====>.........................] - ETA: 3:37 - loss: 0.3848 - mae: 0.4180 - mse: 0.4085 - ssim_metric: 0.4241
126/652 [====>.........................] - ETA: 3:36 - loss: 0.3847 - mae: 0.4187 - mse: 0.4091 - ssim_metric: 0.4233
127/652 [====>.........................] - ETA: 3:36 - loss: 0.3846 - mae: 0.4190 - mse: 0.4094 - ssim_metric: 0.4230
128/652 [====>.........................] - ETA: 3:35 - loss: 0.3842 - mae: 0.4185 - mse: 0.4090 - ssim_metric: 0.4240
129/652 [====>.........................] - ETA: 3:35 - loss: 0.3839 - mae: 0.4179 - mse: 0.4083 - ssim_metric: 0.4248
130/652 [====>.........................] - ETA: 3:35 - loss: 0.3837 - mae: 0.4176 - mse: 0.4080 - ssim_metric: 0.4251
131/652 [=====>........................] - ETA: 3:34 - loss: 0.3843 - mae: 0.4198 - mse: 0.4103 - ssim_metric: 0.4234
132/652 [=====>........................] - ETA: 3:34 - loss: 0.3841 - mae: 0.4196 - mse: 0.4101 - ssim_metric: 0.4235
133/652 [=====>........................] - ETA: 3:33 - loss: 0.3839 - mae: 0.4200 - mse: 0.4106 - ssim_metric: 0.4230
134/652 [=====>........................] - ETA: 3:33 - loss: 0.3842 - mae: 0.4209 - mse: 0.4115 - ssim_metric: 0.4224
135/652 [=====>........................] - ETA: 3:33 - loss: 0.3840 - mae: 0.4211 - mse: 0.4117 - ssim_metric: 0.4220
136/652 [=====>........................] - ETA: 3:32 - loss: 0.3846 - mae: 0.4217 - mse: 0.4123 - ssim_metric: 0.4215
137/652 [=====>........................] - ETA: 3:32 - loss: 0.3843 - mae: 0.4222 - mse: 0.4129 - ssim_metric: 0.4210
138/652 [=====>........................] - ETA: 3:31 - loss: 0.3850 - mae: 0.4234 - mse: 0.4141 - ssim_metric: 0.4200
139/652 [=====>........................] - ETA: 3:31 - loss: 0.3848 - mae: 0.4238 - mse: 0.4145 - ssim_metric: 0.4197
140/652 [=====>........................] - ETA: 3:30 - loss: 0.3846 - mae: 0.4235 - mse: 0.4141 - ssim_metric: 0.4201
141/652 [=====>........................] - ETA: 3:30 - loss: 0.3847 - mae: 0.4240 - mse: 0.4147 - ssim_metric: 0.4196
142/652 [=====>........................] - ETA: 3:30 - loss: 0.3846 - mae: 0.4239 - mse: 0.4146 - ssim_metric: 0.4198
143/652 [=====>........................] - ETA: 3:29 - loss: 0.3856 - mae: 0.4247 - mse: 0.4154 - ssim_metric: 0.4191
144/652 [=====>........................] - ETA: 3:29 - loss: 0.3852 - mae: 0.4247 - mse: 0.4155 - ssim_metric: 0.4190
145/652 [=====>........................] - ETA: 3:28 - loss: 0.3851 - mae: 0.4246 - mse: 0.4153 - ssim_metric: 0.4187
146/652 [=====>........................] - ETA: 3:28 - loss: 0.3856 - mae: 0.4246 - mse: 0.4153 - ssim_metric: 0.4186
147/652 [=====>........................] - ETA: 3:28 - loss: 0.3849 - mae: 0.4239 - mse: 0.4146 - ssim_metric: 0.4195
148/652 [=====>........................] - ETA: 3:27 - loss: 0.3853 - mae: 0.4258 - mse: 0.4166 - ssim_metric: 0.4178
149/652 [=====>........................] - ETA: 3:27 - loss: 0.3851 - mae: 0.4260 - mse: 0.4167 - ssim_metric: 0.4178
150/652 [=====>........................] - ETA: 3:26 - loss: 0.3854 - mae: 0.4259 - mse: 0.4166 - ssim_metric: 0.4177
151/652 [=====>........................] - ETA: 3:26 - loss: 0.3851 - mae: 0.4253 - mse: 0.4160 - ssim_metric: 0.4183
152/652 [=====>........................] - ETA: 3:26 - loss: 0.3858 - mae: 0.4263 - mse: 0.4170 - ssim_metric: 0.4175
153/652 [======>.......................] - ETA: 3:25 - loss: 0.3857 - mae: 0.4271 - mse: 0.4178 - ssim_metric: 0.4169
154/652 [======>.......................] - ETA: 3:25 - loss: 0.3861 - mae: 0.4282 - mse: 0.4190 - ssim_metric: 0.4159
155/652 [======>.......................] - ETA: 3:24 - loss: 0.3865 - mae: 0.4291 - mse: 0.4198 - ssim_metric: 0.4151
156/652 [======>.......................] - ETA: 3:24 - loss: 0.3865 - mae: 0.4289 - mse: 0.4196 - ssim_metric: 0.4155
157/652 [======>.......................] - ETA: 3:23 - loss: 0.3873 - mae: 0.4290 - mse: 0.4198 - ssim_metric: 0.4153
158/652 [======>.......................] - ETA: 3:23 - loss: 0.3872 - mae: 0.4299 - mse: 0.4207 - ssim_metric: 0.4148
159/652 [======>.......................] - ETA: 3:23 - loss: 0.3872 - mae: 0.4292 - mse: 0.4200 - ssim_metric: 0.4150
160/652 [======>.......................] - ETA: 3:22 - loss: 0.3867 - mae: 0.4285 - mse: 0.4192 - ssim_metric: 0.4155
161/652 [======>.......................] - ETA: 3:22 - loss: 0.3864 - mae: 0.4290 - mse: 0.4197 - ssim_metric: 0.4153
162/652 [======>.......................] - ETA: 3:21 - loss: 0.3860 - mae: 0.4282 - mse: 0.4188 - ssim_metric: 0.4158
163/652 [======>.......................] - ETA: 3:21 - loss: 0.3858 - mae: 0.4280 - mse: 0.4187 - ssim_metric: 0.4158
164/652 [======>.......................] - ETA: 3:21 - loss: 0.3856 - mae: 0.4270 - mse: 0.4176 - ssim_metric: 0.4164
165/652 [======>.......................] - ETA: 3:20 - loss: 0.3856 - mae: 0.4280 - mse: 0.4187 - ssim_metric: 0.4157
166/652 [======>.......................] - ETA: 3:20 - loss: 0.3857 - mae: 0.4283 - mse: 0.4189 - ssim_metric: 0.4155
167/652 [======>.......................] - ETA: 3:19 - loss: 0.3853 - mae: 0.4279 - mse: 0.4185 - ssim_metric: 0.4156
168/652 [======>.......................] - ETA: 3:19 - loss: 0.3853 - mae: 0.4280 - mse: 0.4187 - ssim_metric: 0.4156
169/652 [======>.......................] - ETA: 3:19 - loss: 0.3848 - mae: 0.4278 - mse: 0.4184 - ssim_metric: 0.4158
170/652 [======>.......................] - ETA: 3:18 - loss: 0.3848 - mae: 0.4277 - mse: 0.4184 - ssim_metric: 0.4161
171/652 [======>.......................] - ETA: 3:18 - loss: 0.3848 - mae: 0.4280 - mse: 0.4187 - ssim_metric: 0.4159
172/652 [======>.......................] - ETA: 3:17 - loss: 0.3844 - mae: 0.4276 - mse: 0.4183 - ssim_metric: 0.4164
173/652 [======>.......................] - ETA: 3:17 - loss: 0.3846 - mae: 0.4279 - mse: 0.4186 - ssim_metric: 0.4159
174/652 [=======>......................] - ETA: 3:16 - loss: 0.3845 - mae: 0.4277 - mse: 0.4184 - ssim_metric: 0.4162
175/652 [=======>......................] - ETA: 3:16 - loss: 0.3843 - mae: 0.4276 - mse: 0.4183 - ssim_metric: 0.4162
176/652 [=======>......................] - ETA: 3:16 - loss: 0.3841 - mae: 0.4276 - mse: 0.4183 - ssim_metric: 0.4162
177/652 [=======>......................] - ETA: 3:15 - loss: 0.3837 - mae: 0.4272 - mse: 0.4179 - ssim_metric: 0.4167
178/652 [=======>......................] - ETA: 3:15 - loss: 0.3834 - mae: 0.4267 - mse: 0.4175 - ssim_metric: 0.4172
179/652 [=======>......................] - ETA: 3:14 - loss: 0.3832 - mae: 0.4267 - mse: 0.4174 - ssim_metric: 0.4173
180/652 [=======>......................] - ETA: 3:14 - loss: 0.3836 - mae: 0.4268 - mse: 0.4175 - ssim_metric: 0.4170
181/652 [=======>......................] - ETA: 3:14 - loss: 0.3836 - mae: 0.4261 - mse: 0.4168 - ssim_metric: 0.4178
182/652 [=======>......................] - ETA: 3:13 - loss: 0.3838 - mae: 0.4269 - mse: 0.4177 - ssim_metric: 0.4171
183/652 [=======>......................] - ETA: 3:13 - loss: 0.3842 - mae: 0.4277 - mse: 0.4186 - ssim_metric: 0.4162
184/652 [=======>......................] - ETA: 3:12 - loss: 0.3843 - mae: 0.4281 - mse: 0.4189 - ssim_metric: 0.4161
185/652 [=======>......................] - ETA: 3:12 - loss: 0.3846 - mae: 0.4280 - mse: 0.4188 - ssim_metric: 0.4162
186/652 [=======>......................] - ETA: 3:11 - loss: 0.3842 - mae: 0.4283 - mse: 0.4191 - ssim_metric: 0.4160
187/652 [=======>......................] - ETA: 3:11 - loss: 0.3852 - mae: 0.4284 - mse: 0.4193 - ssim_metric: 0.4158
188/652 [=======>......................] - ETA: 3:11 - loss: 0.3851 - mae: 0.4281 - mse: 0.4188 - ssim_metric: 0.4158
189/652 [=======>......................] - ETA: 3:10 - loss: 0.3850 - mae: 0.4275 - mse: 0.4183 - ssim_metric: 0.4160
190/652 [=======>......................] - ETA: 3:10 - loss: 0.3852 - mae: 0.4280 - mse: 0.4188 - ssim_metric: 0.4155
191/652 [=======>......................] - ETA: 3:09 - loss: 0.3854 - mae: 0.4283 - mse: 0.4190 - ssim_metric: 0.4149
192/652 [=======>......................] - ETA: 3:09 - loss: 0.3852 - mae: 0.4281 - mse: 0.4187 - ssim_metric: 0.4149
193/652 [=======>......................] - ETA: 3:09 - loss: 0.3853 - mae: 0.4286 - mse: 0.4192 - ssim_metric: 0.4142
194/652 [=======>......................] - ETA: 3:08 - loss: 0.3849 - mae: 0.4283 - mse: 0.4189 - ssim_metric: 0.4142
195/652 [=======>......................] - ETA: 3:08 - loss: 0.3850 - mae: 0.4282 - mse: 0.4188 - ssim_metric: 0.4143
196/652 [========>.....................] - ETA: 3:07 - loss: 0.3852 - mae: 0.4284 - mse: 0.4189 - ssim_metric: 0.4141
197/652 [========>.....................] - ETA: 3:07 - loss: 0.3850 - mae: 0.4282 - mse: 0.4187 - ssim_metric: 0.4143
198/652 [========>.....................] - ETA: 3:07 - loss: 0.3848 - mae: 0.4279 - mse: 0.4184 - ssim_metric: 0.4147
199/652 [========>.....................] - ETA: 3:06 - loss: 0.3848 - mae: 0.4283 - mse: 0.4188 - ssim_metric: 0.4143
200/652 [========>.....................] - ETA: 3:06 - loss: 0.3843 - mae: 0.4277 - mse: 0.4182 - ssim_metric: 0.4151
201/652 [========>.....................] - ETA: 3:05 - loss: 0.3846 - mae: 0.4279 - mse: 0.4184 - ssim_metric: 0.4149
202/652 [========>.....................] - ETA: 3:05 - loss: 0.3846 - mae: 0.4273 - mse: 0.4179 - ssim_metric: 0.4153
203/652 [========>.....................] - ETA: 3:04 - loss: 0.3845 - mae: 0.4274 - mse: 0.4180 - ssim_metric: 0.4151
204/652 [========>.....................] - ETA: 3:04 - loss: 0.3843 - mae: 0.4271 - mse: 0.4177 - ssim_metric: 0.4156
205/652 [========>.....................] - ETA: 3:04 - loss: 0.3843 - mae: 0.4275 - mse: 0.4181 - ssim_metric: 0.4151
206/652 [========>.....................] - ETA: 3:03 - loss: 0.3847 - mae: 0.4279 - mse: 0.4185 - ssim_metric: 0.4148
207/652 [========>.....................] - ETA: 3:03 - loss: 0.3845 - mae: 0.4275 - mse: 0.4182 - ssim_metric: 0.4152
208/652 [========>.....................] - ETA: 3:02 - loss: 0.3847 - mae: 0.4278 - mse: 0.4184 - ssim_metric: 0.4151
209/652 [========>.....................] - ETA: 3:02 - loss: 0.3847 - mae: 0.4281 - mse: 0.4187 - ssim_metric: 0.4148
210/652 [========>.....................] - ETA: 3:02 - loss: 0.3844 - mae: 0.4276 - mse: 0.4182 - ssim_metric: 0.4149
211/652 [========>.....................] - ETA: 3:01 - loss: 0.3843 - mae: 0.4277 - mse: 0.4184 - ssim_metric: 0.4149
212/652 [========>.....................] - ETA: 3:01 - loss: 0.3843 - mae: 0.4277 - mse: 0.4184 - ssim_metric: 0.4152
213/652 [========>.....................] - ETA: 3:00 - loss: 0.3846 - mae: 0.4277 - mse: 0.4184 - ssim_metric: 0.4152
214/652 [========>.....................] - ETA: 3:00 - loss: 0.3843 - mae: 0.4271 - mse: 0.4178 - ssim_metric: 0.4158
215/652 [========>.....................] - ETA: 3:00 - loss: 0.3851 - mae: 0.4274 - mse: 0.4181 - ssim_metric: 0.4156
216/652 [========>.....................] - ETA: 2:59 - loss: 0.3849 - mae: 0.4273 - mse: 0.4181 - ssim_metric: 0.4158
217/652 [========>.....................] - ETA: 2:59 - loss: 0.3853 - mae: 0.4276 - mse: 0.4184 - ssim_metric: 0.4158
218/652 [=========>....................] - ETA: 2:58 - loss: 0.3850 - mae: 0.4277 - mse: 0.4185 - ssim_metric: 0.4160
219/652 [=========>....................] - ETA: 2:58 - loss: 0.3854 - mae: 0.4277 - mse: 0.4185 - ssim_metric: 0.4159
220/652 [=========>....................] - ETA: 2:57 - loss: 0.3852 - mae: 0.4273 - mse: 0.4182 - ssim_metric: 0.4161
221/652 [=========>....................] - ETA: 2:57 - loss: 0.3850 - mae: 0.4270 - mse: 0.4178 - ssim_metric: 0.4165
222/652 [=========>....................] - ETA: 2:57 - loss: 0.3853 - mae: 0.4270 - mse: 0.4178 - ssim_metric: 0.4166
223/652 [=========>....................] - ETA: 2:56 - loss: 0.3853 - mae: 0.4271 - mse: 0.4180 - ssim_metric: 0.4165
224/652 [=========>....................] - ETA: 2:56 - loss: 0.3848 - mae: 0.4265 - mse: 0.4174 - ssim_metric: 0.4173
225/652 [=========>....................] - ETA: 2:55 - loss: 0.3848 - mae: 0.4264 - mse: 0.4173 - ssim_metric: 0.4175
226/652 [=========>....................] - ETA: 2:55 - loss: 0.3846 - mae: 0.4259 - mse: 0.4168 - ssim_metric: 0.4179
227/652 [=========>....................] - ETA: 2:55 - loss: 0.3848 - mae: 0.4267 - mse: 0.4177 - ssim_metric: 0.4171
228/652 [=========>....................] - ETA: 2:54 - loss: 0.3844 - mae: 0.4263 - mse: 0.4172 - ssim_metric: 0.4177
229/652 [=========>....................] - ETA: 2:54 - loss: 0.3847 - mae: 0.4268 - mse: 0.4177 - ssim_metric: 0.4173
230/652 [=========>....................] - ETA: 2:53 - loss: 0.3844 - mae: 0.4267 - mse: 0.4177 - ssim_metric: 0.4173
231/652 [=========>....................] - ETA: 2:53 - loss: 0.3844 - mae: 0.4271 - mse: 0.4181 - ssim_metric: 0.4169
232/652 [=========>....................] - ETA: 2:53 - loss: 0.3847 - mae: 0.4275 - mse: 0.4184 - ssim_metric: 0.4163
233/652 [=========>....................] - ETA: 2:52 - loss: 0.3846 - mae: 0.4273 - mse: 0.4182 - ssim_metric: 0.4165
234/652 [=========>....................] - ETA: 2:52 - loss: 0.3849 - mae: 0.4277 - mse: 0.4186 - ssim_metric: 0.4159
235/652 [=========>....................] - ETA: 2:51 - loss: 0.3846 - mae: 0.4271 - mse: 0.4181 - ssim_metric: 0.4164
236/652 [=========>....................] - ETA: 2:51 - loss: 0.3846 - mae: 0.4266 - mse: 0.4176 - ssim_metric: 0.4170
237/652 [=========>....................] - ETA: 2:50 - loss: 0.3847 - mae: 0.4264 - mse: 0.4173 - ssim_metric: 0.4170
238/652 [=========>....................] - ETA: 2:50 - loss: 0.3846 - mae: 0.4264 - mse: 0.4173 - ssim_metric: 0.4170
239/652 [=========>....................] - ETA: 2:50 - loss: 0.3844 - mae: 0.4262 - mse: 0.4171 - ssim_metric: 0.4172
240/652 [==========>...................] - ETA: 2:49 - loss: 0.3843 - mae: 0.4261 - mse: 0.4170 - ssim_metric: 0.4171
241/652 [==========>...................] - ETA: 2:49 - loss: 0.3843 - mae: 0.4261 - mse: 0.4170 - ssim_metric: 0.4171
242/652 [==========>...................] - ETA: 2:48 - loss: 0.3840 - mae: 0.4259 - mse: 0.4168 - ssim_metric: 0.4175
243/652 [==========>...................] - ETA: 2:48 - loss: 0.3846 - mae: 0.4261 - mse: 0.4169 - ssim_metric: 0.4172
244/652 [==========>...................] - ETA: 2:48 - loss: 0.3847 - mae: 0.4260 - mse: 0.4169 - ssim_metric: 0.4172
245/652 [==========>...................] - ETA: 2:47 - loss: 0.3845 - mae: 0.4261 - mse: 0.4170 - ssim_metric: 0.4171
246/652 [==========>...................] - ETA: 2:47 - loss: 0.3842 - mae: 0.4256 - mse: 0.4165 - ssim_metric: 0.4174
247/652 [==========>...................] - ETA: 2:46 - loss: 0.3841 - mae: 0.4256 - mse: 0.4165 - ssim_metric: 0.4174
248/652 [==========>...................] - ETA: 2:46 - loss: 0.3838 - mae: 0.4258 - mse: 0.4167 - ssim_metric: 0.4171
249/652 [==========>...................] - ETA: 2:46 - loss: 0.3845 - mae: 0.4266 - mse: 0.4175 - ssim_metric: 0.4165
250/652 [==========>...................] - ETA: 2:45 - loss: 0.3846 - mae: 0.4264 - mse: 0.4173 - ssim_metric: 0.4166
251/652 [==========>...................] - ETA: 2:45 - loss: 0.3851 - mae: 0.4267 - mse: 0.4176 - ssim_metric: 0.4163
252/652 [==========>...................] - ETA: 2:44 - loss: 0.3850 - mae: 0.4269 - mse: 0.4177 - ssim_metric: 0.4161
253/652 [==========>...................] - ETA: 2:44 - loss: 0.3852 - mae: 0.4273 - mse: 0.4182 - ssim_metric: 0.4159
254/652 [==========>...................] - ETA: 2:43 - loss: 0.3855 - mae: 0.4276 - mse: 0.4185 - ssim_metric: 0.4156
255/652 [==========>...................] - ETA: 2:43 - loss: 0.3856 - mae: 0.4276 - mse: 0.4185 - ssim_metric: 0.4155
256/652 [==========>...................] - ETA: 2:43 - loss: 0.3853 - mae: 0.4270 - mse: 0.4178 - ssim_metric: 0.4162
257/652 [==========>...................] - ETA: 2:42 - loss: 0.3858 - mae: 0.4274 - mse: 0.4183 - ssim_metric: 0.4159
258/652 [==========>...................] - ETA: 2:42 - loss: 0.3858 - mae: 0.4274 - mse: 0.4183 - ssim_metric: 0.4159
259/652 [==========>...................] - ETA: 2:41 - loss: 0.3858 - mae: 0.4276 - mse: 0.4185 - ssim_metric: 0.4156
260/652 [==========>...................] - ETA: 2:41 - loss: 0.3858 - mae: 0.4278 - mse: 0.4187 - ssim_metric: 0.4154
261/652 [===========>..................] - ETA: 2:41 - loss: 0.3857 - mae: 0.4276 - mse: 0.4185 - ssim_metric: 0.4156
262/652 [===========>..................] - ETA: 2:40 - loss: 0.3857 - mae: 0.4272 - mse: 0.4181 - ssim_metric: 0.4158
263/652 [===========>..................] - ETA: 2:40 - loss: 0.3857 - mae: 0.4269 - mse: 0.4178 - ssim_metric: 0.4160
264/652 [===========>..................] - ETA: 2:39 - loss: 0.3859 - mae: 0.4274 - mse: 0.4183 - ssim_metric: 0.4156
265/652 [===========>..................] - ETA: 2:39 - loss: 0.3856 - mae: 0.4274 - mse: 0.4182 - ssim_metric: 0.4157
266/652 [===========>..................] - ETA: 2:39 - loss: 0.3854 - mae: 0.4272 - mse: 0.4181 - ssim_metric: 0.4158
267/652 [===========>..................] - ETA: 2:38 - loss: 0.3852 - mae: 0.4273 - mse: 0.4182 - ssim_metric: 0.4157
268/652 [===========>..................] - ETA: 2:38 - loss: 0.3853 - mae: 0.4275 - mse: 0.4184 - ssim_metric: 0.4155
269/652 [===========>..................] - ETA: 2:37 - loss: 0.3855 - mae: 0.4278 - mse: 0.4187 - ssim_metric: 0.4151
270/652 [===========>..................] - ETA: 2:37 - loss: 0.3854 - mae: 0.4277 - mse: 0.4186 - ssim_metric: 0.4150
271/652 [===========>..................] - ETA: 2:36 - loss: 0.3852 - mae: 0.4279 - mse: 0.4188 - ssim_metric: 0.4147
272/652 [===========>..................] - ETA: 2:36 - loss: 0.3848 - mae: 0.4275 - mse: 0.4184 - ssim_metric: 0.4149
273/652 [===========>..................] - ETA: 2:36 - loss: 0.3851 - mae: 0.4281 - mse: 0.4189 - ssim_metric: 0.4143
274/652 [===========>..................] - ETA: 2:35 - loss: 0.3851 - mae: 0.4282 - mse: 0.4190 - ssim_metric: 0.4142
275/652 [===========>..................] - ETA: 2:35 - loss: 0.3851 - mae: 0.4283 - mse: 0.4192 - ssim_metric: 0.4139
276/652 [===========>..................] - ETA: 2:34 - loss: 0.3854 - mae: 0.4290 - mse: 0.4198 - ssim_metric: 0.4132
277/652 [===========>..................] - ETA: 2:34 - loss: 0.3851 - mae: 0.4287 - mse: 0.4195 - ssim_metric: 0.4135
278/652 [===========>..................] - ETA: 2:34 - loss: 0.3855 - mae: 0.4296 - mse: 0.4204 - ssim_metric: 0.4127
279/652 [===========>..................] - ETA: 2:33 - loss: 0.3852 - mae: 0.4293 - mse: 0.4202 - ssim_metric: 0.4129
280/652 [===========>..................] - ETA: 2:33 - loss: 0.3849 - mae: 0.4287 - mse: 0.4195 - ssim_metric: 0.4135
281/652 [===========>..................] - ETA: 2:32 - loss: 0.3851 - mae: 0.4285 - mse: 0.4193 - ssim_metric: 0.4136
282/652 [===========>..................] - ETA: 2:32 - loss: 0.3852 - mae: 0.4286 - mse: 0.4194 - ssim_metric: 0.4135
283/652 [============>.................] - ETA: 2:32 - loss: 0.3850 - mae: 0.4283 - mse: 0.4191 - ssim_metric: 0.4137
284/652 [============>.................] - ETA: 2:31 - loss: 0.3847 - mae: 0.4278 - mse: 0.4186 - ssim_metric: 0.4143
285/652 [============>.................] - ETA: 2:31 - loss: 0.3848 - mae: 0.4277 - mse: 0.4185 - ssim_metric: 0.4141
286/652 [============>.................] - ETA: 2:30 - loss: 0.3846 - mae: 0.4277 - mse: 0.4184 - ssim_metric: 0.4141
287/652 [============>.................] - ETA: 2:30 - loss: 0.3846 - mae: 0.4276 - mse: 0.4184 - ssim_metric: 0.4140
288/652 [============>.................] - ETA: 2:29 - loss: 0.3849 - mae: 0.4281 - mse: 0.4189 - ssim_metric: 0.4135
289/652 [============>.................] - ETA: 2:29 - loss: 0.3849 - mae: 0.4286 - mse: 0.4194 - ssim_metric: 0.4130
290/652 [============>.................] - ETA: 2:29 - loss: 0.3844 - mae: 0.4279 - mse: 0.4187 - ssim_metric: 0.4137
291/652 [============>.................] - ETA: 2:28 - loss: 0.3848 - mae: 0.4283 - mse: 0.4191 - ssim_metric: 0.4135
292/652 [============>.................] - ETA: 2:28 - loss: 0.3845 - mae: 0.4280 - mse: 0.4188 - ssim_metric: 0.4137
293/652 [============>.................] - ETA: 2:27 - loss: 0.3849 - mae: 0.4281 - mse: 0.4188 - ssim_metric: 0.4135
294/652 [============>.................] - ETA: 2:27 - loss: 0.3848 - mae: 0.4281 - mse: 0.4188 - ssim_metric: 0.4134
295/652 [============>.................] - ETA: 2:27 - loss: 0.3847 - mae: 0.4278 - mse: 0.4186 - ssim_metric: 0.4135
296/652 [============>.................] - ETA: 2:26 - loss: 0.3849 - mae: 0.4281 - mse: 0.4188 - ssim_metric: 0.4133
297/652 [============>.................] - ETA: 2:26 - loss: 0.3848 - mae: 0.4280 - mse: 0.4188 - ssim_metric: 0.4133
298/652 [============>.................] - ETA: 2:25 - loss: 0.3849 - mae: 0.4286 - mse: 0.4193 - ssim_metric: 0.4127
299/652 [============>.................] - ETA: 2:25 - loss: 0.3849 - mae: 0.4286 - mse: 0.4193 - ssim_metric: 0.4128
300/652 [============>.................] - ETA: 2:25 - loss: 0.3847 - mae: 0.4286 - mse: 0.4193 - ssim_metric: 0.4127
301/652 [============>.................] - ETA: 2:24 - loss: 0.3848 - mae: 0.4287 - mse: 0.4194 - ssim_metric: 0.4124
302/652 [============>.................] - ETA: 2:24 - loss: 0.3847 - mae: 0.4287 - mse: 0.4194 - ssim_metric: 0.4124
303/652 [============>.................] - ETA: 2:23 - loss: 0.3847 - mae: 0.4287 - mse: 0.4194 - ssim_metric: 0.4122
304/652 [============>.................] - ETA: 2:23 - loss: 0.3851 - mae: 0.4285 - mse: 0.4192 - ssim_metric: 0.4123
305/652 [=============>................] - ETA: 2:22 - loss: 0.3849 - mae: 0.4283 - mse: 0.4190 - ssim_metric: 0.4126
306/652 [=============>................] - ETA: 2:22 - loss: 0.3847 - mae: 0.4281 - mse: 0.4187 - ssim_metric: 0.4127
307/652 [=============>................] - ETA: 2:22 - loss: 0.3847 - mae: 0.4282 - mse: 0.4189 - ssim_metric: 0.4128
308/652 [=============>................] - ETA: 2:21 - loss: 0.3846 - mae: 0.4279 - mse: 0.4186 - ssim_metric: 0.4130
309/652 [=============>................] - ETA: 2:21 - loss: 0.3846 - mae: 0.4279 - mse: 0.4186 - ssim_metric: 0.4131
310/652 [=============>................] - ETA: 2:20 - loss: 0.3851 - mae: 0.4280 - mse: 0.4187 - ssim_metric: 0.4129
311/652 [=============>................] - ETA: 2:20 - loss: 0.3849 - mae: 0.4279 - mse: 0.4186 - ssim_metric: 0.4130
312/652 [=============>................] - ETA: 2:20 - loss: 0.3851 - mae: 0.4283 - mse: 0.4190 - ssim_metric: 0.4127
313/652 [=============>................] - ETA: 2:19 - loss: 0.3849 - mae: 0.4280 - mse: 0.4187 - ssim_metric: 0.4130
314/652 [=============>................] - ETA: 2:19 - loss: 0.3851 - mae: 0.4282 - mse: 0.4189 - ssim_metric: 0.4126
315/652 [=============>................] - ETA: 2:18 - loss: 0.3848 - mae: 0.4276 - mse: 0.4183 - ssim_metric: 0.4132
316/652 [=============>................] - ETA: 2:18 - loss: 0.3849 - mae: 0.4279 - mse: 0.4186 - ssim_metric: 0.4129
317/652 [=============>................] - ETA: 2:18 - loss: 0.3847 - mae: 0.4274 - mse: 0.4181 - ssim_metric: 0.4132
318/652 [=============>................] - ETA: 2:17 - loss: 0.3851 - mae: 0.4279 - mse: 0.4185 - ssim_metric: 0.4127
319/652 [=============>................] - ETA: 2:17 - loss: 0.3848 - mae: 0.4274 - mse: 0.4181 - ssim_metric: 0.4129
320/652 [=============>................] - ETA: 2:16 - loss: 0.3846 - mae: 0.4271 - mse: 0.4177 - ssim_metric: 0.4131
321/652 [=============>................] - ETA: 2:16 - loss: 0.3843 - mae: 0.4268 - mse: 0.4174 - ssim_metric: 0.4133
322/652 [=============>................] - ETA: 2:15 - loss: 0.3841 - mae: 0.4270 - mse: 0.4176 - ssim_metric: 0.4131
323/652 [=============>................] - ETA: 2:15 - loss: 0.3840 - mae: 0.4267 - mse: 0.4174 - ssim_metric: 0.4132
324/652 [=============>................] - ETA: 2:15 - loss: 0.3840 - mae: 0.4271 - mse: 0.4177 - ssim_metric: 0.4129
325/652 [=============>................] - ETA: 2:14 - loss: 0.3843 - mae: 0.4273 - mse: 0.4180 - ssim_metric: 0.4128
326/652 [==============>...............] - ETA: 2:14 - loss: 0.3843 - mae: 0.4274 - mse: 0.4180 - ssim_metric: 0.4128
327/652 [==============>...............] - ETA: 2:13 - loss: 0.3841 - mae: 0.4271 - mse: 0.4177 - ssim_metric: 0.4130
328/652 [==============>...............] - ETA: 2:13 - loss: 0.3841 - mae: 0.4265 - mse: 0.4171 - ssim_metric: 0.4136
329/652 [==============>...............] - ETA: 2:13 - loss: 0.3841 - mae: 0.4265 - mse: 0.4172 - ssim_metric: 0.4136
330/652 [==============>...............] - ETA: 2:12 - loss: 0.3839 - mae: 0.4260 - mse: 0.4167 - ssim_metric: 0.4140
331/652 [==============>...............] - ETA: 2:12 - loss: 0.3844 - mae: 0.4263 - mse: 0.4169 - ssim_metric: 0.4139
332/652 [==============>...............] - ETA: 2:11 - loss: 0.3844 - mae: 0.4262 - mse: 0.4169 - ssim_metric: 0.4138
333/652 [==============>...............] - ETA: 2:11 - loss: 0.3843 - mae: 0.4263 - mse: 0.4169 - ssim_metric: 0.4137
334/652 [==============>...............] - ETA: 2:11 - loss: 0.3839 - mae: 0.4261 - mse: 0.4167 - ssim_metric: 0.4139
335/652 [==============>...............] - ETA: 2:10 - loss: 0.3835 - mae: 0.4256 - mse: 0.4163 - ssim_metric: 0.4143
336/652 [==============>...............] - ETA: 2:10 - loss: 0.3833 - mae: 0.4253 - mse: 0.4159 - ssim_metric: 0.4144
337/652 [==============>...............] - ETA: 2:09 - loss: 0.3832 - mae: 0.4251 - mse: 0.4157 - ssim_metric: 0.4146
338/652 [==============>...............] - ETA: 2:09 - loss: 0.3834 - mae: 0.4253 - mse: 0.4159 - ssim_metric: 0.4144
339/652 [==============>...............] - ETA: 2:08 - loss: 0.3834 - mae: 0.4254 - mse: 0.4160 - ssim_metric: 0.4142
340/652 [==============>...............] - ETA: 2:08 - loss: 0.3834 - mae: 0.4256 - mse: 0.4162 - ssim_metric: 0.4140
341/652 [==============>...............] - ETA: 2:08 - loss: 0.3834 - mae: 0.4257 - mse: 0.4163 - ssim_metric: 0.4139
342/652 [==============>...............] - ETA: 2:07 - loss: 0.3832 - mae: 0.4255 - mse: 0.4161 - ssim_metric: 0.4142
343/652 [==============>...............] - ETA: 2:07 - loss: 0.3830 - mae: 0.4251 - mse: 0.4157 - ssim_metric: 0.4146
344/652 [==============>...............] - ETA: 2:06 - loss: 0.3832 - mae: 0.4251 - mse: 0.4157 - ssim_metric: 0.4145
345/652 [==============>...............] - ETA: 2:06 - loss: 0.3832 - mae: 0.4252 - mse: 0.4158 - ssim_metric: 0.4144
346/652 [==============>...............] - ETA: 2:06 - loss: 0.3831 - mae: 0.4251 - mse: 0.4156 - ssim_metric: 0.4145
347/652 [==============>...............] - ETA: 2:05 - loss: 0.3831 - mae: 0.4251 - mse: 0.4156 - ssim_metric: 0.4145
348/652 [===============>..............] - ETA: 2:05 - loss: 0.3831 - mae: 0.4253 - mse: 0.4159 - ssim_metric: 0.4141
349/652 [===============>..............] - ETA: 2:04 - loss: 0.3828 - mae: 0.4251 - mse: 0.4157 - ssim_metric: 0.4143
350/652 [===============>..............] - ETA: 2:04 - loss: 0.3829 - mae: 0.4253 - mse: 0.4158 - ssim_metric: 0.4140
351/652 [===============>..............] - ETA: 2:04 - loss: 0.3828 - mae: 0.4252 - mse: 0.4157 - ssim_metric: 0.4141
352/652 [===============>..............] - ETA: 2:03 - loss: 0.3827 - mae: 0.4248 - mse: 0.4153 - ssim_metric: 0.4141
353/652 [===============>..............] - ETA: 2:03 - loss: 0.3831 - mae: 0.4249 - mse: 0.4154 - ssim_metric: 0.4140
354/652 [===============>..............] - ETA: 2:02 - loss: 0.3829 - mae: 0.4245 - mse: 0.4150 - ssim_metric: 0.4142
355/652 [===============>..............] - ETA: 2:02 - loss: 0.3827 - mae: 0.4244 - mse: 0.4149 - ssim_metric: 0.4141
356/652 [===============>..............] - ETA: 2:01 - loss: 0.3831 - mae: 0.4247 - mse: 0.4151 - ssim_metric: 0.4138
357/652 [===============>..............] - ETA: 2:01 - loss: 0.3829 - mae: 0.4243 - mse: 0.4147 - ssim_metric: 0.4140
358/652 [===============>..............] - ETA: 2:01 - loss: 0.3829 - mae: 0.4243 - mse: 0.4146 - ssim_metric: 0.4137
359/652 [===============>..............] - ETA: 2:00 - loss: 0.3828 - mae: 0.4246 - mse: 0.4149 - ssim_metric: 0.4132
360/652 [===============>..............] - ETA: 2:00 - loss: 0.3831 - mae: 0.4249 - mse: 0.4152 - ssim_metric: 0.4128
361/652 [===============>..............] - ETA: 1:59 - loss: 0.3829 - mae: 0.4251 - mse: 0.4154 - ssim_metric: 0.4125
362/652 [===============>..............] - ETA: 1:59 - loss: 0.3831 - mae: 0.4259 - mse: 0.4161 - ssim_metric: 0.4118
363/652 [===============>..............] - ETA: 1:59 - loss: 0.3830 - mae: 0.4262 - mse: 0.4165 - ssim_metric: 0.4113
364/652 [===============>..............] - ETA: 1:58 - loss: 0.3833 - mae: 0.4269 - mse: 0.4171 - ssim_metric: 0.4105
365/652 [===============>..............] - ETA: 1:58 - loss: 0.3834 - mae: 0.4274 - mse: 0.4177 - ssim_metric: 0.4100
366/652 [===============>..............] - ETA: 1:57 - loss: 0.3837 - mae: 0.4281 - mse: 0.4184 - ssim_metric: 0.4093
367/652 [===============>..............] - ETA: 1:57 - loss: 0.3838 - mae: 0.4286 - mse: 0.4189 - ssim_metric: 0.4088
368/652 [===============>..............] - ETA: 1:57 - loss: 0.3838 - mae: 0.4288 - mse: 0.4190 - ssim_metric: 0.4086
369/652 [===============>..............] - ETA: 1:56 - loss: 0.3837 - mae: 0.4290 - mse: 0.4192 - ssim_metric: 0.4082
370/652 [================>.............] - ETA: 1:56 - loss: 0.3837 - mae: 0.4292 - mse: 0.4195 - ssim_metric: 0.4079
371/652 [================>.............] - ETA: 1:55 - loss: 0.3836 - mae: 0.4295 - mse: 0.4197 - ssim_metric: 0.4076
372/652 [================>.............] - ETA: 1:55 - loss: 0.3835 - mae: 0.4298 - mse: 0.4200 - ssim_metric: 0.4073
373/652 [================>.............] - ETA: 1:54 - loss: 0.3835 - mae: 0.4300 - mse: 0.4203 - ssim_metric: 0.4072
374/652 [================>.............] - ETA: 1:54 - loss: 0.3836 - mae: 0.4301 - mse: 0.4203 - ssim_metric: 0.4072
375/652 [================>.............] - ETA: 1:54 - loss: 0.3836 - mae: 0.4301 - mse: 0.4203 - ssim_metric: 0.4071
376/652 [================>.............] - ETA: 1:53 - loss: 0.3841 - mae: 0.4302 - mse: 0.4204 - ssim_metric: 0.4072
377/652 [================>.............] - ETA: 1:53 - loss: 0.3843 - mae: 0.4305 - mse: 0.4208 - ssim_metric: 0.4071
378/652 [================>.............] - ETA: 1:52 - loss: 0.3843 - mae: 0.4306 - mse: 0.4208 - ssim_metric: 0.4070
379/652 [================>.............] - ETA: 1:52 - loss: 0.3844 - mae: 0.4307 - mse: 0.4210 - ssim_metric: 0.4069
380/652 [================>.............] - ETA: 1:52 - loss: 0.3845 - mae: 0.4311 - mse: 0.4214 - ssim_metric: 0.4066
381/652 [================>.............] - ETA: 1:51 - loss: 0.3845 - mae: 0.4317 - mse: 0.4220 - ssim_metric: 0.4062
382/652 [================>.............] - ETA: 1:51 - loss: 0.3846 - mae: 0.4317 - mse: 0.4220 - ssim_metric: 0.4062
383/652 [================>.............] - ETA: 1:50 - loss: 0.3844 - mae: 0.4313 - mse: 0.4216 - ssim_metric: 0.4068
384/652 [================>.............] - ETA: 1:50 - loss: 0.3844 - mae: 0.4314 - mse: 0.4217 - ssim_metric: 0.4067
385/652 [================>.............] - ETA: 1:50 - loss: 0.3846 - mae: 0.4317 - mse: 0.4220 - ssim_metric: 0.4065
386/652 [================>.............] - ETA: 1:49 - loss: 0.3846 - mae: 0.4320 - mse: 0.4223 - ssim_metric: 0.4063
387/652 [================>.............] - ETA: 1:49 - loss: 0.3847 - mae: 0.4322 - mse: 0.4225 - ssim_metric: 0.4060
388/652 [================>.............] - ETA: 1:48 - loss: 0.3847 - mae: 0.4319 - mse: 0.4222 - ssim_metric: 0.4063
389/652 [================>.............] - ETA: 1:48 - loss: 0.3850 - mae: 0.4319 - mse: 0.4223 - ssim_metric: 0.4063
390/652 [================>.............] - ETA: 1:47 - loss: 0.3851 - mae: 0.4322 - mse: 0.4225 - ssim_metric: 0.4060
391/652 [================>.............] - ETA: 1:47 - loss: 0.3853 - mae: 0.4325 - mse: 0.4229 - ssim_metric: 0.4057
392/652 [=================>............] - ETA: 1:47 - loss: 0.3855 - mae: 0.4327 - mse: 0.4231 - ssim_metric: 0.4055
393/652 [=================>............] - ETA: 1:46 - loss: 0.3854 - mae: 0.4325 - mse: 0.4228 - ssim_metric: 0.4058
394/652 [=================>............] - ETA: 1:46 - loss: 0.3855 - mae: 0.4328 - mse: 0.4232 - ssim_metric: 0.4055
395/652 [=================>............] - ETA: 1:45 - loss: 0.3854 - mae: 0.4328 - mse: 0.4232 - ssim_metric: 0.4055
396/652 [=================>............] - ETA: 1:45 - loss: 0.3854 - mae: 0.4330 - mse: 0.4233 - ssim_metric: 0.4054
397/652 [=================>............] - ETA: 1:45 - loss: 0.3856 - mae: 0.4332 - mse: 0.4235 - ssim_metric: 0.4052
398/652 [=================>............] - ETA: 1:44 - loss: 0.3856 - mae: 0.4335 - mse: 0.4239 - ssim_metric: 0.4049
399/652 [=================>............] - ETA: 1:44 - loss: 0.3855 - mae: 0.4336 - mse: 0.4240 - ssim_metric: 0.4047
400/652 [=================>............] - ETA: 1:43 - loss: 0.3854 - mae: 0.4338 - mse: 0.4241 - ssim_metric: 0.4047
401/652 [=================>............] - ETA: 1:43 - loss: 0.3857 - mae: 0.4344 - mse: 0.4247 - ssim_metric: 0.4041
402/652 [=================>............] - ETA: 1:43 - loss: 0.3859 - mae: 0.4348 - mse: 0.4252 - ssim_metric: 0.4037
403/652 [=================>............] - ETA: 1:42 - loss: 0.3859 - mae: 0.4347 - mse: 0.4251 - ssim_metric: 0.4037
404/652 [=================>............] - ETA: 1:42 - loss: 0.3863 - mae: 0.4350 - mse: 0.4254 - ssim_metric: 0.4036
405/652 [=================>............] - ETA: 1:41 - loss: 0.3860 - mae: 0.4348 - mse: 0.4252 - ssim_metric: 0.4038
406/652 [=================>............] - ETA: 1:41 - loss: 0.3859 - mae: 0.4349 - mse: 0.4252 - ssim_metric: 0.4037
407/652 [=================>............] - ETA: 1:40 - loss: 0.3859 - mae: 0.4353 - mse: 0.4256 - ssim_metric: 0.4034
408/652 [=================>............] - ETA: 1:40 - loss: 0.3861 - mae: 0.4355 - mse: 0.4258 - ssim_metric: 0.4032
409/652 [=================>............] - ETA: 1:40 - loss: 0.3865 - mae: 0.4360 - mse: 0.4264 - ssim_metric: 0.4027
410/652 [=================>............] - ETA: 1:39 - loss: 0.3866 - mae: 0.4360 - mse: 0.4263 - ssim_metric: 0.4027
411/652 [=================>............] - ETA: 1:39 - loss: 0.3866 - mae: 0.4363 - mse: 0.4267 - ssim_metric: 0.4025
412/652 [=================>............] - ETA: 1:38 - loss: 0.3866 - mae: 0.4364 - mse: 0.4268 - ssim_metric: 0.4023
413/652 [==================>...........] - ETA: 1:38 - loss: 0.3865 - mae: 0.4365 - mse: 0.4269 - ssim_metric: 0.4023
414/652 [==================>...........] - ETA: 1:38 - loss: 0.3866 - mae: 0.4365 - mse: 0.4268 - ssim_metric: 0.4023
415/652 [==================>...........] - ETA: 1:37 - loss: 0.3868 - mae: 0.4367 - mse: 0.4271 - ssim_metric: 0.4020
416/652 [==================>...........] - ETA: 1:37 - loss: 0.3868 - mae: 0.4366 - mse: 0.4270 - ssim_metric: 0.4021
417/652 [==================>...........] - ETA: 1:36 - loss: 0.3867 - mae: 0.4365 - mse: 0.4269 - ssim_metric: 0.4022
418/652 [==================>...........] - ETA: 1:36 - loss: 0.3868 - mae: 0.4368 - mse: 0.4272 - ssim_metric: 0.4019
419/652 [==================>...........] - ETA: 1:36 - loss: 0.3868 - mae: 0.4371 - mse: 0.4275 - ssim_metric: 0.4016
420/652 [==================>...........] - ETA: 1:35 - loss: 0.3868 - mae: 0.4372 - mse: 0.4276 - ssim_metric: 0.4016
421/652 [==================>...........] - ETA: 1:35 - loss: 0.3872 - mae: 0.4371 - mse: 0.4276 - ssim_metric: 0.4018
422/652 [==================>...........] - ETA: 1:34 - loss: 0.3871 - mae: 0.4369 - mse: 0.4274 - ssim_metric: 0.4019
423/652 [==================>...........] - ETA: 1:34 - loss: 0.3872 - mae: 0.4369 - mse: 0.4273 - ssim_metric: 0.4019
424/652 [==================>...........] - ETA: 1:33 - loss: 0.3872 - mae: 0.4369 - mse: 0.4273 - ssim_metric: 0.4019
425/652 [==================>...........] - ETA: 1:33 - loss: 0.3872 - mae: 0.4368 - mse: 0.4272 - ssim_metric: 0.4021
426/652 [==================>...........] - ETA: 1:33 - loss: 0.3870 - mae: 0.4365 - mse: 0.4269 - ssim_metric: 0.4024
427/652 [==================>...........] - ETA: 1:32 - loss: 0.3870 - mae: 0.4365 - mse: 0.4269 - ssim_metric: 0.4024
428/652 [==================>...........] - ETA: 1:32 - loss: 0.3869 - mae: 0.4363 - mse: 0.4267 - ssim_metric: 0.4026
429/652 [==================>...........] - ETA: 1:31 - loss: 0.3869 - mae: 0.4361 - mse: 0.4266 - ssim_metric: 0.4025
430/652 [==================>...........] - ETA: 1:31 - loss: 0.3868 - mae: 0.4360 - mse: 0.4265 - ssim_metric: 0.4026
431/652 [==================>...........] - ETA: 1:31 - loss: 0.3866 - mae: 0.4358 - mse: 0.4262 - ssim_metric: 0.4029
432/652 [==================>...........] - ETA: 1:30 - loss: 0.3867 - mae: 0.4358 - mse: 0.4262 - ssim_metric: 0.4030
433/652 [==================>...........] - ETA: 1:30 - loss: 0.3866 - mae: 0.4357 - mse: 0.4261 - ssim_metric: 0.4030
434/652 [==================>...........] - ETA: 1:29 - loss: 0.3867 - mae: 0.4355 - mse: 0.4260 - ssim_metric: 0.4029
435/652 [===================>..........] - ETA: 1:29 - loss: 0.3867 - mae: 0.4355 - mse: 0.4259 - ssim_metric: 0.4028
436/652 [===================>..........] - ETA: 1:29 - loss: 0.3865 - mae: 0.4353 - mse: 0.4257 - ssim_metric: 0.4029
437/652 [===================>..........] - ETA: 1:28 - loss: 0.3866 - mae: 0.4352 - mse: 0.4256 - ssim_metric: 0.4029
438/652 [===================>..........] - ETA: 1:28 - loss: 0.3864 - mae: 0.4348 - mse: 0.4252 - ssim_metric: 0.4032
439/652 [===================>..........] - ETA: 1:27 - loss: 0.3863 - mae: 0.4347 - mse: 0.4251 - ssim_metric: 0.4032
440/652 [===================>..........] - ETA: 1:27 - loss: 0.3864 - mae: 0.4349 - mse: 0.4253 - ssim_metric: 0.4030
441/652 [===================>..........] - ETA: 1:26 - loss: 0.3865 - mae: 0.4352 - mse: 0.4256 - ssim_metric: 0.4027
442/652 [===================>..........] - ETA: 1:26 - loss: 0.3862 - mae: 0.4349 - mse: 0.4253 - ssim_metric: 0.4031
443/652 [===================>..........] - ETA: 1:26 - loss: 0.3862 - mae: 0.4349 - mse: 0.4253 - ssim_metric: 0.4030
444/652 [===================>..........] - ETA: 1:25 - loss: 0.3863 - mae: 0.4352 - mse: 0.4256 - ssim_metric: 0.4028
445/652 [===================>..........] - ETA: 1:25 - loss: 0.3862 - mae: 0.4353 - mse: 0.4257 - ssim_metric: 0.4028
446/652 [===================>..........] - ETA: 1:24 - loss: 0.3863 - mae: 0.4355 - mse: 0.4258 - ssim_metric: 0.4026
447/652 [===================>..........] - ETA: 1:24 - loss: 0.3863 - mae: 0.4356 - mse: 0.4260 - ssim_metric: 0.4025
448/652 [===================>..........] - ETA: 1:24 - loss: 0.3861 - mae: 0.4355 - mse: 0.4259 - ssim_metric: 0.4026
449/652 [===================>..........] - ETA: 1:23 - loss: 0.3862 - mae: 0.4356 - mse: 0.4260 - ssim_metric: 0.4025
450/652 [===================>..........] - ETA: 1:23 - loss: 0.3862 - mae: 0.4357 - mse: 0.4261 - ssim_metric: 0.4024
451/652 [===================>..........] - ETA: 1:22 - loss: 0.3862 - mae: 0.4358 - mse: 0.4262 - ssim_metric: 0.4022
452/652 [===================>..........] - ETA: 1:22 - loss: 0.3862 - mae: 0.4358 - mse: 0.4262 - ssim_metric: 0.4021
453/652 [===================>..........] - ETA: 1:22 - loss: 0.3861 - mae: 0.4356 - mse: 0.4260 - ssim_metric: 0.4024
454/652 [===================>..........] - ETA: 1:21 - loss: 0.3862 - mae: 0.4357 - mse: 0.4260 - ssim_metric: 0.4023
455/652 [===================>..........] - ETA: 1:21 - loss: 0.3863 - mae: 0.4358 - mse: 0.4261 - ssim_metric: 0.4021
456/652 [===================>..........] - ETA: 1:20 - loss: 0.3863 - mae: 0.4356 - mse: 0.4260 - ssim_metric: 0.4022
457/652 [====================>.........] - ETA: 1:20 - loss: 0.3863 - mae: 0.4358 - mse: 0.4262 - ssim_metric: 0.4020
458/652 [====================>.........] - ETA: 1:19 - loss: 0.3862 - mae: 0.4359 - mse: 0.4263 - ssim_metric: 0.4019
459/652 [====================>.........] - ETA: 1:19 - loss: 0.3862 - mae: 0.4362 - mse: 0.4265 - ssim_metric: 0.4016
460/652 [====================>.........] - ETA: 1:19 - loss: 0.3862 - mae: 0.4363 - mse: 0.4266 - ssim_metric: 0.4015
461/652 [====================>.........] - ETA: 1:18 - loss: 0.3863 - mae: 0.4363 - mse: 0.4267 - ssim_metric: 0.4014
462/652 [====================>.........] - ETA: 1:18 - loss: 0.3864 - mae: 0.4363 - mse: 0.4267 - ssim_metric: 0.4012
463/652 [====================>.........] - ETA: 1:17 - loss: 0.3863 - mae: 0.4362 - mse: 0.4266 - ssim_metric: 0.4012
464/652 [====================>.........] - ETA: 1:17 - loss: 0.3862 - mae: 0.4363 - mse: 0.4266 - ssim_metric: 0.4010
465/652 [====================>.........] - ETA: 1:17 - loss: 0.3863 - mae: 0.4363 - mse: 0.4266 - ssim_metric: 0.4009
466/652 [====================>.........] - ETA: 1:16 - loss: 0.3864 - mae: 0.4363 - mse: 0.4266 - ssim_metric: 0.4009
467/652 [====================>.........] - ETA: 1:16 - loss: 0.3863 - mae: 0.4364 - mse: 0.4267 - ssim_metric: 0.4007
468/652 [====================>.........] - ETA: 1:15 - loss: 0.3864 - mae: 0.4366 - mse: 0.4269 - ssim_metric: 0.4004
469/652 [====================>.........] - ETA: 1:15 - loss: 0.3863 - mae: 0.4366 - mse: 0.4269 - ssim_metric: 0.4002
470/652 [====================>.........] - ETA: 1:15 - loss: 0.3863 - mae: 0.4366 - mse: 0.4269 - ssim_metric: 0.4001
471/652 [====================>.........] - ETA: 1:14 - loss: 0.3865 - mae: 0.4371 - mse: 0.4274 - ssim_metric: 0.3996
472/652 [====================>.........] - ETA: 1:14 - loss: 0.3866 - mae: 0.4372 - mse: 0.4275 - ssim_metric: 0.3995
473/652 [====================>.........] - ETA: 1:13 - loss: 0.3865 - mae: 0.4370 - mse: 0.4272 - ssim_metric: 0.3997
474/652 [====================>.........] - ETA: 1:13 - loss: 0.3866 - mae: 0.4370 - mse: 0.4273 - ssim_metric: 0.3995
475/652 [====================>.........] - ETA: 1:12 - loss: 0.3864 - mae: 0.4371 - mse: 0.4274 - ssim_metric: 0.3994
476/652 [====================>.........] - ETA: 1:12 - loss: 0.3865 - mae: 0.4370 - mse: 0.4272 - ssim_metric: 0.3995
477/652 [====================>.........] - ETA: 1:12 - loss: 0.3865 - mae: 0.4371 - mse: 0.4273 - ssim_metric: 0.3995
478/652 [====================>.........] - ETA: 1:11 - loss: 0.3865 - mae: 0.4367 - mse: 0.4270 - ssim_metric: 0.3998
479/652 [=====================>........] - ETA: 1:11 - loss: 0.3864 - mae: 0.4364 - mse: 0.4266 - ssim_metric: 0.4002
480/652 [=====================>........] - ETA: 1:10 - loss: 0.3862 - mae: 0.4361 - mse: 0.4263 - ssim_metric: 0.4005
481/652 [=====================>........] - ETA: 1:10 - loss: 0.3860 - mae: 0.4358 - mse: 0.4261 - ssim_metric: 0.4008
482/652 [=====================>........] - ETA: 1:10 - loss: 0.3862 - mae: 0.4361 - mse: 0.4263 - ssim_metric: 0.4005
483/652 [=====================>........] - ETA: 1:09 - loss: 0.3859 - mae: 0.4356 - mse: 0.4258 - ssim_metric: 0.4011
484/652 [=====================>........] - ETA: 1:09 - loss: 0.3860 - mae: 0.4356 - mse: 0.4259 - ssim_metric: 0.4011
485/652 [=====================>........] - ETA: 1:08 - loss: 0.3861 - mae: 0.4358 - mse: 0.4261 - ssim_metric: 0.4010
486/652 [=====================>........] - ETA: 1:08 - loss: 0.3866 - mae: 0.4359 - mse: 0.4261 - ssim_metric: 0.4010
487/652 [=====================>........] - ETA: 1:08 - loss: 0.3867 - mae: 0.4358 - mse: 0.4261 - ssim_metric: 0.4011
488/652 [=====================>........] - ETA: 1:07 - loss: 0.3867 - mae: 0.4357 - mse: 0.4260 - ssim_metric: 0.4012
489/652 [=====================>........] - ETA: 1:07 - loss: 0.3869 - mae: 0.4358 - mse: 0.4261 - ssim_metric: 0.4011
490/652 [=====================>........] - ETA: 1:06 - loss: 0.3871 - mae: 0.4360 - mse: 0.4263 - ssim_metric: 0.4009
491/652 [=====================>........] - ETA: 1:06 - loss: 0.3871 - mae: 0.4360 - mse: 0.4264 - ssim_metric: 0.4009
492/652 [=====================>........] - ETA: 1:05 - loss: 0.3871 - mae: 0.4358 - mse: 0.4261 - ssim_metric: 0.4012
493/652 [=====================>........] - ETA: 1:05 - loss: 0.3872 - mae: 0.4357 - mse: 0.4261 - ssim_metric: 0.4012
494/652 [=====================>........] - ETA: 1:05 - loss: 0.3870 - mae: 0.4356 - mse: 0.4259 - ssim_metric: 0.4013
495/652 [=====================>........] - ETA: 1:04 - loss: 0.3870 - mae: 0.4355 - mse: 0.4258 - ssim_metric: 0.4014
496/652 [=====================>........] - ETA: 1:04 - loss: 0.3867 - mae: 0.4352 - mse: 0.4255 - ssim_metric: 0.4018
497/652 [=====================>........] - ETA: 1:03 - loss: 0.3865 - mae: 0.4349 - mse: 0.4253 - ssim_metric: 0.4021
498/652 [=====================>........] - ETA: 1:03 - loss: 0.3866 - mae: 0.4348 - mse: 0.4251 - ssim_metric: 0.4022
499/652 [=====================>........] - ETA: 1:03 - loss: 0.3864 - mae: 0.4346 - mse: 0.4250 - ssim_metric: 0.4024
500/652 [======================>.......] - ETA: 1:02 - loss: 0.3864 - mae: 0.4342 - mse: 0.4246 - ssim_metric: 0.4028
501/652 [======================>.......] - ETA: 1:02 - loss: 0.3863 - mae: 0.4340 - mse: 0.4244 - ssim_metric: 0.4030
502/652 [======================>.......] - ETA: 1:01 - loss: 0.3863 - mae: 0.4338 - mse: 0.4242 - ssim_metric: 0.4032
503/652 [======================>.......] - ETA: 1:01 - loss: 0.3863 - mae: 0.4339 - mse: 0.4243 - ssim_metric: 0.4032
504/652 [======================>.......] - ETA: 1:00 - loss: 0.3863 - mae: 0.4337 - mse: 0.4240 - ssim_metric: 0.4034
505/652 [======================>.......] - ETA: 1:00 - loss: 0.3866 - mae: 0.4338 - mse: 0.4242 - ssim_metric: 0.4033
506/652 [======================>.......] - ETA: 1:00 - loss: 0.3866 - mae: 0.4338 - mse: 0.4242 - ssim_metric: 0.4033
507/652 [======================>.......] - ETA: 59s - loss: 0.3865 - mae: 0.4338 - mse: 0.4242 - ssim_metric: 0.4033 
508/652 [======================>.......] - ETA: 59s - loss: 0.3865 - mae: 0.4338 - mse: 0.4242 - ssim_metric: 0.4032
509/652 [======================>.......] - ETA: 58s - loss: 0.3866 - mae: 0.4341 - mse: 0.4244 - ssim_metric: 0.4029
510/652 [======================>.......] - ETA: 58s - loss: 0.3868 - mae: 0.4344 - mse: 0.4248 - ssim_metric: 0.4026
511/652 [======================>.......] - ETA: 58s - loss: 0.3870 - mae: 0.4349 - mse: 0.4252 - ssim_metric: 0.4022
512/652 [======================>.......] - ETA: 57s - loss: 0.3870 - mae: 0.4346 - mse: 0.4250 - ssim_metric: 0.4023
513/652 [======================>.......] - ETA: 57s - loss: 0.3870 - mae: 0.4349 - mse: 0.4252 - ssim_metric: 0.4020
514/652 [======================>.......] - ETA: 56s - loss: 0.3869 - mae: 0.4348 - mse: 0.4251 - ssim_metric: 0.4019
515/652 [======================>.......] - ETA: 56s - loss: 0.3868 - mae: 0.4347 - mse: 0.4251 - ssim_metric: 0.4019
516/652 [======================>.......] - ETA: 56s - loss: 0.3868 - mae: 0.4349 - mse: 0.4252 - ssim_metric: 0.4018
517/652 [======================>.......] - ETA: 55s - loss: 0.3867 - mae: 0.4350 - mse: 0.4253 - ssim_metric: 0.4016
518/652 [======================>.......] - ETA: 55s - loss: 0.3867 - mae: 0.4350 - mse: 0.4253 - ssim_metric: 0.4014
519/652 [======================>.......] - ETA: 54s - loss: 0.3867 - mae: 0.4351 - mse: 0.4254 - ssim_metric: 0.4014
520/652 [======================>.......] - ETA: 54s - loss: 0.3865 - mae: 0.4349 - mse: 0.4252 - ssim_metric: 0.4015
521/652 [======================>.......] - ETA: 53s - loss: 0.3864 - mae: 0.4348 - mse: 0.4251 - ssim_metric: 0.4016
522/652 [=======================>......] - ETA: 53s - loss: 0.3866 - mae: 0.4348 - mse: 0.4251 - ssim_metric: 0.4014
523/652 [=======================>......] - ETA: 53s - loss: 0.3865 - mae: 0.4347 - mse: 0.4250 - ssim_metric: 0.4015
524/652 [=======================>......] - ETA: 52s - loss: 0.3865 - mae: 0.4348 - mse: 0.4251 - ssim_metric: 0.4014
525/652 [=======================>......] - ETA: 52s - loss: 0.3866 - mae: 0.4348 - mse: 0.4251 - ssim_metric: 0.4014
526/652 [=======================>......] - ETA: 51s - loss: 0.3865 - mae: 0.4345 - mse: 0.4248 - ssim_metric: 0.4017
527/652 [=======================>......] - ETA: 51s - loss: 0.3865 - mae: 0.4345 - mse: 0.4247 - ssim_metric: 0.4018
528/652 [=======================>......] - ETA: 51s - loss: 0.3865 - mae: 0.4342 - mse: 0.4245 - ssim_metric: 0.4020
529/652 [=======================>......] - ETA: 50s - loss: 0.3865 - mae: 0.4342 - mse: 0.4245 - ssim_metric: 0.4020
530/652 [=======================>......] - ETA: 50s - loss: 0.3864 - mae: 0.4341 - mse: 0.4244 - ssim_metric: 0.4021
531/652 [=======================>......] - ETA: 49s - loss: 0.3864 - mae: 0.4341 - mse: 0.4244 - ssim_metric: 0.4022
532/652 [=======================>......] - ETA: 49s - loss: 0.3865 - mae: 0.4343 - mse: 0.4246 - ssim_metric: 0.4020
533/652 [=======================>......] - ETA: 49s - loss: 0.3865 - mae: 0.4341 - mse: 0.4244 - ssim_metric: 0.4020
534/652 [=======================>......] - ETA: 48s - loss: 0.3864 - mae: 0.4342 - mse: 0.4245 - ssim_metric: 0.4020
535/652 [=======================>......] - ETA: 48s - loss: 0.3864 - mae: 0.4344 - mse: 0.4247 - ssim_metric: 0.4018
536/652 [=======================>......] - ETA: 47s - loss: 0.3865 - mae: 0.4345 - mse: 0.4248 - ssim_metric: 0.4017
537/652 [=======================>......] - ETA: 47s - loss: 0.3864 - mae: 0.4345 - mse: 0.4247 - ssim_metric: 0.4018
538/652 [=======================>......] - ETA: 46s - loss: 0.3864 - mae: 0.4345 - mse: 0.4248 - ssim_metric: 0.4017
539/652 [=======================>......] - ETA: 46s - loss: 0.3866 - mae: 0.4349 - mse: 0.4252 - ssim_metric: 0.4013
540/652 [=======================>......] - ETA: 46s - loss: 0.3865 - mae: 0.4349 - mse: 0.4252 - ssim_metric: 0.4013
541/652 [=======================>......] - ETA: 45s - loss: 0.3865 - mae: 0.4350 - mse: 0.4252 - ssim_metric: 0.4012
542/652 [=======================>......] - ETA: 45s - loss: 0.3865 - mae: 0.4352 - mse: 0.4254 - ssim_metric: 0.4009
543/652 [=======================>......] - ETA: 44s - loss: 0.3865 - mae: 0.4351 - mse: 0.4253 - ssim_metric: 0.4010
544/652 [========================>.....] - ETA: 44s - loss: 0.3863 - mae: 0.4351 - mse: 0.4253 - ssim_metric: 0.4009
545/652 [========================>.....] - ETA: 44s - loss: 0.3862 - mae: 0.4351 - mse: 0.4253 - ssim_metric: 0.4008
546/652 [========================>.....] - ETA: 43s - loss: 0.3864 - mae: 0.4353 - mse: 0.4256 - ssim_metric: 0.4007
547/652 [========================>.....] - ETA: 43s - loss: 0.3865 - mae: 0.4357 - mse: 0.4259 - ssim_metric: 0.4003
548/652 [========================>.....] - ETA: 42s - loss: 0.3864 - mae: 0.4354 - mse: 0.4256 - ssim_metric: 0.4005
549/652 [========================>.....] - ETA: 42s - loss: 0.3867 - mae: 0.4354 - mse: 0.4256 - ssim_metric: 0.4006
550/652 [========================>.....] - ETA: 42s - loss: 0.3866 - mae: 0.4354 - mse: 0.4256 - ssim_metric: 0.4006
551/652 [========================>.....] - ETA: 41s - loss: 0.3867 - mae: 0.4354 - mse: 0.4257 - ssim_metric: 0.4004
552/652 [========================>.....] - ETA: 41s - loss: 0.3867 - mae: 0.4356 - mse: 0.4258 - ssim_metric: 0.4003
553/652 [========================>.....] - ETA: 40s - loss: 0.3867 - mae: 0.4356 - mse: 0.4259 - ssim_metric: 0.4003
554/652 [========================>.....] - ETA: 40s - loss: 0.3866 - mae: 0.4357 - mse: 0.4259 - ssim_metric: 0.4002
555/652 [========================>.....] - ETA: 39s - loss: 0.3864 - mae: 0.4354 - mse: 0.4257 - ssim_metric: 0.4005
556/652 [========================>.....] - ETA: 39s - loss: 0.3864 - mae: 0.4354 - mse: 0.4256 - ssim_metric: 0.4005
557/652 [========================>.....] - ETA: 39s - loss: 0.3861 - mae: 0.4351 - mse: 0.4253 - ssim_metric: 0.4009
558/652 [========================>.....] - ETA: 38s - loss: 0.3860 - mae: 0.4349 - mse: 0.4251 - ssim_metric: 0.4011
559/652 [========================>.....] - ETA: 38s - loss: 0.3859 - mae: 0.4347 - mse: 0.4249 - ssim_metric: 0.4013
560/652 [========================>.....] - ETA: 37s - loss: 0.3858 - mae: 0.4345 - mse: 0.4247 - ssim_metric: 0.4014
561/652 [========================>.....] - ETA: 37s - loss: 0.3859 - mae: 0.4345 - mse: 0.4248 - ssim_metric: 0.4014
562/652 [========================>.....] - ETA: 37s - loss: 0.3857 - mae: 0.4345 - mse: 0.4247 - ssim_metric: 0.4015
563/652 [========================>.....] - ETA: 36s - loss: 0.3859 - mae: 0.4344 - mse: 0.4247 - ssim_metric: 0.4015
564/652 [========================>.....] - ETA: 36s - loss: 0.3858 - mae: 0.4344 - mse: 0.4247 - ssim_metric: 0.4016
565/652 [========================>.....] - ETA: 35s - loss: 0.3860 - mae: 0.4345 - mse: 0.4247 - ssim_metric: 0.4016
566/652 [=========================>....] - ETA: 35s - loss: 0.3864 - mae: 0.4347 - mse: 0.4250 - ssim_metric: 0.4013
567/652 [=========================>....] - ETA: 35s - loss: 0.3864 - mae: 0.4350 - mse: 0.4252 - ssim_metric: 0.4010
568/652 [=========================>....] - ETA: 34s - loss: 0.3865 - mae: 0.4351 - mse: 0.4253 - ssim_metric: 0.4008
569/652 [=========================>....] - ETA: 34s - loss: 0.3865 - mae: 0.4351 - mse: 0.4253 - ssim_metric: 0.4006
570/652 [=========================>....] - ETA: 33s - loss: 0.3865 - mae: 0.4352 - mse: 0.4254 - ssim_metric: 0.4003
571/652 [=========================>....] - ETA: 33s - loss: 0.3868 - mae: 0.4358 - mse: 0.4259 - ssim_metric: 0.3998
572/652 [=========================>....] - ETA: 32s - loss: 0.3867 - mae: 0.4358 - mse: 0.4260 - ssim_metric: 0.3997
573/652 [=========================>....] - ETA: 32s - loss: 0.3867 - mae: 0.4360 - mse: 0.4262 - ssim_metric: 0.3994
574/652 [=========================>....] - ETA: 32s - loss: 0.3866 - mae: 0.4363 - mse: 0.4264 - ssim_metric: 0.3992
575/652 [=========================>....] - ETA: 31s - loss: 0.3865 - mae: 0.4364 - mse: 0.4266 - ssim_metric: 0.3990
576/652 [=========================>....] - ETA: 31s - loss: 0.3866 - mae: 0.4368 - mse: 0.4269 - ssim_metric: 0.3986
577/652 [=========================>....] - ETA: 30s - loss: 0.3868 - mae: 0.4371 - mse: 0.4272 - ssim_metric: 0.3983
578/652 [=========================>....] - ETA: 30s - loss: 0.3867 - mae: 0.4374 - mse: 0.4275 - ssim_metric: 0.3980
579/652 [=========================>....] - ETA: 30s - loss: 0.3870 - mae: 0.4379 - mse: 0.4280 - ssim_metric: 0.3976
580/652 [=========================>....] - ETA: 29s - loss: 0.3872 - mae: 0.4382 - mse: 0.4284 - ssim_metric: 0.3972
581/652 [=========================>....] - ETA: 29s - loss: 0.3872 - mae: 0.4385 - mse: 0.4286 - ssim_metric: 0.3970
582/652 [=========================>....] - ETA: 28s - loss: 0.3871 - mae: 0.4387 - mse: 0.4288 - ssim_metric: 0.3967
583/652 [=========================>....] - ETA: 28s - loss: 0.3873 - mae: 0.4391 - mse: 0.4292 - ssim_metric: 0.3964
584/652 [=========================>....] - ETA: 28s - loss: 0.3874 - mae: 0.4393 - mse: 0.4294 - ssim_metric: 0.3961
585/652 [=========================>....] - ETA: 27s - loss: 0.3874 - mae: 0.4395 - mse: 0.4296 - ssim_metric: 0.3960
586/652 [=========================>....] - ETA: 27s - loss: 0.3874 - mae: 0.4396 - mse: 0.4297 - ssim_metric: 0.3959
587/652 [==========================>...] - ETA: 26s - loss: 0.3873 - mae: 0.4396 - mse: 0.4297 - ssim_metric: 0.3958
588/652 [==========================>...] - ETA: 26s - loss: 0.3874 - mae: 0.4399 - mse: 0.4301 - ssim_metric: 0.3955
589/652 [==========================>...] - ETA: 25s - loss: 0.3873 - mae: 0.4400 - mse: 0.4301 - ssim_metric: 0.3955
590/652 [==========================>...] - ETA: 25s - loss: 0.3873 - mae: 0.4399 - mse: 0.4300 - ssim_metric: 0.3956
591/652 [==========================>...] - ETA: 25s - loss: 0.3871 - mae: 0.4397 - mse: 0.4299 - ssim_metric: 0.3957
592/652 [==========================>...] - ETA: 24s - loss: 0.3872 - mae: 0.4395 - mse: 0.4297 - ssim_metric: 0.3960
593/652 [==========================>...] - ETA: 24s - loss: 0.3871 - mae: 0.4395 - mse: 0.4296 - ssim_metric: 0.3960
594/652 [==========================>...] - ETA: 23s - loss: 0.3870 - mae: 0.4393 - mse: 0.4294 - ssim_metric: 0.3963
595/652 [==========================>...] - ETA: 23s - loss: 0.3871 - mae: 0.4394 - mse: 0.4296 - ssim_metric: 0.3962
596/652 [==========================>...] - ETA: 23s - loss: 0.3871 - mae: 0.4392 - mse: 0.4293 - ssim_metric: 0.3965
597/652 [==========================>...] - ETA: 22s - loss: 0.3871 - mae: 0.4391 - mse: 0.4293 - ssim_metric: 0.3965
598/652 [==========================>...] - ETA: 22s - loss: 0.3869 - mae: 0.4388 - mse: 0.4290 - ssim_metric: 0.3970
599/652 [==========================>...] - ETA: 21s - loss: 0.3869 - mae: 0.4386 - mse: 0.4288 - ssim_metric: 0.3971
600/652 [==========================>...] - ETA: 21s - loss: 0.3870 - mae: 0.4384 - mse: 0.4286 - ssim_metric: 0.3973
601/652 [==========================>...] - ETA: 21s - loss: 0.3871 - mae: 0.4386 - mse: 0.4288 - ssim_metric: 0.3972
602/652 [==========================>...] - ETA: 20s - loss: 0.3871 - mae: 0.4384 - mse: 0.4286 - ssim_metric: 0.3975
603/652 [==========================>...] - ETA: 20s - loss: 0.3871 - mae: 0.4384 - mse: 0.4287 - ssim_metric: 0.3974
604/652 [==========================>...] - ETA: 19s - loss: 0.3872 - mae: 0.4385 - mse: 0.4287 - ssim_metric: 0.3973
605/652 [==========================>...] - ETA: 19s - loss: 0.3871 - mae: 0.4385 - mse: 0.4287 - ssim_metric: 0.3973
606/652 [==========================>...] - ETA: 18s - loss: 0.3871 - mae: 0.4387 - mse: 0.4289 - ssim_metric: 0.3971
607/652 [==========================>...] - ETA: 18s - loss: 0.3871 - mae: 0.4386 - mse: 0.4289 - ssim_metric: 0.3972
608/652 [==========================>...] - ETA: 18s - loss: 0.3872 - mae: 0.4389 - mse: 0.4291 - ssim_metric: 0.3970
609/652 [===========================>..] - ETA: 17s - loss: 0.3872 - mae: 0.4389 - mse: 0.4291 - ssim_metric: 0.3970
610/652 [===========================>..] - ETA: 17s - loss: 0.3871 - mae: 0.4388 - mse: 0.4290 - ssim_metric: 0.3971
611/652 [===========================>..] - ETA: 16s - loss: 0.3871 - mae: 0.4388 - mse: 0.4290 - ssim_metric: 0.3971
612/652 [===========================>..] - ETA: 16s - loss: 0.3870 - mae: 0.4387 - mse: 0.4290 - ssim_metric: 0.3971
613/652 [===========================>..] - ETA: 16s - loss: 0.3869 - mae: 0.4387 - mse: 0.4289 - ssim_metric: 0.3972
614/652 [===========================>..] - ETA: 15s - loss: 0.3868 - mae: 0.4385 - mse: 0.4288 - ssim_metric: 0.3973
615/652 [===========================>..] - ETA: 15s - loss: 0.3868 - mae: 0.4384 - mse: 0.4287 - ssim_metric: 0.3974
616/652 [===========================>..] - ETA: 14s - loss: 0.3869 - mae: 0.4384 - mse: 0.4286 - ssim_metric: 0.3976
617/652 [===========================>..] - ETA: 14s - loss: 0.3869 - mae: 0.4385 - mse: 0.4287 - ssim_metric: 0.3975
618/652 [===========================>..] - ETA: 14s - loss: 0.3869 - mae: 0.4384 - mse: 0.4287 - ssim_metric: 0.3975
619/652 [===========================>..] - ETA: 13s - loss: 0.3868 - mae: 0.4385 - mse: 0.4287 - ssim_metric: 0.3974
620/652 [===========================>..] - ETA: 13s - loss: 0.3866 - mae: 0.4384 - mse: 0.4286 - ssim_metric: 0.3975
621/652 [===========================>..] - ETA: 12s - loss: 0.3866 - mae: 0.4382 - mse: 0.4285 - ssim_metric: 0.3977
622/652 [===========================>..] - ETA: 12s - loss: 0.3865 - mae: 0.4381 - mse: 0.4284 - ssim_metric: 0.3977
623/652 [===========================>..] - ETA: 11s - loss: 0.3865 - mae: 0.4382 - mse: 0.4285 - ssim_metric: 0.3977
624/652 [===========================>..] - ETA: 11s - loss: 0.3864 - mae: 0.4383 - mse: 0.4285 - ssim_metric: 0.3976
625/652 [===========================>..] - ETA: 11s - loss: 0.3864 - mae: 0.4383 - mse: 0.4286 - ssim_metric: 0.3975
626/652 [===========================>..] - ETA: 10s - loss: 0.3864 - mae: 0.4382 - mse: 0.4285 - ssim_metric: 0.3976
627/652 [===========================>..] - ETA: 10s - loss: 0.3866 - mae: 0.4382 - mse: 0.4285 - ssim_metric: 0.3976
628/652 [===========================>..] - ETA: 9s - loss: 0.3865 - mae: 0.4380 - mse: 0.4282 - ssim_metric: 0.3979 
629/652 [===========================>..] - ETA: 9s - loss: 0.3864 - mae: 0.4379 - mse: 0.4282 - ssim_metric: 0.3980
630/652 [===========================>..] - ETA: 9s - loss: 0.3863 - mae: 0.4380 - mse: 0.4282 - ssim_metric: 0.3978
631/652 [============================>.] - ETA: 8s - loss: 0.3865 - mae: 0.4382 - mse: 0.4285 - ssim_metric: 0.3976
632/652 [============================>.] - ETA: 8s - loss: 0.3864 - mae: 0.4383 - mse: 0.4285 - ssim_metric: 0.3976
633/652 [============================>.] - ETA: 7s - loss: 0.3863 - mae: 0.4380 - mse: 0.4283 - ssim_metric: 0.3978
634/652 [============================>.] - ETA: 7s - loss: 0.3862 - mae: 0.4379 - mse: 0.4281 - ssim_metric: 0.3979
635/652 [============================>.] - ETA: 7s - loss: 0.3861 - mae: 0.4378 - mse: 0.4281 - ssim_metric: 0.3979
636/652 [============================>.] - ETA: 6s - loss: 0.3861 - mae: 0.4379 - mse: 0.4281 - ssim_metric: 0.3979
637/652 [============================>.] - ETA: 6s - loss: 0.3860 - mae: 0.4378 - mse: 0.4280 - ssim_metric: 0.3980
638/652 [============================>.] - ETA: 5s - loss: 0.3862 - mae: 0.4379 - mse: 0.4282 - ssim_metric: 0.3978
639/652 [============================>.] - ETA: 5s - loss: 0.3863 - mae: 0.4382 - mse: 0.4284 - ssim_metric: 0.3976
640/652 [============================>.] - ETA: 4s - loss: 0.3865 - mae: 0.4383 - mse: 0.4285 - ssim_metric: 0.3975
641/652 [============================>.] - ETA: 4s - loss: 0.3865 - mae: 0.4383 - mse: 0.4285 - ssim_metric: 0.3975
642/652 [============================>.] - ETA: 4s - loss: 0.3865 - mae: 0.4382 - mse: 0.4284 - ssim_metric: 0.3976
643/652 [============================>.] - ETA: 3s - loss: 0.3864 - mae: 0.4381 - mse: 0.4283 - ssim_metric: 0.3977
644/652 [============================>.] - ETA: 3s - loss: 0.3863 - mae: 0.4379 - mse: 0.4281 - ssim_metric: 0.3977
645/652 [============================>.] - ETA: 2s - loss: 0.3863 - mae: 0.4378 - mse: 0.4280 - ssim_metric: 0.3978
646/652 [============================>.] - ETA: 2s - loss: 0.3863 - mae: 0.4376 - mse: 0.4278 - ssim_metric: 0.3980
647/652 [============================>.] - ETA: 2s - loss: 0.3863 - mae: 0.4376 - mse: 0.4278 - ssim_metric: 0.3979
648/652 [============================>.] - ETA: 1s - loss: 0.3866 - mae: 0.4378 - mse: 0.4280 - ssim_metric: 0.3977
649/652 [============================>.] - ETA: 1s - loss: 0.3864 - mae: 0.4377 - mse: 0.4279 - ssim_metric: 0.3978
650/652 [============================>.] - ETA: 0s - loss: 0.3864 - mae: 0.4378 - mse: 0.4280 - ssim_metric: 0.3978
651/652 [============================>.] - ETA: 0s - loss: 0.3866 - mae: 0.4377 - mse: 0.4279 - ssim_metric: 0.3979
652/652 [==============================] - ETA: 0s - loss: 0.3865 - mae: 0.4375 - mse: 0.4277 - ssim_metric: 0.3981
Epoch 5: saving model to C:\d_surucusu\visual_navigation\benchmark\models_pipeline\_lr_batch_probe\lr1e-4_b8\_JOB_lr1e-4_b8_05_09_2026__17_43_model_f48_k4_epoch_00005_helu_osigmoid_(1, 1)_.h5

Epoch 5: val_loss improved from 0.39657 to 0.37848, saving model to C:\d_surucusu\visual_navigation\benchmark\models_pipeline\_lr_batch_probe\lr1e-4_b8\_JOB_lr1e-4_b8_05_09_2026__17_43_best_val_loss_model_f48_k4.h5

Epoch 5: val_mae improved from 0.44479 to 0.38705, saving model to C:\d_surucusu\visual_navigation\benchmark\models_pipeline\_lr_batch_probe\lr1e-4_b8\_JOB_lr1e-4_b8_05_09_2026__17_43_best_mae_model_f48_k4.h5

Epoch 5: val_ssim_metric improved from 0.41865 to 0.45097, saving model to C:\d_surucusu\visual_navigation\benchmark\models_pipeline\_lr_batch_probe\lr1e-4_b8\_JOB_lr1e-4_b8_05_09_2026__17_43_best_ssim_model_f48_k4.h5

652/652 [==============================] - 285s 438ms/step - loss: 0.3865 - mae: 0.4375 - mse: 0.4277 - ssim_metric: 0.3981 - val_loss: 0.3785 - val_mae: 0.3870 - val_mse: 0.3788 - val_ssim_metric: 0.4510
Epoch 6/6

  1/652 [..............................] - ETA: 4:49 - loss: 0.4535 - mae: 0.4629 - mse: 0.4538 - ssim_metric: 0.3637
  2/652 [..............................] - ETA: 4:27 - loss: 0.4077 - mae: 0.4209 - mse: 0.4123 - ssim_metric: 0.3988
  3/652 [..............................] - ETA: 4:27 - loss: 0.3812 - mae: 0.3857 - mse: 0.3770 - ssim_metric: 0.4456
  4/652 [..............................] - ETA: 4:26 - loss: 0.3774 - mae: 0.3702 - mse: 0.3618 - ssim_metric: 0.4579
  5/652 [..............................] - ETA: 4:26 - loss: 0.3855 - mae: 0.3649 - mse: 0.3555 - ssim_metric: 0.4448
  6/652 [..............................] - ETA: 4:26 - loss: 0.3830 - mae: 0.3891 - mse: 0.3789 - ssim_metric: 0.4276
  7/652 [..............................] - ETA: 4:25 - loss: 0.3825 - mae: 0.3965 - mse: 0.3866 - ssim_metric: 0.4225
  8/652 [..............................] - ETA: 4:25 - loss: 0.3716 - mae: 0.3921 - mse: 0.3823 - ssim_metric: 0.4272
  9/652 [..............................] - ETA: 4:25 - loss: 0.3743 - mae: 0.3989 - mse: 0.3892 - ssim_metric: 0.4229
 10/652 [..............................] - ETA: 4:24 - loss: 0.3626 - mae: 0.3851 - mse: 0.3754 - ssim_metric: 0.4398
 11/652 [..............................] - ETA: 4:24 - loss: 0.3629 - mae: 0.3914 - mse: 0.3816 - ssim_metric: 0.4336
 12/652 [..............................] - ETA: 4:23 - loss: 0.3640 - mae: 0.4024 - mse: 0.3927 - ssim_metric: 0.4234
 13/652 [..............................] - ETA: 4:23 - loss: 0.3604 - mae: 0.3953 - mse: 0.3855 - ssim_metric: 0.4313
 14/652 [..............................] - ETA: 4:23 - loss: 0.3612 - mae: 0.4030 - mse: 0.3927 - ssim_metric: 0.4204
 15/652 [..............................] - ETA: 4:22 - loss: 0.3625 - mae: 0.4020 - mse: 0.3913 - ssim_metric: 0.4187
 16/652 [..............................] - ETA: 4:22 - loss: 0.3645 - mae: 0.4059 - mse: 0.3950 - ssim_metric: 0.4134
 17/652 [..............................] - ETA: 4:21 - loss: 0.3659 - mae: 0.4066 - mse: 0.3954 - ssim_metric: 0.4118
 18/652 [..............................] - ETA: 4:21 - loss: 0.3705 - mae: 0.4086 - mse: 0.3974 - ssim_metric: 0.4091
 19/652 [..............................] - ETA: 4:20 - loss: 0.3713 - mae: 0.4120 - mse: 0.4007 - ssim_metric: 0.4060
 20/652 [..............................] - ETA: 4:20 - loss: 0.3725 - mae: 0.4102 - mse: 0.3990 - ssim_metric: 0.4076
 21/652 [..............................] - ETA: 4:20 - loss: 0.3695 - mae: 0.4065 - mse: 0.3953 - ssim_metric: 0.4112
 22/652 [>.............................] - ETA: 4:19 - loss: 0.3662 - mae: 0.4058 - mse: 0.3944 - ssim_metric: 0.4108
 23/652 [>.............................] - ETA: 4:19 - loss: 0.3644 - mae: 0.4014 - mse: 0.3902 - ssim_metric: 0.4176
 24/652 [>.............................] - ETA: 4:18 - loss: 0.3638 - mae: 0.4020 - mse: 0.3908 - ssim_metric: 0.4142
 25/652 [>.............................] - ETA: 4:18 - loss: 0.3640 - mae: 0.3980 - mse: 0.3869 - ssim_metric: 0.4174
 26/652 [>.............................] - ETA: 4:18 - loss: 0.3642 - mae: 0.3977 - mse: 0.3867 - ssim_metric: 0.4178
 27/652 [>.............................] - ETA: 4:17 - loss: 0.3698 - mae: 0.3992 - mse: 0.3883 - ssim_metric: 0.4162
 28/652 [>.............................] - ETA: 4:17 - loss: 0.3730 - mae: 0.4060 - mse: 0.3950 - ssim_metric: 0.4093
 29/652 [>.............................] - ETA: 4:16 - loss: 0.3700 - mae: 0.4027 - mse: 0.3916 - ssim_metric: 0.4124
 30/652 [>.............................] - ETA: 4:16 - loss: 0.3684 - mae: 0.3956 - mse: 0.3847 - ssim_metric: 0.4204
 31/652 [>.............................] - ETA: 4:16 - loss: 0.3704 - mae: 0.3970 - mse: 0.3860 - ssim_metric: 0.4195
 32/652 [>.............................] - ETA: 4:15 - loss: 0.3708 - mae: 0.3969 - mse: 0.3860 - ssim_metric: 0.4193
 33/652 [>.............................] - ETA: 4:15 - loss: 0.3727 - mae: 0.3997 - mse: 0.3887 - ssim_metric: 0.4170
 34/652 [>.............................] - ETA: 4:14 - loss: 0.3735 - mae: 0.3983 - mse: 0.3872 - ssim_metric: 0.4171
 35/652 [>.............................] - ETA: 4:14 - loss: 0.3709 - mae: 0.3972 - mse: 0.3861 - ssim_metric: 0.4179
 36/652 [>.............................] - ETA: 4:13 - loss: 0.3717 - mae: 0.3985 - mse: 0.3873 - ssim_metric: 0.4159
 37/652 [>.............................] - ETA: 4:13 - loss: 0.3698 - mae: 0.3959 - mse: 0.3848 - ssim_metric: 0.4191
 38/652 [>.............................] - ETA: 4:13 - loss: 0.3696 - mae: 0.3972 - mse: 0.3861 - ssim_metric: 0.4164
 39/652 [>.............................] - ETA: 4:12 - loss: 0.3723 - mae: 0.4016 - mse: 0.3902 - ssim_metric: 0.4120
 40/652 [>.............................] - ETA: 4:12 - loss: 0.3739 - mae: 0.4024 - mse: 0.3908 - ssim_metric: 0.4101
 41/652 [>.............................] - ETA: 4:11 - loss: 0.3748 - mae: 0.4009 - mse: 0.3892 - ssim_metric: 0.4096
 42/652 [>.............................] - ETA: 4:11 - loss: 0.3740 - mae: 0.3975 - mse: 0.3857 - ssim_metric: 0.4118
 43/652 [>.............................] - ETA: 4:11 - loss: 0.3728 - mae: 0.3937 - mse: 0.3818 - ssim_metric: 0.4143
 44/652 [=>............................] - ETA: 4:10 - loss: 0.3726 - mae: 0.3904 - mse: 0.3785 - ssim_metric: 0.4168
 45/652 [=>............................] - ETA: 4:10 - loss: 0.3732 - mae: 0.3860 - mse: 0.3741 - ssim_metric: 0.4215
 46/652 [=>............................] - ETA: 4:09 - loss: 0.3734 - mae: 0.3830 - mse: 0.3711 - ssim_metric: 0.4250
 47/652 [=>............................] - ETA: 4:09 - loss: 0.3728 - mae: 0.3790 - mse: 0.3671 - ssim_metric: 0.4285
 48/652 [=>............................] - ETA: 4:09 - loss: 0.3740 - mae: 0.3768 - mse: 0.3649 - ssim_metric: 0.4298
 49/652 [=>............................] - ETA: 4:08 - loss: 0.3762 - mae: 0.3751 - mse: 0.3632 - ssim_metric: 0.4301
 50/652 [=>............................] - ETA: 4:08 - loss: 0.3772 - mae: 0.3731 - mse: 0.3611 - ssim_metric: 0.4300
 51/652 [=>............................] - ETA: 4:07 - loss: 0.3781 - mae: 0.3708 - mse: 0.3588 - ssim_metric: 0.4316
 52/652 [=>............................] - ETA: 4:07 - loss: 0.3783 - mae: 0.3690 - mse: 0.3568 - ssim_metric: 0.4325
 53/652 [=>............................] - ETA: 4:07 - loss: 0.3790 - mae: 0.3688 - mse: 0.3564 - ssim_metric: 0.4314
 54/652 [=>............................] - ETA: 4:06 - loss: 0.3771 - mae: 0.3671 - mse: 0.3549 - ssim_metric: 0.4343
 55/652 [=>............................] - ETA: 4:06 - loss: 0.3772 - mae: 0.3684 - mse: 0.3561 - ssim_metric: 0.4329
 56/652 [=>............................] - ETA: 4:05 - loss: 0.3797 - mae: 0.3700 - mse: 0.3578 - ssim_metric: 0.4317
 57/652 [=>............................] - ETA: 4:05 - loss: 0.3785 - mae: 0.3695 - mse: 0.3573 - ssim_metric: 0.4324
 58/652 [=>............................] - ETA: 4:04 - loss: 0.3788 - mae: 0.3706 - mse: 0.3583 - ssim_metric: 0.4305
 59/652 [=>............................] - ETA: 4:04 - loss: 0.3785 - mae: 0.3722 - mse: 0.3601 - ssim_metric: 0.4295
 60/652 [=>............................] - ETA: 4:04 - loss: 0.3780 - mae: 0.3733 - mse: 0.3612 - ssim_metric: 0.4294
 61/652 [=>............................] - ETA: 4:03 - loss: 0.3787 - mae: 0.3735 - mse: 0.3615 - ssim_metric: 0.4293
 62/652 [=>............................] - ETA: 4:03 - loss: 0.3801 - mae: 0.3761 - mse: 0.3640 - ssim_metric: 0.4266
 63/652 [=>............................] - ETA: 4:02 - loss: 0.3796 - mae: 0.3758 - mse: 0.3638 - ssim_metric: 0.4268
 64/652 [=>............................] - ETA: 4:02 - loss: 0.3781 - mae: 0.3747 - mse: 0.3627 - ssim_metric: 0.4280
 65/652 [=>............................] - ETA: 4:02 - loss: 0.3799 - mae: 0.3767 - mse: 0.3649 - ssim_metric: 0.4271
 66/652 [==>...........................] - ETA: 4:01 - loss: 0.3807 - mae: 0.3777 - mse: 0.3659 - ssim_metric: 0.4271
 67/652 [==>...........................] - ETA: 4:01 - loss: 0.3809 - mae: 0.3790 - mse: 0.3673 - ssim_metric: 0.4260
 68/652 [==>...........................] - ETA: 4:00 - loss: 0.3811 - mae: 0.3799 - mse: 0.3683 - ssim_metric: 0.4254
 69/652 [==>...........................] - ETA: 4:00 - loss: 0.3815 - mae: 0.3807 - mse: 0.3691 - ssim_metric: 0.4253
 70/652 [==>...........................] - ETA: 4:00 - loss: 0.3810 - mae: 0.3784 - mse: 0.3669 - ssim_metric: 0.4280
 71/652 [==>...........................] - ETA: 3:59 - loss: 0.3817 - mae: 0.3794 - mse: 0.3680 - ssim_metric: 0.4275
 72/652 [==>...........................] - ETA: 3:59 - loss: 0.3820 - mae: 0.3798 - mse: 0.3684 - ssim_metric: 0.4272
 73/652 [==>...........................] - ETA: 3:58 - loss: 0.3813 - mae: 0.3784 - mse: 0.3671 - ssim_metric: 0.4294
 74/652 [==>...........................] - ETA: 3:58 - loss: 0.3812 - mae: 0.3780 - mse: 0.3668 - ssim_metric: 0.4302
 75/652 [==>...........................] - ETA: 3:57 - loss: 0.3827 - mae: 0.3801 - mse: 0.3690 - ssim_metric: 0.4286
 76/652 [==>...........................] - ETA: 3:57 - loss: 0.3828 - mae: 0.3805 - mse: 0.3694 - ssim_metric: 0.4289
 77/652 [==>...........................] - ETA: 3:57 - loss: 0.3824 - mae: 0.3798 - mse: 0.3688 - ssim_metric: 0.4299
 78/652 [==>...........................] - ETA: 3:56 - loss: 0.3823 - mae: 0.3813 - mse: 0.3704 - ssim_metric: 0.4290
 79/652 [==>...........................] - ETA: 3:56 - loss: 0.3830 - mae: 0.3839 - mse: 0.3730 - ssim_metric: 0.4275
 80/652 [==>...........................] - ETA: 3:55 - loss: 0.3825 - mae: 0.3840 - mse: 0.3732 - ssim_metric: 0.4280
 81/652 [==>...........................] - ETA: 3:55 - loss: 0.3816 - mae: 0.3829 - mse: 0.3721 - ssim_metric: 0.4295
 82/652 [==>...........................] - ETA: 3:55 - loss: 0.3804 - mae: 0.3814 - mse: 0.3707 - ssim_metric: 0.4314
 83/652 [==>...........................] - ETA: 3:54 - loss: 0.3809 - mae: 0.3815 - mse: 0.3709 - ssim_metric: 0.4318
 84/652 [==>...........................] - ETA: 3:54 - loss: 0.3800 - mae: 0.3803 - mse: 0.3697 - ssim_metric: 0.4336
 85/652 [==>...........................] - ETA: 3:53 - loss: 0.3804 - mae: 0.3813 - mse: 0.3707 - ssim_metric: 0.4326
 86/652 [==>...........................] - ETA: 3:53 - loss: 0.3803 - mae: 0.3808 - mse: 0.3702 - ssim_metric: 0.4332
 87/652 [===>..........................] - ETA: 3:52 - loss: 0.3810 - mae: 0.3824 - mse: 0.3718 - ssim_metric: 0.4317
 88/652 [===>..........................] - ETA: 3:52 - loss: 0.3798 - mae: 0.3814 - mse: 0.3709 - ssim_metric: 0.4328
 89/652 [===>..........................] - ETA: 3:52 - loss: 0.3795 - mae: 0.3821 - mse: 0.3716 - ssim_metric: 0.4322
 90/652 [===>..........................] - ETA: 3:51 - loss: 0.3793 - mae: 0.3829 - mse: 0.3724 - ssim_metric: 0.4311
 91/652 [===>..........................] - ETA: 3:51 - loss: 0.3782 - mae: 0.3816 - mse: 0.3711 - ssim_metric: 0.4329
 92/652 [===>..........................] - ETA: 3:50 - loss: 0.3780 - mae: 0.3820 - mse: 0.3715 - ssim_metric: 0.4324
 93/652 [===>..........................] - ETA: 3:50 - loss: 0.3774 - mae: 0.3820 - mse: 0.3716 - ssim_metric: 0.4323
 94/652 [===>..........................] - ETA: 3:50 - loss: 0.3774 - mae: 0.3817 - mse: 0.3712 - ssim_metric: 0.4329
 95/652 [===>..........................] - ETA: 3:49 - loss: 0.3772 - mae: 0.3810 - mse: 0.3705 - ssim_metric: 0.4339
 96/652 [===>..........................] - ETA: 3:49 - loss: 0.3781 - mae: 0.3823 - mse: 0.3718 - ssim_metric: 0.4330
 97/652 [===>..........................] - ETA: 3:48 - loss: 0.3798 - mae: 0.3826 - mse: 0.3722 - ssim_metric: 0.4328
 98/652 [===>..........................] - ETA: 3:48 - loss: 0.3793 - mae: 0.3827 - mse: 0.3722 - ssim_metric: 0.4323
 99/652 [===>..........................] - ETA: 3:48 - loss: 0.3789 - mae: 0.3822 - mse: 0.3717 - ssim_metric: 0.4333
100/652 [===>..........................] - ETA: 3:47 - loss: 0.3789 - mae: 0.3837 - mse: 0.3733 - ssim_metric: 0.4320
101/652 [===>..........................] - ETA: 3:47 - loss: 0.3790 - mae: 0.3841 - mse: 0.3736 - ssim_metric: 0.4316
102/652 [===>..........................] - ETA: 3:46 - loss: 0.3785 - mae: 0.3844 - mse: 0.3739 - ssim_metric: 0.4310
103/652 [===>..........................] - ETA: 3:46 - loss: 0.3785 - mae: 0.3843 - mse: 0.3739 - ssim_metric: 0.4312
104/652 [===>..........................] - ETA: 3:45 - loss: 0.3780 - mae: 0.3838 - mse: 0.3733 - ssim_metric: 0.4318
105/652 [===>..........................] - ETA: 3:45 - loss: 0.3777 - mae: 0.3831 - mse: 0.3727 - ssim_metric: 0.4328
106/652 [===>..........................] - ETA: 3:45 - loss: 0.3780 - mae: 0.3831 - mse: 0.3727 - ssim_metric: 0.4325
107/652 [===>..........................] - ETA: 3:44 - loss: 0.3775 - mae: 0.3829 - mse: 0.3725 - ssim_metric: 0.4332
108/652 [===>..........................] - ETA: 3:44 - loss: 0.3775 - mae: 0.3838 - mse: 0.3734 - ssim_metric: 0.4324
109/652 [====>.........................] - ETA: 3:43 - loss: 0.3769 - mae: 0.3834 - mse: 0.3730 - ssim_metric: 0.4331
110/652 [====>.........................] - ETA: 3:43 - loss: 0.3774 - mae: 0.3838 - mse: 0.3734 - ssim_metric: 0.4326
111/652 [====>.........................] - ETA: 3:43 - loss: 0.3773 - mae: 0.3835 - mse: 0.3731 - ssim_metric: 0.4325
112/652 [====>.........................] - ETA: 3:42 - loss: 0.3773 - mae: 0.3843 - mse: 0.3739 - ssim_metric: 0.4319
113/652 [====>.........................] - ETA: 3:42 - loss: 0.3771 - mae: 0.3834 - mse: 0.3730 - ssim_metric: 0.4327
114/652 [====>.........................] - ETA: 3:41 - loss: 0.3771 - mae: 0.3840 - mse: 0.3736 - ssim_metric: 0.4321
115/652 [====>.........................] - ETA: 3:41 - loss: 0.3768 - mae: 0.3843 - mse: 0.3739 - ssim_metric: 0.4318
116/652 [====>.........................] - ETA: 3:40 - loss: 0.3762 - mae: 0.3833 - mse: 0.3729 - ssim_metric: 0.4330
117/652 [====>.........................] - ETA: 3:40 - loss: 0.3767 - mae: 0.3835 - mse: 0.3731 - ssim_metric: 0.4326
118/652 [====>.........................] - ETA: 3:40 - loss: 0.3774 - mae: 0.3847 - mse: 0.3742 - ssim_metric: 0.4311
119/652 [====>.........................] - ETA: 3:39 - loss: 0.3771 - mae: 0.3843 - mse: 0.3739 - ssim_metric: 0.4312
120/652 [====>.........................] - ETA: 3:39 - loss: 0.3770 - mae: 0.3840 - mse: 0.3735 - ssim_metric: 0.4317
121/652 [====>.........................] - ETA: 3:38 - loss: 0.3766 - mae: 0.3836 - mse: 0.3732 - ssim_metric: 0.4324
122/652 [====>.........................] - ETA: 3:38 - loss: 0.3759 - mae: 0.3826 - mse: 0.3722 - ssim_metric: 0.4337
123/652 [====>.........................] - ETA: 3:38 - loss: 0.3769 - mae: 0.3845 - mse: 0.3741 - ssim_metric: 0.4321
124/652 [====>.........................] - ETA: 3:37 - loss: 0.3770 - mae: 0.3847 - mse: 0.3742 - ssim_metric: 0.4314
125/652 [====>.........................] - ETA: 3:37 - loss: 0.3773 - mae: 0.3851 - mse: 0.3745 - ssim_metric: 0.4307
126/652 [====>.........................] - ETA: 3:36 - loss: 0.3772 - mae: 0.3858 - mse: 0.3752 - ssim_metric: 0.4298
127/652 [====>.........................] - ETA: 3:36 - loss: 0.3771 - mae: 0.3864 - mse: 0.3758 - ssim_metric: 0.4292
128/652 [====>.........................] - ETA: 3:36 - loss: 0.3767 - mae: 0.3862 - mse: 0.3756 - ssim_metric: 0.4300
129/652 [====>.........................] - ETA: 3:35 - loss: 0.3765 - mae: 0.3858 - mse: 0.3751 - ssim_metric: 0.4307
130/652 [====>.........................] - ETA: 3:35 - loss: 0.3763 - mae: 0.3856 - mse: 0.3750 - ssim_metric: 0.4309
131/652 [=====>........................] - ETA: 3:34 - loss: 0.3768 - mae: 0.3878 - mse: 0.3771 - ssim_metric: 0.4292
132/652 [=====>........................] - ETA: 3:34 - loss: 0.3765 - mae: 0.3878 - mse: 0.3771 - ssim_metric: 0.4291
133/652 [=====>........................] - ETA: 3:34 - loss: 0.3763 - mae: 0.3884 - mse: 0.3778 - ssim_metric: 0.4285
134/652 [=====>........................] - ETA: 3:33 - loss: 0.3765 - mae: 0.3893 - mse: 0.3787 - ssim_metric: 0.4278
135/652 [=====>........................] - ETA: 3:33 - loss: 0.3763 - mae: 0.3897 - mse: 0.3791 - ssim_metric: 0.4273
136/652 [=====>........................] - ETA: 3:32 - loss: 0.3766 - mae: 0.3902 - mse: 0.3796 - ssim_metric: 0.4269
137/652 [=====>........................] - ETA: 3:32 - loss: 0.3763 - mae: 0.3908 - mse: 0.3802 - ssim_metric: 0.4263
138/652 [=====>........................] - ETA: 3:31 - loss: 0.3768 - mae: 0.3916 - mse: 0.3810 - ssim_metric: 0.4254
139/652 [=====>........................] - ETA: 3:31 - loss: 0.3765 - mae: 0.3920 - mse: 0.3814 - ssim_metric: 0.4251
140/652 [=====>........................] - ETA: 3:31 - loss: 0.3762 - mae: 0.3916 - mse: 0.3810 - ssim_metric: 0.4255
141/652 [=====>........................] - ETA: 3:30 - loss: 0.3764 - mae: 0.3922 - mse: 0.3817 - ssim_metric: 0.4250
142/652 [=====>........................] - ETA: 3:30 - loss: 0.3762 - mae: 0.3920 - mse: 0.3815 - ssim_metric: 0.4252
143/652 [=====>........................] - ETA: 3:29 - loss: 0.3773 - mae: 0.3929 - mse: 0.3824 - ssim_metric: 0.4244
144/652 [=====>........................] - ETA: 3:29 - loss: 0.3768 - mae: 0.3928 - mse: 0.3822 - ssim_metric: 0.4245
145/652 [=====>........................] - ETA: 3:29 - loss: 0.3766 - mae: 0.3922 - mse: 0.3816 - ssim_metric: 0.4247
146/652 [=====>........................] - ETA: 3:28 - loss: 0.3772 - mae: 0.3923 - mse: 0.3817 - ssim_metric: 0.4245
147/652 [=====>........................] - ETA: 3:28 - loss: 0.3763 - mae: 0.3913 - mse: 0.3807 - ssim_metric: 0.4257
148/652 [=====>........................] - ETA: 3:27 - loss: 0.3767 - mae: 0.3927 - mse: 0.3821 - ssim_metric: 0.4242
149/652 [=====>........................] - ETA: 3:27 - loss: 0.3760 - mae: 0.3921 - mse: 0.3815 - ssim_metric: 0.4248
150/652 [=====>........................] - ETA: 3:27 - loss: 0.3763 - mae: 0.3917 - mse: 0.3811 - ssim_metric: 0.4251
151/652 [=====>........................] - ETA: 3:26 - loss: 0.3761 - mae: 0.3909 - mse: 0.3803 - ssim_metric: 0.4259
152/652 [=====>........................] - ETA: 3:26 - loss: 0.3760 - mae: 0.3904 - mse: 0.3798 - ssim_metric: 0.4261
153/652 [======>.......................] - ETA: 3:25 - loss: 0.3759 - mae: 0.3905 - mse: 0.3799 - ssim_metric: 0.4256
154/652 [======>.......................] - ETA: 3:25 - loss: 0.3766 - mae: 0.3911 - mse: 0.3803 - ssim_metric: 0.4247
155/652 [======>.......................] - ETA: 3:24 - loss: 0.3768 - mae: 0.3911 - mse: 0.3803 - ssim_metric: 0.4241
156/652 [======>.......................] - ETA: 3:24 - loss: 0.3767 - mae: 0.3902 - mse: 0.3794 - ssim_metric: 0.4248
157/652 [======>.......................] - ETA: 3:24 - loss: 0.3776 - mae: 0.3901 - mse: 0.3793 - ssim_metric: 0.4248
158/652 [======>.......................] - ETA: 3:23 - loss: 0.3773 - mae: 0.3902 - mse: 0.3793 - ssim_metric: 0.4245
159/652 [======>.......................] - ETA: 3:23 - loss: 0.3777 - mae: 0.3897 - mse: 0.3788 - ssim_metric: 0.4247
160/652 [======>.......................] - ETA: 3:22 - loss: 0.3773 - mae: 0.3889 - mse: 0.3781 - ssim_metric: 0.4253
161/652 [======>.......................] - ETA: 3:22 - loss: 0.3770 - mae: 0.3890 - mse: 0.3781 - ssim_metric: 0.4252
162/652 [======>.......................] - ETA: 3:22 - loss: 0.3766 - mae: 0.3882 - mse: 0.3773 - ssim_metric: 0.4259
163/652 [======>.......................] - ETA: 3:21 - loss: 0.3763 - mae: 0.3881 - mse: 0.3772 - ssim_metric: 0.4260
164/652 [======>.......................] - ETA: 3:21 - loss: 0.3762 - mae: 0.3874 - mse: 0.3765 - ssim_metric: 0.4265
165/652 [======>.......................] - ETA: 3:20 - loss: 0.3762 - mae: 0.3882 - mse: 0.3773 - ssim_metric: 0.4257
166/652 [======>.......................] - ETA: 3:20 - loss: 0.3763 - mae: 0.3885 - mse: 0.3775 - ssim_metric: 0.4255
167/652 [======>.......................] - ETA: 3:19 - loss: 0.3760 - mae: 0.3885 - mse: 0.3776 - ssim_metric: 0.4254
168/652 [======>.......................] - ETA: 3:19 - loss: 0.3761 - mae: 0.3888 - mse: 0.3779 - ssim_metric: 0.4253
169/652 [======>.......................] - ETA: 3:19 - loss: 0.3756 - mae: 0.3887 - mse: 0.3778 - ssim_metric: 0.4253
170/652 [======>.......................] - ETA: 3:18 - loss: 0.3756 - mae: 0.3888 - mse: 0.3779 - ssim_metric: 0.4255
171/652 [======>.......................] - ETA: 3:18 - loss: 0.3755 - mae: 0.3892 - mse: 0.3782 - ssim_metric: 0.4253
172/652 [======>.......................] - ETA: 3:17 - loss: 0.3750 - mae: 0.3888 - mse: 0.3779 - ssim_metric: 0.4257
173/652 [======>.......................] - ETA: 3:17 - loss: 0.3752 - mae: 0.3892 - mse: 0.3783 - ssim_metric: 0.4252
174/652 [=======>......................] - ETA: 3:17 - loss: 0.3752 - mae: 0.3893 - mse: 0.3783 - ssim_metric: 0.4251
175/652 [=======>......................] - ETA: 3:16 - loss: 0.3750 - mae: 0.3893 - mse: 0.3783 - ssim_metric: 0.4249
176/652 [=======>......................] - ETA: 3:16 - loss: 0.3747 - mae: 0.3894 - mse: 0.3784 - ssim_metric: 0.4247
177/652 [=======>......................] - ETA: 3:15 - loss: 0.3744 - mae: 0.3892 - mse: 0.3782 - ssim_metric: 0.4249
178/652 [=======>......................] - ETA: 3:15 - loss: 0.3743 - mae: 0.3892 - mse: 0.3782 - ssim_metric: 0.4251
179/652 [=======>......................] - ETA: 3:15 - loss: 0.3741 - mae: 0.3892 - mse: 0.3782 - ssim_metric: 0.4251
180/652 [=======>......................] - ETA: 3:14 - loss: 0.3744 - mae: 0.3894 - mse: 0.3784 - ssim_metric: 0.4246
181/652 [=======>......................] - ETA: 3:14 - loss: 0.3742 - mae: 0.3886 - mse: 0.3775 - ssim_metric: 0.4254
182/652 [=======>......................] - ETA: 3:13 - loss: 0.3743 - mae: 0.3893 - mse: 0.3782 - ssim_metric: 0.4247
183/652 [=======>......................] - ETA: 3:13 - loss: 0.3746 - mae: 0.3899 - mse: 0.3789 - ssim_metric: 0.4238
184/652 [=======>......................] - ETA: 3:12 - loss: 0.3747 - mae: 0.3900 - mse: 0.3789 - ssim_metric: 0.4238
185/652 [=======>......................] - ETA: 3:12 - loss: 0.3746 - mae: 0.3894 - mse: 0.3784 - ssim_metric: 0.4242
186/652 [=======>......................] - ETA: 3:12 - loss: 0.3746 - mae: 0.3897 - mse: 0.3786 - ssim_metric: 0.4239
187/652 [=======>......................] - ETA: 3:11 - loss: 0.3754 - mae: 0.3897 - mse: 0.3786 - ssim_metric: 0.4241
188/652 [=======>......................] - ETA: 3:11 - loss: 0.3753 - mae: 0.3892 - mse: 0.3781 - ssim_metric: 0.4242
189/652 [=======>......................] - ETA: 3:10 - loss: 0.3754 - mae: 0.3887 - mse: 0.3776 - ssim_metric: 0.4245
190/652 [=======>......................] - ETA: 3:10 - loss: 0.3756 - mae: 0.3889 - mse: 0.3778 - ssim_metric: 0.4241
191/652 [=======>......................] - ETA: 3:10 - loss: 0.3758 - mae: 0.3888 - mse: 0.3777 - ssim_metric: 0.4239
192/652 [=======>......................] - ETA: 3:09 - loss: 0.3756 - mae: 0.3884 - mse: 0.3773 - ssim_metric: 0.4245
193/652 [=======>......................] - ETA: 3:09 - loss: 0.3756 - mae: 0.3886 - mse: 0.3775 - ssim_metric: 0.4241
194/652 [=======>......................] - ETA: 3:08 - loss: 0.3754 - mae: 0.3886 - mse: 0.3774 - ssim_metric: 0.4240
195/652 [=======>......................] - ETA: 3:08 - loss: 0.3753 - mae: 0.3882 - mse: 0.3770 - ssim_metric: 0.4243
196/652 [========>.....................] - ETA: 3:08 - loss: 0.3751 - mae: 0.3882 - mse: 0.3769 - ssim_metric: 0.4244
197/652 [========>.....................] - ETA: 3:07 - loss: 0.3747 - mae: 0.3876 - mse: 0.3764 - ssim_metric: 0.4249
198/652 [========>.....................] - ETA: 3:07 - loss: 0.3744 - mae: 0.3874 - mse: 0.3761 - ssim_metric: 0.4252
199/652 [========>.....................] - ETA: 3:06 - loss: 0.3743 - mae: 0.3876 - mse: 0.3764 - ssim_metric: 0.4246
200/652 [========>.....................] - ETA: 3:06 - loss: 0.3739 - mae: 0.3873 - mse: 0.3760 - ssim_metric: 0.4252
201/652 [========>.....................] - ETA: 3:05 - loss: 0.3741 - mae: 0.3874 - mse: 0.3761 - ssim_metric: 0.4251
202/652 [========>.....................] - ETA: 3:05 - loss: 0.3740 - mae: 0.3872 - mse: 0.3759 - ssim_metric: 0.4251
203/652 [========>.....................] - ETA: 3:05 - loss: 0.3740 - mae: 0.3875 - mse: 0.3762 - ssim_metric: 0.4245
204/652 [========>.....................] - ETA: 3:04 - loss: 0.3742 - mae: 0.3879 - mse: 0.3766 - ssim_metric: 0.4241
205/652 [========>.....................] - ETA: 3:04 - loss: 0.3740 - mae: 0.3881 - mse: 0.3767 - ssim_metric: 0.4236
206/652 [========>.....................] - ETA: 3:03 - loss: 0.3748 - mae: 0.3888 - mse: 0.3774 - ssim_metric: 0.4228
207/652 [========>.....................] - ETA: 3:03 - loss: 0.3745 - mae: 0.3885 - mse: 0.3771 - ssim_metric: 0.4231
208/652 [========>.....................] - ETA: 3:03 - loss: 0.3747 - mae: 0.3889 - mse: 0.3774 - ssim_metric: 0.4228
209/652 [========>.....................] - ETA: 3:02 - loss: 0.3748 - mae: 0.3894 - mse: 0.3780 - ssim_metric: 0.4222
210/652 [========>.....................] - ETA: 3:02 - loss: 0.3744 - mae: 0.3889 - mse: 0.3774 - ssim_metric: 0.4225
211/652 [========>.....................] - ETA: 3:01 - loss: 0.3742 - mae: 0.3890 - mse: 0.3776 - ssim_metric: 0.4225
212/652 [========>.....................] - ETA: 3:01 - loss: 0.3743 - mae: 0.3890 - mse: 0.3776 - ssim_metric: 0.4226
213/652 [========>.....................] - ETA: 3:01 - loss: 0.3744 - mae: 0.3891 - mse: 0.3776 - ssim_metric: 0.4226
214/652 [========>.....................] - ETA: 3:00 - loss: 0.3742 - mae: 0.3887 - mse: 0.3772 - ssim_metric: 0.4229
215/652 [========>.....................] - ETA: 3:00 - loss: 0.3749 - mae: 0.3890 - mse: 0.3775 - ssim_metric: 0.4226
216/652 [========>.....................] - ETA: 2:59 - loss: 0.3748 - mae: 0.3890 - mse: 0.3775 - ssim_metric: 0.4227
217/652 [========>.....................] - ETA: 2:59 - loss: 0.3753 - mae: 0.3893 - mse: 0.3778 - ssim_metric: 0.4225
218/652 [=========>....................] - ETA: 2:58 - loss: 0.3750 - mae: 0.3892 - mse: 0.3777 - ssim_metric: 0.4228
219/652 [=========>....................] - ETA: 2:58 - loss: 0.3752 - mae: 0.3892 - mse: 0.3777 - ssim_metric: 0.4227
220/652 [=========>....................] - ETA: 2:58 - loss: 0.3751 - mae: 0.3889 - mse: 0.3774 - ssim_metric: 0.4228
221/652 [=========>....................] - ETA: 2:57 - loss: 0.3748 - mae: 0.3884 - mse: 0.3770 - ssim_metric: 0.4233
222/652 [=========>....................] - ETA: 2:57 - loss: 0.3750 - mae: 0.3882 - mse: 0.3768 - ssim_metric: 0.4234
223/652 [=========>....................] - ETA: 2:56 - loss: 0.3748 - mae: 0.3881 - mse: 0.3766 - ssim_metric: 0.4235
224/652 [=========>....................] - ETA: 2:56 - loss: 0.3744 - mae: 0.3875 - mse: 0.3761 - ssim_metric: 0.4243
225/652 [=========>....................] - ETA: 2:56 - loss: 0.3744 - mae: 0.3875 - mse: 0.3760 - ssim_metric: 0.4243
226/652 [=========>....................] - ETA: 2:55 - loss: 0.3742 - mae: 0.3871 - mse: 0.3756 - ssim_metric: 0.4246
227/652 [=========>....................] - ETA: 2:55 - loss: 0.3743 - mae: 0.3876 - mse: 0.3761 - ssim_metric: 0.4240
228/652 [=========>....................] - ETA: 2:54 - loss: 0.3741 - mae: 0.3874 - mse: 0.3759 - ssim_metric: 0.4242
229/652 [=========>....................] - ETA: 2:54 - loss: 0.3743 - mae: 0.3877 - mse: 0.3762 - ssim_metric: 0.4239
230/652 [=========>....................] - ETA: 2:54 - loss: 0.3742 - mae: 0.3876 - mse: 0.3761 - ssim_metric: 0.4238
231/652 [=========>....................] - ETA: 2:53 - loss: 0.3741 - mae: 0.3876 - mse: 0.3761 - ssim_metric: 0.4237
232/652 [=========>....................] - ETA: 2:53 - loss: 0.3742 - mae: 0.3877 - mse: 0.3762 - ssim_metric: 0.4236
233/652 [=========>....................] - ETA: 2:52 - loss: 0.3740 - mae: 0.3873 - mse: 0.3758 - ssim_metric: 0.4239
234/652 [=========>....................] - ETA: 2:52 - loss: 0.3743 - mae: 0.3875 - mse: 0.3760 - ssim_metric: 0.4235
235/652 [=========>....................] - ETA: 2:51 - loss: 0.3741 - mae: 0.3871 - mse: 0.3755 - ssim_metric: 0.4241
236/652 [=========>....................] - ETA: 2:51 - loss: 0.3741 - mae: 0.3865 - mse: 0.3750 - ssim_metric: 0.4248
237/652 [=========>....................] - ETA: 2:51 - loss: 0.3742 - mae: 0.3862 - mse: 0.3747 - ssim_metric: 0.4251
238/652 [=========>....................] - ETA: 2:50 - loss: 0.3740 - mae: 0.3860 - mse: 0.3744 - ssim_metric: 0.4252
239/652 [=========>....................] - ETA: 2:50 - loss: 0.3739 - mae: 0.3856 - mse: 0.3741 - ssim_metric: 0.4255
240/652 [==========>...................] - ETA: 2:49 - loss: 0.3737 - mae: 0.3854 - mse: 0.3738 - ssim_metric: 0.4256
241/652 [==========>...................] - ETA: 2:49 - loss: 0.3736 - mae: 0.3853 - mse: 0.3738 - ssim_metric: 0.4257
242/652 [==========>...................] - ETA: 2:49 - loss: 0.3733 - mae: 0.3849 - mse: 0.3734 - ssim_metric: 0.4261
243/652 [==========>...................] - ETA: 2:48 - loss: 0.3738 - mae: 0.3851 - mse: 0.3735 - ssim_metric: 0.4259
244/652 [==========>...................] - ETA: 2:48 - loss: 0.3739 - mae: 0.3850 - mse: 0.3734 - ssim_metric: 0.4259
245/652 [==========>...................] - ETA: 2:47 - loss: 0.3738 - mae: 0.3850 - mse: 0.3734 - ssim_metric: 0.4257
246/652 [==========>...................] - ETA: 2:47 - loss: 0.3736 - mae: 0.3845 - mse: 0.3729 - ssim_metric: 0.4260
247/652 [==========>...................] - ETA: 2:47 - loss: 0.3735 - mae: 0.3845 - mse: 0.3729 - ssim_metric: 0.4259
248/652 [==========>...................] - ETA: 2:46 - loss: 0.3732 - mae: 0.3846 - mse: 0.3729 - ssim_metric: 0.4256
249/652 [==========>...................] - ETA: 2:46 - loss: 0.3736 - mae: 0.3851 - mse: 0.3734 - ssim_metric: 0.4250
250/652 [==========>...................] - ETA: 2:45 - loss: 0.3739 - mae: 0.3850 - mse: 0.3733 - ssim_metric: 0.4249
251/652 [==========>...................] - ETA: 2:45 - loss: 0.3741 - mae: 0.3849 - mse: 0.3732 - ssim_metric: 0.4249
252/652 [==========>...................] - ETA: 2:44 - loss: 0.3741 - mae: 0.3851 - mse: 0.3733 - ssim_metric: 0.4244
253/652 [==========>...................] - ETA: 2:44 - loss: 0.3739 - mae: 0.3849 - mse: 0.3732 - ssim_metric: 0.4244
254/652 [==========>...................] - ETA: 2:44 - loss: 0.3741 - mae: 0.3851 - mse: 0.3733 - ssim_metric: 0.4242
255/652 [==========>...................] - ETA: 2:43 - loss: 0.3741 - mae: 0.3849 - mse: 0.3731 - ssim_metric: 0.4243
256/652 [==========>...................] - ETA: 2:43 - loss: 0.3741 - mae: 0.3845 - mse: 0.3727 - ssim_metric: 0.4246
257/652 [==========>...................] - ETA: 2:42 - loss: 0.3746 - mae: 0.3849 - mse: 0.3731 - ssim_metric: 0.4241
258/652 [==========>...................] - ETA: 2:42 - loss: 0.3746 - mae: 0.3848 - mse: 0.3729 - ssim_metric: 0.4242
259/652 [==========>...................] - ETA: 2:42 - loss: 0.3746 - mae: 0.3847 - mse: 0.3729 - ssim_metric: 0.4239
260/652 [==========>...................] - ETA: 2:41 - loss: 0.3748 - mae: 0.3849 - mse: 0.3731 - ssim_metric: 0.4236
261/652 [===========>..................] - ETA: 2:41 - loss: 0.3747 - mae: 0.3847 - mse: 0.3729 - ssim_metric: 0.4238
262/652 [===========>..................] - ETA: 2:40 - loss: 0.3748 - mae: 0.3845 - mse: 0.3726 - ssim_metric: 0.4240
263/652 [===========>..................] - ETA: 2:40 - loss: 0.3749 - mae: 0.3843 - mse: 0.3725 - ssim_metric: 0.4243
264/652 [===========>..................] - ETA: 2:40 - loss: 0.3751 - mae: 0.3847 - mse: 0.3728 - ssim_metric: 0.4239
265/652 [===========>..................] - ETA: 2:39 - loss: 0.3748 - mae: 0.3845 - mse: 0.3727 - ssim_metric: 0.4241
266/652 [===========>..................] - ETA: 2:39 - loss: 0.3746 - mae: 0.3844 - mse: 0.3725 - ssim_metric: 0.4243
267/652 [===========>..................] - ETA: 2:38 - loss: 0.3745 - mae: 0.3844 - mse: 0.3726 - ssim_metric: 0.4242
268/652 [===========>..................] - ETA: 2:38 - loss: 0.3747 - mae: 0.3847 - mse: 0.3729 - ssim_metric: 0.4239
269/652 [===========>..................] - ETA: 2:37 - loss: 0.3748 - mae: 0.3849 - mse: 0.3731 - ssim_metric: 0.4237
270/652 [===========>..................] - ETA: 2:37 - loss: 0.3748 - mae: 0.3849 - mse: 0.3731 - ssim_metric: 0.4236
271/652 [===========>..................] - ETA: 2:37 - loss: 0.3747 - mae: 0.3851 - mse: 0.3733 - ssim_metric: 0.4233
272/652 [===========>..................] - ETA: 2:36 - loss: 0.3743 - mae: 0.3847 - mse: 0.3729 - ssim_metric: 0.4236
273/652 [===========>..................] - ETA: 2:36 - loss: 0.3744 - mae: 0.3851 - mse: 0.3733 - ssim_metric: 0.4232
274/652 [===========>..................] - ETA: 2:35 - loss: 0.3745 - mae: 0.3853 - mse: 0.3735 - ssim_metric: 0.4231
275/652 [===========>..................] - ETA: 2:35 - loss: 0.3744 - mae: 0.3855 - mse: 0.3737 - ssim_metric: 0.4229
276/652 [===========>..................] - ETA: 2:35 - loss: 0.3746 - mae: 0.3860 - mse: 0.3742 - ssim_metric: 0.4223
277/652 [===========>..................] - ETA: 2:34 - loss: 0.3744 - mae: 0.3858 - mse: 0.3740 - ssim_metric: 0.4224
278/652 [===========>..................] - ETA: 2:34 - loss: 0.3746 - mae: 0.3866 - mse: 0.3748 - ssim_metric: 0.4216
279/652 [===========>..................] - ETA: 2:33 - loss: 0.3743 - mae: 0.3865 - mse: 0.3747 - ssim_metric: 0.4217
280/652 [===========>..................] - ETA: 2:33 - loss: 0.3741 - mae: 0.3861 - mse: 0.3743 - ssim_metric: 0.4222
281/652 [===========>..................] - ETA: 2:33 - loss: 0.3743 - mae: 0.3862 - mse: 0.3744 - ssim_metric: 0.4221
282/652 [===========>..................] - ETA: 2:32 - loss: 0.3744 - mae: 0.3863 - mse: 0.3745 - ssim_metric: 0.4220
283/652 [============>.................] - ETA: 2:32 - loss: 0.3742 - mae: 0.3862 - mse: 0.3744 - ssim_metric: 0.4221
284/652 [============>.................] - ETA: 2:31 - loss: 0.3739 - mae: 0.3857 - mse: 0.3739 - ssim_metric: 0.4227
285/652 [============>.................] - ETA: 2:31 - loss: 0.3740 - mae: 0.3858 - mse: 0.3740 - ssim_metric: 0.4225
286/652 [============>.................] - ETA: 2:30 - loss: 0.3738 - mae: 0.3858 - mse: 0.3740 - ssim_metric: 0.4225
287/652 [============>.................] - ETA: 2:30 - loss: 0.3739 - mae: 0.3858 - mse: 0.3740 - ssim_metric: 0.4224
288/652 [============>.................] - ETA: 2:30 - loss: 0.3741 - mae: 0.3862 - mse: 0.3743 - ssim_metric: 0.4219
289/652 [============>.................] - ETA: 2:29 - loss: 0.3741 - mae: 0.3866 - mse: 0.3747 - ssim_metric: 0.4215
290/652 [============>.................] - ETA: 2:29 - loss: 0.3737 - mae: 0.3860 - mse: 0.3742 - ssim_metric: 0.4222
291/652 [============>.................] - ETA: 2:28 - loss: 0.3741 - mae: 0.3862 - mse: 0.3744 - ssim_metric: 0.4220
292/652 [============>.................] - ETA: 2:28 - loss: 0.3738 - mae: 0.3860 - mse: 0.3742 - ssim_metric: 0.4222
293/652 [============>.................] - ETA: 2:28 - loss: 0.3742 - mae: 0.3861 - mse: 0.3742 - ssim_metric: 0.4220
294/652 [============>.................] - ETA: 2:27 - loss: 0.3741 - mae: 0.3861 - mse: 0.3743 - ssim_metric: 0.4218
295/652 [============>.................] - ETA: 2:27 - loss: 0.3740 - mae: 0.3858 - mse: 0.3740 - ssim_metric: 0.4220
296/652 [============>.................] - ETA: 2:26 - loss: 0.3740 - mae: 0.3860 - mse: 0.3742 - ssim_metric: 0.4218
297/652 [============>.................] - ETA: 2:26 - loss: 0.3739 - mae: 0.3860 - mse: 0.3742 - ssim_metric: 0.4217
298/652 [============>.................] - ETA: 2:25 - loss: 0.3739 - mae: 0.3864 - mse: 0.3745 - ssim_metric: 0.4211
299/652 [============>.................] - ETA: 2:25 - loss: 0.3740 - mae: 0.3864 - mse: 0.3745 - ssim_metric: 0.4209
300/652 [============>.................] - ETA: 2:25 - loss: 0.3739 - mae: 0.3866 - mse: 0.3746 - ssim_metric: 0.4206
301/652 [============>.................] - ETA: 2:24 - loss: 0.3739 - mae: 0.3868 - mse: 0.3749 - ssim_metric: 0.4201
302/652 [============>.................] - ETA: 2:24 - loss: 0.3740 - mae: 0.3869 - mse: 0.3750 - ssim_metric: 0.4199
303/652 [============>.................] - ETA: 2:23 - loss: 0.3740 - mae: 0.3870 - mse: 0.3751 - ssim_metric: 0.4196
304/652 [============>.................] - ETA: 2:23 - loss: 0.3744 - mae: 0.3872 - mse: 0.3752 - ssim_metric: 0.4195
305/652 [=============>................] - ETA: 2:23 - loss: 0.3742 - mae: 0.3869 - mse: 0.3749 - ssim_metric: 0.4197
306/652 [=============>................] - ETA: 2:22 - loss: 0.3740 - mae: 0.3867 - mse: 0.3747 - ssim_metric: 0.4199
307/652 [=============>................] - ETA: 2:22 - loss: 0.3739 - mae: 0.3867 - mse: 0.3747 - ssim_metric: 0.4199
308/652 [=============>................] - ETA: 2:21 - loss: 0.3739 - mae: 0.3866 - mse: 0.3746 - ssim_metric: 0.4200
309/652 [=============>................] - ETA: 2:21 - loss: 0.3738 - mae: 0.3865 - mse: 0.3745 - ssim_metric: 0.4201
310/652 [=============>................] - ETA: 2:21 - loss: 0.3743 - mae: 0.3867 - mse: 0.3747 - ssim_metric: 0.4199
311/652 [=============>................] - ETA: 2:20 - loss: 0.3740 - mae: 0.3865 - mse: 0.3745 - ssim_metric: 0.4201
312/652 [=============>................] - ETA: 2:20 - loss: 0.3742 - mae: 0.3868 - mse: 0.3748 - ssim_metric: 0.4198
313/652 [=============>................] - ETA: 2:19 - loss: 0.3740 - mae: 0.3866 - mse: 0.3746 - ssim_metric: 0.4200
314/652 [=============>................] - ETA: 2:19 - loss: 0.3742 - mae: 0.3867 - mse: 0.3747 - ssim_metric: 0.4196
315/652 [=============>................] - ETA: 2:18 - loss: 0.3740 - mae: 0.3863 - mse: 0.3743 - ssim_metric: 0.4201
316/652 [=============>................] - ETA: 2:18 - loss: 0.3742 - mae: 0.3865 - mse: 0.3745 - ssim_metric: 0.4198
317/652 [=============>................] - ETA: 2:18 - loss: 0.3740 - mae: 0.3861 - mse: 0.3741 - ssim_metric: 0.4202
318/652 [=============>................] - ETA: 2:17 - loss: 0.3743 - mae: 0.3864 - mse: 0.3743 - ssim_metric: 0.4198
319/652 [=============>................] - ETA: 2:17 - loss: 0.3740 - mae: 0.3861 - mse: 0.3740 - ssim_metric: 0.4201
320/652 [=============>................] - ETA: 2:16 - loss: 0.3737 - mae: 0.3857 - mse: 0.3736 - ssim_metric: 0.4205
321/652 [=============>................] - ETA: 2:16 - loss: 0.3735 - mae: 0.3855 - mse: 0.3735 - ssim_metric: 0.4205
322/652 [=============>................] - ETA: 2:16 - loss: 0.3733 - mae: 0.3856 - mse: 0.3736 - ssim_metric: 0.4204
323/652 [=============>................] - ETA: 2:15 - loss: 0.3731 - mae: 0.3853 - mse: 0.3733 - ssim_metric: 0.4205
324/652 [=============>................] - ETA: 2:15 - loss: 0.3732 - mae: 0.3857 - mse: 0.3737 - ssim_metric: 0.4202
325/652 [=============>................] - ETA: 2:14 - loss: 0.3734 - mae: 0.3859 - mse: 0.3739 - ssim_metric: 0.4199
326/652 [==============>...............] - ETA: 2:14 - loss: 0.3734 - mae: 0.3860 - mse: 0.3740 - ssim_metric: 0.4199
327/652 [==============>...............] - ETA: 2:14 - loss: 0.3733 - mae: 0.3858 - mse: 0.3738 - ssim_metric: 0.4200
328/652 [==============>...............] - ETA: 2:13 - loss: 0.3731 - mae: 0.3854 - mse: 0.3733 - ssim_metric: 0.4204
329/652 [==============>...............] - ETA: 2:13 - loss: 0.3732 - mae: 0.3855 - mse: 0.3734 - ssim_metric: 0.4203
330/652 [==============>...............] - ETA: 2:12 - loss: 0.3730 - mae: 0.3851 - mse: 0.3730 - ssim_metric: 0.4206
331/652 [==============>...............] - ETA: 2:12 - loss: 0.3734 - mae: 0.3852 - mse: 0.3732 - ssim_metric: 0.4204
332/652 [==============>...............] - ETA: 2:11 - loss: 0.3735 - mae: 0.3854 - mse: 0.3733 - ssim_metric: 0.4201
333/652 [==============>...............] - ETA: 2:11 - loss: 0.3733 - mae: 0.3855 - mse: 0.3734 - ssim_metric: 0.4199
334/652 [==============>...............] - ETA: 2:11 - loss: 0.3730 - mae: 0.3855 - mse: 0.3733 - ssim_metric: 0.4199
335/652 [==============>...............] - ETA: 2:10 - loss: 0.3728 - mae: 0.3854 - mse: 0.3732 - ssim_metric: 0.4199
336/652 [==============>...............] - ETA: 2:10 - loss: 0.3727 - mae: 0.3854 - mse: 0.3732 - ssim_metric: 0.4197
337/652 [==============>...............] - ETA: 2:09 - loss: 0.3726 - mae: 0.3851 - mse: 0.3730 - ssim_metric: 0.4199
338/652 [==============>...............] - ETA: 2:09 - loss: 0.3727 - mae: 0.3854 - mse: 0.3733 - ssim_metric: 0.4197
339/652 [==============>...............] - ETA: 2:09 - loss: 0.3727 - mae: 0.3857 - mse: 0.3735 - ssim_metric: 0.4195
340/652 [==============>...............] - ETA: 2:08 - loss: 0.3727 - mae: 0.3858 - mse: 0.3737 - ssim_metric: 0.4194
341/652 [==============>...............] - ETA: 2:08 - loss: 0.3726 - mae: 0.3860 - mse: 0.3738 - ssim_metric: 0.4193
342/652 [==============>...............] - ETA: 2:07 - loss: 0.3725 - mae: 0.3857 - mse: 0.3736 - ssim_metric: 0.4197
343/652 [==============>...............] - ETA: 2:07 - loss: 0.3723 - mae: 0.3854 - mse: 0.3733 - ssim_metric: 0.4201
344/652 [==============>...............] - ETA: 2:07 - loss: 0.3724 - mae: 0.3853 - mse: 0.3732 - ssim_metric: 0.4202
345/652 [==============>...............] - ETA: 2:06 - loss: 0.3723 - mae: 0.3854 - mse: 0.3733 - ssim_metric: 0.4201
346/652 [==============>...............] - ETA: 2:06 - loss: 0.3723 - mae: 0.3854 - mse: 0.3732 - ssim_metric: 0.4202
347/652 [==============>...............] - ETA: 2:05 - loss: 0.3722 - mae: 0.3854 - mse: 0.3733 - ssim_metric: 0.4202
348/652 [===============>..............] - ETA: 2:05 - loss: 0.3722 - mae: 0.3857 - mse: 0.3736 - ssim_metric: 0.4199
349/652 [===============>..............] - ETA: 2:04 - loss: 0.3719 - mae: 0.3855 - mse: 0.3734 - ssim_metric: 0.4201
350/652 [===============>..............] - ETA: 2:04 - loss: 0.3719 - mae: 0.3856 - mse: 0.3735 - ssim_metric: 0.4199
351/652 [===============>..............] - ETA: 2:04 - loss: 0.3718 - mae: 0.3855 - mse: 0.3733 - ssim_metric: 0.4201
352/652 [===============>..............] - ETA: 2:03 - loss: 0.3718 - mae: 0.3854 - mse: 0.3732 - ssim_metric: 0.4201
353/652 [===============>..............] - ETA: 2:03 - loss: 0.3718 - mae: 0.3854 - mse: 0.3732 - ssim_metric: 0.4201
354/652 [===============>..............] - ETA: 2:02 - loss: 0.3716 - mae: 0.3851 - mse: 0.3729 - ssim_metric: 0.4203
355/652 [===============>..............] - ETA: 2:02 - loss: 0.3715 - mae: 0.3851 - mse: 0.3729 - ssim_metric: 0.4202
356/652 [===============>..............] - ETA: 2:02 - loss: 0.3718 - mae: 0.3853 - mse: 0.3731 - ssim_metric: 0.4199
357/652 [===============>..............] - ETA: 2:01 - loss: 0.3717 - mae: 0.3852 - mse: 0.3729 - ssim_metric: 0.4199
358/652 [===============>..............] - ETA: 2:01 - loss: 0.3716 - mae: 0.3852 - mse: 0.3729 - ssim_metric: 0.4197
359/652 [===============>..............] - ETA: 2:00 - loss: 0.3715 - mae: 0.3854 - mse: 0.3731 - ssim_metric: 0.4193
360/652 [===============>..............] - ETA: 2:00 - loss: 0.3717 - mae: 0.3856 - mse: 0.3733 - ssim_metric: 0.4191
361/652 [===============>..............] - ETA: 2:00 - loss: 0.3715 - mae: 0.3858 - mse: 0.3735 - ssim_metric: 0.4189
362/652 [===============>..............] - ETA: 1:59 - loss: 0.3716 - mae: 0.3864 - mse: 0.3741 - ssim_metric: 0.4183
363/652 [===============>..............] - ETA: 1:59 - loss: 0.3715 - mae: 0.3865 - mse: 0.3742 - ssim_metric: 0.4181
364/652 [===============>..............] - ETA: 1:58 - loss: 0.3717 - mae: 0.3870 - mse: 0.3747 - ssim_metric: 0.4176
365/652 [===============>..............] - ETA: 1:58 - loss: 0.3717 - mae: 0.3874 - mse: 0.3751 - ssim_metric: 0.4172
366/652 [===============>..............] - ETA: 1:57 - loss: 0.3720 - mae: 0.3881 - mse: 0.3758 - ssim_metric: 0.4167
367/652 [===============>..............] - ETA: 1:57 - loss: 0.3721 - mae: 0.3885 - mse: 0.3762 - ssim_metric: 0.4163
368/652 [===============>..............] - ETA: 1:57 - loss: 0.3719 - mae: 0.3885 - mse: 0.3762 - ssim_metric: 0.4162
369/652 [===============>..............] - ETA: 1:56 - loss: 0.3718 - mae: 0.3888 - mse: 0.3765 - ssim_metric: 0.4160
370/652 [================>.............] - ETA: 1:56 - loss: 0.3718 - mae: 0.3890 - mse: 0.3767 - ssim_metric: 0.4157
371/652 [================>.............] - ETA: 1:55 - loss: 0.3717 - mae: 0.3894 - mse: 0.3771 - ssim_metric: 0.4154
372/652 [================>.............] - ETA: 1:55 - loss: 0.3717 - mae: 0.3897 - mse: 0.3774 - ssim_metric: 0.4151
373/652 [================>.............] - ETA: 1:55 - loss: 0.3717 - mae: 0.3900 - mse: 0.3777 - ssim_metric: 0.4149
374/652 [================>.............] - ETA: 1:54 - loss: 0.3718 - mae: 0.3901 - mse: 0.3779 - ssim_metric: 0.4149
375/652 [================>.............] - ETA: 1:54 - loss: 0.3718 - mae: 0.3903 - mse: 0.3780 - ssim_metric: 0.4148
376/652 [================>.............] - ETA: 1:53 - loss: 0.3723 - mae: 0.3904 - mse: 0.3781 - ssim_metric: 0.4149
377/652 [================>.............] - ETA: 1:53 - loss: 0.3725 - mae: 0.3907 - mse: 0.3785 - ssim_metric: 0.4148
378/652 [================>.............] - ETA: 1:53 - loss: 0.3725 - mae: 0.3908 - mse: 0.3786 - ssim_metric: 0.4148
379/652 [================>.............] - ETA: 1:52 - loss: 0.3726 - mae: 0.3911 - mse: 0.3789 - ssim_metric: 0.4147
380/652 [================>.............] - ETA: 1:52 - loss: 0.3727 - mae: 0.3915 - mse: 0.3793 - ssim_metric: 0.4144
381/652 [================>.............] - ETA: 1:51 - loss: 0.3727 - mae: 0.3920 - mse: 0.3798 - ssim_metric: 0.4140
382/652 [================>.............] - ETA: 1:51 - loss: 0.3728 - mae: 0.3921 - mse: 0.3799 - ssim_metric: 0.4141
383/652 [================>.............] - ETA: 1:50 - loss: 0.3726 - mae: 0.3917 - mse: 0.3796 - ssim_metric: 0.4147
384/652 [================>.............] - ETA: 1:50 - loss: 0.3726 - mae: 0.3918 - mse: 0.3797 - ssim_metric: 0.4146
385/652 [================>.............] - ETA: 1:50 - loss: 0.3728 - mae: 0.3921 - mse: 0.3800 - ssim_metric: 0.4144
386/652 [================>.............] - ETA: 1:49 - loss: 0.3729 - mae: 0.3924 - mse: 0.3803 - ssim_metric: 0.4142
387/652 [================>.............] - ETA: 1:49 - loss: 0.3730 - mae: 0.3926 - mse: 0.3805 - ssim_metric: 0.4140
388/652 [================>.............] - ETA: 1:48 - loss: 0.3729 - mae: 0.3923 - mse: 0.3802 - ssim_metric: 0.4144
389/652 [================>.............] - ETA: 1:48 - loss: 0.3732 - mae: 0.3924 - mse: 0.3803 - ssim_metric: 0.4145
390/652 [================>.............] - ETA: 1:48 - loss: 0.3734 - mae: 0.3926 - mse: 0.3805 - ssim_metric: 0.4143
391/652 [================>.............] - ETA: 1:47 - loss: 0.3736 - mae: 0.3929 - mse: 0.3808 - ssim_metric: 0.4140
392/652 [=================>............] - ETA: 1:47 - loss: 0.3737 - mae: 0.3931 - mse: 0.3810 - ssim_metric: 0.4139
393/652 [=================>............] - ETA: 1:46 - loss: 0.3737 - mae: 0.3929 - mse: 0.3808 - ssim_metric: 0.4142
394/652 [=================>............] - ETA: 1:46 - loss: 0.3738 - mae: 0.3932 - mse: 0.3811 - ssim_metric: 0.4140
395/652 [=================>............] - ETA: 1:45 - loss: 0.3737 - mae: 0.3931 - mse: 0.3811 - ssim_metric: 0.4140
396/652 [=================>............] - ETA: 1:45 - loss: 0.3737 - mae: 0.3932 - mse: 0.3812 - ssim_metric: 0.4141
397/652 [=================>............] - ETA: 1:45 - loss: 0.3738 - mae: 0.3932 - mse: 0.3812 - ssim_metric: 0.4140
398/652 [=================>............] - ETA: 1:44 - loss: 0.3739 - mae: 0.3936 - mse: 0.3815 - ssim_metric: 0.4138
399/652 [=================>............] - ETA: 1:44 - loss: 0.3738 - mae: 0.3936 - mse: 0.3816 - ssim_metric: 0.4138
400/652 [=================>............] - ETA: 1:43 - loss: 0.3737 - mae: 0.3936 - mse: 0.3816 - ssim_metric: 0.4138
401/652 [=================>............] - ETA: 1:43 - loss: 0.3739 - mae: 0.3938 - mse: 0.3818 - ssim_metric: 0.4135
402/652 [=================>............] - ETA: 1:43 - loss: 0.3740 - mae: 0.3941 - mse: 0.3821 - ssim_metric: 0.4132
403/652 [=================>............] - ETA: 1:42 - loss: 0.3740 - mae: 0.3940 - mse: 0.3820 - ssim_metric: 0.4134
404/652 [=================>............] - ETA: 1:42 - loss: 0.3744 - mae: 0.3941 - mse: 0.3821 - ssim_metric: 0.4133
405/652 [=================>............] - ETA: 1:41 - loss: 0.3742 - mae: 0.3940 - mse: 0.3820 - ssim_metric: 0.4135
406/652 [=================>............] - ETA: 1:41 - loss: 0.3742 - mae: 0.3940 - mse: 0.3820 - ssim_metric: 0.4134
407/652 [=================>............] - ETA: 1:41 - loss: 0.3741 - mae: 0.3941 - mse: 0.3821 - ssim_metric: 0.4134
408/652 [=================>............] - ETA: 1:40 - loss: 0.3742 - mae: 0.3943 - mse: 0.3823 - ssim_metric: 0.4133
409/652 [=================>............] - ETA: 1:40 - loss: 0.3745 - mae: 0.3946 - mse: 0.3826 - ssim_metric: 0.4129
410/652 [=================>............] - ETA: 1:39 - loss: 0.3746 - mae: 0.3945 - mse: 0.3826 - ssim_metric: 0.4130
411/652 [=================>............] - ETA: 1:39 - loss: 0.3745 - mae: 0.3947 - mse: 0.3827 - ssim_metric: 0.4128
412/652 [=================>............] - ETA: 1:38 - loss: 0.3744 - mae: 0.3946 - mse: 0.3826 - ssim_metric: 0.4129
413/652 [==================>...........] - ETA: 1:38 - loss: 0.3743 - mae: 0.3946 - mse: 0.3826 - ssim_metric: 0.4129
414/652 [==================>...........] - ETA: 1:38 - loss: 0.3744 - mae: 0.3946 - mse: 0.3826 - ssim_metric: 0.4129
415/652 [==================>...........] - ETA: 1:37 - loss: 0.3745 - mae: 0.3946 - mse: 0.3826 - ssim_metric: 0.4127
416/652 [==================>...........] - ETA: 1:37 - loss: 0.3744 - mae: 0.3944 - mse: 0.3824 - ssim_metric: 0.4128
417/652 [==================>...........] - ETA: 1:36 - loss: 0.3744 - mae: 0.3943 - mse: 0.3823 - ssim_metric: 0.4128
418/652 [==================>...........] - ETA: 1:36 - loss: 0.3744 - mae: 0.3943 - mse: 0.3823 - ssim_metric: 0.4126
419/652 [==================>...........] - ETA: 1:36 - loss: 0.3745 - mae: 0.3943 - mse: 0.3823 - ssim_metric: 0.4123
420/652 [==================>...........] - ETA: 1:35 - loss: 0.3744 - mae: 0.3943 - mse: 0.3823 - ssim_metric: 0.4123
421/652 [==================>...........] - ETA: 1:35 - loss: 0.3748 - mae: 0.3942 - mse: 0.3821 - ssim_metric: 0.4125
422/652 [==================>...........] - ETA: 1:34 - loss: 0.3747 - mae: 0.3940 - mse: 0.3819 - ssim_metric: 0.4126
423/652 [==================>...........] - ETA: 1:34 - loss: 0.3747 - mae: 0.3940 - mse: 0.3819 - ssim_metric: 0.4125
424/652 [==================>...........] - ETA: 1:34 - loss: 0.3747 - mae: 0.3940 - mse: 0.3819 - ssim_metric: 0.4124
425/652 [==================>...........] - ETA: 1:33 - loss: 0.3746 - mae: 0.3938 - mse: 0.3817 - ssim_metric: 0.4126
426/652 [==================>...........] - ETA: 1:33 - loss: 0.3744 - mae: 0.3936 - mse: 0.3815 - ssim_metric: 0.4127
427/652 [==================>...........] - ETA: 1:32 - loss: 0.3744 - mae: 0.3936 - mse: 0.3815 - ssim_metric: 0.4127
428/652 [==================>...........] - ETA: 1:32 - loss: 0.3743 - mae: 0.3934 - mse: 0.3814 - ssim_metric: 0.4128
429/652 [==================>...........] - ETA: 1:31 - loss: 0.3743 - mae: 0.3933 - mse: 0.3812 - ssim_metric: 0.4127
430/652 [==================>...........] - ETA: 1:31 - loss: 0.3742 - mae: 0.3932 - mse: 0.3811 - ssim_metric: 0.4129
431/652 [==================>...........] - ETA: 1:31 - loss: 0.3740 - mae: 0.3929 - mse: 0.3808 - ssim_metric: 0.4132
432/652 [==================>...........] - ETA: 1:30 - loss: 0.3741 - mae: 0.3929 - mse: 0.3808 - ssim_metric: 0.4133
433/652 [==================>...........] - ETA: 1:30 - loss: 0.3740 - mae: 0.3928 - mse: 0.3807 - ssim_metric: 0.4134
434/652 [==================>...........] - ETA: 1:29 - loss: 0.3740 - mae: 0.3927 - mse: 0.3806 - ssim_metric: 0.4134
435/652 [===================>..........] - ETA: 1:29 - loss: 0.3740 - mae: 0.3926 - mse: 0.3805 - ssim_metric: 0.4134
436/652 [===================>..........] - ETA: 1:29 - loss: 0.3739 - mae: 0.3925 - mse: 0.3804 - ssim_metric: 0.4135
437/652 [===================>..........] - ETA: 1:28 - loss: 0.3739 - mae: 0.3924 - mse: 0.3803 - ssim_metric: 0.4135
438/652 [===================>..........] - ETA: 1:28 - loss: 0.3737 - mae: 0.3921 - mse: 0.3800 - ssim_metric: 0.4139
439/652 [===================>..........] - ETA: 1:27 - loss: 0.3736 - mae: 0.3921 - mse: 0.3800 - ssim_metric: 0.4139
440/652 [===================>..........] - ETA: 1:27 - loss: 0.3738 - mae: 0.3924 - mse: 0.3803 - ssim_metric: 0.4136
441/652 [===================>..........] - ETA: 1:27 - loss: 0.3739 - mae: 0.3927 - mse: 0.3806 - ssim_metric: 0.4133
442/652 [===================>..........] - ETA: 1:26 - loss: 0.3736 - mae: 0.3924 - mse: 0.3804 - ssim_metric: 0.4136
443/652 [===================>..........] - ETA: 1:26 - loss: 0.3737 - mae: 0.3925 - mse: 0.3805 - ssim_metric: 0.4136
444/652 [===================>..........] - ETA: 1:25 - loss: 0.3737 - mae: 0.3928 - mse: 0.3808 - ssim_metric: 0.4133
445/652 [===================>..........] - ETA: 1:25 - loss: 0.3736 - mae: 0.3929 - mse: 0.3808 - ssim_metric: 0.4133
446/652 [===================>..........] - ETA: 1:24 - loss: 0.3736 - mae: 0.3929 - mse: 0.3809 - ssim_metric: 0.4133
447/652 [===================>..........] - ETA: 1:24 - loss: 0.3736 - mae: 0.3931 - mse: 0.3811 - ssim_metric: 0.4131
448/652 [===================>..........] - ETA: 1:24 - loss: 0.3734 - mae: 0.3931 - mse: 0.3810 - ssim_metric: 0.4131
449/652 [===================>..........] - ETA: 1:23 - loss: 0.3735 - mae: 0.3932 - mse: 0.3812 - ssim_metric: 0.4130
450/652 [===================>..........] - ETA: 1:23 - loss: 0.3735 - mae: 0.3933 - mse: 0.3812 - ssim_metric: 0.4129
451/652 [===================>..........] - ETA: 1:22 - loss: 0.3735 - mae: 0.3935 - mse: 0.3814 - ssim_metric: 0.4126
452/652 [===================>..........] - ETA: 1:22 - loss: 0.3735 - mae: 0.3935 - mse: 0.3815 - ssim_metric: 0.4126
453/652 [===================>..........] - ETA: 1:22 - loss: 0.3734 - mae: 0.3934 - mse: 0.3813 - ssim_metric: 0.4128
454/652 [===================>..........] - ETA: 1:21 - loss: 0.3735 - mae: 0.3933 - mse: 0.3812 - ssim_metric: 0.4128
455/652 [===================>..........] - ETA: 1:21 - loss: 0.3735 - mae: 0.3934 - mse: 0.3813 - ssim_metric: 0.4126
456/652 [===================>..........] - ETA: 1:20 - loss: 0.3735 - mae: 0.3932 - mse: 0.3811 - ssim_metric: 0.4128
457/652 [====================>.........] - ETA: 1:20 - loss: 0.3735 - mae: 0.3933 - mse: 0.3812 - ssim_metric: 0.4125
458/652 [====================>.........] - ETA: 1:20 - loss: 0.3734 - mae: 0.3933 - mse: 0.3812 - ssim_metric: 0.4124
459/652 [====================>.........] - ETA: 1:19 - loss: 0.3733 - mae: 0.3933 - mse: 0.3812 - ssim_metric: 0.4123
460/652 [====================>.........] - ETA: 1:19 - loss: 0.3733 - mae: 0.3933 - mse: 0.3812 - ssim_metric: 0.4123
461/652 [====================>.........] - ETA: 1:18 - loss: 0.3733 - mae: 0.3933 - mse: 0.3811 - ssim_metric: 0.4123
462/652 [====================>.........] - ETA: 1:18 - loss: 0.3733 - mae: 0.3931 - mse: 0.3810 - ssim_metric: 0.4124
463/652 [====================>.........] - ETA: 1:17 - loss: 0.3731 - mae: 0.3928 - mse: 0.3807 - ssim_metric: 0.4126
464/652 [====================>.........] - ETA: 1:17 - loss: 0.3730 - mae: 0.3928 - mse: 0.3807 - ssim_metric: 0.4125
465/652 [====================>.........] - ETA: 1:17 - loss: 0.3731 - mae: 0.3927 - mse: 0.3805 - ssim_metric: 0.4125
466/652 [====================>.........] - ETA: 1:16 - loss: 0.3732 - mae: 0.3927 - mse: 0.3806 - ssim_metric: 0.4125
467/652 [====================>.........] - ETA: 1:16 - loss: 0.3730 - mae: 0.3927 - mse: 0.3805 - ssim_metric: 0.4124
468/652 [====================>.........] - ETA: 1:15 - loss: 0.3731 - mae: 0.3929 - mse: 0.3806 - ssim_metric: 0.4122
469/652 [====================>.........] - ETA: 1:15 - loss: 0.3731 - mae: 0.3928 - mse: 0.3806 - ssim_metric: 0.4121
470/652 [====================>.........] - ETA: 1:15 - loss: 0.3730 - mae: 0.3927 - mse: 0.3805 - ssim_metric: 0.4122
471/652 [====================>.........] - ETA: 1:14 - loss: 0.3731 - mae: 0.3930 - mse: 0.3808 - ssim_metric: 0.4119
472/652 [====================>.........] - ETA: 1:14 - loss: 0.3731 - mae: 0.3930 - mse: 0.3807 - ssim_metric: 0.4119
473/652 [====================>.........] - ETA: 1:13 - loss: 0.3730 - mae: 0.3926 - mse: 0.3804 - ssim_metric: 0.4123
474/652 [====================>.........] - ETA: 1:13 - loss: 0.3729 - mae: 0.3927 - mse: 0.3804 - ssim_metric: 0.4123
475/652 [====================>.........] - ETA: 1:13 - loss: 0.3728 - mae: 0.3928 - mse: 0.3805 - ssim_metric: 0.4121
476/652 [====================>.........] - ETA: 1:12 - loss: 0.3729 - mae: 0.3928 - mse: 0.3806 - ssim_metric: 0.4120
477/652 [====================>.........] - ETA: 1:12 - loss: 0.3729 - mae: 0.3929 - mse: 0.3806 - ssim_metric: 0.4119
478/652 [====================>.........] - ETA: 1:11 - loss: 0.3728 - mae: 0.3926 - mse: 0.3804 - ssim_metric: 0.4122
479/652 [=====================>........] - ETA: 1:11 - loss: 0.3727 - mae: 0.3924 - mse: 0.3802 - ssim_metric: 0.4124
480/652 [=====================>........] - ETA: 1:10 - loss: 0.3725 - mae: 0.3922 - mse: 0.3800 - ssim_metric: 0.4126
481/652 [=====================>........] - ETA: 1:10 - loss: 0.3723 - mae: 0.3920 - mse: 0.3798 - ssim_metric: 0.4128
482/652 [=====================>........] - ETA: 1:10 - loss: 0.3725 - mae: 0.3922 - mse: 0.3799 - ssim_metric: 0.4125
483/652 [=====================>........] - ETA: 1:09 - loss: 0.3722 - mae: 0.3918 - mse: 0.3795 - ssim_metric: 0.4130
484/652 [=====================>........] - ETA: 1:09 - loss: 0.3723 - mae: 0.3918 - mse: 0.3796 - ssim_metric: 0.4129
485/652 [=====================>........] - ETA: 1:08 - loss: 0.3722 - mae: 0.3918 - mse: 0.3795 - ssim_metric: 0.4129
486/652 [=====================>........] - ETA: 1:08 - loss: 0.3725 - mae: 0.3918 - mse: 0.3795 - ssim_metric: 0.4129
487/652 [=====================>........] - ETA: 1:08 - loss: 0.3724 - mae: 0.3916 - mse: 0.3794 - ssim_metric: 0.4131
488/652 [=====================>........] - ETA: 1:07 - loss: 0.3725 - mae: 0.3916 - mse: 0.3793 - ssim_metric: 0.4130
489/652 [=====================>........] - ETA: 1:07 - loss: 0.3726 - mae: 0.3915 - mse: 0.3792 - ssim_metric: 0.4128
490/652 [=====================>........] - ETA: 1:06 - loss: 0.3727 - mae: 0.3917 - mse: 0.3794 - ssim_metric: 0.4125
491/652 [=====================>........] - ETA: 1:06 - loss: 0.3727 - mae: 0.3916 - mse: 0.3793 - ssim_metric: 0.4125
492/652 [=====================>........] - ETA: 1:05 - loss: 0.3727 - mae: 0.3914 - mse: 0.3791 - ssim_metric: 0.4127
493/652 [=====================>........] - ETA: 1:05 - loss: 0.3727 - mae: 0.3914 - mse: 0.3791 - ssim_metric: 0.4127
494/652 [=====================>........] - ETA: 1:05 - loss: 0.3727 - mae: 0.3915 - mse: 0.3792 - ssim_metric: 0.4125
495/652 [=====================>........] - ETA: 1:04 - loss: 0.3727 - mae: 0.3916 - mse: 0.3792 - ssim_metric: 0.4124
496/652 [=====================>........] - ETA: 1:04 - loss: 0.3729 - mae: 0.3919 - mse: 0.3795 - ssim_metric: 0.4120
497/652 [=====================>........] - ETA: 1:03 - loss: 0.3728 - mae: 0.3919 - mse: 0.3795 - ssim_metric: 0.4120
498/652 [=====================>........] - ETA: 1:03 - loss: 0.3727 - mae: 0.3919 - mse: 0.3795 - ssim_metric: 0.4119
499/652 [=====================>........] - ETA: 1:03 - loss: 0.3728 - mae: 0.3921 - mse: 0.3798 - ssim_metric: 0.4117
500/652 [======================>.......] - ETA: 1:02 - loss: 0.3726 - mae: 0.3920 - mse: 0.3796 - ssim_metric: 0.4118
501/652 [======================>.......] - ETA: 1:02 - loss: 0.3725 - mae: 0.3920 - mse: 0.3796 - ssim_metric: 0.4118
502/652 [======================>.......] - ETA: 1:01 - loss: 0.3724 - mae: 0.3919 - mse: 0.3796 - ssim_metric: 0.4119
503/652 [======================>.......] - ETA: 1:01 - loss: 0.3726 - mae: 0.3922 - mse: 0.3799 - ssim_metric: 0.4117
504/652 [======================>.......] - ETA: 1:01 - loss: 0.3725 - mae: 0.3921 - mse: 0.3797 - ssim_metric: 0.4118
505/652 [======================>.......] - ETA: 1:00 - loss: 0.3729 - mae: 0.3923 - mse: 0.3800 - ssim_metric: 0.4117
506/652 [======================>.......] - ETA: 1:00 - loss: 0.3729 - mae: 0.3925 - mse: 0.3801 - ssim_metric: 0.4117
507/652 [======================>.......] - ETA: 59s - loss: 0.3727 - mae: 0.3923 - mse: 0.3800 - ssim_metric: 0.4119 
508/652 [======================>.......] - ETA: 59s - loss: 0.3727 - mae: 0.3924 - mse: 0.3801 - ssim_metric: 0.4118
509/652 [======================>.......] - ETA: 58s - loss: 0.3728 - mae: 0.3927 - mse: 0.3803 - ssim_metric: 0.4117
510/652 [======================>.......] - ETA: 58s - loss: 0.3730 - mae: 0.3930 - mse: 0.3807 - ssim_metric: 0.4114
511/652 [======================>.......] - ETA: 58s - loss: 0.3732 - mae: 0.3935 - mse: 0.3812 - ssim_metric: 0.4111
512/652 [======================>.......] - ETA: 57s - loss: 0.3732 - mae: 0.3934 - mse: 0.3811 - ssim_metric: 0.4112
513/652 [======================>.......] - ETA: 57s - loss: 0.3733 - mae: 0.3937 - mse: 0.3814 - ssim_metric: 0.4109
514/652 [======================>.......] - ETA: 56s - loss: 0.3734 - mae: 0.3936 - mse: 0.3814 - ssim_metric: 0.4110
515/652 [======================>.......] - ETA: 56s - loss: 0.3733 - mae: 0.3937 - mse: 0.3814 - ssim_metric: 0.4110
516/652 [======================>.......] - ETA: 56s - loss: 0.3733 - mae: 0.3939 - mse: 0.3816 - ssim_metric: 0.4109
517/652 [======================>.......] - ETA: 55s - loss: 0.3733 - mae: 0.3940 - mse: 0.3818 - ssim_metric: 0.4108
518/652 [======================>.......] - ETA: 55s - loss: 0.3733 - mae: 0.3940 - mse: 0.3818 - ssim_metric: 0.4108
519/652 [======================>.......] - ETA: 54s - loss: 0.3733 - mae: 0.3941 - mse: 0.3819 - ssim_metric: 0.4108
520/652 [======================>.......] - ETA: 54s - loss: 0.3733 - mae: 0.3940 - mse: 0.3818 - ssim_metric: 0.4109
521/652 [======================>.......] - ETA: 54s - loss: 0.3733 - mae: 0.3940 - mse: 0.3818 - ssim_metric: 0.4110
522/652 [=======================>......] - ETA: 53s - loss: 0.3734 - mae: 0.3940 - mse: 0.3818 - ssim_metric: 0.4110
523/652 [=======================>......] - ETA: 53s - loss: 0.3734 - mae: 0.3940 - mse: 0.3818 - ssim_metric: 0.4111
524/652 [=======================>......] - ETA: 52s - loss: 0.3732 - mae: 0.3939 - mse: 0.3817 - ssim_metric: 0.4114
525/652 [=======================>......] - ETA: 52s - loss: 0.3733 - mae: 0.3939 - mse: 0.3817 - ssim_metric: 0.4114
526/652 [=======================>......] - ETA: 51s - loss: 0.3733 - mae: 0.3936 - mse: 0.3815 - ssim_metric: 0.4118
527/652 [=======================>......] - ETA: 51s - loss: 0.3733 - mae: 0.3937 - mse: 0.3815 - ssim_metric: 0.4119
528/652 [=======================>......] - ETA: 51s - loss: 0.3733 - mae: 0.3935 - mse: 0.3814 - ssim_metric: 0.4121
529/652 [=======================>......] - ETA: 50s - loss: 0.3734 - mae: 0.3936 - mse: 0.3815 - ssim_metric: 0.4121
530/652 [=======================>......] - ETA: 50s - loss: 0.3733 - mae: 0.3935 - mse: 0.3814 - ssim_metric: 0.4122
531/652 [=======================>......] - ETA: 49s - loss: 0.3734 - mae: 0.3936 - mse: 0.3815 - ssim_metric: 0.4123
532/652 [=======================>......] - ETA: 49s - loss: 0.3735 - mae: 0.3938 - mse: 0.3818 - ssim_metric: 0.4121
533/652 [=======================>......] - ETA: 49s - loss: 0.3735 - mae: 0.3937 - mse: 0.3816 - ssim_metric: 0.4122
534/652 [=======================>......] - ETA: 48s - loss: 0.3735 - mae: 0.3938 - mse: 0.3817 - ssim_metric: 0.4122
535/652 [=======================>......] - ETA: 48s - loss: 0.3735 - mae: 0.3940 - mse: 0.3820 - ssim_metric: 0.4121
536/652 [=======================>......] - ETA: 47s - loss: 0.3735 - mae: 0.3941 - mse: 0.3821 - ssim_metric: 0.4121
537/652 [=======================>......] - ETA: 47s - loss: 0.3735 - mae: 0.3940 - mse: 0.3820 - ssim_metric: 0.4123
538/652 [=======================>......] - ETA: 47s - loss: 0.3734 - mae: 0.3942 - mse: 0.3821 - ssim_metric: 0.4122
539/652 [=======================>......] - ETA: 46s - loss: 0.3737 - mae: 0.3945 - mse: 0.3825 - ssim_metric: 0.4119
540/652 [=======================>......] - ETA: 46s - loss: 0.3736 - mae: 0.3946 - mse: 0.3826 - ssim_metric: 0.4119
541/652 [=======================>......] - ETA: 45s - loss: 0.3735 - mae: 0.3945 - mse: 0.3825 - ssim_metric: 0.4121
542/652 [=======================>......] - ETA: 45s - loss: 0.3736 - mae: 0.3946 - mse: 0.3827 - ssim_metric: 0.4120
543/652 [=======================>......] - ETA: 44s - loss: 0.3735 - mae: 0.3945 - mse: 0.3826 - ssim_metric: 0.4122
544/652 [========================>.....] - ETA: 44s - loss: 0.3733 - mae: 0.3946 - mse: 0.3826 - ssim_metric: 0.4121
545/652 [========================>.....] - ETA: 44s - loss: 0.3732 - mae: 0.3946 - mse: 0.3826 - ssim_metric: 0.4122
546/652 [========================>.....] - ETA: 43s - loss: 0.3734 - mae: 0.3949 - mse: 0.3830 - ssim_metric: 0.4120
547/652 [========================>.....] - ETA: 43s - loss: 0.3736 - mae: 0.3953 - mse: 0.3834 - ssim_metric: 0.4116
548/652 [========================>.....] - ETA: 42s - loss: 0.3735 - mae: 0.3951 - mse: 0.3832 - ssim_metric: 0.4118
549/652 [========================>.....] - ETA: 42s - loss: 0.3738 - mae: 0.3952 - mse: 0.3832 - ssim_metric: 0.4119
550/652 [========================>.....] - ETA: 42s - loss: 0.3737 - mae: 0.3952 - mse: 0.3833 - ssim_metric: 0.4119
551/652 [========================>.....] - ETA: 41s - loss: 0.3738 - mae: 0.3953 - mse: 0.3834 - ssim_metric: 0.4118
552/652 [========================>.....] - ETA: 41s - loss: 0.3738 - mae: 0.3956 - mse: 0.3836 - ssim_metric: 0.4116
553/652 [========================>.....] - ETA: 40s - loss: 0.3739 - mae: 0.3957 - mse: 0.3838 - ssim_metric: 0.4115
554/652 [========================>.....] - ETA: 40s - loss: 0.3738 - mae: 0.3959 - mse: 0.3839 - ssim_metric: 0.4114
555/652 [========================>.....] - ETA: 40s - loss: 0.3736 - mae: 0.3957 - mse: 0.3838 - ssim_metric: 0.4117
556/652 [========================>.....] - ETA: 39s - loss: 0.3736 - mae: 0.3958 - mse: 0.3839 - ssim_metric: 0.4116
557/652 [========================>.....] - ETA: 39s - loss: 0.3733 - mae: 0.3955 - mse: 0.3836 - ssim_metric: 0.4120
558/652 [========================>.....] - ETA: 38s - loss: 0.3732 - mae: 0.3954 - mse: 0.3835 - ssim_metric: 0.4122
559/652 [========================>.....] - ETA: 38s - loss: 0.3732 - mae: 0.3953 - mse: 0.3834 - ssim_metric: 0.4123
560/652 [========================>.....] - ETA: 37s - loss: 0.3731 - mae: 0.3952 - mse: 0.3833 - ssim_metric: 0.4124
561/652 [========================>.....] - ETA: 37s - loss: 0.3731 - mae: 0.3953 - mse: 0.3834 - ssim_metric: 0.4123
562/652 [========================>.....] - ETA: 37s - loss: 0.3730 - mae: 0.3953 - mse: 0.3834 - ssim_metric: 0.4124
563/652 [========================>.....] - ETA: 36s - loss: 0.3731 - mae: 0.3954 - mse: 0.3835 - ssim_metric: 0.4124
564/652 [========================>.....] - ETA: 36s - loss: 0.3731 - mae: 0.3955 - mse: 0.3836 - ssim_metric: 0.4125
565/652 [========================>.....] - ETA: 35s - loss: 0.3733 - mae: 0.3956 - mse: 0.3837 - ssim_metric: 0.4124
566/652 [=========================>....] - ETA: 35s - loss: 0.3737 - mae: 0.3959 - mse: 0.3841 - ssim_metric: 0.4121
567/652 [=========================>....] - ETA: 35s - loss: 0.3738 - mae: 0.3964 - mse: 0.3845 - ssim_metric: 0.4117
568/652 [=========================>....] - ETA: 34s - loss: 0.3739 - mae: 0.3966 - mse: 0.3847 - ssim_metric: 0.4116
569/652 [=========================>....] - ETA: 34s - loss: 0.3737 - mae: 0.3965 - mse: 0.3846 - ssim_metric: 0.4116
570/652 [=========================>....] - ETA: 33s - loss: 0.3737 - mae: 0.3968 - mse: 0.3849 - ssim_metric: 0.4113
571/652 [=========================>....] - ETA: 33s - loss: 0.3740 - mae: 0.3973 - mse: 0.3854 - ssim_metric: 0.4109
572/652 [=========================>....] - ETA: 32s - loss: 0.3738 - mae: 0.3973 - mse: 0.3854 - ssim_metric: 0.4109
573/652 [=========================>....] - ETA: 32s - loss: 0.3737 - mae: 0.3973 - mse: 0.3854 - ssim_metric: 0.4109
574/652 [=========================>....] - ETA: 32s - loss: 0.3739 - mae: 0.3975 - mse: 0.3856 - ssim_metric: 0.4106
575/652 [=========================>....] - ETA: 31s - loss: 0.3739 - mae: 0.3977 - mse: 0.3858 - ssim_metric: 0.4105
576/652 [=========================>....] - ETA: 31s - loss: 0.3739 - mae: 0.3979 - mse: 0.3860 - ssim_metric: 0.4102
577/652 [=========================>....] - ETA: 30s - loss: 0.3740 - mae: 0.3981 - mse: 0.3862 - ssim_metric: 0.4101
578/652 [=========================>....] - ETA: 30s - loss: 0.3740 - mae: 0.3984 - mse: 0.3864 - ssim_metric: 0.4098
579/652 [=========================>....] - ETA: 30s - loss: 0.3742 - mae: 0.3988 - mse: 0.3869 - ssim_metric: 0.4095
580/652 [=========================>....] - ETA: 29s - loss: 0.3744 - mae: 0.3991 - mse: 0.3872 - ssim_metric: 0.4092
581/652 [=========================>....] - ETA: 29s - loss: 0.3744 - mae: 0.3993 - mse: 0.3874 - ssim_metric: 0.4090
582/652 [=========================>....] - ETA: 28s - loss: 0.3744 - mae: 0.3995 - mse: 0.3876 - ssim_metric: 0.4088
583/652 [=========================>....] - ETA: 28s - loss: 0.3745 - mae: 0.3998 - mse: 0.3879 - ssim_metric: 0.4085
584/652 [=========================>....] - ETA: 28s - loss: 0.3746 - mae: 0.4000 - mse: 0.3881 - ssim_metric: 0.4082
585/652 [=========================>....] - ETA: 27s - loss: 0.3747 - mae: 0.4002 - mse: 0.3883 - ssim_metric: 0.4081
586/652 [=========================>....] - ETA: 27s - loss: 0.3747 - mae: 0.4003 - mse: 0.3884 - ssim_metric: 0.4081
587/652 [==========================>...] - ETA: 26s - loss: 0.3746 - mae: 0.4004 - mse: 0.3884 - ssim_metric: 0.4080
588/652 [==========================>...] - ETA: 26s - loss: 0.3747 - mae: 0.4007 - mse: 0.3888 - ssim_metric: 0.4077
589/652 [==========================>...] - ETA: 25s - loss: 0.3746 - mae: 0.4008 - mse: 0.3889 - ssim_metric: 0.4076
590/652 [==========================>...] - ETA: 25s - loss: 0.3746 - mae: 0.4007 - mse: 0.3888 - ssim_metric: 0.4077
591/652 [==========================>...] - ETA: 25s - loss: 0.3744 - mae: 0.4006 - mse: 0.3887 - ssim_metric: 0.4078
592/652 [==========================>...] - ETA: 24s - loss: 0.3745 - mae: 0.4005 - mse: 0.3886 - ssim_metric: 0.4081
593/652 [==========================>...] - ETA: 24s - loss: 0.3745 - mae: 0.4004 - mse: 0.3885 - ssim_metric: 0.4081
594/652 [==========================>...] - ETA: 23s - loss: 0.3743 - mae: 0.4002 - mse: 0.3884 - ssim_metric: 0.4083
595/652 [==========================>...] - ETA: 23s - loss: 0.3745 - mae: 0.4004 - mse: 0.3885 - ssim_metric: 0.4082
596/652 [==========================>...] - ETA: 23s - loss: 0.3744 - mae: 0.4002 - mse: 0.3883 - ssim_metric: 0.4084
597/652 [==========================>...] - ETA: 22s - loss: 0.3744 - mae: 0.4002 - mse: 0.3883 - ssim_metric: 0.4084
598/652 [==========================>...] - ETA: 22s - loss: 0.3743 - mae: 0.3999 - mse: 0.3880 - ssim_metric: 0.4088
599/652 [==========================>...] - ETA: 21s - loss: 0.3743 - mae: 0.3998 - mse: 0.3879 - ssim_metric: 0.4090
600/652 [==========================>...] - ETA: 21s - loss: 0.3743 - mae: 0.3996 - mse: 0.3877 - ssim_metric: 0.4091
601/652 [==========================>...] - ETA: 21s - loss: 0.3744 - mae: 0.3997 - mse: 0.3879 - ssim_metric: 0.4090
602/652 [==========================>...] - ETA: 20s - loss: 0.3744 - mae: 0.3996 - mse: 0.3878 - ssim_metric: 0.4092
603/652 [==========================>...] - ETA: 20s - loss: 0.3744 - mae: 0.3997 - mse: 0.3878 - ssim_metric: 0.4091
604/652 [==========================>...] - ETA: 19s - loss: 0.3744 - mae: 0.3997 - mse: 0.3878 - ssim_metric: 0.4090
605/652 [==========================>...] - ETA: 19s - loss: 0.3744 - mae: 0.3997 - mse: 0.3879 - ssim_metric: 0.4090
606/652 [==========================>...] - ETA: 18s - loss: 0.3744 - mae: 0.3999 - mse: 0.3881 - ssim_metric: 0.4088
607/652 [==========================>...] - ETA: 18s - loss: 0.3744 - mae: 0.3998 - mse: 0.3880 - ssim_metric: 0.4090
608/652 [==========================>...] - ETA: 18s - loss: 0.3745 - mae: 0.4000 - mse: 0.3882 - ssim_metric: 0.4088
609/652 [===========================>..] - ETA: 17s - loss: 0.3744 - mae: 0.4001 - mse: 0.3882 - ssim_metric: 0.4087
610/652 [===========================>..] - ETA: 17s - loss: 0.3744 - mae: 0.3999 - mse: 0.3881 - ssim_metric: 0.4088
611/652 [===========================>..] - ETA: 16s - loss: 0.3744 - mae: 0.3999 - mse: 0.3881 - ssim_metric: 0.4088
612/652 [===========================>..] - ETA: 16s - loss: 0.3742 - mae: 0.3999 - mse: 0.3881 - ssim_metric: 0.4089
613/652 [===========================>..] - ETA: 16s - loss: 0.3742 - mae: 0.3999 - mse: 0.3880 - ssim_metric: 0.4089
614/652 [===========================>..] - ETA: 15s - loss: 0.3741 - mae: 0.3998 - mse: 0.3880 - ssim_metric: 0.4090
615/652 [===========================>..] - ETA: 15s - loss: 0.3740 - mae: 0.3997 - mse: 0.3879 - ssim_metric: 0.4091
616/652 [===========================>..] - ETA: 14s - loss: 0.3741 - mae: 0.3996 - mse: 0.3877 - ssim_metric: 0.4093
617/652 [===========================>..] - ETA: 14s - loss: 0.3741 - mae: 0.3996 - mse: 0.3878 - ssim_metric: 0.4092
618/652 [===========================>..] - ETA: 14s - loss: 0.3741 - mae: 0.3996 - mse: 0.3878 - ssim_metric: 0.4092
619/652 [===========================>..] - ETA: 13s - loss: 0.3740 - mae: 0.3997 - mse: 0.3878 - ssim_metric: 0.4091
620/652 [===========================>..] - ETA: 13s - loss: 0.3739 - mae: 0.3996 - mse: 0.3878 - ssim_metric: 0.4092
621/652 [===========================>..] - ETA: 12s - loss: 0.3738 - mae: 0.3995 - mse: 0.3877 - ssim_metric: 0.4094
622/652 [===========================>..] - ETA: 12s - loss: 0.3737 - mae: 0.3994 - mse: 0.3876 - ssim_metric: 0.4094
623/652 [===========================>..] - ETA: 11s - loss: 0.3737 - mae: 0.3994 - mse: 0.3876 - ssim_metric: 0.4094
624/652 [===========================>..] - ETA: 11s - loss: 0.3736 - mae: 0.3994 - mse: 0.3876 - ssim_metric: 0.4093
625/652 [===========================>..] - ETA: 11s - loss: 0.3736 - mae: 0.3994 - mse: 0.3876 - ssim_metric: 0.4093
626/652 [===========================>..] - ETA: 10s - loss: 0.3736 - mae: 0.3994 - mse: 0.3875 - ssim_metric: 0.4094
627/652 [===========================>..] - ETA: 10s - loss: 0.3737 - mae: 0.3993 - mse: 0.3875 - ssim_metric: 0.4094
628/652 [===========================>..] - ETA: 9s - loss: 0.3737 - mae: 0.3991 - mse: 0.3873 - ssim_metric: 0.4097 
629/652 [===========================>..] - ETA: 9s - loss: 0.3736 - mae: 0.3991 - mse: 0.3872 - ssim_metric: 0.4097
630/652 [===========================>..] - ETA: 9s - loss: 0.3736 - mae: 0.3991 - mse: 0.3873 - ssim_metric: 0.4096
631/652 [============================>.] - ETA: 8s - loss: 0.3737 - mae: 0.3993 - mse: 0.3875 - ssim_metric: 0.4094
632/652 [============================>.] - ETA: 8s - loss: 0.3736 - mae: 0.3993 - mse: 0.3875 - ssim_metric: 0.4094
633/652 [============================>.] - ETA: 7s - loss: 0.3736 - mae: 0.3991 - mse: 0.3873 - ssim_metric: 0.4096
634/652 [============================>.] - ETA: 7s - loss: 0.3734 - mae: 0.3989 - mse: 0.3871 - ssim_metric: 0.4098
635/652 [============================>.] - ETA: 7s - loss: 0.3733 - mae: 0.3989 - mse: 0.3871 - ssim_metric: 0.4099
636/652 [============================>.] - ETA: 6s - loss: 0.3733 - mae: 0.3989 - mse: 0.3871 - ssim_metric: 0.4098
637/652 [============================>.] - ETA: 6s - loss: 0.3733 - mae: 0.3989 - mse: 0.3870 - ssim_metric: 0.4099
638/652 [============================>.] - ETA: 5s - loss: 0.3735 - mae: 0.3990 - mse: 0.3872 - ssim_metric: 0.4097
639/652 [============================>.] - ETA: 5s - loss: 0.3735 - mae: 0.3992 - mse: 0.3874 - ssim_metric: 0.4095
640/652 [============================>.] - ETA: 4s - loss: 0.3737 - mae: 0.3993 - mse: 0.3875 - ssim_metric: 0.4094
641/652 [============================>.] - ETA: 4s - loss: 0.3737 - mae: 0.3994 - mse: 0.3875 - ssim_metric: 0.4093
642/652 [============================>.] - ETA: 4s - loss: 0.3737 - mae: 0.3993 - mse: 0.3875 - ssim_metric: 0.4094
643/652 [============================>.] - ETA: 3s - loss: 0.3737 - mae: 0.3993 - mse: 0.3875 - ssim_metric: 0.4094
644/652 [============================>.] - ETA: 3s - loss: 0.3736 - mae: 0.3993 - mse: 0.3874 - ssim_metric: 0.4094
645/652 [============================>.] - ETA: 2s - loss: 0.3736 - mae: 0.3992 - mse: 0.3873 - ssim_metric: 0.4094
646/652 [============================>.] - ETA: 2s - loss: 0.3736 - mae: 0.3991 - mse: 0.3872 - ssim_metric: 0.4095
647/652 [============================>.] - ETA: 2s - loss: 0.3737 - mae: 0.3992 - mse: 0.3873 - ssim_metric: 0.4094
648/652 [============================>.] - ETA: 1s - loss: 0.3738 - mae: 0.3993 - mse: 0.3875 - ssim_metric: 0.4092
649/652 [============================>.] - ETA: 1s - loss: 0.3738 - mae: 0.3993 - mse: 0.3874 - ssim_metric: 0.4093
650/652 [============================>.] - ETA: 0s - loss: 0.3738 - mae: 0.3994 - mse: 0.3875 - ssim_metric: 0.4091
651/652 [============================>.] - ETA: 0s - loss: 0.3738 - mae: 0.3993 - mse: 0.3874 - ssim_metric: 0.4092
652/652 [==============================] - ETA: 0s - loss: 0.3738 - mae: 0.3992 - mse: 0.3873 - ssim_metric: 0.4094
Epoch 6: saving model to C:\d_surucusu\visual_navigation\benchmark\models_pipeline\_lr_batch_probe\lr1e-4_b8\_JOB_lr1e-4_b8_05_09_2026__17_43_model_f48_k4_epoch_00006_helu_osigmoid_(1, 1)_.h5

Epoch 6: val_loss improved from 0.37848 to 0.35915, saving model to C:\d_surucusu\visual_navigation\benchmark\models_pipeline\_lr_batch_probe\lr1e-4_b8\_JOB_lr1e-4_b8_05_09_2026__17_43_best_val_loss_model_f48_k4.h5

Epoch 6: val_mae improved from 0.38705 to 0.36588, saving model to C:\d_surucusu\visual_navigation\benchmark\models_pipeline\_lr_batch_probe\lr1e-4_b8\_JOB_lr1e-4_b8_05_09_2026__17_43_best_mae_model_f48_k4.h5

Epoch 6: val_ssim_metric did not improve from 0.45097

652/652 [==============================] - 285s 438ms/step - loss: 0.3738 - mae: 0.3992 - mse: 0.3873 - ssim_metric: 0.4094 - val_loss: 0.3592 - val_mae: 0.3659 - val_mse: 0.3527 - val_ssim_metric: 0.4305

Final model kaydedildi: C:\d_surucusu\visual_navigation\benchmark\models_pipeline\_lr_batch_probe\lr1e-4_b8\_JOB_lr1e-4_b8_05_09_2026__18_14_son_model.h5

============================================================
                    EM TAMAMLANDI
============================================================

