
=== 2026-09-10T10:58:25.903815 | batch=32 ===
UYARI: tensorflow_addons yüklü değil. Histogram eşitleme devre dışı.

============================================================
                    YAPILANDIRMA
============================================================
  Veri Dizini:        E:\temp\tez__ayna\python_calismalar\larger-google-sat2maps-dataset\islenmis\sonuclar_19
  Giris Renk Modu:    grayscale (1 kanal)
  Cikis Renk Modu:    grayscale (1 kanal)
  Görüntü Boyutu:     544x544
  Model Tipi:         flat_bottleneck
  Önceden Eğitilmiş:  Yok
  Gizli Aktivasyon:   elu
  Cikis Aktivasyonu:  sigmoid
  Filtre Sayısı:      48
  Kernel Boyutu:      (4, 4)
  Stride:             (1, 1)
  Batch Size:         32
  Epochs:             20
  Learning Rate:      0.001
  Optimizer:          adam
  Loss:               binary_crossentropy
  Train/Val Split:    0.9/0.09999999999999998
  Random Seed:        42
============================================================

Veri setleri oluşturuluyor...
Toplam dosya sayısı: 6716
?? Dosya doğrulama: CACHE MODUNDA
? Cache'den yüklendi: 6716 geçerli dosya
Eğitim seti: 6044 görüntü
Doğrulama seti: 672 görüntü
Bos karo filtresi aktif: white>=245.0, max_white_ratio=0.99, min_dark_ratio=0.005
2026-09-10 10:58:34.276667: W tensorflow/core/common_runtime/gpu/gpu_device.cc:2027] TensorFlow was not built with CUDA kernel binaries compatible with compute capability 12.0. CUDA kernels will be jit-compiled from PTX, which could take 30 minutes or longer.
2026-09-10 10:58:34.277285: I tensorflow/core/platform/cpu_feature_guard.cc:193] This TensorFlow binary is optimized with oneAPI Deep Neural Network Library (oneDNN) to use the following CPU instructions in performance-critical operations:  AVX AVX2
To enable them in other operations, rebuild TensorFlow with the appropriate compiler flags.
2026-09-10 10:58:34.279118: W tensorflow/core/common_runtime/gpu/gpu_device.cc:2027] TensorFlow was not built with CUDA kernel binaries compatible with compute capability 12.0. CUDA kernels will be jit-compiled from PTX, which could take 30 minutes or longer.
2026-09-10 11:00:58.549940: I tensorflow/core/common_runtime/gpu/gpu_device.cc:1616] Created device /job:localhost/replica:0/task:0/device:GPU:0 with 13500 MB memory:  -> device: 0, name: NVIDIA GeForce RTX 5060 Ti, pci bus id: 0000:01:00.0, compute capability: 12.0
Giriş boyutu: (544, 544, 1)
Model oluşturuluyor: flat_bottleneck
Model: "model"
_________________________________________________________________
 Layer (type)                Output Shape              Param #   
=================================================================
 input_1 (InputLayer)        [(None, 544, 544, 1)]     0         
                                                                 
 conv2d (Conv2D)             (None, 544, 544, 48)      816       
                                                                 
 conv2d_1 (Conv2D)           (None, 544, 544, 24)      18456     
                                                                 
 conv2d_2 (Conv2D)           (None, 544, 544, 12)      4620      
                                                                 
 conv2d_transpose (Conv2DTra  (None, 544, 544, 12)     2316      
 nspose)                                                         
                                                                 
 conv2d_transpose_1 (Conv2DT  (None, 544, 544, 24)     4632      
 ranspose)                                                       
                                                                 
 conv2d_transpose_2 (Conv2DT  (None, 544, 544, 48)     18480     
 ranspose)                                                       
                                                                 
 model_output (Conv2D)       (None, 544, 544, 1)       769       
                                                                 
=================================================================
Total params: 50,089
Trainable params: 50,089
Non-trainable params: 0
_________________________________________________________________

============================================================
                    EĞİTİM BLIYOR
============================================================

Epoch 1/20
2026-09-10 11:02:19.460894: I tensorflow/stream_executor/cuda/cuda_dnn.cc:384] Loaded cuDNN version 8100
2026-09-10 11:06:20.280615: W tensorflow/core/common_runtime/bfc_allocator.cc:290] Allocator (GPU_0_bfc) ran out of memory trying to allocate 2.56GiB with freed_by_count=0. The caller indicates that this is not a failure, but this may mean that there could be performance gains if more memory were available.
2026-09-10 11:06:20.281087: W tensorflow/core/common_runtime/bfc_allocator.cc:290] Allocator (GPU_0_bfc) ran out of memory trying to allocate 2.56GiB with freed_by_count=0. The caller indicates that this is not a failure, but this may mean that there could be performance gains if more memory were available.
2026-09-10 11:06:24.303821: W tensorflow/core/common_runtime/bfc_allocator.cc:290] Allocator (GPU_0_bfc) ran out of memory trying to allocate 1.71GiB with freed_by_count=0. The caller indicates that this is not a failure, but this may mean that there could be performance gains if more memory were available.
2026-09-10 11:06:24.304339: W tensorflow/core/kernels/gpu_utils.cc:50] Failed to allocate memory for convolution redzone checking; skipping this check. This is benign and only means that we won't check cudnn for out-of-bounds reads and writes. This message will only be printed once.
2026-09-10 11:06:24.304873: W tensorflow/core/common_runtime/bfc_allocator.cc:290] Allocator (GPU_0_bfc) ran out of memory trying to allocate 1.71GiB with freed_by_count=0. The caller indicates that this is not a failure, but this may mean that there could be performance gains if more memory were available.
2026-09-10 11:06:24.305389: W tensorflow/core/common_runtime/bfc_allocator.cc:290] Allocator (GPU_0_bfc) ran out of memory trying to allocate 1.71GiB with freed_by_count=0. The caller indicates that this is not a failure, but this may mean that there could be performance gains if more memory were available.

      1/Unknown - 327s 327s/step - loss: 0.7037 - mae: 0.4550 - mse: 0.2476 - ssim_metric: 0.1461
      2/Unknown - 331s 3s/step - loss: 0.6730 - mae: 0.4123 - mse: 0.2349 - ssim_metric: 0.2235  2026-09-10 11:06:30.651000: W tensorflow/core/common_runtime/bfc_allocator.cc:290] Allocator (GPU_0_bfc) ran out of memory trying to allocate 1.70GiB with freed_by_count=0. The caller indicates that this is not a failure, but this may mean that there could be performance gains if more memory were available.
2026-09-10 11:06:42.274852: W tensorflow/core/common_runtime/bfc_allocator.cc:479] Allocator (GPU_0_bfc) ran out of memory trying to allocate 1.69GiB (rounded to 1818230784)requested by op gradient_tape/model/model_output/Conv2D/Conv2DBackpropInput
If the cause is memory fragmentation maybe the environment variable 'TF_GPU_ALLOCATOR=cuda_malloc_async' will improve the situation. 
Current allocation summary follows.
Current allocation summary follows.
2026-09-10 11:06:42.275742: I tensorflow/core/common_runtime/bfc_allocator.cc:1033] BFCAllocator dump for GPU_0_bfc
2026-09-10 11:06:42.275831: I tensorflow/core/common_runtime/bfc_allocator.cc:1040] Bin (256): 	Total Chunks: 73, Chunks in use: 71. 18.2KiB allocated for chunks. 17.8KiB in use in bin. 2.2KiB client-requested in use in bin.
2026-09-10 11:06:42.275976: I tensorflow/core/common_runtime/bfc_allocator.cc:1040] Bin (512): 	Total Chunks: 1, Chunks in use: 1. 512B allocated for chunks. 512B in use in bin. 484B client-requested in use in bin.
2026-09-10 11:06:42.276217: I tensorflow/core/common_runtime/bfc_allocator.cc:1040] Bin (1024): 	Total Chunks: 1, Chunks in use: 1. 1.2KiB allocated for chunks. 1.2KiB in use in bin. 1.0KiB client-requested in use in bin.
2026-09-10 11:06:42.276349: I tensorflow/core/common_runtime/bfc_allocator.cc:1040] Bin (2048): 	Total Chunks: 7, Chunks in use: 7. 21.0KiB allocated for chunks. 21.0KiB in use in bin. 21.0KiB client-requested in use in bin.
2026-09-10 11:06:42.276466: I tensorflow/core/common_runtime/bfc_allocator.cc:1040] Bin (4096): 	Total Chunks: 1, Chunks in use: 1. 5.8KiB allocated for chunks. 5.8KiB in use in bin. 3.0KiB client-requested in use in bin.
2026-09-10 11:06:42.276621: I tensorflow/core/common_runtime/bfc_allocator.cc:1040] Bin (8192): 	Total Chunks: 2, Chunks in use: 2. 18.0KiB allocated for chunks. 18.0KiB in use in bin. 18.0KiB client-requested in use in bin.
2026-09-10 11:06:42.276792: I tensorflow/core/common_runtime/bfc_allocator.cc:1040] Bin (16384): 	Total Chunks: 7, Chunks in use: 7. 135.8KiB allocated for chunks. 135.8KiB in use in bin. 117.0KiB client-requested in use in bin.
2026-09-10 11:06:42.276958: I tensorflow/core/common_runtime/bfc_allocator.cc:1040] Bin (32768): 	Total Chunks: 0, Chunks in use: 0. 0B allocated for chunks. 0B in use in bin. 0B client-requested in use in bin.
2026-09-10 11:06:42.277277: I tensorflow/core/common_runtime/bfc_allocator.cc:1040] Bin (65536): 	Total Chunks: 6, Chunks in use: 6. 432.0KiB allocated for chunks. 432.0KiB in use in bin. 432.0KiB client-requested in use in bin.
2026-09-10 11:06:42.277411: I tensorflow/core/common_runtime/bfc_allocator.cc:1040] Bin (131072): 	Total Chunks: 0, Chunks in use: 0. 0B allocated for chunks. 0B in use in bin. 0B client-requested in use in bin.
2026-09-10 11:06:42.277554: I tensorflow/core/common_runtime/bfc_allocator.cc:1040] Bin (262144): 	Total Chunks: 0, Chunks in use: 0. 0B allocated for chunks. 0B in use in bin. 0B client-requested in use in bin.
2026-09-10 11:06:42.277689: I tensorflow/core/common_runtime/bfc_allocator.cc:1040] Bin (524288): 	Total Chunks: 0, Chunks in use: 0. 0B allocated for chunks. 0B in use in bin. 0B client-requested in use in bin.
2026-09-10 11:06:42.277809: I tensorflow/core/common_runtime/bfc_allocator.cc:1040] Bin (1048576): 	Total Chunks: 0, Chunks in use: 0. 0B allocated for chunks. 0B in use in bin. 0B client-requested in use in bin.
2026-09-10 11:06:42.277927: I tensorflow/core/common_runtime/bfc_allocator.cc:1040] Bin (2097152): 	Total Chunks: 0, Chunks in use: 0. 0B allocated for chunks. 0B in use in bin. 0B client-requested in use in bin.
2026-09-10 11:06:42.278073: I tensorflow/core/common_runtime/bfc_allocator.cc:1040] Bin (4194304): 	Total Chunks: 0, Chunks in use: 0. 0B allocated for chunks. 0B in use in bin. 0B client-requested in use in bin.
2026-09-10 11:06:42.278228: I tensorflow/core/common_runtime/bfc_allocator.cc:1040] Bin (8388608): 	Total Chunks: 0, Chunks in use: 0. 0B allocated for chunks. 0B in use in bin. 0B client-requested in use in bin.
2026-09-10 11:06:42.278523: I tensorflow/core/common_runtime/bfc_allocator.cc:1040] Bin (16777216): 	Total Chunks: 0, Chunks in use: 0. 0B allocated for chunks. 0B in use in bin. 0B client-requested in use in bin.
2026-09-10 11:06:42.278691: I tensorflow/core/common_runtime/bfc_allocator.cc:1040] Bin (33554432): 	Total Chunks: 4, Chunks in use: 2. 144.50MiB allocated for chunks. 72.25MiB in use in bin. 72.25MiB client-requested in use in bin.
2026-09-10 11:06:42.278860: I tensorflow/core/common_runtime/bfc_allocator.cc:1040] Bin (67108864): 	Total Chunks: 0, Chunks in use: 0. 0B allocated for chunks. 0B in use in bin. 0B client-requested in use in bin.
2026-09-10 11:06:42.279010: I tensorflow/core/common_runtime/bfc_allocator.cc:1040] Bin (134217728): 	Total Chunks: 2, Chunks in use: 0. 361.25MiB allocated for chunks. 0B in use in bin. 0B client-requested in use in bin.
2026-09-10 11:06:42.279156: I tensorflow/core/common_runtime/bfc_allocator.cc:1040] Bin (268435456): 	Total Chunks: 11, Chunks in use: 8. 12.69GiB allocated for chunks. 9.35GiB in use in bin. 9.32GiB client-requested in use in bin.
2026-09-10 11:06:42.279303: I tensorflow/core/common_runtime/bfc_allocator.cc:1056] Bin for 1.69GiB was 256.00MiB, Chunk State: 
2026-09-10 11:06:42.279419: I tensorflow/core/common_runtime/bfc_allocator.cc:1062]   Size: 868.59MiB | Requested Size: 867.00MiB | in_use: 0 | bin_num: 20, prev:   Size: 433.50MiB | Requested Size: 433.50MiB | in_use: 1 | bin_num: -1, next:   Size: 433.50MiB | Requested Size: 433.50MiB | in_use: 1 | bin_num: -1
2026-09-10 11:06:42.279617: I tensorflow/core/common_runtime/bfc_allocator.cc:1062]   Size: 870.19MiB | Requested Size: 870.19MiB | in_use: 0 | bin_num: 20, prev:   Size: 433.50MiB | Requested Size: 433.50MiB | in_use: 1 | bin_num: -1, next:   Size: 867.00MiB | Requested Size: 867.00MiB | in_use: 1 | bin_num: -1
2026-09-10 11:06:42.279843: I tensorflow/core/common_runtime/bfc_allocator.cc:1062]   Size: 1.64GiB | Requested Size: 3.0KiB | in_use: 0 | bin_num: 20, prev:   Size: 1.69GiB | Requested Size: 1.69GiB | in_use: 1 | bin_num: -1
2026-09-10 11:06:42.280164: I tensorflow/core/common_runtime/bfc_allocator.cc:1069] Next region of size 14155776000
2026-09-10 11:06:42.280251: I tensorflow/core/common_runtime/bfc_allocator.cc:1089] InUse at 180f200000 of size 1280 next 1
2026-09-10 11:06:42.280339: I tensorflow/core/common_runtime/bfc_allocator.cc:1089] InUse at 180f200500 of size 256 next 2
2026-09-10 11:06:42.280431: I tensorflow/core/common_runtime/bfc_allocator.cc:1089] InUse at 180f200600 of size 256 next 3
2026-09-10 11:06:42.280537: I tensorflow/core/common_runtime/bfc_allocator.cc:1089] InUse at 180f200700 of size 256 next 4
2026-09-10 11:06:42.280618: I tensorflow/core/common_runtime/bfc_allocator.cc:1089] InUse at 180f200800 of size 256 next 5
2026-09-10 11:06:42.280691: I tensorflow/core/common_runtime/bfc_allocator.cc:1089] InUse at 180f200900 of size 256 next 6
2026-09-10 11:06:42.280771: I tensorflow/core/common_runtime/bfc_allocator.cc:1089] InUse at 180f200a00 of size 256 next 8
2026-09-10 11:06:42.280837: I tensorflow/core/common_runtime/bfc_allocator.cc:1089] InUse at 180f200b00 of size 256 next 9
2026-09-10 11:06:42.280911: I tensorflow/core/common_runtime/bfc_allocator.cc:1089] InUse at 180f200c00 of size 256 next 7
2026-09-10 11:06:42.280990: I tensorflow/core/common_runtime/bfc_allocator.cc:1089] InUse at 180f200d00 of size 256 next 14
2026-09-10 11:06:42.281075: I tensorflow/core/common_runtime/bfc_allocator.cc:1089] InUse at 180f200e00 of size 256 next 12
2026-09-10 11:06:42.281172: I tensorflow/core/common_runtime/bfc_allocator.cc:1089] InUse at 180f200f00 of size 256 next 18
2026-09-10 11:06:42.281265: I tensorflow/core/common_runtime/bfc_allocator.cc:1089] InUse at 180f201000 of size 256 next 13
2026-09-10 11:06:42.281352: I tensorflow/core/common_runtime/bfc_allocator.cc:1089] InUse at 180f201100 of size 256 next 22
2026-09-10 11:06:42.281442: I tensorflow/core/common_runtime/bfc_allocator.cc:1089] InUse at 180f201200 of size 256 next 17
2026-09-10 11:06:42.281715: I tensorflow/core/common_runtime/bfc_allocator.cc:1089] InUse at 180f201300 of size 256 next 28
2026-09-10 11:06:42.281803: I tensorflow/core/common_runtime/bfc_allocator.cc:1089] InUse at 180f201400 of size 256 next 21
2026-09-10 11:06:42.281892: I tensorflow/core/common_runtime/bfc_allocator.cc:1089] InUse at 180f201500 of size 256 next 27
2026-09-10 11:06:42.281986: I tensorflow/core/common_runtime/bfc_allocator.cc:1089] InUse at 180f201600 of size 256 next 44
2026-09-10 11:06:42.282074: I tensorflow/core/common_runtime/bfc_allocator.cc:1089] InUse at 180f201700 of size 256 next 45
2026-09-10 11:06:42.282156: I tensorflow/core/common_runtime/bfc_allocator.cc:1089] InUse at 180f201800 of size 3072 next 10
2026-09-10 11:06:42.282235: I tensorflow/core/common_runtime/bfc_allocator.cc:1089] InUse at 180f202400 of size 3072 next 11
2026-09-10 11:06:42.282315: I tensorflow/core/common_runtime/bfc_allocator.cc:1089] InUse at 180f203000 of size 256 next 46
2026-09-10 11:06:42.282388: I tensorflow/core/common_runtime/bfc_allocator.cc:1089] InUse at 180f203100 of size 256 next 48
2026-09-10 11:06:42.282467: I tensorflow/core/common_runtime/bfc_allocator.cc:1089] InUse at 180f203200 of size 256 next 49
2026-09-10 11:06:42.282598: I tensorflow/core/common_runtime/bfc_allocator.cc:1089] InUse at 180f203300 of size 17664 next 23
2026-09-10 11:06:42.282706: I tensorflow/core/common_runtime/bfc_allocator.cc:1089] InUse at 180f207800 of size 9216 next 24
2026-09-10 11:06:42.282793: I tensorflow/core/common_runtime/bfc_allocator.cc:1089] InUse at 180f209c00 of size 256 next 32
2026-09-10 11:06:42.282872: I tensorflow/core/common_runtime/bfc_allocator.cc:1089] InUse at 180f209d00 of size 256 next 31
2026-09-10 11:06:42.282964: I tensorflow/core/common_runtime/bfc_allocator.cc:1089] InUse at 180f209e00 of size 256 next 33
2026-09-10 11:06:42.283044: I tensorflow/core/common_runtime/bfc_allocator.cc:1089] InUse at 180f209f00 of size 256 next 35
2026-09-10 11:06:42.283139: I tensorflow/core/common_runtime/bfc_allocator.cc:1089] InUse at 180f20a000 of size 256 next 36
2026-09-10 11:06:42.283226: I tensorflow/core/common_runtime/bfc_allocator.cc:1089] InUse at 180f20a100 of size 256 next 37
2026-09-10 11:06:42.283318: I tensorflow/core/common_runtime/bfc_allocator.cc:1089] InUse at 180f20a200 of size 256 next 38
2026-09-10 11:06:42.283405: I tensorflow/core/common_runtime/bfc_allocator.cc:1089] InUse at 180f20a300 of size 256 next 39
2026-09-10 11:06:42.283519: I tensorflow/core/common_runtime/bfc_allocator.cc:1089] InUse at 180f20a400 of size 256 next 40
2026-09-10 11:06:42.283612: I tensorflow/core/common_runtime/bfc_allocator.cc:1089] InUse at 180f20a500 of size 256 next 41
2026-09-10 11:06:42.283716: I tensorflow/core/common_runtime/bfc_allocator.cc:1089] InUse at 180f20a600 of size 256 next 42
2026-09-10 11:06:42.283789: I tensorflow/core/common_runtime/bfc_allocator.cc:1089] InUse at 180f20a700 of size 256 next 43
2026-09-10 11:06:42.283863: I tensorflow/core/common_runtime/bfc_allocator.cc:1089] InUse at 180f20a800 of size 256 next 34
2026-09-10 11:06:42.283950: I tensorflow/core/common_runtime/bfc_allocator.cc:1089] InUse at 180f20a900 of size 5888 next 19
2026-09-10 11:06:42.284026: I tensorflow/core/common_runtime/bfc_allocator.cc:1089] InUse at 180f20c000 of size 18432 next 20
2026-09-10 11:06:42.284113: I tensorflow/core/common_runtime/bfc_allocator.cc:1089] InUse at 180f210800 of size 18432 next 25
2026-09-10 11:06:42.284188: I tensorflow/core/common_runtime/bfc_allocator.cc:1089] InUse at 180f215000 of size 18432 next 26
2026-09-10 11:06:42.284259: I tensorflow/core/common_runtime/bfc_allocator.cc:1089] InUse at 180f219800 of size 256 next 50
2026-09-10 11:06:42.284605: I tensorflow/core/common_runtime/bfc_allocator.cc:1089] InUse at 180f219900 of size 18432 next 51
2026-09-10 11:06:42.284684: I tensorflow/core/common_runtime/bfc_allocator.cc:1089] InUse at 180f21e100 of size 256 next 52
2026-09-10 11:06:42.284757: I tensorflow/core/common_runtime/bfc_allocator.cc:1089] InUse at 180f21e200 of size 256 next 53
2026-09-10 11:06:42.284832: I tensorflow/core/common_runtime/bfc_allocator.cc:1089] InUse at 180f21e300 of size 3072 next 54
2026-09-10 11:06:42.284924: I tensorflow/core/common_runtime/bfc_allocator.cc:1089] InUse at 180f21ef00 of size 256 next 55
2026-09-10 11:06:42.284998: I tensorflow/core/common_runtime/bfc_allocator.cc:1089] InUse at 180f21f000 of size 3072 next 56
2026-09-10 11:06:42.285073: I tensorflow/core/common_runtime/bfc_allocator.cc:1089] InUse at 180f21fc00 of size 256 next 57
2026-09-10 11:06:42.285142: I tensorflow/core/common_runtime/bfc_allocator.cc:1089] InUse at 180f21fd00 of size 256 next 59
2026-09-10 11:06:42.285220: I tensorflow/core/common_runtime/bfc_allocator.cc:1089] InUse at 180f21fe00 of size 29184 next 15
2026-09-10 11:06:42.285290: I tensorflow/core/common_runtime/bfc_allocator.cc:1089] InUse at 180f227000 of size 73728 next 16
2026-09-10 11:06:42.285371: I tensorflow/core/common_runtime/bfc_allocator.cc:1089] InUse at 180f239000 of size 73728 next 47
2026-09-10 11:06:42.285459: I tensorflow/core/common_runtime/bfc_allocator.cc:1089] InUse at 180f24b000 of size 73728 next 29
2026-09-10 11:06:42.285534: I tensorflow/core/common_runtime/bfc_allocator.cc:1089] InUse at 180f25d000 of size 73728 next 30
2026-09-10 11:06:42.285610: I tensorflow/core/common_runtime/bfc_allocator.cc:1089] InUse at 180f26f000 of size 73728 next 58
2026-09-10 11:06:42.285678: I tensorflow/core/common_runtime/bfc_allocator.cc:1089] InUse at 180f281000 of size 256 next 60
2026-09-10 11:06:42.285745: I tensorflow/core/common_runtime/bfc_allocator.cc:1089] InUse at 180f281100 of size 9216 next 61
2026-09-10 11:06:42.285814: I tensorflow/core/common_runtime/bfc_allocator.cc:1089] InUse at 180f283500 of size 256 next 62
2026-09-10 11:06:42.285904: I tensorflow/core/common_runtime/bfc_allocator.cc:1089] InUse at 180f283600 of size 18432 next 63
2026-09-10 11:06:42.285979: I tensorflow/core/common_runtime/bfc_allocator.cc:1089] InUse at 180f287e00 of size 256 next 64
2026-09-10 11:06:42.286046: I tensorflow/core/common_runtime/bfc_allocator.cc:1089] InUse at 180f287f00 of size 73728 next 65
2026-09-10 11:06:42.286127: I tensorflow/core/common_runtime/bfc_allocator.cc:1089] InUse at 180f299f00 of size 256 next 66
2026-09-10 11:06:42.286200: I tensorflow/core/common_runtime/bfc_allocator.cc:1089] InUse at 180f29a000 of size 3072 next 67
2026-09-10 11:06:42.286269: I tensorflow/core/common_runtime/bfc_allocator.cc:1089] InUse at 180f29ac00 of size 256 next 68
2026-09-10 11:06:42.286345: I tensorflow/core/common_runtime/bfc_allocator.cc:1089] InUse at 180f29ad00 of size 256 next 69
2026-09-10 11:06:42.286431: I tensorflow/core/common_runtime/bfc_allocator.cc:1089] InUse at 180f29ae00 of size 256 next 70
2026-09-10 11:06:42.286509: I tensorflow/core/common_runtime/bfc_allocator.cc:1089] InUse at 180f29af00 of size 256 next 71
2026-09-10 11:06:42.286581: I tensorflow/core/common_runtime/bfc_allocator.cc:1089] InUse at 180f29b000 of size 256 next 72
2026-09-10 11:06:42.286648: I tensorflow/core/common_runtime/bfc_allocator.cc:1089] InUse at 180f29b100 of size 256 next 73
2026-09-10 11:06:42.286720: I tensorflow/core/common_runtime/bfc_allocator.cc:1089] InUse at 180f29b200 of size 256 next 74
2026-09-10 11:06:42.286795: I tensorflow/core/common_runtime/bfc_allocator.cc:1089] InUse at 180f29b300 of size 256 next 75
2026-09-10 11:06:42.286863: I tensorflow/core/common_runtime/bfc_allocator.cc:1089] InUse at 180f29b400 of size 256 next 76
2026-09-10 11:06:42.286968: I tensorflow/core/common_runtime/bfc_allocator.cc:1089] InUse at 180f29b500 of size 512 next 77
2026-09-10 11:06:42.287042: I tensorflow/core/common_runtime/bfc_allocator.cc:1089] InUse at 180f29b700 of size 256 next 78
2026-09-10 11:06:42.289621: I tensorflow/core/common_runtime/bfc_allocator.cc:1089] InUse at 180f29b800 of size 256 next 79
2026-09-10 11:06:42.289696: I tensorflow/core/common_runtime/bfc_allocator.cc:1089] InUse at 180f29b900 of size 256 next 80
2026-09-10 11:06:42.289764: I tensorflow/core/common_runtime/bfc_allocator.cc:1089] InUse at 180f29ba00 of size 256 next 81
2026-09-10 11:06:42.289842: I tensorflow/core/common_runtime/bfc_allocator.cc:1089] InUse at 180f29bb00 of size 256 next 82
2026-09-10 11:06:42.289919: I tensorflow/core/common_runtime/bfc_allocator.cc:1089] InUse at 180f29bc00 of size 256 next 83
2026-09-10 11:06:42.289993: I tensorflow/core/common_runtime/bfc_allocator.cc:1089] InUse at 180f29bd00 of size 37879808 next 97
2026-09-10 11:06:42.290074: I tensorflow/core/common_runtime/bfc_allocator.cc:1089] InUse at 18116bbd00 of size 3072 next 104
2026-09-10 11:06:42.290147: I tensorflow/core/common_runtime/bfc_allocator.cc:1089] InUse at 18116bc900 of size 3072 next 121
2026-09-10 11:06:42.290225: I tensorflow/core/common_runtime/bfc_allocator.cc:1089] Free  at 18116bd500 of size 37874688 next 86
2026-09-10 11:06:42.290281: I tensorflow/core/common_runtime/bfc_allocator.cc:1089] InUse at 1813adc100 of size 256 next 120
2026-09-10 11:06:42.290346: I tensorflow/core/common_runtime/bfc_allocator.cc:1089] InUse at 1813adc200 of size 1856249600 next 90
2026-09-10 11:06:42.290454: I tensorflow/core/common_runtime/bfc_allocator.cc:1089] InUse at 188251e100 of size 256 next 91
2026-09-10 11:06:42.290534: I tensorflow/core/common_runtime/bfc_allocator.cc:1089] Free  at 188251e200 of size 37879808 next 111
2026-09-10 11:06:42.290614: I tensorflow/core/common_runtime/bfc_allocator.cc:1089] InUse at 188493e200 of size 909115392 next 113
2026-09-10 11:06:42.290694: I tensorflow/core/common_runtime/bfc_allocator.cc:1089] InUse at 18bac3e200 of size 256 next 102
2026-09-10 11:06:42.290774: I tensorflow/core/common_runtime/bfc_allocator.cc:1089] InUse at 18bac3e300 of size 256 next 92
2026-09-10 11:06:42.290864: I tensorflow/core/common_runtime/bfc_allocator.cc:1089] Free  at 18bac3e400 of size 256 next 96
2026-09-10 11:06:42.290939: I tensorflow/core/common_runtime/bfc_allocator.cc:1089] InUse at 18bac3e500 of size 256 next 106
2026-09-10 11:06:42.291025: I tensorflow/core/common_runtime/bfc_allocator.cc:1089] Free  at 18bac3e600 of size 236747776 next 94
2026-09-10 11:06:42.291094: I tensorflow/core/common_runtime/bfc_allocator.cc:1089] InUse at 18c8e06200 of size 37880320 next 123
2026-09-10 11:06:42.291173: I tensorflow/core/common_runtime/bfc_allocator.cc:1089] Free  at 18cb226400 of size 142049280 next 89
2026-09-10 11:06:42.291251: I tensorflow/core/common_runtime/bfc_allocator.cc:1089] InUse at 18d399e400 of size 256 next 114
2026-09-10 11:06:42.291375: I tensorflow/core/common_runtime/bfc_allocator.cc:1089] InUse at 18d399e500 of size 256 next 110
2026-09-10 11:06:42.291456: I tensorflow/core/common_runtime/bfc_allocator.cc:1089] InUse at 18d399e600 of size 256 next 87
2026-09-10 11:06:42.291539: I tensorflow/core/common_runtime/bfc_allocator.cc:1089] Free  at 18d399e700 of size 256 next 88
2026-09-10 11:06:42.291607: I tensorflow/core/common_runtime/bfc_allocator.cc:1089] InUse at 18d399e800 of size 256 next 84
2026-09-10 11:06:42.291675: I tensorflow/core/common_runtime/bfc_allocator.cc:1089] InUse at 18d399e900 of size 256 next 118
2026-09-10 11:06:42.291742: I tensorflow/core/common_runtime/bfc_allocator.cc:1089] InUse at 18d399ea00 of size 256 next 119
2026-09-10 11:06:42.291826: I tensorflow/core/common_runtime/bfc_allocator.cc:1089] InUse at 18d399eb00 of size 454557696 next 100
2026-09-10 11:06:42.291903: I tensorflow/core/common_runtime/bfc_allocator.cc:1089] Free  at 18eeb1eb00 of size 910788096 next 108
2026-09-10 11:06:42.291983: I tensorflow/core/common_runtime/bfc_allocator.cc:1089] InUse at 1924fb7100 of size 454557696 next 93
2026-09-10 11:06:42.292060: I tensorflow/core/common_runtime/bfc_allocator.cc:1089] Free  at 1940137100 of size 912460800 next 107
2026-09-10 11:06:42.294923: I tensorflow/core/common_runtime/bfc_allocator.cc:1089] InUse at 1976767d00 of size 909115392 next 101
2026-09-10 11:06:42.295004: I tensorflow/core/common_runtime/bfc_allocator.cc:1089] InUse at 19aca67d00 of size 1818230784 next 116
2026-09-10 11:06:42.295086: I tensorflow/core/common_runtime/bfc_allocator.cc:1089] InUse at 1a19067d00 of size 1824921600 next 85
2026-09-10 11:06:42.295179: I tensorflow/core/common_runtime/bfc_allocator.cc:1089] InUse at 1a85cc9500 of size 1818230784 next 95
2026-09-10 11:06:42.295264: I tensorflow/core/common_runtime/bfc_allocator.cc:1089] Free  at 1af22c9500 of size 1756588800 next 18446744073709551615
2026-09-10 11:06:42.295350: I tensorflow/core/common_runtime/bfc_allocator.cc:1094]      Summary of in-use Chunks by size: 
2026-09-10 11:06:42.295428: I tensorflow/core/common_runtime/bfc_allocator.cc:1097] 71 Chunks of size 256 totalling 17.8KiB
2026-09-10 11:06:42.295511: I tensorflow/core/common_runtime/bfc_allocator.cc:1097] 1 Chunks of size 512 totalling 512B
2026-09-10 11:06:42.295566: I tensorflow/core/common_runtime/bfc_allocator.cc:1097] 1 Chunks of size 1280 totalling 1.2KiB
2026-09-10 11:06:42.295651: I tensorflow/core/common_runtime/bfc_allocator.cc:1097] 7 Chunks of size 3072 totalling 21.0KiB
2026-09-10 11:06:42.295727: I tensorflow/core/common_runtime/bfc_allocator.cc:1097] 1 Chunks of size 5888 totalling 5.8KiB
2026-09-10 11:06:42.295795: I tensorflow/core/common_runtime/bfc_allocator.cc:1097] 2 Chunks of size 9216 totalling 18.0KiB
2026-09-10 11:06:42.295869: I tensorflow/core/common_runtime/bfc_allocator.cc:1097] 1 Chunks of size 17664 totalling 17.2KiB
2026-09-10 11:06:42.295943: I tensorflow/core/common_runtime/bfc_allocator.cc:1097] 5 Chunks of size 18432 totalling 90.0KiB
2026-09-10 11:06:42.296032: I tensorflow/core/common_runtime/bfc_allocator.cc:1097] 1 Chunks of size 29184 totalling 28.5KiB
2026-09-10 11:06:42.296106: I tensorflow/core/common_runtime/bfc_allocator.cc:1097] 6 Chunks of size 73728 totalling 432.0KiB
2026-09-10 11:06:42.296201: I tensorflow/core/common_runtime/bfc_allocator.cc:1097] 1 Chunks of size 37879808 totalling 36.12MiB
2026-09-10 11:06:42.296277: I tensorflow/core/common_runtime/bfc_allocator.cc:1097] 1 Chunks of size 37880320 totalling 36.12MiB
2026-09-10 11:06:42.296352: I tensorflow/core/common_runtime/bfc_allocator.cc:1097] 2 Chunks of size 454557696 totalling 867.00MiB
2026-09-10 11:06:42.296428: I tensorflow/core/common_runtime/bfc_allocator.cc:1097] 2 Chunks of size 909115392 totalling 1.69GiB
2026-09-10 11:06:42.296517: I tensorflow/core/common_runtime/bfc_allocator.cc:1097] 2 Chunks of size 1818230784 totalling 3.39GiB
2026-09-10 11:06:42.296593: I tensorflow/core/common_runtime/bfc_allocator.cc:1097] 1 Chunks of size 1824921600 totalling 1.70GiB
2026-09-10 11:06:42.296680: I tensorflow/core/common_runtime/bfc_allocator.cc:1097] 1 Chunks of size 1856249600 totalling 1.73GiB
2026-09-10 11:06:42.296761: I tensorflow/core/common_runtime/bfc_allocator.cc:1101] Sum Total of in-use chunks: 9.43GiB
2026-09-10 11:06:42.296835: I tensorflow/core/common_runtime/bfc_allocator.cc:1103] total_region_allocated_bytes_: 14155776000 memory_limit_: 14155776000 available bytes: 0 curr_region_allocation_bytes_: 28311552000
2026-09-10 11:06:42.296980: I tensorflow/core/common_runtime/bfc_allocator.cc:1109] Stats: 
Limit:                     14155776000
InUse:                     10121386240
MaxInUse:                  12099225856
NumAllocs:                         582
MaxAllocSize:               2750891264
Reserved:                            0
PeakReserved:                        0
LargestFreeBlock:                    0

2026-09-10 11:06:42.297226: W tensorflow/core/common_runtime/bfc_allocator.cc:491] *********************_*****_____*****_____**********************************************____________
2026-09-10 11:06:42.297361: W tensorflow/core/framework/op_kernel.cc:1780] OP_REQUIRES failed at conv_grad_input_ops.cc:403 : RESOURCE_EXHAUSTED: OOM when allocating tensor with shape[32,544,544,48] and type float on /job:localhost/replica:0/task:0/device:GPU:0 by allocator GPU_0_bfc
Traceback (most recent call last):
  File "C:\d_surucusu\visual_navigation\autoencoder_sat_to_map\egitim\temp_autoencoder_unified_bce_b32.py", line 1608, in <module>
    main()
  File "C:\d_surucusu\visual_navigation\autoencoder_sat_to_map\egitim\temp_autoencoder_unified_bce_b32.py", line 1585, in main
    history = model.fit(
  File "C:\Users\ertugrul\anaconda3\envs\visual_navigation_cuda\lib\site-packages\keras\utils\traceback_utils.py", line 70, in error_handler
    raise e.with_traceback(filtered_tb) from None
  File "C:\Users\ertugrul\anaconda3\envs\visual_navigation_cuda\lib\site-packages\tensorflow\python\eager\execute.py", line 54, in quick_execute
    tensors = pywrap_tfe.TFE_Py_Execute(ctx._handle, device_name, op_name,
tensorflow.python.framework.errors_impl.ResourceExhaustedError: Graph execution error:

Detected at node 'gradient_tape/model/model_output/Conv2D/Conv2DBackpropInput' defined at (most recent call last):
    File "C:\d_surucusu\visual_navigation\autoencoder_sat_to_map\egitim\temp_autoencoder_unified_bce_b32.py", line 1608, in <module>
      main()
    File "C:\d_surucusu\visual_navigation\autoencoder_sat_to_map\egitim\temp_autoencoder_unified_bce_b32.py", line 1585, in main
      history = model.fit(
    File "C:\Users\ertugrul\anaconda3\envs\visual_navigation_cuda\lib\site-packages\keras\utils\traceback_utils.py", line 65, in error_handler
      return fn(*args, **kwargs)
    File "C:\Users\ertugrul\anaconda3\envs\visual_navigation_cuda\lib\site-packages\keras\engine\training.py", line 1564, in fit
      tmp_logs = self.train_function(iterator)
    File "C:\Users\ertugrul\anaconda3\envs\visual_navigation_cuda\lib\site-packages\keras\engine\training.py", line 1160, in train_function
      return step_function(self, iterator)
    File "C:\Users\ertugrul\anaconda3\envs\visual_navigation_cuda\lib\site-packages\keras\engine\training.py", line 1146, in step_function
      outputs = model.distribute_strategy.run(run_step, args=(data,))
    File "C:\Users\ertugrul\anaconda3\envs\visual_navigation_cuda\lib\site-packages\keras\engine\training.py", line 1135, in run_step
      outputs = model.train_step(data)
    File "C:\Users\ertugrul\anaconda3\envs\visual_navigation_cuda\lib\site-packages\keras\engine\training.py", line 997, in train_step
      self.optimizer.minimize(loss, self.trainable_variables, tape=tape)
    File "C:\Users\ertugrul\anaconda3\envs\visual_navigation_cuda\lib\site-packages\keras\optimizers\optimizer_v2\optimizer_v2.py", line 576, in minimize
      grads_and_vars = self._compute_gradients(
    File "C:\Users\ertugrul\anaconda3\envs\visual_navigation_cuda\lib\site-packages\keras\optimizers\optimizer_v2\optimizer_v2.py", line 634, in _compute_gradients
      grads_and_vars = self._get_gradients(
    File "C:\Users\ertugrul\anaconda3\envs\visual_navigation_cuda\lib\site-packages\keras\optimizers\optimizer_v2\optimizer_v2.py", line 510, in _get_gradients
      grads = tape.gradient(loss, var_list, grad_loss)
Node: 'gradient_tape/model/model_output/Conv2D/Conv2DBackpropInput'
OOM when allocating tensor with shape[32,544,544,48] and type float on /job:localhost/replica:0/task:0/device:GPU:0 by allocator GPU_0_bfc
	 [[{{node gradient_tape/model/model_output/Conv2D/Conv2DBackpropInput}}]]
Hint: If you want to see a list of allocated tensors when OOM happens, add report_tensor_allocations_upon_oom to RunOptions for current allocation info. This isn't available when running in Eager mode.
 [Op:__inference_train_function_1886]

=== 2026-09-10T11:06:43.707436 | batch=16 ===
UYARI: tensorflow_addons yüklü değil. Histogram eşitleme devre dışı.

============================================================
                    YAPILANDIRMA
============================================================
  Veri Dizini:        E:\temp\tez__ayna\python_calismalar\larger-google-sat2maps-dataset\islenmis\sonuclar_19
  Giris Renk Modu:    grayscale (1 kanal)
  Cikis Renk Modu:    grayscale (1 kanal)
  Görüntü Boyutu:     544x544
  Model Tipi:         flat_bottleneck
  Önceden Eğitilmiş:  Yok
  Gizli Aktivasyon:   elu
  Cikis Aktivasyonu:  sigmoid
  Filtre Sayısı:      48
  Kernel Boyutu:      (4, 4)
  Stride:             (1, 1)
  Batch Size:         16
  Epochs:             20
  Learning Rate:      0.001
  Optimizer:          adam
  Loss:               binary_crossentropy
  Train/Val Split:    0.9/0.09999999999999998
  Random Seed:        42
============================================================

Veri setleri oluşturuluyor...
Toplam dosya sayısı: 6716
?? Dosya doğrulama: CACHE MODUNDA
? Cache'den yüklendi: 6716 geçerli dosya
Eğitim seti: 6044 görüntü
Doğrulama seti: 672 görüntü
Bos karo filtresi aktif: white>=245.0, max_white_ratio=0.99, min_dark_ratio=0.005
2026-09-10 11:06:51.319333: W tensorflow/core/common_runtime/gpu/gpu_device.cc:2027] TensorFlow was not built with CUDA kernel binaries compatible with compute capability 12.0. CUDA kernels will be jit-compiled from PTX, which could take 30 minutes or longer.
2026-09-10 11:06:51.319953: I tensorflow/core/platform/cpu_feature_guard.cc:193] This TensorFlow binary is optimized with oneAPI Deep Neural Network Library (oneDNN) to use the following CPU instructions in performance-critical operations:  AVX AVX2
To enable them in other operations, rebuild TensorFlow with the appropriate compiler flags.
2026-09-10 11:06:51.322630: W tensorflow/core/common_runtime/gpu/gpu_device.cc:2027] TensorFlow was not built with CUDA kernel binaries compatible with compute capability 12.0. CUDA kernels will be jit-compiled from PTX, which could take 30 minutes or longer.
2026-09-10 11:08:54.836076: I tensorflow/core/common_runtime/gpu/gpu_device.cc:1616] Created device /job:localhost/replica:0/task:0/device:GPU:0 with 13500 MB memory:  -> device: 0, name: NVIDIA GeForce RTX 5060 Ti, pci bus id: 0000:01:00.0, compute capability: 12.0
Giriş boyutu: (544, 544, 1)
Model oluşturuluyor: flat_bottleneck
Model: "model"
_________________________________________________________________
 Layer (type)                Output Shape              Param #   
=================================================================
 input_1 (InputLayer)        [(None, 544, 544, 1)]     0         
                                                                 
 conv2d (Conv2D)             (None, 544, 544, 48)      816       
                                                                 
 conv2d_1 (Conv2D)           (None, 544, 544, 24)      18456     
                                                                 
 conv2d_2 (Conv2D)           (None, 544, 544, 12)      4620      
                                                                 
 conv2d_transpose (Conv2DTra  (None, 544, 544, 12)     2316      
 nspose)                                                         
                                                                 
 conv2d_transpose_1 (Conv2DT  (None, 544, 544, 24)     4632      
 ranspose)                                                       
                                                                 
 conv2d_transpose_2 (Conv2DT  (None, 544, 544, 48)     18480     
 ranspose)                                                       
                                                                 
 model_output (Conv2D)       (None, 544, 544, 1)       769       
                                                                 
=================================================================
Total params: 50,089
Trainable params: 50,089
Non-trainable params: 0
_________________________________________________________________

============================================================
                    EĞİTİM BLIYOR
============================================================

Epoch 1/20
2026-09-10 11:10:24.496301: I tensorflow/stream_executor/cuda/cuda_dnn.cc:384] Loaded cuDNN version 8100

      1/Unknown - 174s 174s/step - loss: 0.6904 - mae: 0.4826 - mse: 0.2475 - ssim_metric: 0.1230
      2/Unknown - 175s 791ms/step - loss: 0.6097 - mae: 0.3841 - mse: 0.2076 - ssim_metric: 0.2695
      3/Unknown - 175s 792ms/step - loss: 0.6082 - mae: 0.3717 - mse: 0.2037 - ssim_metric: 0.2866
      4/Unknown - 176s 791ms/step - loss: 0.5975 - mae: 0.3729 - mse: 0.1994 - ssim_metric: 0.2772
      5/Unknown - 177s 791ms/step - loss: 0.5720 - mae: 0.3536 - mse: 0.1885 - ssim_metric: 0.3124
      6/Unknown - 178s 792ms/step - loss: 0.5754 - mae: 0.3511 - mse: 0.1892 - ssim_metric: 0.3201
      7/Unknown - 179s 791ms/step - loss: 0.5687 - mae: 0.3433 - mse: 0.1857 - ssim_metric: 0.3359
      8/Unknown - 179s 792ms/step - loss: 0.5515 - mae: 0.3346 - mse: 0.1788 - ssim_metric: 0.3416
      9/Unknown - 180s 793ms/step - loss: 0.5371 - mae: 0.3295 - mse: 0.1728 - ssim_metric: 0.3431
     10/Unknown - 181s 793ms/step - loss: 0.5287 - mae: 0.3245 - mse: 0.1693 - ssim_metric: 0.3497
     11/Unknown - 182s 792ms/step - loss: 0.5282 - mae: 0.3227 - mse: 0.1694 - ssim_metric: 0.3541
     12/Unknown - 183s 793ms/step - loss: 0.5239 - mae: 0.3185 - mse: 0.1678 - ssim_metric: 0.3604
     13/Unknown - 183s 793ms/step - loss: 0.5283 - mae: 0.3166 - mse: 0.1685 - ssim_metric: 0.3668
     14/Unknown - 184s 793ms/step - loss: 0.5407 - mae: 0.3217 - mse: 0.1730 - ssim_metric: 0.3648
     15/Unknown - 185s 793ms/step - loss: 0.5297 - mae: 0.3186 - mse: 0.1687 - ssim_metric: 0.3693
     16/Unknown - 186s 793ms/step - loss: 0.5307 - mae: 0.3213 - mse: 0.1694 - ssim_metric: 0.3697
     17/Unknown - 187s 793ms/step - loss: 0.5278 - mae: 0.3224 - mse: 0.1683 - ssim_metric: 0.3696
     18/Unknown - 187s 793ms/step - loss: 0.5289 - mae: 0.3236 - mse: 0.1689 - ssim_metric: 0.3703
     19/Unknown - 188s 793ms/step - loss: 0.5263 - mae: 0.3224 - mse: 0.1681 - ssim_metric: 0.3735
     20/Unknown - 189s 793ms/step - loss: 0.5191 - mae: 0.3194 - mse: 0.1652 - ssim_metric: 0.3785
     21/Unknown - 190s 793ms/step - loss: 0.5123 - mae: 0.3140 - mse: 0.1624 - ssim_metric: 0.3865
     22/Unknown - 191s 794ms/step - loss: 0.5064 - mae: 0.3091 - mse: 0.1602 - ssim_metric: 0.3939
     23/Unknown - 191s 794ms/step - loss: 0.5032 - mae: 0.3053 - mse: 0.1586 - ssim_metric: 0.4025
     24/Unknown - 192s 794ms/step - loss: 0.5007 - mae: 0.3023 - mse: 0.1576 - ssim_metric: 0.4088
     25/Unknown - 193s 794ms/step - loss: 0.5038 - mae: 0.3020 - mse: 0.1588 - ssim_metric: 0.4105
     26/Unknown - 194s 794ms/step - loss: 0.5032 - mae: 0.3018 - mse: 0.1586 - ssim_metric: 0.4135
     27/Unknown - 195s 794ms/step - loss: 0.5005 - mae: 0.3014 - mse: 0.1577 - ssim_metric: 0.4169
     28/Unknown - 195s 794ms/step - loss: 0.5007 - mae: 0.3027 - mse: 0.1578 - ssim_metric: 0.4164
     29/Unknown - 196s 794ms/step - loss: 0.4990 - mae: 0.3034 - mse: 0.1573 - ssim_metric: 0.4166
     30/Unknown - 197s 794ms/step - loss: 0.4984 - mae: 0.3044 - mse: 0.1571 - ssim_metric: 0.4175
     31/Unknown - 198s 794ms/step - loss: 0.4986 - mae: 0.3051 - mse: 0.1573 - ssim_metric: 0.4178
     32/Unknown - 199s 794ms/step - loss: 0.4989 - mae: 0.3053 - mse: 0.1576 - ssim_metric: 0.4186
     33/Unknown - 199s 794ms/step - loss: 0.4953 - mae: 0.3040 - mse: 0.1562 - ssim_metric: 0.4231
     34/Unknown - 200s 794ms/step - loss: 0.4959 - mae: 0.3042 - mse: 0.1565 - ssim_metric: 0.4233
     35/Unknown - 201s 794ms/step - loss: 0.4927 - mae: 0.3021 - mse: 0.1553 - ssim_metric: 0.4276
     36/Unknown - 202s 794ms/step - loss: 0.4927 - mae: 0.3015 - mse: 0.1553 - ssim_metric: 0.4297
     37/Unknown - 203s 795ms/step - loss: 0.4893 - mae: 0.2994 - mse: 0.1539 - ssim_metric: 0.4337
     38/Unknown - 203s 795ms/step - loss: 0.4870 - mae: 0.2980 - mse: 0.1531 - ssim_metric: 0.4361
     39/Unknown - 204s 795ms/step - loss: 0.4866 - mae: 0.2973 - mse: 0.1529 - ssim_metric: 0.4385
     40/Unknown - 205s 795ms/step - loss: 0.4850 - mae: 0.2962 - mse: 0.1522 - ssim_metric: 0.4407
     41/Unknown - 206s 795ms/step - loss: 0.4830 - mae: 0.2949 - mse: 0.1515 - ssim_metric: 0.4437
     42/Unknown - 206s 795ms/step - loss: 0.4784 - mae: 0.2924 - mse: 0.1497 - ssim_metric: 0.4481
     43/Unknown - 207s 795ms/step - loss: 0.4773 - mae: 0.2913 - mse: 0.1493 - ssim_metric: 0.4502
     44/Unknown - 208s 795ms/step - loss: 0.4780 - mae: 0.2911 - mse: 0.1496 - ssim_metric: 0.4510
     45/Unknown - 209s 795ms/step - loss: 0.4806 - mae: 0.2919 - mse: 0.1506 - ssim_metric: 0.4501
     46/Unknown - 210s 795ms/step - loss: 0.4799 - mae: 0.2914 - mse: 0.1504 - ssim_metric: 0.4522
     47/Unknown - 210s 795ms/step - loss: 0.4789 - mae: 0.2912 - mse: 0.1501 - ssim_metric: 0.4539
     48/Unknown - 211s 795ms/step - loss: 0.4767 - mae: 0.2906 - mse: 0.1492 - ssim_metric: 0.4561
     49/Unknown - 212s 795ms/step - loss: 0.4787 - mae: 0.2915 - mse: 0.1500 - ssim_metric: 0.4559
     50/Unknown - 213s 795ms/step - loss: 0.4776 - mae: 0.2915 - mse: 0.1496 - ssim_metric: 0.4575
     51/Unknown - 214s 795ms/step - loss: 0.4760 - mae: 0.2912 - mse: 0.1489 - ssim_metric: 0.4578
     52/Unknown - 214s 795ms/step - loss: 0.4759 - mae: 0.2913 - mse: 0.1489 - ssim_metric: 0.4593
     53/Unknown - 215s 795ms/step - loss: 0.4752 - mae: 0.2910 - mse: 0.1487 - ssim_metric: 0.4605
     54/Unknown - 216s 795ms/step - loss: 0.4752 - mae: 0.2908 - mse: 0.1487 - ssim_metric: 0.4616
     55/Unknown - 217s 795ms/step - loss: 0.4749 - mae: 0.2904 - mse: 0.1486 - ssim_metric: 0.4634
     56/Unknown - 218s 795ms/step - loss: 0.4746 - mae: 0.2901 - mse: 0.1485 - ssim_metric: 0.4642
     57/Unknown - 218s 795ms/step - loss: 0.4731 - mae: 0.2892 - mse: 0.1479 - ssim_metric: 0.4662
     58/Unknown - 219s 795ms/step - loss: 0.4745 - mae: 0.2893 - mse: 0.1484 - ssim_metric: 0.4669
     59/Unknown - 220s 795ms/step - loss: 0.4750 - mae: 0.2892 - mse: 0.1485 - ssim_metric: 0.4677
     60/Unknown - 221s 795ms/step - loss: 0.4760 - mae: 0.2894 - mse: 0.1490 - ssim_metric: 0.4688
     61/Unknown - 222s 795ms/step - loss: 0.4740 - mae: 0.2885 - mse: 0.1482 - ssim_metric: 0.4717
     62/Unknown - 222s 795ms/step - loss: 0.4729 - mae: 0.2886 - mse: 0.1477 - ssim_metric: 0.4731
     63/Unknown - 223s 795ms/step - loss: 0.4734 - mae: 0.2892 - mse: 0.1480 - ssim_metric: 0.4732
     64/Unknown - 224s 795ms/step - loss: 0.4720 - mae: 0.2889 - mse: 0.1474 - ssim_metric: 0.4751
     65/Unknown - 225s 795ms/step - loss: 0.4704 - mae: 0.2883 - mse: 0.1467 - ssim_metric: 0.4776
     66/Unknown - 226s 795ms/step - loss: 0.4714 - mae: 0.2887 - mse: 0.1472 - ssim_metric: 0.4777
     67/Unknown - 226s 795ms/step - loss: 0.4713 - mae: 0.2885 - mse: 0.1472 - ssim_metric: 0.4785
     68/Unknown - 227s 795ms/step - loss: 0.4716 - mae: 0.2882 - mse: 0.1473 - ssim_metric: 0.4791
     69/Unknown - 228s 795ms/step - loss: 0.4721 - mae: 0.2883 - mse: 0.1474 - ssim_metric: 0.4796
     70/Unknown - 229s 795ms/step - loss: 0.4722 - mae: 0.2881 - mse: 0.1475 - ssim_metric: 0.4805
     71/Unknown - 230s 795ms/step - loss: 0.4719 - mae: 0.2879 - mse: 0.1474 - ssim_metric: 0.4816
     72/Unknown - 230s 795ms/step - loss: 0.4733 - mae: 0.2884 - mse: 0.1480 - ssim_metric: 0.4815
     73/Unknown - 231s 795ms/step - loss: 0.4733 - mae: 0.2884 - mse: 0.1479 - ssim_metric: 0.4822
     74/Unknown - 232s 795ms/step - loss: 0.4728 - mae: 0.2887 - mse: 0.1478 - ssim_metric: 0.4825
     75/Unknown - 233s 796ms/step - loss: 0.4721 - mae: 0.2888 - mse: 0.1475 - ssim_metric: 0.4829
     76/Unknown - 234s 795ms/step - loss: 0.4709 - mae: 0.2885 - mse: 0.1470 - ssim_metric: 0.4840
     77/Unknown - 234s 796ms/step - loss: 0.4713 - mae: 0.2890 - mse: 0.1471 - ssim_metric: 0.4841
     78/Unknown - 235s 796ms/step - loss: 0.4709 - mae: 0.2888 - mse: 0.1470 - ssim_metric: 0.4853
     79/Unknown - 236s 796ms/step - loss: 0.4720 - mae: 0.2890 - mse: 0.1474 - ssim_metric: 0.4859
     80/Unknown - 237s 796ms/step - loss: 0.4726 - mae: 0.2889 - mse: 0.1477 - ssim_metric: 0.4871
     81/Unknown - 238s 796ms/step - loss: 0.4722 - mae: 0.2886 - mse: 0.1475 - ssim_metric: 0.4883
     82/Unknown - 238s 796ms/step - loss: 0.4724 - mae: 0.2885 - mse: 0.1476 - ssim_metric: 0.4895
     83/Unknown - 239s 796ms/step - loss: 0.4720 - mae: 0.2885 - mse: 0.1475 - ssim_metric: 0.4903
     84/Unknown - 240s 796ms/step - loss: 0.4722 - mae: 0.2887 - mse: 0.1476 - ssim_metric: 0.4912
     85/Unknown - 241s 796ms/step - loss: 0.4709 - mae: 0.2883 - mse: 0.1471 - ssim_metric: 0.4928
     86/Unknown - 242s 796ms/step - loss: 0.4709 - mae: 0.2885 - mse: 0.1471 - ssim_metric: 0.4934
     87/Unknown - 242s 796ms/step - loss: 0.4702 - mae: 0.2883 - mse: 0.1468 - ssim_metric: 0.4945
     88/Unknown - 243s 796ms/step - loss: 0.4692 - mae: 0.2880 - mse: 0.1465 - ssim_metric: 0.4951
     89/Unknown - 244s 796ms/step - loss: 0.4684 - mae: 0.2876 - mse: 0.1462 - ssim_metric: 0.4962
     90/Unknown - 245s 796ms/step - loss: 0.4693 - mae: 0.2878 - mse: 0.1465 - ssim_metric: 0.4965
     91/Unknown - 246s 796ms/step - loss: 0.4691 - mae: 0.2876 - mse: 0.1464 - ssim_metric: 0.4975
     92/Unknown - 246s 796ms/step - loss: 0.4689 - mae: 0.2875 - mse: 0.1463 - ssim_metric: 0.4979
     93/Unknown - 247s 796ms/step - loss: 0.4688 - mae: 0.2874 - mse: 0.1463 - ssim_metric: 0.4988
     94/Unknown - 248s 796ms/step - loss: 0.4692 - mae: 0.2873 - mse: 0.1464 - ssim_metric: 0.4996
     95/Unknown - 249s 796ms/step - loss: 0.4702 - mae: 0.2875 - mse: 0.1468 - ssim_metric: 0.4998
     96/Unknown - 250s 796ms/step - loss: 0.4698 - mae: 0.2876 - mse: 0.1466 - ssim_metric: 0.5003
     97/Unknown - 250s 796ms/step - loss: 0.4697 - mae: 0.2878 - mse: 0.1466 - ssim_metric: 0.5011
     98/Unknown - 251s 796ms/step - loss: 0.4690 - mae: 0.2876 - mse: 0.1463 - ssim_metric: 0.5024
     99/Unknown - 252s 796ms/step - loss: 0.4684 - mae: 0.2874 - mse: 0.1461 - ssim_metric: 0.5035
    100/Unknown - 253s 796ms/step - loss: 0.4685 - mae: 0.2873 - mse: 0.1461 - ssim_metric: 0.5043
    101/Unknown - 254s 796ms/step - loss: 0.4677 - mae: 0.2869 - mse: 0.1458 - ssim_metric: 0.5057
    102/Unknown - 254s 796ms/step - loss: 0.4668 - mae: 0.2865 - mse: 0.1455 - ssim_metric: 0.5070
    103/Unknown - 255s 796ms/step - loss: 0.4675 - mae: 0.2867 - mse: 0.1458 - ssim_metric: 0.5072
    104/Unknown - 256s 796ms/step - loss: 0.4674 - mae: 0.2865 - mse: 0.1457 - ssim_metric: 0.5081
    105/Unknown - 257s 796ms/step - loss: 0.4668 - mae: 0.2862 - mse: 0.1455 - ssim_metric: 0.5089
    106/Unknown - 257s 796ms/step - loss: 0.4657 - mae: 0.2857 - mse: 0.1451 - ssim_metric: 0.5104
    107/Unknown - 258s 796ms/step - loss: 0.4654 - mae: 0.2853 - mse: 0.1450 - ssim_metric: 0.5116
    108/Unknown - 259s 796ms/step - loss: 0.4666 - mae: 0.2856 - mse: 0.1454 - ssim_metric: 0.5119
    109/Unknown - 260s 796ms/step - loss: 0.4659 - mae: 0.2853 - mse: 0.1451 - ssim_metric: 0.5130
    110/Unknown - 261s 796ms/step - loss: 0.4664 - mae: 0.2855 - mse: 0.1454 - ssim_metric: 0.5132
    111/Unknown - 261s 796ms/step - loss: 0.4659 - mae: 0.2853 - mse: 0.1452 - ssim_metric: 0.5142
    112/Unknown - 262s 796ms/step - loss: 0.4660 - mae: 0.2855 - mse: 0.1452 - ssim_metric: 0.5145
    113/Unknown - 263s 796ms/step - loss: 0.4656 - mae: 0.2855 - mse: 0.1451 - ssim_metric: 0.5153
    114/Unknown - 264s 796ms/step - loss: 0.4653 - mae: 0.2855 - mse: 0.1449 - ssim_metric: 0.5159
    115/Unknown - 265s 796ms/step - loss: 0.4654 - mae: 0.2856 - mse: 0.1450 - ssim_metric: 0.5165
    116/Unknown - 265s 796ms/step - loss: 0.4653 - mae: 0.2856 - mse: 0.1450 - ssim_metric: 0.5168
    117/Unknown - 266s 796ms/step - loss: 0.4660 - mae: 0.2857 - mse: 0.1452 - ssim_metric: 0.5172
    118/Unknown - 267s 796ms/step - loss: 0.4652 - mae: 0.2852 - mse: 0.1449 - ssim_metric: 0.5189
    119/Unknown - 268s 796ms/step - loss: 0.4647 - mae: 0.2849 - mse: 0.1447 - ssim_metric: 0.5199
    120/Unknown - 269s 796ms/step - loss: 0.4643 - mae: 0.2847 - mse: 0.1446 - ssim_metric: 0.5208
    121/Unknown - 269s 796ms/step - loss: 0.4635 - mae: 0.2843 - mse: 0.1443 - ssim_metric: 0.5220
    122/Unknown - 270s 796ms/step - loss: 0.4637 - mae: 0.2843 - mse: 0.1443 - ssim_metric: 0.5226
    123/Unknown - 271s 796ms/step - loss: 0.4640 - mae: 0.2844 - mse: 0.1445 - ssim_metric: 0.5228
    124/Unknown - 272s 796ms/step - loss: 0.4644 - mae: 0.2847 - mse: 0.1447 - ssim_metric: 0.5226
    125/Unknown - 273s 796ms/step - loss: 0.4642 - mae: 0.2847 - mse: 0.1446 - ssim_metric: 0.5232
    126/Unknown - 273s 796ms/step - loss: 0.4639 - mae: 0.2848 - mse: 0.1445 - ssim_metric: 0.5234
    127/Unknown - 274s 796ms/step - loss: 0.4635 - mae: 0.2847 - mse: 0.1443 - ssim_metric: 0.5242
    128/Unknown - 275s 796ms/step - loss: 0.4630 - mae: 0.2844 - mse: 0.1441 - ssim_metric: 0.5249
    129/Unknown - 276s 796ms/step - loss: 0.4628 - mae: 0.2843 - mse: 0.1440 - ssim_metric: 0.5260
    130/Unknown - 277s 796ms/step - loss: 0.4638 - mae: 0.2845 - mse: 0.1444 - ssim_metric: 0.5260
    131/Unknown - 277s 796ms/step - loss: 0.4639 - mae: 0.2844 - mse: 0.1445 - ssim_metric: 0.5270
    132/Unknown - 278s 796ms/step - loss: 0.4637 - mae: 0.2842 - mse: 0.1444 - ssim_metric: 0.5277
    133/Unknown - 279s 796ms/step - loss: 0.4635 - mae: 0.2842 - mse: 0.1444 - ssim_metric: 0.5283
    134/Unknown - 280s 796ms/step - loss: 0.4639 - mae: 0.2844 - mse: 0.1445 - ssim_metric: 0.5286
    135/Unknown - 281s 796ms/step - loss: 0.4643 - mae: 0.2847 - mse: 0.1447 - ssim_metric: 0.5287
    136/Unknown - 281s 796ms/step - loss: 0.4646 - mae: 0.2851 - mse: 0.1448 - ssim_metric: 0.5286
    137/Unknown - 282s 796ms/step - loss: 0.4643 - mae: 0.2852 - mse: 0.1447 - ssim_metric: 0.5291
    138/Unknown - 283s 796ms/step - loss: 0.4646 - mae: 0.2856 - mse: 0.1448 - ssim_metric: 0.5289
    139/Unknown - 284s 796ms/step - loss: 0.4645 - mae: 0.2858 - mse: 0.1448 - ssim_metric: 0.5292
    140/Unknown - 285s 796ms/step - loss: 0.4646 - mae: 0.2859 - mse: 0.1449 - ssim_metric: 0.5295
    141/Unknown - 285s 796ms/step - loss: 0.4650 - mae: 0.2859 - mse: 0.1450 - ssim_metric: 0.5299
    142/Unknown - 286s 796ms/step - loss: 0.4644 - mae: 0.2857 - mse: 0.1448 - ssim_metric: 0.5310
    143/Unknown - 287s 796ms/step - loss: 0.4647 - mae: 0.2858 - mse: 0.1449 - ssim_metric: 0.5313
    144/Unknown - 288s 797ms/step - loss: 0.4646 - mae: 0.2857 - mse: 0.1449 - ssim_metric: 0.5318
    145/Unknown - 289s 797ms/step - loss: 0.4642 - mae: 0.2856 - mse: 0.1447 - ssim_metric: 0.5328
    146/Unknown - 289s 797ms/step - loss: 0.4640 - mae: 0.2854 - mse: 0.1446 - ssim_metric: 0.5336
    147/Unknown - 290s 797ms/step - loss: 0.4647 - mae: 0.2857 - mse: 0.1449 - ssim_metric: 0.5337
    148/Unknown - 291s 797ms/step - loss: 0.4642 - mae: 0.2855 - mse: 0.1447 - ssim_metric: 0.5346
    149/Unknown - 292s 797ms/step - loss: 0.4647 - mae: 0.2858 - mse: 0.1450 - ssim_metric: 0.5347
    150/Unknown - 293s 797ms/step - loss: 0.4645 - mae: 0.2857 - mse: 0.1449 - ssim_metric: 0.5353
    151/Unknown - 293s 797ms/step - loss: 0.4651 - mae: 0.2861 - mse: 0.1451 - ssim_metric: 0.5353
    152/Unknown - 294s 797ms/step - loss: 0.4653 - mae: 0.2863 - mse: 0.1452 - ssim_metric: 0.5357
    153/Unknown - 295s 797ms/step - loss: 0.4650 - mae: 0.2863 - mse: 0.1451 - ssim_metric: 0.5362
    154/Unknown - 296s 797ms/step - loss: 0.4648 - mae: 0.2863 - mse: 0.1450 - ssim_metric: 0.5368
    155/Unknown - 297s 797ms/step - loss: 0.4648 - mae: 0.2865 - mse: 0.1450 - ssim_metric: 0.5373
    156/Unknown - 297s 797ms/step - loss: 0.4645 - mae: 0.2864 - mse: 0.1449 - ssim_metric: 0.5380
    157/Unknown - 298s 797ms/step - loss: 0.4644 - mae: 0.2864 - mse: 0.1449 - ssim_metric: 0.5384
    158/Unknown - 299s 797ms/step - loss: 0.4649 - mae: 0.2865 - mse: 0.1451 - ssim_metric: 0.5386
    159/Unknown - 300s 797ms/step - loss: 0.4651 - mae: 0.2865 - mse: 0.1452 - ssim_metric: 0.5391
    160/Unknown - 301s 797ms/step - loss: 0.4651 - mae: 0.2864 - mse: 0.1451 - ssim_metric: 0.5396
    161/Unknown - 301s 797ms/step - loss: 0.4653 - mae: 0.2865 - mse: 0.1453 - ssim_metric: 0.5399
    162/Unknown - 302s 797ms/step - loss: 0.4649 - mae: 0.2864 - mse: 0.1451 - ssim_metric: 0.5403
    163/Unknown - 303s 797ms/step - loss: 0.4645 - mae: 0.2862 - mse: 0.1449 - ssim_metric: 0.5410
    164/Unknown - 304s 797ms/step - loss: 0.4642 - mae: 0.2861 - mse: 0.1449 - ssim_metric: 0.5416
    165/Unknown - 305s 797ms/step - loss: 0.4642 - mae: 0.2861 - mse: 0.1449 - ssim_metric: 0.5420
    166/Unknown - 305s 797ms/step - loss: 0.4647 - mae: 0.2863 - mse: 0.1450 - ssim_metric: 0.5420
    167/Unknown - 306s 797ms/step - loss: 0.4646 - mae: 0.2863 - mse: 0.1450 - ssim_metric: 0.5423
    168/Unknown - 307s 797ms/step - loss: 0.4648 - mae: 0.2865 - mse: 0.1451 - ssim_metric: 0.5424
    169/Unknown - 308s 797ms/step - loss: 0.4644 - mae: 0.2864 - mse: 0.1450 - ssim_metric: 0.5430
    170/Unknown - 309s 797ms/step - loss: 0.4646 - mae: 0.2866 - mse: 0.1451 - ssim_metric: 0.5431
    171/Unknown - 309s 797ms/step - loss: 0.4644 - mae: 0.2866 - mse: 0.1450 - ssim_metric: 0.5434
    172/Unknown - 310s 797ms/step - loss: 0.4639 - mae: 0.2864 - mse: 0.1448 - ssim_metric: 0.5439
    173/Unknown - 311s 797ms/step - loss: 0.4642 - mae: 0.2865 - mse: 0.1449 - ssim_metric: 0.5441
    174/Unknown - 312s 797ms/step - loss: 0.4641 - mae: 0.2865 - mse: 0.1449 - ssim_metric: 0.5443
    175/Unknown - 313s 797ms/step - loss: 0.4643 - mae: 0.2866 - mse: 0.1450 - ssim_metric: 0.5444
    176/Unknown - 313s 797ms/step - loss: 0.4644 - mae: 0.2866 - mse: 0.1450 - ssim_metric: 0.5448
    177/Unknown - 314s 797ms/step - loss: 0.4644 - mae: 0.2865 - mse: 0.1450 - ssim_metric: 0.5452
    178/Unknown - 315s 797ms/step - loss: 0.4653 - mae: 0.2868 - mse: 0.1454 - ssim_metric: 0.5451
    179/Unknown - 316s 797ms/step - loss: 0.4655 - mae: 0.2870 - mse: 0.1455 - ssim_metric: 0.5451
    180/Unknown - 317s 797ms/step - loss: 0.4656 - mae: 0.2873 - mse: 0.1455 - ssim_metric: 0.5450
    181/Unknown - 317s 797ms/step - loss: 0.4660 - mae: 0.2877 - mse: 0.1457 - ssim_metric: 0.5448
    182/Unknown - 318s 797ms/step - loss: 0.4660 - mae: 0.2879 - mse: 0.1457 - ssim_metric: 0.5448
    183/Unknown - 319s 797ms/step - loss: 0.4658 - mae: 0.2879 - mse: 0.1456 - ssim_metric: 0.5451
    184/Unknown - 320s 797ms/step - loss: 0.4657 - mae: 0.2880 - mse: 0.1456 - ssim_metric: 0.5454
    185/Unknown - 321s 797ms/step - loss: 0.4659 - mae: 0.2881 - mse: 0.1457 - ssim_metric: 0.5453
    186/Unknown - 321s 797ms/step - loss: 0.4663 - mae: 0.2885 - mse: 0.1459 - ssim_metric: 0.5451
    187/Unknown - 322s 797ms/step - loss: 0.4667 - mae: 0.2887 - mse: 0.1461 - ssim_metric: 0.5450
    188/Unknown - 323s 797ms/step - loss: 0.4668 - mae: 0.2887 - mse: 0.1461 - ssim_metric: 0.5455
    189/Unknown - 324s 797ms/step - loss: 0.4665 - mae: 0.2887 - mse: 0.1460 - ssim_metric: 0.5461
    190/Unknown - 325s 797ms/step - loss: 0.4663 - mae: 0.2887 - mse: 0.1459 - ssim_metric: 0.5463
    191/Unknown - 325s 797ms/step - loss: 0.4661 - mae: 0.2887 - mse: 0.1458 - ssim_metric: 0.5467
    192/Unknown - 326s 797ms/step - loss: 0.4658 - mae: 0.2885 - mse: 0.1457 - ssim_metric: 0.5473
    193/Unknown - 327s 797ms/step - loss: 0.4659 - mae: 0.2885 - mse: 0.1457 - ssim_metric: 0.5476
    194/Unknown - 328s 797ms/step - loss: 0.4654 - mae: 0.2880 - mse: 0.1455 - ssim_metric: 0.5484
    195/Unknown - 329s 797ms/step - loss: 0.4657 - mae: 0.2879 - mse: 0.1456 - ssim_metric: 0.5489
    196/Unknown - 329s 797ms/step - loss: 0.4661 - mae: 0.2879 - mse: 0.1457 - ssim_metric: 0.5492
    197/Unknown - 330s 797ms/step - loss: 0.4658 - mae: 0.2877 - mse: 0.1456 - ssim_metric: 0.5499
    198/Unknown - 331s 797ms/step - loss: 0.4656 - mae: 0.2875 - mse: 0.1456 - ssim_metric: 0.5504
    199/Unknown - 332s 797ms/step - loss: 0.4655 - mae: 0.2875 - mse: 0.1455 - ssim_metric: 0.5507
    200/Unknown - 333s 797ms/step - loss: 0.4654 - mae: 0.2875 - mse: 0.1455 - ssim_metric: 0.5510
    201/Unknown - 333s 797ms/step - loss: 0.4653 - mae: 0.2875 - mse: 0.1454 - ssim_metric: 0.5512
    202/Unknown - 334s 797ms/step - loss: 0.4655 - mae: 0.2876 - mse: 0.1455 - ssim_metric: 0.5516
    203/Unknown - 335s 797ms/step - loss: 0.4659 - mae: 0.2878 - mse: 0.1457 - ssim_metric: 0.5515
    204/Unknown - 336s 797ms/step - loss: 0.4658 - mae: 0.2878 - mse: 0.1456 - ssim_metric: 0.5517
    205/Unknown - 337s 797ms/step - loss: 0.4654 - mae: 0.2878 - mse: 0.1455 - ssim_metric: 0.5521
    206/Unknown - 337s 797ms/step - loss: 0.4653 - mae: 0.2878 - mse: 0.1454 - ssim_metric: 0.5523
    207/Unknown - 338s 797ms/step - loss: 0.4651 - mae: 0.2878 - mse: 0.1454 - ssim_metric: 0.5527
    208/Unknown - 339s 797ms/step - loss: 0.4651 - mae: 0.2877 - mse: 0.1454 - ssim_metric: 0.5530
    209/Unknown - 340s 797ms/step - loss: 0.4651 - mae: 0.2876 - mse: 0.1453 - ssim_metric: 0.5533
    210/Unknown - 340s 797ms/step - loss: 0.4654 - mae: 0.2877 - mse: 0.1455 - ssim_metric: 0.5534
    211/Unknown - 341s 797ms/step - loss: 0.4652 - mae: 0.2875 - mse: 0.1454 - ssim_metric: 0.5540
    212/Unknown - 342s 797ms/step - loss: 0.4650 - mae: 0.2873 - mse: 0.1453 - ssim_metric: 0.5544
    213/Unknown - 343s 797ms/step - loss: 0.4648 - mae: 0.2872 - mse: 0.1453 - ssim_metric: 0.5548
    214/Unknown - 344s 797ms/step - loss: 0.4650 - mae: 0.2872 - mse: 0.1453 - ssim_metric: 0.5550
    215/Unknown - 344s 797ms/step - loss: 0.4651 - mae: 0.2872 - mse: 0.1454 - ssim_metric: 0.5551
    216/Unknown - 345s 797ms/step - loss: 0.4648 - mae: 0.2871 - mse: 0.1452 - ssim_metric: 0.5557
    217/Unknown - 346s 797ms/step - loss: 0.4648 - mae: 0.2872 - mse: 0.1453 - ssim_metric: 0.5558
    218/Unknown - 347s 797ms/step - loss: 0.4649 - mae: 0.2873 - mse: 0.1453 - ssim_metric: 0.5558
    219/Unknown - 348s 797ms/step - loss: 0.4649 - mae: 0.2873 - mse: 0.1453 - ssim_metric: 0.5560
    220/Unknown - 348s 797ms/step - loss: 0.4650 - mae: 0.2875 - mse: 0.1454 - ssim_metric: 0.5560
    221/Unknown - 349s 797ms/step - loss: 0.4652 - mae: 0.2877 - mse: 0.1455 - ssim_metric: 0.5558
    222/Unknown - 350s 797ms/step - loss: 0.4653 - mae: 0.2879 - mse: 0.1455 - ssim_metric: 0.5557
    223/Unknown - 351s 797ms/step - loss: 0.4652 - mae: 0.2880 - mse: 0.1455 - ssim_metric: 0.5558
    224/Unknown - 352s 797ms/step - loss: 0.4654 - mae: 0.2882 - mse: 0.1455 - ssim_metric: 0.5556
    225/Unknown - 352s 797ms/step - loss: 0.4655 - mae: 0.2882 - mse: 0.1456 - ssim_metric: 0.5557
    226/Unknown - 353s 797ms/step - loss: 0.4654 - mae: 0.2882 - mse: 0.1456 - ssim_metric: 0.5559
    227/Unknown - 354s 797ms/step - loss: 0.4651 - mae: 0.2880 - mse: 0.1455 - ssim_metric: 0.5564
    228/Unknown - 355s 797ms/step - loss: 0.4651 - mae: 0.2879 - mse: 0.1454 - ssim_metric: 0.5568
    229/Unknown - 356s 797ms/step - loss: 0.4655 - mae: 0.2880 - mse: 0.1456 - ssim_metric: 0.5567
    230/Unknown - 356s 797ms/step - loss: 0.4654 - mae: 0.2880 - mse: 0.1456 - ssim_metric: 0.5569
    231/Unknown - 357s 797ms/step - loss: 0.4653 - mae: 0.2879 - mse: 0.1455 - ssim_metric: 0.5573
    232/Unknown - 358s 797ms/step - loss: 0.4651 - mae: 0.2879 - mse: 0.1455 - ssim_metric: 0.5576
    233/Unknown - 359s 797ms/step - loss: 0.4650 - mae: 0.2878 - mse: 0.1454 - ssim_metric: 0.5580
    234/Unknown - 360s 797ms/step - loss: 0.4653 - mae: 0.2880 - mse: 0.1455 - ssim_metric: 0.5579
    235/Unknown - 360s 797ms/step - loss: 0.4652 - mae: 0.2879 - mse: 0.1455 - ssim_metric: 0.5581
    236/Unknown - 361s 797ms/step - loss: 0.4647 - mae: 0.2878 - mse: 0.1453 - ssim_metric: 0.5586
    237/Unknown - 362s 797ms/step - loss: 0.4644 - mae: 0.2876 - mse: 0.1452 - ssim_metric: 0.5591
    238/Unknown - 363s 797ms/step - loss: 0.4645 - mae: 0.2877 - mse: 0.1452 - ssim_metric: 0.5592
    239/Unknown - 364s 797ms/step - loss: 0.4640 - mae: 0.2874 - mse: 0.1450 - ssim_metric: 0.5597
    240/Unknown - 364s 797ms/step - loss: 0.4640 - mae: 0.2874 - mse: 0.1450 - ssim_metric: 0.5600
    241/Unknown - 365s 797ms/step - loss: 0.4640 - mae: 0.2873 - mse: 0.1450 - ssim_metric: 0.5602
    242/Unknown - 366s 797ms/step - loss: 0.4634 - mae: 0.2870 - mse: 0.1448 - ssim_metric: 0.5608
    243/Unknown - 367s 797ms/step - loss: 0.4635 - mae: 0.2869 - mse: 0.1448 - ssim_metric: 0.5612
    244/Unknown - 368s 797ms/step - loss: 0.4637 - mae: 0.2868 - mse: 0.1449 - ssim_metric: 0.5614
    245/Unknown - 368s 797ms/step - loss: 0.4638 - mae: 0.2868 - mse: 0.1449 - ssim_metric: 0.5616
    246/Unknown - 369s 797ms/step - loss: 0.4636 - mae: 0.2867 - mse: 0.1449 - ssim_metric: 0.5619
    247/Unknown - 370s 797ms/step - loss: 0.4635 - mae: 0.2866 - mse: 0.1448 - ssim_metric: 0.5622
    248/Unknown - 371s 797ms/step - loss: 0.4637 - mae: 0.2867 - mse: 0.1449 - ssim_metric: 0.5624
    249/Unknown - 372s 797ms/step - loss: 0.4639 - mae: 0.2868 - mse: 0.1450 - ssim_metric: 0.5623
    250/Unknown - 372s 797ms/step - loss: 0.4638 - mae: 0.2868 - mse: 0.1449 - ssim_metric: 0.5624
    251/Unknown - 373s 797ms/step - loss: 0.4637 - mae: 0.2868 - mse: 0.1449 - ssim_metric: 0.5625
    252/Unknown - 374s 797ms/step - loss: 0.4632 - mae: 0.2867 - mse: 0.1447 - ssim_metric: 0.5629
    253/Unknown - 375s 797ms/step - loss: 0.4637 - mae: 0.2870 - mse: 0.1449 - ssim_metric: 0.5627
    254/Unknown - 376s 797ms/step - loss: 0.4636 - mae: 0.2870 - mse: 0.1449 - ssim_metric: 0.5627
    255/Unknown - 376s 797ms/step - loss: 0.4633 - mae: 0.2870 - mse: 0.1448 - ssim_metric: 0.5630
    256/Unknown - 377s 797ms/step - loss: 0.4635 - mae: 0.2871 - mse: 0.1449 - ssim_metric: 0.5629
    257/Unknown - 378s 797ms/step - loss: 0.4635 - mae: 0.2871 - mse: 0.1448 - ssim_metric: 0.5630
    258/Unknown - 379s 797ms/step - loss: 0.4636 - mae: 0.2872 - mse: 0.1449 - ssim_metric: 0.5630
    259/Unknown - 380s 797ms/step - loss: 0.4639 - mae: 0.2872 - mse: 0.1450 - ssim_metric: 0.5629
    260/Unknown - 380s 797ms/step - loss: 0.4636 - mae: 0.2871 - mse: 0.1449 - ssim_metric: 0.5632
    261/Unknown - 381s 797ms/step - loss: 0.4636 - mae: 0.2870 - mse: 0.1449 - ssim_metric: 0.5634
    262/Unknown - 382s 797ms/step - loss: 0.4631 - mae: 0.2868 - mse: 0.1447 - ssim_metric: 0.5637
    263/Unknown - 383s 797ms/step - loss: 0.4636 - mae: 0.2869 - mse: 0.1449 - ssim_metric: 0.5637
    264/Unknown - 384s 797ms/step - loss: 0.4637 - mae: 0.2869 - mse: 0.1449 - ssim_metric: 0.5638
    265/Unknown - 384s 797ms/step - loss: 0.4637 - mae: 0.2869 - mse: 0.1450 - ssim_metric: 0.5639
    266/Unknown - 385s 797ms/step - loss: 0.4638 - mae: 0.2870 - mse: 0.1450 - ssim_metric: 0.5638
    267/Unknown - 386s 797ms/step - loss: 0.4639 - mae: 0.2871 - mse: 0.1451 - ssim_metric: 0.5636
    268/Unknown - 387s 797ms/step - loss: 0.4640 - mae: 0.2873 - mse: 0.1451 - ssim_metric: 0.5635
    269/Unknown - 388s 797ms/step - loss: 0.4639 - mae: 0.2874 - mse: 0.1451 - ssim_metric: 0.5635
    270/Unknown - 388s 797ms/step - loss: 0.4641 - mae: 0.2876 - mse: 0.1451 - ssim_metric: 0.5633
    271/Unknown - 389s 797ms/step - loss: 0.4641 - mae: 0.2877 - mse: 0.1451 - ssim_metric: 0.5633
    272/Unknown - 390s 797ms/step - loss: 0.4640 - mae: 0.2877 - mse: 0.1451 - ssim_metric: 0.5633
    273/Unknown - 391s 797ms/step - loss: 0.4637 - mae: 0.2876 - mse: 0.1450 - ssim_metric: 0.5636
    274/Unknown - 392s 797ms/step - loss: 0.4638 - mae: 0.2876 - mse: 0.1451 - ssim_metric: 0.5636
    275/Unknown - 392s 797ms/step - loss: 0.4639 - mae: 0.2876 - mse: 0.1451 - ssim_metric: 0.5639
    276/Unknown - 393s 797ms/step - loss: 0.4640 - mae: 0.2876 - mse: 0.1451 - ssim_metric: 0.5639
    277/Unknown - 394s 797ms/step - loss: 0.4642 - mae: 0.2876 - mse: 0.1452 - ssim_metric: 0.5638
    278/Unknown - 395s 797ms/step - loss: 0.4640 - mae: 0.2875 - mse: 0.1451 - ssim_metric: 0.5641
    279/Unknown - 396s 797ms/step - loss: 0.4638 - mae: 0.2874 - mse: 0.1450 - ssim_metric: 0.5644
    280/Unknown - 396s 797ms/step - loss: 0.4637 - mae: 0.2874 - mse: 0.1450 - ssim_metric: 0.5645
    281/Unknown - 397s 797ms/step - loss: 0.4637 - mae: 0.2874 - mse: 0.1451 - ssim_metric: 0.5643
    282/Unknown - 398s 797ms/step - loss: 0.4638 - mae: 0.2875 - mse: 0.1451 - ssim_metric: 0.5643
    283/Unknown - 399s 797ms/step - loss: 0.4641 - mae: 0.2876 - mse: 0.1452 - ssim_metric: 0.5641
    284/Unknown - 400s 797ms/step - loss: 0.4640 - mae: 0.2877 - mse: 0.1451 - ssim_metric: 0.5641
    285/Unknown - 400s 797ms/step - loss: 0.4642 - mae: 0.2878 - mse: 0.1452 - ssim_metric: 0.5640
    286/Unknown - 401s 797ms/step - loss: 0.4642 - mae: 0.2879 - mse: 0.1453 - ssim_metric: 0.5641
    287/Unknown - 402s 797ms/step - loss: 0.4645 - mae: 0.2880 - mse: 0.1454 - ssim_metric: 0.5641
    288/Unknown - 403s 797ms/step - loss: 0.4648 - mae: 0.2882 - mse: 0.1455 - ssim_metric: 0.5639
    289/Unknown - 404s 797ms/step - loss: 0.4648 - mae: 0.2883 - mse: 0.1455 - ssim_metric: 0.5638
    290/Unknown - 404s 797ms/step - loss: 0.4650 - mae: 0.2884 - mse: 0.1456 - ssim_metric: 0.5638
    291/Unknown - 405s 797ms/step - loss: 0.4650 - mae: 0.2885 - mse: 0.1456 - ssim_metric: 0.5638
    292/Unknown - 406s 797ms/step - loss: 0.4647 - mae: 0.2885 - mse: 0.1455 - ssim_metric: 0.5639
    293/Unknown - 407s 797ms/step - loss: 0.4646 - mae: 0.2885 - mse: 0.1454 - ssim_metric: 0.5641
    294/Unknown - 408s 797ms/step - loss: 0.4648 - mae: 0.2887 - mse: 0.1455 - ssim_metric: 0.5640
    295/Unknown - 408s 797ms/step - loss: 0.4647 - mae: 0.2886 - mse: 0.1455 - ssim_metric: 0.5641
    296/Unknown - 409s 797ms/step - loss: 0.4645 - mae: 0.2885 - mse: 0.1454 - ssim_metric: 0.5643
    297/Unknown - 410s 797ms/step - loss: 0.4646 - mae: 0.2885 - mse: 0.1454 - ssim_metric: 0.5645
    298/Unknown - 411s 797ms/step - loss: 0.4641 - mae: 0.2882 - mse: 0.1452 - ssim_metric: 0.5649
    299/Unknown - 412s 797ms/step - loss: 0.4639 - mae: 0.2880 - mse: 0.1451 - ssim_metric: 0.5653
    300/Unknown - 412s 797ms/step - loss: 0.4640 - mae: 0.2879 - mse: 0.1452 - ssim_metric: 0.5654
    301/Unknown - 413s 797ms/step - loss: 0.4637 - mae: 0.2877 - mse: 0.1451 - ssim_metric: 0.5658
    302/Unknown - 414s 797ms/step - loss: 0.4641 - mae: 0.2878 - mse: 0.1452 - ssim_metric: 0.5656
    303/Unknown - 415s 797ms/step - loss: 0.4641 - mae: 0.2878 - mse: 0.1452 - ssim_metric: 0.5656
    304/Unknown - 416s 797ms/step - loss: 0.4641 - mae: 0.2878 - mse: 0.1452 - ssim_metric: 0.5656
    305/Unknown - 416s 797ms/step - loss: 0.4641 - mae: 0.2879 - mse: 0.1452 - ssim_metric: 0.5655
    306/Unknown - 417s 797ms/step - loss: 0.4641 - mae: 0.2879 - mse: 0.1452 - ssim_metric: 0.5654
    307/Unknown - 418s 797ms/step - loss: 0.4643 - mae: 0.2880 - mse: 0.1453 - ssim_metric: 0.5654
    308/Unknown - 419s 797ms/step - loss: 0.4641 - mae: 0.2880 - mse: 0.1452 - ssim_metric: 0.5656
    309/Unknown - 420s 797ms/step - loss: 0.4640 - mae: 0.2880 - mse: 0.1452 - ssim_metric: 0.5656
    310/Unknown - 420s 797ms/step - loss: 0.4640 - mae: 0.2881 - mse: 0.1452 - ssim_metric: 0.5655
    311/Unknown - 421s 797ms/step - loss: 0.4638 - mae: 0.2880 - mse: 0.1451 - ssim_metric: 0.5657
    312/Unknown - 422s 797ms/step - loss: 0.4637 - mae: 0.2880 - mse: 0.1451 - ssim_metric: 0.5656
    313/Unknown - 423s 797ms/step - loss: 0.4638 - mae: 0.2880 - mse: 0.1451 - ssim_metric: 0.5657
    314/Unknown - 424s 797ms/step - loss: 0.4639 - mae: 0.2880 - mse: 0.1452 - ssim_metric: 0.5658
    315/Unknown - 424s 797ms/step - loss: 0.4640 - mae: 0.2880 - mse: 0.1452 - ssim_metric: 0.5657
    316/Unknown - 425s 797ms/step - loss: 0.4639 - mae: 0.2880 - mse: 0.1452 - ssim_metric: 0.5657
    317/Unknown - 426s 797ms/step - loss: 0.4638 - mae: 0.2879 - mse: 0.1452 - ssim_metric: 0.5659
    318/Unknown - 427s 797ms/step - loss: 0.4636 - mae: 0.2878 - mse: 0.1451 - ssim_metric: 0.5660
    319/Unknown - 427s 797ms/step - loss: 0.4641 - mae: 0.2880 - mse: 0.1453 - ssim_metric: 0.5659
    320/Unknown - 428s 797ms/step - loss: 0.4642 - mae: 0.2881 - mse: 0.1453 - ssim_metric: 0.5657
    321/Unknown - 429s 797ms/step - loss: 0.4643 - mae: 0.2882 - mse: 0.1453 - ssim_metric: 0.5657
    322/Unknown - 430s 798ms/step - loss: 0.4640 - mae: 0.2881 - mse: 0.1452 - ssim_metric: 0.5658
    323/Unknown - 431s 798ms/step - loss: 0.4639 - mae: 0.2882 - mse: 0.1452 - ssim_metric: 0.5658
    324/Unknown - 431s 798ms/step - loss: 0.4643 - mae: 0.2883 - mse: 0.1453 - ssim_metric: 0.5656
    325/Unknown - 432s 798ms/step - loss: 0.4642 - mae: 0.2884 - mse: 0.1453 - ssim_metric: 0.5657
    326/Unknown - 436s 806ms/step - loss: 0.4643 - mae: 0.2884 - mse: 0.1454 - ssim_metric: 0.5657
Epoch 1: saving model to C:\d_surucusu\visual_navigation\benchmark\models_pipeline\20260909_223425\bce_b32\_JOB_bce_b32_10_09_2026__11_08_model_f48_k4_epoch_00001_helu_osigmoid_(1, 1)_.h5

Epoch 1: val_loss improved from inf to 0.42314, saving model to C:\d_surucusu\visual_navigation\benchmark\models_pipeline\20260909_223425\bce_b32\_JOB_bce_b32_10_09_2026__11_08_best_val_loss_model_f48_k4.h5

Epoch 1: val_mae improved from inf to 0.27964, saving model to C:\d_surucusu\visual_navigation\benchmark\models_pipeline\20260909_223425\bce_b32\_JOB_bce_b32_10_09_2026__11_08_best_mae_model_f48_k4.h5

Epoch 1: val_ssim_metric improved from -inf to 0.59927, saving model to C:\d_surucusu\visual_navigation\benchmark\models_pipeline\20260909_223425\bce_b32\_JOB_bce_b32_10_09_2026__11_08_best_ssim_model_f48_k4.h5

326/326 [==============================] - 453s 857ms/step - loss: 0.4643 - mae: 0.2884 - mse: 0.1454 - ssim_metric: 0.5657 - val_loss: 0.4231 - val_mae: 0.2796 - val_mse: 0.1287 - val_ssim_metric: 0.5993
Epoch 2/20

  1/326 [..............................] - ETA: 4:35 - loss: 0.5099 - mae: 0.3162 - mse: 0.1651 - ssim_metric: 0.5319
  2/326 [..............................] - ETA: 4:18 - loss: 0.4893 - mae: 0.3061 - mse: 0.1570 - ssim_metric: 0.5540
  3/326 [..............................] - ETA: 4:17 - loss: 0.5034 - mae: 0.3126 - mse: 0.1630 - ssim_metric: 0.5492
  4/326 [..............................] - ETA: 4:16 - loss: 0.5022 - mae: 0.3138 - mse: 0.1625 - ssim_metric: 0.5500
  5/326 [..............................] - ETA: 4:15 - loss: 0.4870 - mae: 0.3078 - mse: 0.1562 - ssim_metric: 0.5614
  6/326 [..............................] - ETA: 4:14 - loss: 0.4835 - mae: 0.3086 - mse: 0.1546 - ssim_metric: 0.5540
  7/326 [..............................] - ETA: 4:14 - loss: 0.4781 - mae: 0.3065 - mse: 0.1523 - ssim_metric: 0.5572
  8/326 [..............................] - ETA: 4:13 - loss: 0.4659 - mae: 0.3008 - mse: 0.1473 - ssim_metric: 0.5613
  9/326 [..............................] - ETA: 4:12 - loss: 0.4545 - mae: 0.2947 - mse: 0.1425 - ssim_metric: 0.5682
 10/326 [..............................] - ETA: 4:11 - loss: 0.4509 - mae: 0.2913 - mse: 0.1409 - ssim_metric: 0.5727
 11/326 [>.............................] - ETA: 4:11 - loss: 0.4554 - mae: 0.2911 - mse: 0.1431 - ssim_metric: 0.5724
 12/326 [>.............................] - ETA: 4:10 - loss: 0.4559 - mae: 0.2888 - mse: 0.1434 - ssim_metric: 0.5739
 13/326 [>.............................] - ETA: 4:09 - loss: 0.4612 - mae: 0.2882 - mse: 0.1454 - ssim_metric: 0.5734
 14/326 [>.............................] - ETA: 4:08 - loss: 0.4731 - mae: 0.2913 - mse: 0.1495 - ssim_metric: 0.5690
 15/326 [>.............................] - ETA: 4:08 - loss: 0.4623 - mae: 0.2856 - mse: 0.1453 - ssim_metric: 0.5763
 16/326 [>.............................] - ETA: 4:07 - loss: 0.4661 - mae: 0.2869 - mse: 0.1468 - ssim_metric: 0.5739
 17/326 [>.............................] - ETA: 4:06 - loss: 0.4645 - mae: 0.2869 - mse: 0.1461 - ssim_metric: 0.5727
 18/326 [>.............................] - ETA: 4:05 - loss: 0.4663 - mae: 0.2890 - mse: 0.1470 - ssim_metric: 0.5681
 19/326 [>.............................] - ETA: 4:04 - loss: 0.4659 - mae: 0.2900 - mse: 0.1469 - ssim_metric: 0.5642
 20/326 [>.............................] - ETA: 4:04 - loss: 0.4622 - mae: 0.2901 - mse: 0.1452 - ssim_metric: 0.5632
 21/326 [>.............................] - ETA: 4:03 - loss: 0.4580 - mae: 0.2887 - mse: 0.1434 - ssim_metric: 0.5624
 22/326 [=>............................] - ETA: 4:02 - loss: 0.4544 - mae: 0.2873 - mse: 0.1420 - ssim_metric: 0.5620
 23/326 [=>............................] - ETA: 4:01 - loss: 0.4509 - mae: 0.2854 - mse: 0.1405 - ssim_metric: 0.5648
 24/326 [=>............................] - ETA: 4:00 - loss: 0.4497 - mae: 0.2839 - mse: 0.1401 - ssim_metric: 0.5660
 25/326 [=>............................] - ETA: 4:00 - loss: 0.4543 - mae: 0.2845 - mse: 0.1419 - ssim_metric: 0.5639
 26/326 [=>............................] - ETA: 3:59 - loss: 0.4557 - mae: 0.2838 - mse: 0.1424 - ssim_metric: 0.5651
 27/326 [=>............................] - ETA: 3:58 - loss: 0.4546 - mae: 0.2824 - mse: 0.1421 - ssim_metric: 0.5670
 28/326 [=>............................] - ETA: 3:57 - loss: 0.4560 - mae: 0.2819 - mse: 0.1424 - ssim_metric: 0.5662
 29/326 [=>............................] - ETA: 3:56 - loss: 0.4547 - mae: 0.2807 - mse: 0.1421 - ssim_metric: 0.5663
 30/326 [=>............................] - ETA: 3:56 - loss: 0.4551 - mae: 0.2807 - mse: 0.1423 - ssim_metric: 0.5653
 31/326 [=>............................] - ETA: 3:55 - loss: 0.4558 - mae: 0.2809 - mse: 0.1425 - ssim_metric: 0.5634
 32/326 [=>............................] - ETA: 3:54 - loss: 0.4574 - mae: 0.2819 - mse: 0.1433 - ssim_metric: 0.5607
 33/326 [==>...........................] - ETA: 3:53 - loss: 0.4545 - mae: 0.2813 - mse: 0.1421 - ssim_metric: 0.5616
 34/326 [==>...........................] - ETA: 3:52 - loss: 0.4557 - mae: 0.2827 - mse: 0.1426 - ssim_metric: 0.5573
 35/326 [==>...........................] - ETA: 3:52 - loss: 0.4537 - mae: 0.2822 - mse: 0.1418 - ssim_metric: 0.5568
 36/326 [==>...........................] - ETA: 3:51 - loss: 0.4545 - mae: 0.2833 - mse: 0.1421 - ssim_metric: 0.5541
 37/326 [==>...........................] - ETA: 3:50 - loss: 0.4520 - mae: 0.2824 - mse: 0.1411 - ssim_metric: 0.5542
 38/326 [==>...........................] - ETA: 3:49 - loss: 0.4507 - mae: 0.2821 - mse: 0.1406 - ssim_metric: 0.5535
 39/326 [==>...........................] - ETA: 3:49 - loss: 0.4502 - mae: 0.2819 - mse: 0.1404 - ssim_metric: 0.5534
 40/326 [==>...........................] - ETA: 3:48 - loss: 0.4486 - mae: 0.2812 - mse: 0.1398 - ssim_metric: 0.5538
 41/326 [==>...........................] - ETA: 3:47 - loss: 0.4467 - mae: 0.2796 - mse: 0.1391 - ssim_metric: 0.5559
 42/326 [==>...........................] - ETA: 3:46 - loss: 0.4426 - mae: 0.2771 - mse: 0.1375 - ssim_metric: 0.5591
 43/326 [==>...........................] - ETA: 3:45 - loss: 0.4422 - mae: 0.2759 - mse: 0.1374 - ssim_metric: 0.5601
 44/326 [===>..........................] - ETA: 3:45 - loss: 0.4436 - mae: 0.2756 - mse: 0.1379 - ssim_metric: 0.5601
 45/326 [===>..........................] - ETA: 3:44 - loss: 0.4473 - mae: 0.2763 - mse: 0.1393 - ssim_metric: 0.5586
 46/326 [===>..........................] - ETA: 3:43 - loss: 0.4474 - mae: 0.2756 - mse: 0.1393 - ssim_metric: 0.5597
 47/326 [===>..........................] - ETA: 3:42 - loss: 0.4461 - mae: 0.2747 - mse: 0.1388 - ssim_metric: 0.5607
 48/326 [===>..........................] - ETA: 3:41 - loss: 0.4432 - mae: 0.2733 - mse: 0.1377 - ssim_metric: 0.5620
 49/326 [===>..........................] - ETA: 3:41 - loss: 0.4458 - mae: 0.2742 - mse: 0.1386 - ssim_metric: 0.5601
 50/326 [===>..........................] - ETA: 3:40 - loss: 0.4452 - mae: 0.2744 - mse: 0.1385 - ssim_metric: 0.5596
 51/326 [===>..........................] - ETA: 3:39 - loss: 0.4438 - mae: 0.2744 - mse: 0.1379 - ssim_metric: 0.5578
 52/326 [===>..........................] - ETA: 3:38 - loss: 0.4440 - mae: 0.2748 - mse: 0.1379 - ssim_metric: 0.5569
 53/326 [===>..........................] - ETA: 3:38 - loss: 0.4437 - mae: 0.2749 - mse: 0.1378 - ssim_metric: 0.5558
 54/326 [===>..........................] - ETA: 3:37 - loss: 0.4438 - mae: 0.2753 - mse: 0.1379 - ssim_metric: 0.5545
 55/326 [====>.........................] - ETA: 3:36 - loss: 0.4439 - mae: 0.2754 - mse: 0.1379 - ssim_metric: 0.5538
 56/326 [====>.........................] - ETA: 3:35 - loss: 0.4436 - mae: 0.2754 - mse: 0.1379 - ssim_metric: 0.5528
 57/326 [====>.........................] - ETA: 3:34 - loss: 0.4424 - mae: 0.2747 - mse: 0.1374 - ssim_metric: 0.5529
 58/326 [====>.........................] - ETA: 3:33 - loss: 0.4440 - mae: 0.2752 - mse: 0.1380 - ssim_metric: 0.5518
 59/326 [====>.........................] - ETA: 3:33 - loss: 0.4444 - mae: 0.2751 - mse: 0.1382 - ssim_metric: 0.5512
 60/326 [====>.........................] - ETA: 3:32 - loss: 0.4458 - mae: 0.2754 - mse: 0.1388 - ssim_metric: 0.5508
 61/326 [====>.........................] - ETA: 3:31 - loss: 0.4438 - mae: 0.2744 - mse: 0.1380 - ssim_metric: 0.5522
 62/326 [====>.........................] - ETA: 3:30 - loss: 0.4424 - mae: 0.2739 - mse: 0.1374 - ssim_metric: 0.5526
 63/326 [====>.........................] - ETA: 3:29 - loss: 0.4431 - mae: 0.2742 - mse: 0.1377 - ssim_metric: 0.5515
 64/326 [====>.........................] - ETA: 3:29 - loss: 0.4416 - mae: 0.2736 - mse: 0.1372 - ssim_metric: 0.5523
 65/326 [====>.........................] - ETA: 3:28 - loss: 0.4402 - mae: 0.2729 - mse: 0.1366 - ssim_metric: 0.5534
 66/326 [=====>........................] - ETA: 3:27 - loss: 0.4414 - mae: 0.2736 - mse: 0.1371 - ssim_metric: 0.5519
 67/326 [=====>........................] - ETA: 3:26 - loss: 0.4413 - mae: 0.2736 - mse: 0.1371 - ssim_metric: 0.5510
 68/326 [=====>........................] - ETA: 3:25 - loss: 0.4415 - mae: 0.2736 - mse: 0.1372 - ssim_metric: 0.5500
 69/326 [=====>........................] - ETA: 3:25 - loss: 0.4418 - mae: 0.2738 - mse: 0.1373 - ssim_metric: 0.5485
 70/326 [=====>........................] - ETA: 3:24 - loss: 0.4418 - mae: 0.2738 - mse: 0.1373 - ssim_metric: 0.5478
 71/326 [=====>........................] - ETA: 3:23 - loss: 0.4417 - mae: 0.2738 - mse: 0.1373 - ssim_metric: 0.5469
 72/326 [=====>........................] - ETA: 3:22 - loss: 0.4433 - mae: 0.2745 - mse: 0.1379 - ssim_metric: 0.5450
 73/326 [=====>........................] - ETA: 3:21 - loss: 0.4433 - mae: 0.2748 - mse: 0.1379 - ssim_metric: 0.5439
 74/326 [=====>........................] - ETA: 3:21 - loss: 0.4430 - mae: 0.2750 - mse: 0.1378 - ssim_metric: 0.5425
 75/326 [=====>........................] - ETA: 3:20 - loss: 0.4422 - mae: 0.2747 - mse: 0.1375 - ssim_metric: 0.5421
 76/326 [=====>........................] - ETA: 3:19 - loss: 0.4407 - mae: 0.2739 - mse: 0.1369 - ssim_metric: 0.5424
 77/326 [======>.......................] - ETA: 3:18 - loss: 0.4414 - mae: 0.2743 - mse: 0.1372 - ssim_metric: 0.5415
 78/326 [======>.......................] - ETA: 3:18 - loss: 0.4412 - mae: 0.2740 - mse: 0.1371 - ssim_metric: 0.5414
 79/326 [======>.......................] - ETA: 3:17 - loss: 0.4423 - mae: 0.2743 - mse: 0.1375 - ssim_metric: 0.5408
 80/326 [======>.......................] - ETA: 3:16 - loss: 0.4431 - mae: 0.2746 - mse: 0.1378 - ssim_metric: 0.5399
 81/326 [======>.......................] - ETA: 3:15 - loss: 0.4431 - mae: 0.2747 - mse: 0.1379 - ssim_metric: 0.5388
 82/326 [======>.......................] - ETA: 3:14 - loss: 0.4434 - mae: 0.2747 - mse: 0.1380 - ssim_metric: 0.5386
 83/326 [======>.......................] - ETA: 3:13 - loss: 0.4432 - mae: 0.2747 - mse: 0.1379 - ssim_metric: 0.5380
 84/326 [======>.......................] - ETA: 3:13 - loss: 0.4437 - mae: 0.2749 - mse: 0.1381 - ssim_metric: 0.5377
 85/326 [======>.......................] - ETA: 3:12 - loss: 0.4424 - mae: 0.2744 - mse: 0.1376 - ssim_metric: 0.5380
 86/326 [======>.......................] - ETA: 3:11 - loss: 0.4426 - mae: 0.2746 - mse: 0.1377 - ssim_metric: 0.5375
 87/326 [=======>......................] - ETA: 3:10 - loss: 0.4421 - mae: 0.2743 - mse: 0.1375 - ssim_metric: 0.5374
 88/326 [=======>......................] - ETA: 3:10 - loss: 0.4412 - mae: 0.2739 - mse: 0.1372 - ssim_metric: 0.5370
 89/326 [=======>......................] - ETA: 3:09 - loss: 0.4405 - mae: 0.2735 - mse: 0.1370 - ssim_metric: 0.5372
 90/326 [=======>......................] - ETA: 3:08 - loss: 0.4416 - mae: 0.2737 - mse: 0.1373 - ssim_metric: 0.5366
 91/326 [=======>......................] - ETA: 3:07 - loss: 0.4415 - mae: 0.2735 - mse: 0.1373 - ssim_metric: 0.5367
 92/326 [=======>......................] - ETA: 3:06 - loss: 0.4413 - mae: 0.2734 - mse: 0.1372 - ssim_metric: 0.5362
 93/326 [=======>......................] - ETA: 3:06 - loss: 0.4414 - mae: 0.2733 - mse: 0.1373 - ssim_metric: 0.5361
 94/326 [=======>......................] - ETA: 3:05 - loss: 0.4419 - mae: 0.2733 - mse: 0.1374 - ssim_metric: 0.5358
 95/326 [=======>......................] - ETA: 3:04 - loss: 0.4430 - mae: 0.2737 - mse: 0.1379 - ssim_metric: 0.5348
 96/326 [=======>......................] - ETA: 3:03 - loss: 0.4426 - mae: 0.2736 - mse: 0.1377 - ssim_metric: 0.5343
 97/326 [=======>......................] - ETA: 3:02 - loss: 0.4426 - mae: 0.2738 - mse: 0.1377 - ssim_metric: 0.5340
 98/326 [========>.....................] - ETA: 3:02 - loss: 0.4420 - mae: 0.2737 - mse: 0.1375 - ssim_metric: 0.5335
 99/326 [========>.....................] - ETA: 3:01 - loss: 0.4417 - mae: 0.2737 - mse: 0.1373 - ssim_metric: 0.5329
100/326 [========>.....................] - ETA: 3:00 - loss: 0.4418 - mae: 0.2740 - mse: 0.1374 - ssim_metric: 0.5323
101/326 [========>.....................] - ETA: 2:59 - loss: 0.4412 - mae: 0.2737 - mse: 0.1371 - ssim_metric: 0.5322
102/326 [========>.....................] - ETA: 2:58 - loss: 0.4404 - mae: 0.2735 - mse: 0.1368 - ssim_metric: 0.5323
103/326 [========>.....................] - ETA: 2:58 - loss: 0.4413 - mae: 0.2738 - mse: 0.1371 - ssim_metric: 0.5314
104/326 [========>.....................] - ETA: 2:57 - loss: 0.4412 - mae: 0.2736 - mse: 0.1371 - ssim_metric: 0.5315
105/326 [========>.....................] - ETA: 2:56 - loss: 0.4407 - mae: 0.2733 - mse: 0.1369 - ssim_metric: 0.5314
106/326 [========>.....................] - ETA: 2:55 - loss: 0.4396 - mae: 0.2727 - mse: 0.1365 - ssim_metric: 0.5320
107/326 [========>.....................] - ETA: 2:54 - loss: 0.4394 - mae: 0.2724 - mse: 0.1365 - ssim_metric: 0.5324
108/326 [========>.....................] - ETA: 2:54 - loss: 0.4409 - mae: 0.2727 - mse: 0.1369 - ssim_metric: 0.5319
109/326 [=========>....................] - ETA: 2:53 - loss: 0.4404 - mae: 0.2724 - mse: 0.1367 - ssim_metric: 0.5321
110/326 [=========>....................] - ETA: 2:52 - loss: 0.4411 - mae: 0.2726 - mse: 0.1370 - ssim_metric: 0.5314
111/326 [=========>....................] - ETA: 2:51 - loss: 0.4406 - mae: 0.2724 - mse: 0.1368 - ssim_metric: 0.5316
112/326 [=========>....................] - ETA: 2:50 - loss: 0.4407 - mae: 0.2725 - mse: 0.1369 - ssim_metric: 0.5309
113/326 [=========>....................] - ETA: 2:50 - loss: 0.4404 - mae: 0.2724 - mse: 0.1368 - ssim_metric: 0.5307
114/326 [=========>....................] - ETA: 2:49 - loss: 0.4401 - mae: 0.2724 - mse: 0.1366 - ssim_metric: 0.5302
115/326 [=========>....................] - ETA: 2:48 - loss: 0.4402 - mae: 0.2726 - mse: 0.1367 - ssim_metric: 0.5297
116/326 [=========>....................] - ETA: 2:47 - loss: 0.4403 - mae: 0.2727 - mse: 0.1367 - ssim_metric: 0.5290
117/326 [=========>....................] - ETA: 2:46 - loss: 0.4408 - mae: 0.2729 - mse: 0.1370 - ssim_metric: 0.5286
118/326 [=========>....................] - ETA: 2:46 - loss: 0.4401 - mae: 0.2726 - mse: 0.1367 - ssim_metric: 0.5292
119/326 [=========>....................] - ETA: 2:45 - loss: 0.4397 - mae: 0.2724 - mse: 0.1365 - ssim_metric: 0.5292
120/326 [==========>...................] - ETA: 2:44 - loss: 0.4394 - mae: 0.2723 - mse: 0.1364 - ssim_metric: 0.5292
121/326 [==========>...................] - ETA: 2:43 - loss: 0.4387 - mae: 0.2720 - mse: 0.1362 - ssim_metric: 0.5295
122/326 [==========>...................] - ETA: 2:42 - loss: 0.4390 - mae: 0.2720 - mse: 0.1362 - ssim_metric: 0.5294
123/326 [==========>...................] - ETA: 2:42 - loss: 0.4393 - mae: 0.2721 - mse: 0.1364 - ssim_metric: 0.5288
124/326 [==========>...................] - ETA: 2:41 - loss: 0.4398 - mae: 0.2724 - mse: 0.1366 - ssim_metric: 0.5277
125/326 [==========>...................] - ETA: 2:40 - loss: 0.4398 - mae: 0.2724 - mse: 0.1366 - ssim_metric: 0.5274
126/326 [==========>...................] - ETA: 2:39 - loss: 0.4394 - mae: 0.2723 - mse: 0.1365 - ssim_metric: 0.5269
127/326 [==========>...................] - ETA: 2:38 - loss: 0.4390 - mae: 0.2722 - mse: 0.1363 - ssim_metric: 0.5268
128/326 [==========>...................] - ETA: 2:38 - loss: 0.4385 - mae: 0.2718 - mse: 0.1361 - ssim_metric: 0.5269
129/326 [==========>...................] - ETA: 2:37 - loss: 0.4384 - mae: 0.2717 - mse: 0.1361 - ssim_metric: 0.5272
130/326 [==========>...................] - ETA: 2:36 - loss: 0.4396 - mae: 0.2720 - mse: 0.1365 - ssim_metric: 0.5264
131/326 [===========>..................] - ETA: 2:35 - loss: 0.4397 - mae: 0.2719 - mse: 0.1366 - ssim_metric: 0.5263
132/326 [===========>..................] - ETA: 2:34 - loss: 0.4396 - mae: 0.2719 - mse: 0.1365 - ssim_metric: 0.5260
133/326 [===========>..................] - ETA: 2:34 - loss: 0.4395 - mae: 0.2719 - mse: 0.1365 - ssim_metric: 0.5254
134/326 [===========>..................] - ETA: 2:33 - loss: 0.4400 - mae: 0.2722 - mse: 0.1367 - ssim_metric: 0.5246
135/326 [===========>..................] - ETA: 2:32 - loss: 0.4404 - mae: 0.2725 - mse: 0.1369 - ssim_metric: 0.5237
136/326 [===========>..................] - ETA: 2:31 - loss: 0.4407 - mae: 0.2727 - mse: 0.1370 - ssim_metric: 0.5227
137/326 [===========>..................] - ETA: 2:30 - loss: 0.4404 - mae: 0.2727 - mse: 0.1369 - ssim_metric: 0.5221
138/326 [===========>..................] - ETA: 2:30 - loss: 0.4407 - mae: 0.2730 - mse: 0.1370 - ssim_metric: 0.5210
139/326 [===========>..................] - ETA: 2:29 - loss: 0.4406 - mae: 0.2731 - mse: 0.1370 - ssim_metric: 0.5203
140/326 [===========>..................] - ETA: 2:28 - loss: 0.4408 - mae: 0.2732 - mse: 0.1371 - ssim_metric: 0.5198
141/326 [===========>..................] - ETA: 2:27 - loss: 0.4410 - mae: 0.2733 - mse: 0.1372 - ssim_metric: 0.5192
142/326 [============>.................] - ETA: 2:26 - loss: 0.4406 - mae: 0.2731 - mse: 0.1370 - ssim_metric: 0.5193
143/326 [============>.................] - ETA: 2:26 - loss: 0.4409 - mae: 0.2732 - mse: 0.1371 - ssim_metric: 0.5187
144/326 [============>.................] - ETA: 2:25 - loss: 0.4408 - mae: 0.2732 - mse: 0.1371 - ssim_metric: 0.5182
145/326 [============>.................] - ETA: 2:24 - loss: 0.4405 - mae: 0.2731 - mse: 0.1370 - ssim_metric: 0.5182
146/326 [============>.................] - ETA: 2:23 - loss: 0.4403 - mae: 0.2730 - mse: 0.1369 - ssim_metric: 0.5181
147/326 [============>.................] - ETA: 2:22 - loss: 0.4409 - mae: 0.2733 - mse: 0.1372 - ssim_metric: 0.5175
148/326 [============>.................] - ETA: 2:22 - loss: 0.4405 - mae: 0.2731 - mse: 0.1370 - ssim_metric: 0.5174
149/326 [============>.................] - ETA: 2:21 - loss: 0.4410 - mae: 0.2734 - mse: 0.1372 - ssim_metric: 0.5165
150/326 [============>.................] - ETA: 2:20 - loss: 0.4408 - mae: 0.2734 - mse: 0.1371 - ssim_metric: 0.5160
151/326 [============>.................] - ETA: 2:19 - loss: 0.4414 - mae: 0.2737 - mse: 0.1373 - ssim_metric: 0.5151
152/326 [============>.................] - ETA: 2:18 - loss: 0.4418 - mae: 0.2739 - mse: 0.1375 - ssim_metric: 0.5148
153/326 [=============>................] - ETA: 2:18 - loss: 0.4414 - mae: 0.2738 - mse: 0.1373 - ssim_metric: 0.5144
154/326 [=============>................] - ETA: 2:17 - loss: 0.4411 - mae: 0.2737 - mse: 0.1372 - ssim_metric: 0.5142
155/326 [=============>................] - ETA: 2:16 - loss: 0.4412 - mae: 0.2737 - mse: 0.1373 - ssim_metric: 0.5139
156/326 [=============>................] - ETA: 2:15 - loss: 0.4407 - mae: 0.2736 - mse: 0.1371 - ssim_metric: 0.5137
157/326 [=============>................] - ETA: 2:14 - loss: 0.4408 - mae: 0.2735 - mse: 0.1371 - ssim_metric: 0.5133
158/326 [=============>................] - ETA: 2:14 - loss: 0.4413 - mae: 0.2737 - mse: 0.1373 - ssim_metric: 0.5129
159/326 [=============>................] - ETA: 2:13 - loss: 0.4416 - mae: 0.2737 - mse: 0.1374 - ssim_metric: 0.5125
160/326 [=============>................] - ETA: 2:12 - loss: 0.4414 - mae: 0.2736 - mse: 0.1374 - ssim_metric: 0.5123
161/326 [=============>................] - ETA: 2:11 - loss: 0.4416 - mae: 0.2738 - mse: 0.1375 - ssim_metric: 0.5116
162/326 [=============>................] - ETA: 2:10 - loss: 0.4414 - mae: 0.2739 - mse: 0.1374 - ssim_metric: 0.5110
163/326 [==============>...............] - ETA: 2:10 - loss: 0.4410 - mae: 0.2738 - mse: 0.1372 - ssim_metric: 0.5107
164/326 [==============>...............] - ETA: 2:09 - loss: 0.4408 - mae: 0.2737 - mse: 0.1372 - ssim_metric: 0.5107
165/326 [==============>...............] - ETA: 2:08 - loss: 0.4409 - mae: 0.2737 - mse: 0.1372 - ssim_metric: 0.5105
166/326 [==============>...............] - ETA: 2:07 - loss: 0.4413 - mae: 0.2739 - mse: 0.1374 - ssim_metric: 0.5101
167/326 [==============>...............] - ETA: 2:06 - loss: 0.4412 - mae: 0.2738 - mse: 0.1374 - ssim_metric: 0.5098
168/326 [==============>...............] - ETA: 2:06 - loss: 0.4416 - mae: 0.2740 - mse: 0.1375 - ssim_metric: 0.5095
169/326 [==============>...............] - ETA: 2:05 - loss: 0.4412 - mae: 0.2739 - mse: 0.1374 - ssim_metric: 0.5093
170/326 [==============>...............] - ETA: 2:04 - loss: 0.4414 - mae: 0.2740 - mse: 0.1375 - ssim_metric: 0.5088
171/326 [==============>...............] - ETA: 2:03 - loss: 0.4412 - mae: 0.2740 - mse: 0.1374 - ssim_metric: 0.5084
172/326 [==============>...............] - ETA: 2:02 - loss: 0.4407 - mae: 0.2737 - mse: 0.1372 - ssim_metric: 0.5084
173/326 [==============>...............] - ETA: 2:02 - loss: 0.4409 - mae: 0.2738 - mse: 0.1373 - ssim_metric: 0.5081
174/326 [===============>..............] - ETA: 2:01 - loss: 0.4408 - mae: 0.2737 - mse: 0.1373 - ssim_metric: 0.5078
175/326 [===============>..............] - ETA: 2:00 - loss: 0.4410 - mae: 0.2737 - mse: 0.1374 - ssim_metric: 0.5074
176/326 [===============>..............] - ETA: 1:59 - loss: 0.4410 - mae: 0.2737 - mse: 0.1374 - ssim_metric: 0.5074
177/326 [===============>..............] - ETA: 1:58 - loss: 0.4410 - mae: 0.2736 - mse: 0.1374 - ssim_metric: 0.5073
178/326 [===============>..............] - ETA: 1:58 - loss: 0.4418 - mae: 0.2740 - mse: 0.1377 - ssim_metric: 0.5065
179/326 [===============>..............] - ETA: 1:57 - loss: 0.4423 - mae: 0.2745 - mse: 0.1379 - ssim_metric: 0.5051
180/326 [===============>..............] - ETA: 1:56 - loss: 0.4423 - mae: 0.2746 - mse: 0.1379 - ssim_metric: 0.5046
181/326 [===============>..............] - ETA: 1:55 - loss: 0.4428 - mae: 0.2750 - mse: 0.1381 - ssim_metric: 0.5038
182/326 [===============>..............] - ETA: 1:54 - loss: 0.4429 - mae: 0.2751 - mse: 0.1382 - ssim_metric: 0.5032
183/326 [===============>..............] - ETA: 1:54 - loss: 0.4428 - mae: 0.2752 - mse: 0.1381 - ssim_metric: 0.5030
184/326 [===============>..............] - ETA: 1:53 - loss: 0.4427 - mae: 0.2752 - mse: 0.1381 - ssim_metric: 0.5028
185/326 [================>.............] - ETA: 1:52 - loss: 0.4428 - mae: 0.2753 - mse: 0.1382 - ssim_metric: 0.5022
186/326 [================>.............] - ETA: 1:51 - loss: 0.4434 - mae: 0.2756 - mse: 0.1384 - ssim_metric: 0.5016
187/326 [================>.............] - ETA: 1:50 - loss: 0.4439 - mae: 0.2758 - mse: 0.1386 - ssim_metric: 0.5013
188/326 [================>.............] - ETA: 1:50 - loss: 0.4440 - mae: 0.2758 - mse: 0.1386 - ssim_metric: 0.5014
189/326 [================>.............] - ETA: 1:49 - loss: 0.4437 - mae: 0.2757 - mse: 0.1385 - ssim_metric: 0.5014
190/326 [================>.............] - ETA: 1:48 - loss: 0.4434 - mae: 0.2757 - mse: 0.1384 - ssim_metric: 0.5013
191/326 [================>.............] - ETA: 1:47 - loss: 0.4433 - mae: 0.2757 - mse: 0.1383 - ssim_metric: 0.5011
192/326 [================>.............] - ETA: 1:46 - loss: 0.4431 - mae: 0.2756 - mse: 0.1383 - ssim_metric: 0.5013
193/326 [================>.............] - ETA: 1:46 - loss: 0.4432 - mae: 0.2756 - mse: 0.1383 - ssim_metric: 0.5013
194/326 [================>.............] - ETA: 1:45 - loss: 0.4427 - mae: 0.2753 - mse: 0.1381 - ssim_metric: 0.5016
195/326 [================>.............] - ETA: 1:44 - loss: 0.4430 - mae: 0.2752 - mse: 0.1382 - ssim_metric: 0.5016
196/326 [=================>............] - ETA: 1:43 - loss: 0.4433 - mae: 0.2753 - mse: 0.1383 - ssim_metric: 0.5015
197/326 [=================>............] - ETA: 1:42 - loss: 0.4431 - mae: 0.2751 - mse: 0.1382 - ssim_metric: 0.5016
198/326 [=================>............] - ETA: 1:42 - loss: 0.4429 - mae: 0.2750 - mse: 0.1382 - ssim_metric: 0.5017
199/326 [=================>............] - ETA: 1:41 - loss: 0.4428 - mae: 0.2750 - mse: 0.1381 - ssim_metric: 0.5014
200/326 [=================>............] - ETA: 1:40 - loss: 0.4428 - mae: 0.2750 - mse: 0.1381 - ssim_metric: 0.5012
201/326 [=================>............] - ETA: 1:39 - loss: 0.4427 - mae: 0.2750 - mse: 0.1381 - ssim_metric: 0.5008
202/326 [=================>............] - ETA: 1:38 - loss: 0.4430 - mae: 0.2751 - mse: 0.1382 - ssim_metric: 0.5007
203/326 [=================>............] - ETA: 1:38 - loss: 0.4433 - mae: 0.2753 - mse: 0.1383 - ssim_metric: 0.5003
204/326 [=================>............] - ETA: 1:37 - loss: 0.4432 - mae: 0.2754 - mse: 0.1383 - ssim_metric: 0.4999
205/326 [=================>............] - ETA: 1:36 - loss: 0.4429 - mae: 0.2753 - mse: 0.1382 - ssim_metric: 0.4996
206/326 [=================>............] - ETA: 1:35 - loss: 0.4428 - mae: 0.2753 - mse: 0.1381 - ssim_metric: 0.4994
207/326 [==================>...........] - ETA: 1:34 - loss: 0.4426 - mae: 0.2752 - mse: 0.1380 - ssim_metric: 0.4995
208/326 [==================>...........] - ETA: 1:34 - loss: 0.4426 - mae: 0.2751 - mse: 0.1380 - ssim_metric: 0.4995
209/326 [==================>...........] - ETA: 1:33 - loss: 0.4426 - mae: 0.2750 - mse: 0.1380 - ssim_metric: 0.4997
210/326 [==================>...........] - ETA: 1:32 - loss: 0.4429 - mae: 0.2751 - mse: 0.1382 - ssim_metric: 0.4996
211/326 [==================>...........] - ETA: 1:31 - loss: 0.4428 - mae: 0.2749 - mse: 0.1381 - ssim_metric: 0.5000
212/326 [==================>...........] - ETA: 1:30 - loss: 0.4426 - mae: 0.2748 - mse: 0.1380 - ssim_metric: 0.5000
213/326 [==================>...........] - ETA: 1:30 - loss: 0.4424 - mae: 0.2747 - mse: 0.1380 - ssim_metric: 0.4999
214/326 [==================>...........] - ETA: 1:29 - loss: 0.4425 - mae: 0.2747 - mse: 0.1380 - ssim_metric: 0.4997
215/326 [==================>...........] - ETA: 1:28 - loss: 0.4425 - mae: 0.2748 - mse: 0.1380 - ssim_metric: 0.4993
216/326 [==================>...........] - ETA: 1:27 - loss: 0.4422 - mae: 0.2746 - mse: 0.1379 - ssim_metric: 0.4995
217/326 [==================>...........] - ETA: 1:27 - loss: 0.4423 - mae: 0.2747 - mse: 0.1379 - ssim_metric: 0.4993
218/326 [===================>..........] - ETA: 1:26 - loss: 0.4423 - mae: 0.2747 - mse: 0.1380 - ssim_metric: 0.4990
219/326 [===================>..........] - ETA: 1:25 - loss: 0.4423 - mae: 0.2747 - mse: 0.1380 - ssim_metric: 0.4990
220/326 [===================>..........] - ETA: 1:24 - loss: 0.4425 - mae: 0.2748 - mse: 0.1380 - ssim_metric: 0.4986
221/326 [===================>..........] - ETA: 1:23 - loss: 0.4426 - mae: 0.2750 - mse: 0.1381 - ssim_metric: 0.4981
222/326 [===================>..........] - ETA: 1:23 - loss: 0.4427 - mae: 0.2751 - mse: 0.1382 - ssim_metric: 0.4976
223/326 [===================>..........] - ETA: 1:22 - loss: 0.4426 - mae: 0.2752 - mse: 0.1381 - ssim_metric: 0.4973
224/326 [===================>..........] - ETA: 1:21 - loss: 0.4427 - mae: 0.2754 - mse: 0.1382 - ssim_metric: 0.4967
225/326 [===================>..........] - ETA: 1:20 - loss: 0.4428 - mae: 0.2754 - mse: 0.1382 - ssim_metric: 0.4964
226/326 [===================>..........] - ETA: 1:19 - loss: 0.4429 - mae: 0.2754 - mse: 0.1382 - ssim_metric: 0.4962
227/326 [===================>..........] - ETA: 1:19 - loss: 0.4426 - mae: 0.2752 - mse: 0.1381 - ssim_metric: 0.4964
228/326 [===================>..........] - ETA: 1:18 - loss: 0.4425 - mae: 0.2751 - mse: 0.1381 - ssim_metric: 0.4965
229/326 [====================>.........] - ETA: 1:17 - loss: 0.4429 - mae: 0.2753 - mse: 0.1382 - ssim_metric: 0.4960
230/326 [====================>.........] - ETA: 1:16 - loss: 0.4428 - mae: 0.2753 - mse: 0.1382 - ssim_metric: 0.4958
231/326 [====================>.........] - ETA: 1:15 - loss: 0.4426 - mae: 0.2752 - mse: 0.1381 - ssim_metric: 0.4956
232/326 [====================>.........] - ETA: 1:15 - loss: 0.4425 - mae: 0.2751 - mse: 0.1381 - ssim_metric: 0.4955
233/326 [====================>.........] - ETA: 1:14 - loss: 0.4424 - mae: 0.2751 - mse: 0.1381 - ssim_metric: 0.4955
234/326 [====================>.........] - ETA: 1:13 - loss: 0.4426 - mae: 0.2752 - mse: 0.1382 - ssim_metric: 0.4950
235/326 [====================>.........] - ETA: 1:12 - loss: 0.4425 - mae: 0.2752 - mse: 0.1381 - ssim_metric: 0.4948
236/326 [====================>.........] - ETA: 1:11 - loss: 0.4419 - mae: 0.2749 - mse: 0.1379 - ssim_metric: 0.4949
237/326 [====================>.........] - ETA: 1:11 - loss: 0.4416 - mae: 0.2747 - mse: 0.1378 - ssim_metric: 0.4952
238/326 [====================>.........] - ETA: 1:10 - loss: 0.4417 - mae: 0.2747 - mse: 0.1378 - ssim_metric: 0.4951
239/326 [====================>.........] - ETA: 1:09 - loss: 0.4411 - mae: 0.2743 - mse: 0.1376 - ssim_metric: 0.4954
240/326 [=====================>........] - ETA: 1:08 - loss: 0.4411 - mae: 0.2742 - mse: 0.1376 - ssim_metric: 0.4956
241/326 [=====================>........] - ETA: 1:07 - loss: 0.4410 - mae: 0.2741 - mse: 0.1376 - ssim_metric: 0.4954
242/326 [=====================>........] - ETA: 1:07 - loss: 0.4405 - mae: 0.2738 - mse: 0.1374 - ssim_metric: 0.4956
243/326 [=====================>........] - ETA: 1:06 - loss: 0.4404 - mae: 0.2737 - mse: 0.1374 - ssim_metric: 0.4956
244/326 [=====================>........] - ETA: 1:05 - loss: 0.4405 - mae: 0.2737 - mse: 0.1374 - ssim_metric: 0.4955
245/326 [=====================>........] - ETA: 1:04 - loss: 0.4406 - mae: 0.2737 - mse: 0.1374 - ssim_metric: 0.4951
246/326 [=====================>........] - ETA: 1:03 - loss: 0.4404 - mae: 0.2736 - mse: 0.1373 - ssim_metric: 0.4950
247/326 [=====================>........] - ETA: 1:03 - loss: 0.4403 - mae: 0.2736 - mse: 0.1373 - ssim_metric: 0.4947
248/326 [=====================>........] - ETA: 1:02 - loss: 0.4406 - mae: 0.2737 - mse: 0.1374 - ssim_metric: 0.4945
249/326 [=====================>........] - ETA: 1:01 - loss: 0.4409 - mae: 0.2739 - mse: 0.1375 - ssim_metric: 0.4942
250/326 [======================>.......] - ETA: 1:00 - loss: 0.4407 - mae: 0.2738 - mse: 0.1375 - ssim_metric: 0.4940
251/326 [======================>.......] - ETA: 59s - loss: 0.4405 - mae: 0.2737 - mse: 0.1374 - ssim_metric: 0.4939 
252/326 [======================>.......] - ETA: 59s - loss: 0.4400 - mae: 0.2735 - mse: 0.1372 - ssim_metric: 0.4939
253/326 [======================>.......] - ETA: 58s - loss: 0.4406 - mae: 0.2737 - mse: 0.1374 - ssim_metric: 0.4936
254/326 [======================>.......] - ETA: 57s - loss: 0.4405 - mae: 0.2737 - mse: 0.1374 - ssim_metric: 0.4934
255/326 [======================>.......] - ETA: 56s - loss: 0.4402 - mae: 0.2736 - mse: 0.1373 - ssim_metric: 0.4933
256/326 [======================>.......] - ETA: 55s - loss: 0.4404 - mae: 0.2736 - mse: 0.1373 - ssim_metric: 0.4931
257/326 [======================>.......] - ETA: 55s - loss: 0.4403 - mae: 0.2736 - mse: 0.1373 - ssim_metric: 0.4929
258/326 [======================>.......] - ETA: 54s - loss: 0.4405 - mae: 0.2737 - mse: 0.1374 - ssim_metric: 0.4926
259/326 [======================>.......] - ETA: 53s - loss: 0.4407 - mae: 0.2738 - mse: 0.1375 - ssim_metric: 0.4921
260/326 [======================>.......] - ETA: 52s - loss: 0.4404 - mae: 0.2737 - mse: 0.1374 - ssim_metric: 0.4919
261/326 [=======================>......] - ETA: 51s - loss: 0.4404 - mae: 0.2737 - mse: 0.1374 - ssim_metric: 0.4916
262/326 [=======================>......] - ETA: 51s - loss: 0.4400 - mae: 0.2736 - mse: 0.1372 - ssim_metric: 0.4915
263/326 [=======================>......] - ETA: 50s - loss: 0.4404 - mae: 0.2737 - mse: 0.1374 - ssim_metric: 0.4913
264/326 [=======================>......] - ETA: 49s - loss: 0.4405 - mae: 0.2737 - mse: 0.1374 - ssim_metric: 0.4913
265/326 [=======================>......] - ETA: 48s - loss: 0.4405 - mae: 0.2737 - mse: 0.1374 - ssim_metric: 0.4911
266/326 [=======================>......] - ETA: 47s - loss: 0.4407 - mae: 0.2739 - mse: 0.1375 - ssim_metric: 0.4908
267/326 [=======================>......] - ETA: 47s - loss: 0.4408 - mae: 0.2739 - mse: 0.1376 - ssim_metric: 0.4905
268/326 [=======================>......] - ETA: 46s - loss: 0.4408 - mae: 0.2740 - mse: 0.1376 - ssim_metric: 0.4902
269/326 [=======================>......] - ETA: 45s - loss: 0.4407 - mae: 0.2740 - mse: 0.1375 - ssim_metric: 0.4900
270/326 [=======================>......] - ETA: 44s - loss: 0.4408 - mae: 0.2741 - mse: 0.1376 - ssim_metric: 0.4897
271/326 [=======================>......] - ETA: 43s - loss: 0.4408 - mae: 0.2742 - mse: 0.1376 - ssim_metric: 0.4896
272/326 [========================>.....] - ETA: 43s - loss: 0.4407 - mae: 0.2741 - mse: 0.1376 - ssim_metric: 0.4895
273/326 [========================>.....] - ETA: 42s - loss: 0.4404 - mae: 0.2740 - mse: 0.1374 - ssim_metric: 0.4897
274/326 [========================>.....] - ETA: 41s - loss: 0.4405 - mae: 0.2740 - mse: 0.1375 - ssim_metric: 0.4896
275/326 [========================>.....] - ETA: 40s - loss: 0.4406 - mae: 0.2739 - mse: 0.1375 - ssim_metric: 0.4897
276/326 [========================>.....] - ETA: 39s - loss: 0.4406 - mae: 0.2739 - mse: 0.1375 - ssim_metric: 0.4895
277/326 [========================>.....] - ETA: 39s - loss: 0.4408 - mae: 0.2740 - mse: 0.1376 - ssim_metric: 0.4892
278/326 [========================>.....] - ETA: 38s - loss: 0.4406 - mae: 0.2739 - mse: 0.1375 - ssim_metric: 0.4891
279/326 [========================>.....] - ETA: 37s - loss: 0.4404 - mae: 0.2738 - mse: 0.1374 - ssim_metric: 0.4892
280/326 [========================>.....] - ETA: 36s - loss: 0.4403 - mae: 0.2738 - mse: 0.1374 - ssim_metric: 0.4890
281/326 [========================>.....] - ETA: 35s - loss: 0.4404 - mae: 0.2739 - mse: 0.1375 - ssim_metric: 0.4886
282/326 [========================>.....] - ETA: 35s - loss: 0.4404 - mae: 0.2739 - mse: 0.1375 - ssim_metric: 0.4886
283/326 [=========================>....] - ETA: 34s - loss: 0.4407 - mae: 0.2740 - mse: 0.1376 - ssim_metric: 0.4884
284/326 [=========================>....] - ETA: 33s - loss: 0.4406 - mae: 0.2741 - mse: 0.1375 - ssim_metric: 0.4881
285/326 [=========================>....] - ETA: 32s - loss: 0.4409 - mae: 0.2743 - mse: 0.1376 - ssim_metric: 0.4876
286/326 [=========================>....] - ETA: 31s - loss: 0.4408 - mae: 0.2743 - mse: 0.1376 - ssim_metric: 0.4874
287/326 [=========================>....] - ETA: 31s - loss: 0.4411 - mae: 0.2744 - mse: 0.1377 - ssim_metric: 0.4871
288/326 [=========================>....] - ETA: 30s - loss: 0.4414 - mae: 0.2745 - mse: 0.1379 - ssim_metric: 0.4867
289/326 [=========================>....] - ETA: 29s - loss: 0.4414 - mae: 0.2745 - mse: 0.1379 - ssim_metric: 0.4864
290/326 [=========================>....] - ETA: 28s - loss: 0.4417 - mae: 0.2747 - mse: 0.1380 - ssim_metric: 0.4861
291/326 [=========================>....] - ETA: 27s - loss: 0.4417 - mae: 0.2747 - mse: 0.1380 - ssim_metric: 0.4858
292/326 [=========================>....] - ETA: 27s - loss: 0.4414 - mae: 0.2747 - mse: 0.1379 - ssim_metric: 0.4855
293/326 [=========================>....] - ETA: 26s - loss: 0.4412 - mae: 0.2746 - mse: 0.1378 - ssim_metric: 0.4854
294/326 [==========================>...] - ETA: 25s - loss: 0.4414 - mae: 0.2747 - mse: 0.1379 - ssim_metric: 0.4852
295/326 [==========================>...] - ETA: 24s - loss: 0.4413 - mae: 0.2746 - mse: 0.1378 - ssim_metric: 0.4851
296/326 [==========================>...] - ETA: 23s - loss: 0.4411 - mae: 0.2745 - mse: 0.1378 - ssim_metric: 0.4852
297/326 [==========================>...] - ETA: 23s - loss: 0.4413 - mae: 0.2744 - mse: 0.1378 - ssim_metric: 0.4852
298/326 [==========================>...] - ETA: 22s - loss: 0.4408 - mae: 0.2742 - mse: 0.1376 - ssim_metric: 0.4854
299/326 [==========================>...] - ETA: 21s - loss: 0.4405 - mae: 0.2740 - mse: 0.1376 - ssim_metric: 0.4855
300/326 [==========================>...] - ETA: 20s - loss: 0.4406 - mae: 0.2740 - mse: 0.1376 - ssim_metric: 0.4855
301/326 [==========================>...] - ETA: 19s - loss: 0.4403 - mae: 0.2738 - mse: 0.1375 - ssim_metric: 0.4856
302/326 [==========================>...] - ETA: 19s - loss: 0.4406 - mae: 0.2739 - mse: 0.1376 - ssim_metric: 0.4851
303/326 [==========================>...] - ETA: 18s - loss: 0.4406 - mae: 0.2739 - mse: 0.1376 - ssim_metric: 0.4849
304/326 [==========================>...] - ETA: 17s - loss: 0.4406 - mae: 0.2739 - mse: 0.1376 - ssim_metric: 0.4847
305/326 [===========================>..] - ETA: 16s - loss: 0.4406 - mae: 0.2740 - mse: 0.1376 - ssim_metric: 0.4845
306/326 [===========================>..] - ETA: 15s - loss: 0.4406 - mae: 0.2740 - mse: 0.1376 - ssim_metric: 0.4843
307/326 [===========================>..] - ETA: 15s - loss: 0.4407 - mae: 0.2741 - mse: 0.1376 - ssim_metric: 0.4841
308/326 [===========================>..] - ETA: 14s - loss: 0.4405 - mae: 0.2740 - mse: 0.1376 - ssim_metric: 0.4842
309/326 [===========================>..] - ETA: 13s - loss: 0.4404 - mae: 0.2739 - mse: 0.1375 - ssim_metric: 0.4841
310/326 [===========================>..] - ETA: 12s - loss: 0.4404 - mae: 0.2740 - mse: 0.1375 - ssim_metric: 0.4838
311/326 [===========================>..] - ETA: 11s - loss: 0.4402 - mae: 0.2739 - mse: 0.1375 - ssim_metric: 0.4839
312/326 [===========================>..] - ETA: 11s - loss: 0.4401 - mae: 0.2738 - mse: 0.1374 - ssim_metric: 0.4836
313/326 [===========================>..] - ETA: 10s - loss: 0.4401 - mae: 0.2738 - mse: 0.1375 - ssim_metric: 0.4836
314/326 [===========================>..] - ETA: 9s - loss: 0.4403 - mae: 0.2738 - mse: 0.1375 - ssim_metric: 0.4837 
315/326 [===========================>..] - ETA: 8s - loss: 0.4404 - mae: 0.2738 - mse: 0.1376 - ssim_metric: 0.4834
316/326 [============================>.] - ETA: 7s - loss: 0.4403 - mae: 0.2738 - mse: 0.1375 - ssim_metric: 0.4832
317/326 [============================>.] - ETA: 7s - loss: 0.4401 - mae: 0.2737 - mse: 0.1375 - ssim_metric: 0.4832
318/326 [============================>.] - ETA: 6s - loss: 0.4399 - mae: 0.2737 - mse: 0.1374 - ssim_metric: 0.4830
319/326 [============================>.] - ETA: 5s - loss: 0.4403 - mae: 0.2739 - mse: 0.1376 - ssim_metric: 0.4827
320/326 [============================>.] - ETA: 4s - loss: 0.4404 - mae: 0.2739 - mse: 0.1376 - ssim_metric: 0.4823
321/326 [============================>.] - ETA: 3s - loss: 0.4404 - mae: 0.2740 - mse: 0.1376 - ssim_metric: 0.4821
322/326 [============================>.] - ETA: 3s - loss: 0.4402 - mae: 0.2739 - mse: 0.1375 - ssim_metric: 0.4820
323/326 [============================>.] - ETA: 2s - loss: 0.4401 - mae: 0.2739 - mse: 0.1375 - ssim_metric: 0.4819
324/326 [============================>.] - ETA: 1s - loss: 0.4405 - mae: 0.2740 - mse: 0.1376 - ssim_metric: 0.4816
325/326 [============================>.] - ETA: 0s - loss: 0.4404 - mae: 0.2740 - mse: 0.1376 - ssim_metric: 0.4815
326/326 [==============================] - ETA: 0s - loss: 0.4405 - mae: 0.2740 - mse: 0.1376 - ssim_metric: 0.4815
Epoch 2: saving model to C:\d_surucusu\visual_navigation\benchmark\models_pipeline\20260909_223425\bce_b32\_JOB_bce_b32_10_09_2026__11_08_model_f48_k4_epoch_00002_helu_osigmoid_(1, 1)_.h5

Epoch 2: val_loss improved from 0.42314 to 0.39156, saving model to C:\d_surucusu\visual_navigation\benchmark\models_pipeline\20260909_223425\bce_b32\_JOB_bce_b32_10_09_2026__11_08_best_val_loss_model_f48_k4.h5

Epoch 2: val_mae improved from 0.27964 to 0.25405, saving model to C:\d_surucusu\visual_navigation\benchmark\models_pipeline\20260909_223425\bce_b32\_JOB_bce_b32_10_09_2026__11_08_best_mae_model_f48_k4.h5

Epoch 2: val_ssim_metric did not improve from 0.59927

326/326 [==============================] - 276s 847ms/step - loss: 0.4405 - mae: 0.2740 - mse: 0.1376 - ssim_metric: 0.4815 - val_loss: 0.3916 - val_mae: 0.2540 - val_mse: 0.1192 - val_ssim_metric: 0.4693
Epoch 3/20

  1/326 [..............................] - ETA: 4:35 - loss: 0.4696 - mae: 0.2905 - mse: 0.1513 - ssim_metric: 0.4049
  2/326 [..............................] - ETA: 4:17 - loss: 0.4562 - mae: 0.2840 - mse: 0.1454 - ssim_metric: 0.4305
  3/326 [..............................] - ETA: 4:17 - loss: 0.4739 - mae: 0.2968 - mse: 0.1524 - ssim_metric: 0.4224
  4/326 [..............................] - ETA: 4:16 - loss: 0.4720 - mae: 0.2991 - mse: 0.1517 - ssim_metric: 0.4172
  5/326 [..............................] - ETA: 4:15 - loss: 0.4591 - mae: 0.2946 - mse: 0.1464 - ssim_metric: 0.4257
  6/326 [..............................] - ETA: 4:15 - loss: 0.4564 - mae: 0.2963 - mse: 0.1453 - ssim_metric: 0.4168
  7/326 [..............................] - ETA: 4:14 - loss: 0.4504 - mae: 0.2936 - mse: 0.1429 - ssim_metric: 0.4210
  8/326 [..............................] - ETA: 4:13 - loss: 0.4380 - mae: 0.2866 - mse: 0.1379 - ssim_metric: 0.4282
  9/326 [..............................] - ETA: 4:12 - loss: 0.4261 - mae: 0.2787 - mse: 0.1332 - ssim_metric: 0.4389
 10/326 [..............................] - ETA: 4:12 - loss: 0.4230 - mae: 0.2742 - mse: 0.1318 - ssim_metric: 0.4485
 11/326 [>.............................] - ETA: 4:11 - loss: 0.4274 - mae: 0.2733 - mse: 0.1339 - ssim_metric: 0.4540
 12/326 [>.............................] - ETA: 4:10 - loss: 0.4284 - mae: 0.2705 - mse: 0.1343 - ssim_metric: 0.4598
 13/326 [>.............................] - ETA: 4:09 - loss: 0.4346 - mae: 0.2699 - mse: 0.1364 - ssim_metric: 0.4626
 14/326 [>.............................] - ETA: 4:08 - loss: 0.4474 - mae: 0.2739 - mse: 0.1408 - ssim_metric: 0.4576
 15/326 [>.............................] - ETA: 4:07 - loss: 0.4371 - mae: 0.2687 - mse: 0.1369 - ssim_metric: 0.4646
 16/326 [>.............................] - ETA: 4:07 - loss: 0.4405 - mae: 0.2708 - mse: 0.1383 - ssim_metric: 0.4609
 17/326 [>.............................] - ETA: 4:06 - loss: 0.4394 - mae: 0.2718 - mse: 0.1377 - ssim_metric: 0.4571
 18/326 [>.............................] - ETA: 4:05 - loss: 0.4419 - mae: 0.2749 - mse: 0.1388 - ssim_metric: 0.4503
 19/326 [>.............................] - ETA: 4:04 - loss: 0.4421 - mae: 0.2768 - mse: 0.1389 - ssim_metric: 0.4459
 20/326 [>.............................] - ETA: 4:03 - loss: 0.4383 - mae: 0.2766 - mse: 0.1371 - ssim_metric: 0.4445
 21/326 [>.............................] - ETA: 4:03 - loss: 0.4338 - mae: 0.2748 - mse: 0.1353 - ssim_metric: 0.4455
 22/326 [=>............................] - ETA: 4:02 - loss: 0.4295 - mae: 0.2725 - mse: 0.1337 - ssim_metric: 0.4482
 23/326 [=>............................] - ETA: 4:01 - loss: 0.4252 - mae: 0.2695 - mse: 0.1321 - ssim_metric: 0.4550
 24/326 [=>............................] - ETA: 4:00 - loss: 0.4243 - mae: 0.2677 - mse: 0.1318 - ssim_metric: 0.4589
 25/326 [=>............................] - ETA: 4:00 - loss: 0.4298 - mae: 0.2683 - mse: 0.1337 - ssim_metric: 0.4591
 26/326 [=>............................] - ETA: 3:59 - loss: 0.4314 - mae: 0.2674 - mse: 0.1343 - ssim_metric: 0.4626
 27/326 [=>............................] - ETA: 3:58 - loss: 0.4301 - mae: 0.2660 - mse: 0.1339 - ssim_metric: 0.4662
 28/326 [=>............................] - ETA: 3:57 - loss: 0.4316 - mae: 0.2656 - mse: 0.1344 - ssim_metric: 0.4668
 29/326 [=>............................] - ETA: 3:56 - loss: 0.4303 - mae: 0.2648 - mse: 0.1340 - ssim_metric: 0.4673
 30/326 [=>............................] - ETA: 3:56 - loss: 0.4314 - mae: 0.2654 - mse: 0.1345 - ssim_metric: 0.4660
 31/326 [=>............................] - ETA: 3:55 - loss: 0.4319 - mae: 0.2660 - mse: 0.1347 - ssim_metric: 0.4635
 32/326 [=>............................] - ETA: 3:54 - loss: 0.4329 - mae: 0.2672 - mse: 0.1352 - ssim_metric: 0.4604
 33/326 [==>...........................] - ETA: 3:53 - loss: 0.4303 - mae: 0.2667 - mse: 0.1341 - ssim_metric: 0.4600
 34/326 [==>...........................] - ETA: 3:52 - loss: 0.4317 - mae: 0.2682 - mse: 0.1347 - ssim_metric: 0.4556
 35/326 [==>...........................] - ETA: 3:52 - loss: 0.4297 - mae: 0.2678 - mse: 0.1339 - ssim_metric: 0.4554
 36/326 [==>...........................] - ETA: 3:51 - loss: 0.4300 - mae: 0.2686 - mse: 0.1340 - ssim_metric: 0.4534
 37/326 [==>...........................] - ETA: 3:50 - loss: 0.4272 - mae: 0.2674 - mse: 0.1329 - ssim_metric: 0.4546
 38/326 [==>...........................] - ETA: 3:49 - loss: 0.4254 - mae: 0.2666 - mse: 0.1322 - ssim_metric: 0.4550
 39/326 [==>...........................] - ETA: 3:48 - loss: 0.4253 - mae: 0.2661 - mse: 0.1322 - ssim_metric: 0.4562
 40/326 [==>...........................] - ETA: 3:48 - loss: 0.4235 - mae: 0.2649 - mse: 0.1315 - ssim_metric: 0.4581
 41/326 [==>...........................] - ETA: 3:47 - loss: 0.4219 - mae: 0.2631 - mse: 0.1309 - ssim_metric: 0.4620
 42/326 [==>...........................] - ETA: 3:46 - loss: 0.4178 - mae: 0.2603 - mse: 0.1295 - ssim_metric: 0.4671
 43/326 [==>...........................] - ETA: 3:45 - loss: 0.4180 - mae: 0.2592 - mse: 0.1294 - ssim_metric: 0.4696
 44/326 [===>..........................] - ETA: 3:44 - loss: 0.4194 - mae: 0.2589 - mse: 0.1299 - ssim_metric: 0.4708
 45/326 [===>..........................] - ETA: 3:44 - loss: 0.4225 - mae: 0.2597 - mse: 0.1311 - ssim_metric: 0.4698
 46/326 [===>..........................] - ETA: 3:43 - loss: 0.4225 - mae: 0.2595 - mse: 0.1312 - ssim_metric: 0.4707
 47/326 [===>..........................] - ETA: 3:42 - loss: 0.4212 - mae: 0.2590 - mse: 0.1307 - ssim_metric: 0.4714
 48/326 [===>..........................] - ETA: 3:41 - loss: 0.4187 - mae: 0.2581 - mse: 0.1297 - ssim_metric: 0.4720
 49/326 [===>..........................] - ETA: 3:40 - loss: 0.4216 - mae: 0.2594 - mse: 0.1307 - ssim_metric: 0.4701
 50/326 [===>..........................] - ETA: 3:40 - loss: 0.4212 - mae: 0.2596 - mse: 0.1307 - ssim_metric: 0.4698
 51/326 [===>..........................] - ETA: 3:39 - loss: 0.4197 - mae: 0.2594 - mse: 0.1300 - ssim_metric: 0.4684
 52/326 [===>..........................] - ETA: 3:38 - loss: 0.4200 - mae: 0.2597 - mse: 0.1301 - ssim_metric: 0.4682
 53/326 [===>..........................] - ETA: 3:37 - loss: 0.4196 - mae: 0.2594 - mse: 0.1300 - ssim_metric: 0.4682
 54/326 [===>..........................] - ETA: 3:36 - loss: 0.4200 - mae: 0.2595 - mse: 0.1302 - ssim_metric: 0.4681
 55/326 [====>.........................] - ETA: 3:36 - loss: 0.4200 - mae: 0.2594 - mse: 0.1302 - ssim_metric: 0.4684
 56/326 [====>.........................] - ETA: 3:35 - loss: 0.4197 - mae: 0.2592 - mse: 0.1301 - ssim_metric: 0.4683
 57/326 [====>.........................] - ETA: 3:34 - loss: 0.4184 - mae: 0.2584 - mse: 0.1297 - ssim_metric: 0.4692
 58/326 [====>.........................] - ETA: 3:33 - loss: 0.4200 - mae: 0.2589 - mse: 0.1303 - ssim_metric: 0.4690
 59/326 [====>.........................] - ETA: 3:32 - loss: 0.4206 - mae: 0.2590 - mse: 0.1305 - ssim_metric: 0.4686
 60/326 [====>.........................] - ETA: 3:32 - loss: 0.4220 - mae: 0.2595 - mse: 0.1311 - ssim_metric: 0.4685
 61/326 [====>.........................] - ETA: 3:31 - loss: 0.4200 - mae: 0.2585 - mse: 0.1304 - ssim_metric: 0.4701
 62/326 [====>.........................] - ETA: 3:30 - loss: 0.4186 - mae: 0.2581 - mse: 0.1298 - ssim_metric: 0.4703
 63/326 [====>.........................] - ETA: 3:29 - loss: 0.4194 - mae: 0.2587 - mse: 0.1301 - ssim_metric: 0.4691
 64/326 [====>.........................] - ETA: 3:28 - loss: 0.4182 - mae: 0.2584 - mse: 0.1296 - ssim_metric: 0.4695
 65/326 [====>.........................] - ETA: 3:28 - loss: 0.4169 - mae: 0.2579 - mse: 0.1291 - ssim_metric: 0.4703
 66/326 [=====>........................] - ETA: 3:27 - loss: 0.4180 - mae: 0.2585 - mse: 0.1295 - ssim_metric: 0.4690
 67/326 [=====>........................] - ETA: 3:26 - loss: 0.4179 - mae: 0.2586 - mse: 0.1296 - ssim_metric: 0.4681
 68/326 [=====>........................] - ETA: 3:25 - loss: 0.4179 - mae: 0.2584 - mse: 0.1296 - ssim_metric: 0.4678
 69/326 [=====>........................] - ETA: 3:25 - loss: 0.4180 - mae: 0.2584 - mse: 0.1296 - ssim_metric: 0.4671
 70/326 [=====>........................] - ETA: 3:24 - loss: 0.4179 - mae: 0.2583 - mse: 0.1297 - ssim_metric: 0.4673
 71/326 [=====>........................] - ETA: 3:23 - loss: 0.4177 - mae: 0.2581 - mse: 0.1296 - ssim_metric: 0.4673
 72/326 [=====>........................] - ETA: 3:22 - loss: 0.4198 - mae: 0.2587 - mse: 0.1303 - ssim_metric: 0.4663
 73/326 [=====>........................] - ETA: 3:21 - loss: 0.4198 - mae: 0.2588 - mse: 0.1303 - ssim_metric: 0.4660
 74/326 [=====>........................] - ETA: 3:21 - loss: 0.4194 - mae: 0.2589 - mse: 0.1301 - ssim_metric: 0.4652
 75/326 [=====>........................] - ETA: 3:20 - loss: 0.4185 - mae: 0.2586 - mse: 0.1298 - ssim_metric: 0.4649
 76/326 [=====>........................] - ETA: 3:19 - loss: 0.4171 - mae: 0.2581 - mse: 0.1293 - ssim_metric: 0.4651
 77/326 [======>.......................] - ETA: 3:18 - loss: 0.4178 - mae: 0.2585 - mse: 0.1295 - ssim_metric: 0.4641
 78/326 [======>.......................] - ETA: 3:17 - loss: 0.4175 - mae: 0.2584 - mse: 0.1294 - ssim_metric: 0.4643
 79/326 [======>.......................] - ETA: 3:17 - loss: 0.4184 - mae: 0.2586 - mse: 0.1298 - ssim_metric: 0.4642
 80/326 [======>.......................] - ETA: 3:16 - loss: 0.4192 - mae: 0.2587 - mse: 0.1301 - ssim_metric: 0.4644
 81/326 [======>.......................] - ETA: 3:15 - loss: 0.4188 - mae: 0.2585 - mse: 0.1300 - ssim_metric: 0.4648
 82/326 [======>.......................] - ETA: 3:14 - loss: 0.4190 - mae: 0.2585 - mse: 0.1301 - ssim_metric: 0.4649
 83/326 [======>.......................] - ETA: 3:13 - loss: 0.4188 - mae: 0.2586 - mse: 0.1300 - ssim_metric: 0.4644
 84/326 [======>.......................] - ETA: 3:13 - loss: 0.4192 - mae: 0.2589 - mse: 0.1302 - ssim_metric: 0.4641
 85/326 [======>.......................] - ETA: 3:12 - loss: 0.4179 - mae: 0.2584 - mse: 0.1297 - ssim_metric: 0.4646
 86/326 [======>.......................] - ETA: 3:11 - loss: 0.4180 - mae: 0.2585 - mse: 0.1298 - ssim_metric: 0.4643
 87/326 [=======>......................] - ETA: 3:10 - loss: 0.4176 - mae: 0.2584 - mse: 0.1296 - ssim_metric: 0.4643
 88/326 [=======>......................] - ETA: 3:09 - loss: 0.4167 - mae: 0.2581 - mse: 0.1293 - ssim_metric: 0.4641
 89/326 [=======>......................] - ETA: 3:09 - loss: 0.4161 - mae: 0.2578 - mse: 0.1291 - ssim_metric: 0.4645
 90/326 [=======>......................] - ETA: 3:08 - loss: 0.4172 - mae: 0.2581 - mse: 0.1294 - ssim_metric: 0.4641
 91/326 [=======>......................] - ETA: 3:07 - loss: 0.4170 - mae: 0.2578 - mse: 0.1294 - ssim_metric: 0.4646
 92/326 [=======>......................] - ETA: 3:06 - loss: 0.4168 - mae: 0.2576 - mse: 0.1293 - ssim_metric: 0.4646
 93/326 [=======>......................] - ETA: 3:05 - loss: 0.4173 - mae: 0.2576 - mse: 0.1295 - ssim_metric: 0.4649
 94/326 [=======>......................] - ETA: 3:05 - loss: 0.4179 - mae: 0.2575 - mse: 0.1297 - ssim_metric: 0.4654
 95/326 [=======>......................] - ETA: 3:04 - loss: 0.4191 - mae: 0.2579 - mse: 0.1301 - ssim_metric: 0.4649
 96/326 [=======>......................] - ETA: 3:03 - loss: 0.4187 - mae: 0.2577 - mse: 0.1300 - ssim_metric: 0.4650
 97/326 [=======>......................] - ETA: 3:02 - loss: 0.4186 - mae: 0.2579 - mse: 0.1299 - ssim_metric: 0.4649
 98/326 [========>.....................] - ETA: 3:01 - loss: 0.4180 - mae: 0.2578 - mse: 0.1297 - ssim_metric: 0.4648
 99/326 [========>.....................] - ETA: 3:01 - loss: 0.4176 - mae: 0.2578 - mse: 0.1295 - ssim_metric: 0.4644
100/326 [========>.....................] - ETA: 3:00 - loss: 0.4177 - mae: 0.2581 - mse: 0.1296 - ssim_metric: 0.4640
101/326 [========>.....................] - ETA: 2:59 - loss: 0.4171 - mae: 0.2579 - mse: 0.1293 - ssim_metric: 0.4639
102/326 [========>.....................] - ETA: 2:58 - loss: 0.4164 - mae: 0.2578 - mse: 0.1290 - ssim_metric: 0.4641
103/326 [========>.....................] - ETA: 2:57 - loss: 0.4175 - mae: 0.2581 - mse: 0.1294 - ssim_metric: 0.4635
104/326 [========>.....................] - ETA: 2:57 - loss: 0.4174 - mae: 0.2580 - mse: 0.1294 - ssim_metric: 0.4638
105/326 [========>.....................] - ETA: 2:56 - loss: 0.4169 - mae: 0.2577 - mse: 0.1292 - ssim_metric: 0.4642
106/326 [========>.....................] - ETA: 2:55 - loss: 0.4159 - mae: 0.2572 - mse: 0.1289 - ssim_metric: 0.4651
107/326 [========>.....................] - ETA: 2:54 - loss: 0.4157 - mae: 0.2569 - mse: 0.1288 - ssim_metric: 0.4657
108/326 [========>.....................] - ETA: 2:53 - loss: 0.4173 - mae: 0.2574 - mse: 0.1293 - ssim_metric: 0.4654
109/326 [=========>....................] - ETA: 2:53 - loss: 0.4168 - mae: 0.2571 - mse: 0.1292 - ssim_metric: 0.4660
110/326 [=========>....................] - ETA: 2:52 - loss: 0.4176 - mae: 0.2573 - mse: 0.1294 - ssim_metric: 0.4656
111/326 [=========>....................] - ETA: 2:51 - loss: 0.4171 - mae: 0.2571 - mse: 0.1293 - ssim_metric: 0.4659
112/326 [=========>....................] - ETA: 2:50 - loss: 0.4173 - mae: 0.2573 - mse: 0.1293 - ssim_metric: 0.4656
113/326 [=========>....................] - ETA: 2:49 - loss: 0.4171 - mae: 0.2573 - mse: 0.1293 - ssim_metric: 0.4656
114/326 [=========>....................] - ETA: 2:49 - loss: 0.4168 - mae: 0.2573 - mse: 0.1291 - ssim_metric: 0.4654
115/326 [=========>....................] - ETA: 2:48 - loss: 0.4170 - mae: 0.2574 - mse: 0.1292 - ssim_metric: 0.4650
116/326 [=========>....................] - ETA: 2:47 - loss: 0.4170 - mae: 0.2575 - mse: 0.1293 - ssim_metric: 0.4646
117/326 [=========>....................] - ETA: 2:46 - loss: 0.4175 - mae: 0.2577 - mse: 0.1294 - ssim_metric: 0.4644
118/326 [=========>....................] - ETA: 2:45 - loss: 0.4169 - mae: 0.2575 - mse: 0.1292 - ssim_metric: 0.4652
119/326 [=========>....................] - ETA: 2:45 - loss: 0.4165 - mae: 0.2573 - mse: 0.1291 - ssim_metric: 0.4654
120/326 [==========>...................] - ETA: 2:44 - loss: 0.4162 - mae: 0.2572 - mse: 0.1290 - ssim_metric: 0.4656
121/326 [==========>...................] - ETA: 2:43 - loss: 0.4156 - mae: 0.2569 - mse: 0.1287 - ssim_metric: 0.4661
122/326 [==========>...................] - ETA: 2:42 - loss: 0.4160 - mae: 0.2569 - mse: 0.1289 - ssim_metric: 0.4663
123/326 [==========>...................] - ETA: 2:41 - loss: 0.4164 - mae: 0.2570 - mse: 0.1290 - ssim_metric: 0.4660
124/326 [==========>...................] - ETA: 2:41 - loss: 0.4169 - mae: 0.2572 - mse: 0.1292 - ssim_metric: 0.4653
125/326 [==========>...................] - ETA: 2:40 - loss: 0.4169 - mae: 0.2572 - mse: 0.1292 - ssim_metric: 0.4654
126/326 [==========>...................] - ETA: 2:39 - loss: 0.4164 - mae: 0.2570 - mse: 0.1291 - ssim_metric: 0.4653
127/326 [==========>...................] - ETA: 2:38 - loss: 0.4160 - mae: 0.2568 - mse: 0.1289 - ssim_metric: 0.4655
128/326 [==========>...................] - ETA: 2:37 - loss: 0.4156 - mae: 0.2566 - mse: 0.1287 - ssim_metric: 0.4658
129/326 [==========>...................] - ETA: 2:37 - loss: 0.4156 - mae: 0.2565 - mse: 0.1287 - ssim_metric: 0.4661
130/326 [==========>...................] - ETA: 2:36 - loss: 0.4168 - mae: 0.2569 - mse: 0.1291 - ssim_metric: 0.4655
131/326 [===========>..................] - ETA: 2:35 - loss: 0.4170 - mae: 0.2569 - mse: 0.1292 - ssim_metric: 0.4657
132/326 [===========>..................] - ETA: 2:34 - loss: 0.4169 - mae: 0.2569 - mse: 0.1292 - ssim_metric: 0.4659
133/326 [===========>..................] - ETA: 2:33 - loss: 0.4168 - mae: 0.2569 - mse: 0.1292 - ssim_metric: 0.4658
134/326 [===========>..................] - ETA: 2:33 - loss: 0.4172 - mae: 0.2571 - mse: 0.1293 - ssim_metric: 0.4655
135/326 [===========>..................] - ETA: 2:32 - loss: 0.4176 - mae: 0.2574 - mse: 0.1295 - ssim_metric: 0.4648
136/326 [===========>..................] - ETA: 2:31 - loss: 0.4179 - mae: 0.2577 - mse: 0.1296 - ssim_metric: 0.4641
137/326 [===========>..................] - ETA: 2:30 - loss: 0.4176 - mae: 0.2578 - mse: 0.1295 - ssim_metric: 0.4638
138/326 [===========>..................] - ETA: 2:30 - loss: 0.4180 - mae: 0.2582 - mse: 0.1296 - ssim_metric: 0.4629
139/326 [===========>..................] - ETA: 2:29 - loss: 0.4179 - mae: 0.2583 - mse: 0.1296 - ssim_metric: 0.4625
140/326 [===========>..................] - ETA: 2:28 - loss: 0.4180 - mae: 0.2584 - mse: 0.1297 - ssim_metric: 0.4624
141/326 [===========>..................] - ETA: 2:27 - loss: 0.4182 - mae: 0.2585 - mse: 0.1298 - ssim_metric: 0.4623
142/326 [============>.................] - ETA: 2:26 - loss: 0.4178 - mae: 0.2583 - mse: 0.1296 - ssim_metric: 0.4628
143/326 [============>.................] - ETA: 2:26 - loss: 0.4181 - mae: 0.2584 - mse: 0.1298 - ssim_metric: 0.4627
144/326 [============>.................] - ETA: 2:25 - loss: 0.4180 - mae: 0.2583 - mse: 0.1297 - ssim_metric: 0.4627
145/326 [============>.................] - ETA: 2:24 - loss: 0.4176 - mae: 0.2581 - mse: 0.1296 - ssim_metric: 0.4632
146/326 [============>.................] - ETA: 2:23 - loss: 0.4174 - mae: 0.2580 - mse: 0.1295 - ssim_metric: 0.4636
147/326 [============>.................] - ETA: 2:22 - loss: 0.4181 - mae: 0.2582 - mse: 0.1298 - ssim_metric: 0.4634
148/326 [============>.................] - ETA: 2:22 - loss: 0.4176 - mae: 0.2580 - mse: 0.1296 - ssim_metric: 0.4637
149/326 [============>.................] - ETA: 2:21 - loss: 0.4181 - mae: 0.2583 - mse: 0.1298 - ssim_metric: 0.4632
150/326 [============>.................] - ETA: 2:20 - loss: 0.4178 - mae: 0.2583 - mse: 0.1297 - ssim_metric: 0.4631
151/326 [============>.................] - ETA: 2:19 - loss: 0.4185 - mae: 0.2586 - mse: 0.1299 - ssim_metric: 0.4624
152/326 [============>.................] - ETA: 2:18 - loss: 0.4189 - mae: 0.2588 - mse: 0.1301 - ssim_metric: 0.4622
153/326 [=============>................] - ETA: 2:18 - loss: 0.4186 - mae: 0.2588 - mse: 0.1300 - ssim_metric: 0.4620
154/326 [=============>................] - ETA: 2:17 - loss: 0.4184 - mae: 0.2588 - mse: 0.1299 - ssim_metric: 0.4619
155/326 [=============>................] - ETA: 2:16 - loss: 0.4185 - mae: 0.2588 - mse: 0.1299 - ssim_metric: 0.4619
156/326 [=============>................] - ETA: 2:15 - loss: 0.4181 - mae: 0.2587 - mse: 0.1298 - ssim_metric: 0.4620
157/326 [=============>................] - ETA: 2:14 - loss: 0.4182 - mae: 0.2587 - mse: 0.1298 - ssim_metric: 0.4620
158/326 [=============>................] - ETA: 2:14 - loss: 0.4189 - mae: 0.2588 - mse: 0.1301 - ssim_metric: 0.4621
159/326 [=============>................] - ETA: 2:13 - loss: 0.4192 - mae: 0.2588 - mse: 0.1302 - ssim_metric: 0.4622
160/326 [=============>................] - ETA: 2:12 - loss: 0.4190 - mae: 0.2587 - mse: 0.1302 - ssim_metric: 0.4624
161/326 [=============>................] - ETA: 2:11 - loss: 0.4193 - mae: 0.2589 - mse: 0.1303 - ssim_metric: 0.4620
162/326 [=============>................] - ETA: 2:10 - loss: 0.4190 - mae: 0.2589 - mse: 0.1302 - ssim_metric: 0.4618
163/326 [==============>...............] - ETA: 2:10 - loss: 0.4187 - mae: 0.2589 - mse: 0.1300 - ssim_metric: 0.4617
164/326 [==============>...............] - ETA: 2:09 - loss: 0.4185 - mae: 0.2589 - mse: 0.1300 - ssim_metric: 0.4617
165/326 [==============>...............] - ETA: 2:08 - loss: 0.4186 - mae: 0.2590 - mse: 0.1300 - ssim_metric: 0.4616
166/326 [==============>...............] - ETA: 2:07 - loss: 0.4190 - mae: 0.2592 - mse: 0.1302 - ssim_metric: 0.4612
167/326 [==============>...............] - ETA: 2:06 - loss: 0.4189 - mae: 0.2592 - mse: 0.1301 - ssim_metric: 0.4610
168/326 [==============>...............] - ETA: 2:06 - loss: 0.4192 - mae: 0.2594 - mse: 0.1303 - ssim_metric: 0.4608
169/326 [==============>...............] - ETA: 2:05 - loss: 0.4188 - mae: 0.2593 - mse: 0.1301 - ssim_metric: 0.4611
170/326 [==============>...............] - ETA: 2:04 - loss: 0.4190 - mae: 0.2594 - mse: 0.1302 - ssim_metric: 0.4610
171/326 [==============>...............] - ETA: 2:03 - loss: 0.4188 - mae: 0.2593 - mse: 0.1302 - ssim_metric: 0.4612
172/326 [==============>...............] - ETA: 2:02 - loss: 0.4184 - mae: 0.2589 - mse: 0.1300 - ssim_metric: 0.4617
173/326 [==============>...............] - ETA: 2:02 - loss: 0.4186 - mae: 0.2590 - mse: 0.1301 - ssim_metric: 0.4617
174/326 [===============>..............] - ETA: 2:01 - loss: 0.4184 - mae: 0.2589 - mse: 0.1300 - ssim_metric: 0.4617
175/326 [===============>..............] - ETA: 2:00 - loss: 0.4186 - mae: 0.2589 - mse: 0.1301 - ssim_metric: 0.4616
176/326 [===============>..............] - ETA: 1:59 - loss: 0.4186 - mae: 0.2589 - mse: 0.1301 - ssim_metric: 0.4617
177/326 [===============>..............] - ETA: 1:58 - loss: 0.4186 - mae: 0.2589 - mse: 0.1301 - ssim_metric: 0.4618
178/326 [===============>..............] - ETA: 1:58 - loss: 0.4194 - mae: 0.2593 - mse: 0.1305 - ssim_metric: 0.4612
179/326 [===============>..............] - ETA: 1:57 - loss: 0.4196 - mae: 0.2595 - mse: 0.1305 - ssim_metric: 0.4608
180/326 [===============>..............] - ETA: 1:56 - loss: 0.4197 - mae: 0.2597 - mse: 0.1306 - ssim_metric: 0.4601
181/326 [===============>..............] - ETA: 1:55 - loss: 0.4202 - mae: 0.2602 - mse: 0.1308 - ssim_metric: 0.4592
182/326 [===============>..............] - ETA: 1:54 - loss: 0.4202 - mae: 0.2604 - mse: 0.1308 - ssim_metric: 0.4588
183/326 [===============>..............] - ETA: 1:54 - loss: 0.4200 - mae: 0.2604 - mse: 0.1307 - ssim_metric: 0.4587
184/326 [===============>..............] - ETA: 1:53 - loss: 0.4199 - mae: 0.2604 - mse: 0.1307 - ssim_metric: 0.4588
185/326 [================>.............] - ETA: 1:52 - loss: 0.4200 - mae: 0.2605 - mse: 0.1308 - ssim_metric: 0.4586
186/326 [================>.............] - ETA: 1:51 - loss: 0.4207 - mae: 0.2608 - mse: 0.1310 - ssim_metric: 0.4580
187/326 [================>.............] - ETA: 1:50 - loss: 0.4212 - mae: 0.2610 - mse: 0.1312 - ssim_metric: 0.4579
188/326 [================>.............] - ETA: 1:50 - loss: 0.4215 - mae: 0.2611 - mse: 0.1313 - ssim_metric: 0.4581
189/326 [================>.............] - ETA: 1:49 - loss: 0.4213 - mae: 0.2612 - mse: 0.1312 - ssim_metric: 0.4579
190/326 [================>.............] - ETA: 1:48 - loss: 0.4212 - mae: 0.2612 - mse: 0.1311 - ssim_metric: 0.4577
191/326 [================>.............] - ETA: 1:47 - loss: 0.4210 - mae: 0.2612 - mse: 0.1310 - ssim_metric: 0.4576
192/326 [================>.............] - ETA: 1:46 - loss: 0.4208 - mae: 0.2610 - mse: 0.1310 - ssim_metric: 0.4582
193/326 [================>.............] - ETA: 1:46 - loss: 0.4210 - mae: 0.2610 - mse: 0.1310 - ssim_metric: 0.4583
194/326 [================>.............] - ETA: 1:45 - loss: 0.4205 - mae: 0.2606 - mse: 0.1309 - ssim_metric: 0.4589
195/326 [================>.............] - ETA: 1:44 - loss: 0.4209 - mae: 0.2605 - mse: 0.1310 - ssim_metric: 0.4591
196/326 [=================>............] - ETA: 1:43 - loss: 0.4213 - mae: 0.2606 - mse: 0.1311 - ssim_metric: 0.4589
197/326 [=================>............] - ETA: 1:42 - loss: 0.4211 - mae: 0.2604 - mse: 0.1310 - ssim_metric: 0.4590
198/326 [=================>............] - ETA: 1:42 - loss: 0.4209 - mae: 0.2604 - mse: 0.1310 - ssim_metric: 0.4590
199/326 [=================>............] - ETA: 1:41 - loss: 0.4209 - mae: 0.2604 - mse: 0.1310 - ssim_metric: 0.4587
200/326 [=================>............] - ETA: 1:40 - loss: 0.4209 - mae: 0.2605 - mse: 0.1310 - ssim_metric: 0.4583
201/326 [=================>............] - ETA: 1:39 - loss: 0.4209 - mae: 0.2606 - mse: 0.1309 - ssim_metric: 0.4580
202/326 [=================>............] - ETA: 1:38 - loss: 0.4213 - mae: 0.2607 - mse: 0.1311 - ssim_metric: 0.4578
203/326 [=================>............] - ETA: 1:38 - loss: 0.4217 - mae: 0.2610 - mse: 0.1312 - ssim_metric: 0.4573
204/326 [=================>............] - ETA: 1:37 - loss: 0.4215 - mae: 0.2610 - mse: 0.1312 - ssim_metric: 0.4570
205/326 [=================>............] - ETA: 1:36 - loss: 0.4212 - mae: 0.2609 - mse: 0.1310 - ssim_metric: 0.4568
206/326 [=================>............] - ETA: 1:35 - loss: 0.4211 - mae: 0.2609 - mse: 0.1310 - ssim_metric: 0.4567
207/326 [==================>...........] - ETA: 1:34 - loss: 0.4210 - mae: 0.2609 - mse: 0.1310 - ssim_metric: 0.4568
208/326 [==================>...........] - ETA: 1:34 - loss: 0.4209 - mae: 0.2608 - mse: 0.1310 - ssim_metric: 0.4569
209/326 [==================>...........] - ETA: 1:33 - loss: 0.4210 - mae: 0.2607 - mse: 0.1310 - ssim_metric: 0.4571
210/326 [==================>...........] - ETA: 1:32 - loss: 0.4213 - mae: 0.2608 - mse: 0.1311 - ssim_metric: 0.4571
211/326 [==================>...........] - ETA: 1:31 - loss: 0.4211 - mae: 0.2606 - mse: 0.1310 - ssim_metric: 0.4577
212/326 [==================>...........] - ETA: 1:30 - loss: 0.4210 - mae: 0.2605 - mse: 0.1310 - ssim_metric: 0.4578
213/326 [==================>...........] - ETA: 1:30 - loss: 0.4208 - mae: 0.2604 - mse: 0.1309 - ssim_metric: 0.4579
214/326 [==================>...........] - ETA: 1:29 - loss: 0.4209 - mae: 0.2604 - mse: 0.1310 - ssim_metric: 0.4578
215/326 [==================>...........] - ETA: 1:28 - loss: 0.4209 - mae: 0.2605 - mse: 0.1310 - ssim_metric: 0.4575
216/326 [==================>...........] - ETA: 1:27 - loss: 0.4207 - mae: 0.2604 - mse: 0.1309 - ssim_metric: 0.4575
217/326 [==================>...........] - ETA: 1:26 - loss: 0.4208 - mae: 0.2605 - mse: 0.1309 - ssim_metric: 0.4572
218/326 [===================>..........] - ETA: 1:26 - loss: 0.4209 - mae: 0.2605 - mse: 0.1310 - ssim_metric: 0.4570
219/326 [===================>..........] - ETA: 1:25 - loss: 0.4208 - mae: 0.2605 - mse: 0.1310 - ssim_metric: 0.4569
220/326 [===================>..........] - ETA: 1:24 - loss: 0.4210 - mae: 0.2607 - mse: 0.1310 - ssim_metric: 0.4566
221/326 [===================>..........] - ETA: 1:23 - loss: 0.4212 - mae: 0.2608 - mse: 0.1311 - ssim_metric: 0.4563
222/326 [===================>..........] - ETA: 1:22 - loss: 0.4213 - mae: 0.2610 - mse: 0.1312 - ssim_metric: 0.4559
223/326 [===================>..........] - ETA: 1:22 - loss: 0.4211 - mae: 0.2609 - mse: 0.1311 - ssim_metric: 0.4560
224/326 [===================>..........] - ETA: 1:21 - loss: 0.4213 - mae: 0.2611 - mse: 0.1312 - ssim_metric: 0.4556
225/326 [===================>..........] - ETA: 1:20 - loss: 0.4215 - mae: 0.2611 - mse: 0.1312 - ssim_metric: 0.4555
226/326 [===================>..........] - ETA: 1:19 - loss: 0.4215 - mae: 0.2612 - mse: 0.1313 - ssim_metric: 0.4555
227/326 [===================>..........] - ETA: 1:18 - loss: 0.4213 - mae: 0.2610 - mse: 0.1312 - ssim_metric: 0.4558
228/326 [===================>..........] - ETA: 1:18 - loss: 0.4212 - mae: 0.2609 - mse: 0.1311 - ssim_metric: 0.4561
229/326 [====================>.........] - ETA: 1:17 - loss: 0.4215 - mae: 0.2611 - mse: 0.1313 - ssim_metric: 0.4557
230/326 [====================>.........] - ETA: 1:16 - loss: 0.4214 - mae: 0.2611 - mse: 0.1312 - ssim_metric: 0.4557
231/326 [====================>.........] - ETA: 1:15 - loss: 0.4214 - mae: 0.2610 - mse: 0.1312 - ssim_metric: 0.4557
232/326 [====================>.........] - ETA: 1:14 - loss: 0.4212 - mae: 0.2610 - mse: 0.1312 - ssim_metric: 0.4557
233/326 [====================>.........] - ETA: 1:14 - loss: 0.4212 - mae: 0.2610 - mse: 0.1312 - ssim_metric: 0.4559
234/326 [====================>.........] - ETA: 1:13 - loss: 0.4215 - mae: 0.2612 - mse: 0.1313 - ssim_metric: 0.4555
235/326 [====================>.........] - ETA: 1:12 - loss: 0.4214 - mae: 0.2611 - mse: 0.1312 - ssim_metric: 0.4554
236/326 [====================>.........] - ETA: 1:11 - loss: 0.4209 - mae: 0.2609 - mse: 0.1310 - ssim_metric: 0.4557
237/326 [====================>.........] - ETA: 1:10 - loss: 0.4206 - mae: 0.2607 - mse: 0.1309 - ssim_metric: 0.4561
238/326 [====================>.........] - ETA: 1:10 - loss: 0.4207 - mae: 0.2607 - mse: 0.1310 - ssim_metric: 0.4561
239/326 [====================>.........] - ETA: 1:09 - loss: 0.4202 - mae: 0.2604 - mse: 0.1308 - ssim_metric: 0.4567
240/326 [=====================>........] - ETA: 1:08 - loss: 0.4202 - mae: 0.2603 - mse: 0.1308 - ssim_metric: 0.4571
241/326 [=====================>........] - ETA: 1:07 - loss: 0.4201 - mae: 0.2601 - mse: 0.1308 - ssim_metric: 0.4573
242/326 [=====================>........] - ETA: 1:07 - loss: 0.4196 - mae: 0.2598 - mse: 0.1306 - ssim_metric: 0.4578
243/326 [=====================>........] - ETA: 1:06 - loss: 0.4196 - mae: 0.2597 - mse: 0.1306 - ssim_metric: 0.4580
244/326 [=====================>........] - ETA: 1:05 - loss: 0.4196 - mae: 0.2597 - mse: 0.1306 - ssim_metric: 0.4581
245/326 [=====================>........] - ETA: 1:04 - loss: 0.4197 - mae: 0.2597 - mse: 0.1306 - ssim_metric: 0.4580
246/326 [=====================>........] - ETA: 1:03 - loss: 0.4195 - mae: 0.2597 - mse: 0.1306 - ssim_metric: 0.4581
247/326 [=====================>........] - ETA: 1:03 - loss: 0.4195 - mae: 0.2597 - mse: 0.1305 - ssim_metric: 0.4580
248/326 [=====================>........] - ETA: 1:02 - loss: 0.4198 - mae: 0.2599 - mse: 0.1306 - ssim_metric: 0.4579
249/326 [=====================>........] - ETA: 1:01 - loss: 0.4200 - mae: 0.2600 - mse: 0.1307 - ssim_metric: 0.4576
250/326 [======================>.......] - ETA: 1:00 - loss: 0.4198 - mae: 0.2600 - mse: 0.1307 - ssim_metric: 0.4575
251/326 [======================>.......] - ETA: 59s - loss: 0.4197 - mae: 0.2600 - mse: 0.1306 - ssim_metric: 0.4574 
252/326 [======================>.......] - ETA: 59s - loss: 0.4192 - mae: 0.2598 - mse: 0.1305 - ssim_metric: 0.4576
253/326 [======================>.......] - ETA: 58s - loss: 0.4198 - mae: 0.2600 - mse: 0.1307 - ssim_metric: 0.4575
254/326 [======================>.......] - ETA: 57s - loss: 0.4197 - mae: 0.2600 - mse: 0.1306 - ssim_metric: 0.4576
255/326 [======================>.......] - ETA: 56s - loss: 0.4194 - mae: 0.2598 - mse: 0.1305 - ssim_metric: 0.4577
256/326 [======================>.......] - ETA: 55s - loss: 0.4196 - mae: 0.2599 - mse: 0.1306 - ssim_metric: 0.4577
257/326 [======================>.......] - ETA: 55s - loss: 0.4196 - mae: 0.2599 - mse: 0.1306 - ssim_metric: 0.4577
258/326 [======================>.......] - ETA: 54s - loss: 0.4198 - mae: 0.2599 - mse: 0.1307 - ssim_metric: 0.4577
259/326 [======================>.......] - ETA: 53s - loss: 0.4200 - mae: 0.2600 - mse: 0.1308 - ssim_metric: 0.4574
260/326 [======================>.......] - ETA: 52s - loss: 0.4197 - mae: 0.2599 - mse: 0.1307 - ssim_metric: 0.4575
261/326 [=======================>......] - ETA: 51s - loss: 0.4198 - mae: 0.2599 - mse: 0.1307 - ssim_metric: 0.4574
262/326 [=======================>......] - ETA: 51s - loss: 0.4194 - mae: 0.2597 - mse: 0.1305 - ssim_metric: 0.4574
263/326 [=======================>......] - ETA: 50s - loss: 0.4198 - mae: 0.2599 - mse: 0.1307 - ssim_metric: 0.4572
264/326 [=======================>......] - ETA: 49s - loss: 0.4199 - mae: 0.2600 - mse: 0.1307 - ssim_metric: 0.4572
265/326 [=======================>......] - ETA: 48s - loss: 0.4199 - mae: 0.2600 - mse: 0.1307 - ssim_metric: 0.4570
266/326 [=======================>......] - ETA: 47s - loss: 0.4201 - mae: 0.2602 - mse: 0.1308 - ssim_metric: 0.4568
267/326 [=======================>......] - ETA: 47s - loss: 0.4201 - mae: 0.2603 - mse: 0.1308 - ssim_metric: 0.4565
268/326 [=======================>......] - ETA: 46s - loss: 0.4202 - mae: 0.2604 - mse: 0.1308 - ssim_metric: 0.4563
269/326 [=======================>......] - ETA: 45s - loss: 0.4201 - mae: 0.2604 - mse: 0.1308 - ssim_metric: 0.4563
270/326 [=======================>......] - ETA: 44s - loss: 0.4202 - mae: 0.2605 - mse: 0.1309 - ssim_metric: 0.4561
271/326 [=======================>......] - ETA: 43s - loss: 0.4203 - mae: 0.2605 - mse: 0.1309 - ssim_metric: 0.4561
272/326 [========================>.....] - ETA: 43s - loss: 0.4202 - mae: 0.2605 - mse: 0.1309 - ssim_metric: 0.4562
273/326 [========================>.....] - ETA: 42s - loss: 0.4199 - mae: 0.2603 - mse: 0.1307 - ssim_metric: 0.4565
274/326 [========================>.....] - ETA: 41s - loss: 0.4200 - mae: 0.2603 - mse: 0.1308 - ssim_metric: 0.4565
275/326 [========================>.....] - ETA: 40s - loss: 0.4202 - mae: 0.2603 - mse: 0.1308 - ssim_metric: 0.4568
276/326 [========================>.....] - ETA: 39s - loss: 0.4202 - mae: 0.2603 - mse: 0.1309 - ssim_metric: 0.4568
277/326 [========================>.....] - ETA: 39s - loss: 0.4204 - mae: 0.2604 - mse: 0.1310 - ssim_metric: 0.4567
278/326 [========================>.....] - ETA: 38s - loss: 0.4203 - mae: 0.2604 - mse: 0.1309 - ssim_metric: 0.4567
279/326 [========================>.....] - ETA: 37s - loss: 0.4200 - mae: 0.2603 - mse: 0.1308 - ssim_metric: 0.4570
280/326 [========================>.....] - ETA: 36s - loss: 0.4199 - mae: 0.2602 - mse: 0.1308 - ssim_metric: 0.4569
281/326 [========================>.....] - ETA: 35s - loss: 0.4201 - mae: 0.2604 - mse: 0.1309 - ssim_metric: 0.4566
282/326 [========================>.....] - ETA: 35s - loss: 0.4202 - mae: 0.2604 - mse: 0.1309 - ssim_metric: 0.4567
283/326 [=========================>....] - ETA: 34s - loss: 0.4206 - mae: 0.2606 - mse: 0.1310 - ssim_metric: 0.4566
284/326 [=========================>....] - ETA: 33s - loss: 0.4204 - mae: 0.2606 - mse: 0.1310 - ssim_metric: 0.4566
285/326 [=========================>....] - ETA: 32s - loss: 0.4206 - mae: 0.2607 - mse: 0.1310 - ssim_metric: 0.4563
286/326 [=========================>....] - ETA: 31s - loss: 0.4206 - mae: 0.2608 - mse: 0.1311 - ssim_metric: 0.4563
287/326 [=========================>....] - ETA: 31s - loss: 0.4209 - mae: 0.2609 - mse: 0.1312 - ssim_metric: 0.4562
288/326 [=========================>....] - ETA: 30s - loss: 0.4213 - mae: 0.2611 - mse: 0.1313 - ssim_metric: 0.4560
289/326 [=========================>....] - ETA: 29s - loss: 0.4213 - mae: 0.2611 - mse: 0.1313 - ssim_metric: 0.4559
290/326 [=========================>....] - ETA: 28s - loss: 0.4216 - mae: 0.2613 - mse: 0.1314 - ssim_metric: 0.4557
291/326 [=========================>....] - ETA: 27s - loss: 0.4216 - mae: 0.2614 - mse: 0.1314 - ssim_metric: 0.4556
292/326 [=========================>....] - ETA: 27s - loss: 0.4214 - mae: 0.2613 - mse: 0.1313 - ssim_metric: 0.4555
293/326 [=========================>....] - ETA: 26s - loss: 0.4212 - mae: 0.2613 - mse: 0.1313 - ssim_metric: 0.4555
294/326 [==========================>...] - ETA: 25s - loss: 0.4214 - mae: 0.2614 - mse: 0.1313 - ssim_metric: 0.4553
295/326 [==========================>...] - ETA: 24s - loss: 0.4214 - mae: 0.2615 - mse: 0.1313 - ssim_metric: 0.4553
296/326 [==========================>...] - ETA: 23s - loss: 0.4212 - mae: 0.2613 - mse: 0.1313 - ssim_metric: 0.4555
297/326 [==========================>...] - ETA: 23s - loss: 0.4213 - mae: 0.2613 - mse: 0.1313 - ssim_metric: 0.4556
298/326 [==========================>...] - ETA: 22s - loss: 0.4208 - mae: 0.2611 - mse: 0.1311 - ssim_metric: 0.4560
299/326 [==========================>...] - ETA: 21s - loss: 0.4206 - mae: 0.2610 - mse: 0.1310 - ssim_metric: 0.4563
300/326 [==========================>...] - ETA: 20s - loss: 0.4207 - mae: 0.2609 - mse: 0.1311 - ssim_metric: 0.4565
301/326 [==========================>...] - ETA: 19s - loss: 0.4204 - mae: 0.2607 - mse: 0.1310 - ssim_metric: 0.4568
302/326 [==========================>...] - ETA: 19s - loss: 0.4208 - mae: 0.2608 - mse: 0.1311 - ssim_metric: 0.4565
303/326 [==========================>...] - ETA: 18s - loss: 0.4208 - mae: 0.2608 - mse: 0.1311 - ssim_metric: 0.4564
304/326 [==========================>...] - ETA: 17s - loss: 0.4208 - mae: 0.2608 - mse: 0.1311 - ssim_metric: 0.4564
305/326 [===========================>..] - ETA: 16s - loss: 0.4208 - mae: 0.2609 - mse: 0.1311 - ssim_metric: 0.4564
306/326 [===========================>..] - ETA: 15s - loss: 0.4208 - mae: 0.2609 - mse: 0.1311 - ssim_metric: 0.4562
307/326 [===========================>..] - ETA: 15s - loss: 0.4209 - mae: 0.2609 - mse: 0.1312 - ssim_metric: 0.4562
308/326 [===========================>..] - ETA: 14s - loss: 0.4207 - mae: 0.2608 - mse: 0.1311 - ssim_metric: 0.4564
309/326 [===========================>..] - ETA: 13s - loss: 0.4206 - mae: 0.2608 - mse: 0.1311 - ssim_metric: 0.4565
310/326 [===========================>..] - ETA: 12s - loss: 0.4206 - mae: 0.2608 - mse: 0.1311 - ssim_metric: 0.4564
311/326 [===========================>..] - ETA: 11s - loss: 0.4204 - mae: 0.2607 - mse: 0.1310 - ssim_metric: 0.4565
312/326 [===========================>..] - ETA: 11s - loss: 0.4204 - mae: 0.2607 - mse: 0.1310 - ssim_metric: 0.4565
313/326 [===========================>..] - ETA: 10s - loss: 0.4204 - mae: 0.2607 - mse: 0.1310 - ssim_metric: 0.4565
314/326 [===========================>..] - ETA: 9s - loss: 0.4206 - mae: 0.2607 - mse: 0.1311 - ssim_metric: 0.4567 
315/326 [===========================>..] - ETA: 8s - loss: 0.4207 - mae: 0.2608 - mse: 0.1311 - ssim_metric: 0.4565
316/326 [============================>.] - ETA: 7s - loss: 0.4207 - mae: 0.2608 - mse: 0.1311 - ssim_metric: 0.4564
317/326 [============================>.] - ETA: 7s - loss: 0.4205 - mae: 0.2608 - mse: 0.1311 - ssim_metric: 0.4565
318/326 [============================>.] - ETA: 6s - loss: 0.4203 - mae: 0.2607 - mse: 0.1310 - ssim_metric: 0.4565
319/326 [============================>.] - ETA: 5s - loss: 0.4208 - mae: 0.2609 - mse: 0.1312 - ssim_metric: 0.4563
320/326 [============================>.] - ETA: 4s - loss: 0.4208 - mae: 0.2610 - mse: 0.1312 - ssim_metric: 0.4561
321/326 [============================>.] - ETA: 3s - loss: 0.4209 - mae: 0.2611 - mse: 0.1312 - ssim_metric: 0.4560
322/326 [============================>.] - ETA: 3s - loss: 0.4207 - mae: 0.2610 - mse: 0.1311 - ssim_metric: 0.4561
323/326 [============================>.] - ETA: 2s - loss: 0.4206 - mae: 0.2610 - mse: 0.1311 - ssim_metric: 0.4561
324/326 [============================>.] - ETA: 1s - loss: 0.4211 - mae: 0.2611 - mse: 0.1312 - ssim_metric: 0.4559
325/326 [============================>.] - ETA: 0s - loss: 0.4210 - mae: 0.2611 - mse: 0.1312 - ssim_metric: 0.4559
326/326 [==============================] - ETA: 0s - loss: 0.4211 - mae: 0.2612 - mse: 0.1313 - ssim_metric: 0.4559
Epoch 3: saving model to C:\d_surucusu\visual_navigation\benchmark\models_pipeline\20260909_223425\bce_b32\_JOB_bce_b32_10_09_2026__11_08_model_f48_k4_epoch_00003_helu_osigmoid_(1, 1)_.h5

Epoch 3: val_loss improved from 0.39156 to 0.38119, saving model to C:\d_surucusu\visual_navigation\benchmark\models_pipeline\20260909_223425\bce_b32\_JOB_bce_b32_10_09_2026__11_08_best_val_loss_model_f48_k4.h5

Epoch 3: val_mae improved from 0.25405 to 0.24757, saving model to C:\d_surucusu\visual_navigation\benchmark\models_pipeline\20260909_223425\bce_b32\_JOB_bce_b32_10_09_2026__11_08_best_mae_model_f48_k4.h5

Epoch 3: val_ssim_metric did not improve from 0.59927

326/326 [==============================] - 276s 846ms/step - loss: 0.4211 - mae: 0.2612 - mse: 0.1313 - ssim_metric: 0.4559 - val_loss: 0.3812 - val_mae: 0.2476 - val_mse: 0.1160 - val_ssim_metric: 0.4662
Epoch 4/20

  1/326 [..............................] - ETA: 4:38 - loss: 0.4524 - mae: 0.2829 - mse: 0.1452 - ssim_metric: 0.3996
  2/326 [..............................] - ETA: 4:19 - loss: 0.4440 - mae: 0.2764 - mse: 0.1411 - ssim_metric: 0.4253
  3/326 [..............................] - ETA: 4:18 - loss: 0.4629 - mae: 0.2881 - mse: 0.1484 - ssim_metric: 0.4155
  4/326 [..............................] - ETA: 4:17 - loss: 0.4589 - mae: 0.2875 - mse: 0.1469 - ssim_metric: 0.4149
  5/326 [..............................] - ETA: 4:16 - loss: 0.4454 - mae: 0.2819 - mse: 0.1417 - ssim_metric: 0.4246
  6/326 [..............................] - ETA: 4:16 - loss: 0.4418 - mae: 0.2832 - mse: 0.1403 - ssim_metric: 0.4160
  7/326 [..............................] - ETA: 4:15 - loss: 0.4361 - mae: 0.2814 - mse: 0.1381 - ssim_metric: 0.4176
  8/326 [..............................] - ETA: 4:14 - loss: 0.4243 - mae: 0.2748 - mse: 0.1333 - ssim_metric: 0.4247
  9/326 [..............................] - ETA: 4:14 - loss: 0.4131 - mae: 0.2681 - mse: 0.1289 - ssim_metric: 0.4341
 10/326 [..............................] - ETA: 4:13 - loss: 0.4106 - mae: 0.2647 - mse: 0.1278 - ssim_metric: 0.4428
 11/326 [>.............................] - ETA: 4:12 - loss: 0.4135 - mae: 0.2642 - mse: 0.1293 - ssim_metric: 0.4475
 12/326 [>.............................] - ETA: 4:11 - loss: 0.4140 - mae: 0.2617 - mse: 0.1296 - ssim_metric: 0.4534
 13/326 [>.............................] - ETA: 4:10 - loss: 0.4200 - mae: 0.2613 - mse: 0.1316 - ssim_metric: 0.4567
 14/326 [>.............................] - ETA: 4:10 - loss: 0.4321 - mae: 0.2654 - mse: 0.1358 - ssim_metric: 0.4521
 15/326 [>.............................] - ETA: 4:09 - loss: 0.4223 - mae: 0.2605 - mse: 0.1322 - ssim_metric: 0.4591
 16/326 [>.............................] - ETA: 4:08 - loss: 0.4259 - mae: 0.2628 - mse: 0.1336 - ssim_metric: 0.4553
 17/326 [>.............................] - ETA: 4:07 - loss: 0.4251 - mae: 0.2639 - mse: 0.1332 - ssim_metric: 0.4521
 18/326 [>.............................] - ETA: 4:06 - loss: 0.4275 - mae: 0.2668 - mse: 0.1342 - ssim_metric: 0.4457
 19/326 [>.............................] - ETA: 4:05 - loss: 0.4277 - mae: 0.2685 - mse: 0.1343 - ssim_metric: 0.4420
 20/326 [>.............................] - ETA: 4:04 - loss: 0.4241 - mae: 0.2682 - mse: 0.1326 - ssim_metric: 0.4408
 21/326 [>.............................] - ETA: 4:04 - loss: 0.4195 - mae: 0.2661 - mse: 0.1308 - ssim_metric: 0.4427
 22/326 [=>............................] - ETA: 4:03 - loss: 0.4151 - mae: 0.2635 - mse: 0.1292 - ssim_metric: 0.4463
 23/326 [=>............................] - ETA: 4:02 - loss: 0.4107 - mae: 0.2604 - mse: 0.1276 - ssim_metric: 0.4537
 24/326 [=>............................] - ETA: 4:01 - loss: 0.4098 - mae: 0.2585 - mse: 0.1273 - ssim_metric: 0.4578
 25/326 [=>............................] - ETA: 4:00 - loss: 0.4153 - mae: 0.2591 - mse: 0.1292 - ssim_metric: 0.4580
 26/326 [=>............................] - ETA: 3:59 - loss: 0.4172 - mae: 0.2584 - mse: 0.1299 - ssim_metric: 0.4612
 27/326 [=>............................] - ETA: 3:59 - loss: 0.4159 - mae: 0.2570 - mse: 0.1295 - ssim_metric: 0.4649
 28/326 [=>............................] - ETA: 3:58 - loss: 0.4177 - mae: 0.2567 - mse: 0.1299 - ssim_metric: 0.4656
 29/326 [=>............................] - ETA: 3:57 - loss: 0.4163 - mae: 0.2559 - mse: 0.1295 - ssim_metric: 0.4660
 30/326 [=>............................] - ETA: 3:56 - loss: 0.4181 - mae: 0.2569 - mse: 0.1302 - ssim_metric: 0.4641
 31/326 [=>............................] - ETA: 3:55 - loss: 0.4184 - mae: 0.2575 - mse: 0.1303 - ssim_metric: 0.4612
 32/326 [=>............................] - ETA: 3:55 - loss: 0.4193 - mae: 0.2588 - mse: 0.1308 - ssim_metric: 0.4577
 33/326 [==>...........................] - ETA: 3:54 - loss: 0.4168 - mae: 0.2586 - mse: 0.1297 - ssim_metric: 0.4566
 34/326 [==>...........................] - ETA: 3:53 - loss: 0.4181 - mae: 0.2600 - mse: 0.1303 - ssim_metric: 0.4525
 35/326 [==>...........................] - ETA: 3:52 - loss: 0.4162 - mae: 0.2595 - mse: 0.1295 - ssim_metric: 0.4526
 36/326 [==>...........................] - ETA: 3:51 - loss: 0.4165 - mae: 0.2603 - mse: 0.1296 - ssim_metric: 0.4506
 37/326 [==>...........................] - ETA: 3:50 - loss: 0.4138 - mae: 0.2590 - mse: 0.1286 - ssim_metric: 0.4522
 38/326 [==>...........................] - ETA: 3:50 - loss: 0.4118 - mae: 0.2580 - mse: 0.1279 - ssim_metric: 0.4533
 39/326 [==>...........................] - ETA: 3:49 - loss: 0.4118 - mae: 0.2575 - mse: 0.1278 - ssim_metric: 0.4547
 40/326 [==>...........................] - ETA: 3:48 - loss: 0.4101 - mae: 0.2563 - mse: 0.1272 - ssim_metric: 0.4569
 41/326 [==>...........................] - ETA: 3:47 - loss: 0.4085 - mae: 0.2545 - mse: 0.1266 - ssim_metric: 0.4610
 42/326 [==>...........................] - ETA: 3:47 - loss: 0.4045 - mae: 0.2518 - mse: 0.1252 - ssim_metric: 0.4661
 43/326 [==>...........................] - ETA: 3:46 - loss: 0.4048 - mae: 0.2507 - mse: 0.1252 - ssim_metric: 0.4686
 44/326 [===>..........................] - ETA: 3:45 - loss: 0.4060 - mae: 0.2504 - mse: 0.1257 - ssim_metric: 0.4699
 45/326 [===>..........................] - ETA: 3:44 - loss: 0.4087 - mae: 0.2513 - mse: 0.1267 - ssim_metric: 0.4686
 46/326 [===>..........................] - ETA: 3:43 - loss: 0.4088 - mae: 0.2511 - mse: 0.1268 - ssim_metric: 0.4692
 47/326 [===>..........................] - ETA: 3:43 - loss: 0.4075 - mae: 0.2507 - mse: 0.1264 - ssim_metric: 0.4696
 48/326 [===>..........................] - ETA: 3:42 - loss: 0.4049 - mae: 0.2497 - mse: 0.1253 - ssim_metric: 0.4702
 49/326 [===>..........................] - ETA: 3:41 - loss: 0.4079 - mae: 0.2510 - mse: 0.1264 - ssim_metric: 0.4681
 50/326 [===>..........................] - ETA: 3:40 - loss: 0.4077 - mae: 0.2513 - mse: 0.1263 - ssim_metric: 0.4675
 51/326 [===>..........................] - ETA: 3:39 - loss: 0.4061 - mae: 0.2511 - mse: 0.1257 - ssim_metric: 0.4662
 52/326 [===>..........................] - ETA: 3:38 - loss: 0.4065 - mae: 0.2514 - mse: 0.1258 - ssim_metric: 0.4661
 53/326 [===>..........................] - ETA: 3:38 - loss: 0.4062 - mae: 0.2512 - mse: 0.1257 - ssim_metric: 0.4662
 54/326 [===>..........................] - ETA: 3:37 - loss: 0.4066 - mae: 0.2513 - mse: 0.1259 - ssim_metric: 0.4664
 55/326 [====>.........................] - ETA: 3:36 - loss: 0.4067 - mae: 0.2512 - mse: 0.1259 - ssim_metric: 0.4668
 56/326 [====>.........................] - ETA: 3:35 - loss: 0.4064 - mae: 0.2510 - mse: 0.1259 - ssim_metric: 0.4671
 57/326 [====>.........................] - ETA: 3:34 - loss: 0.4052 - mae: 0.2503 - mse: 0.1254 - ssim_metric: 0.4680
 58/326 [====>.........................] - ETA: 3:34 - loss: 0.4068 - mae: 0.2507 - mse: 0.1261 - ssim_metric: 0.4680
 59/326 [====>.........................] - ETA: 3:33 - loss: 0.4074 - mae: 0.2509 - mse: 0.1263 - ssim_metric: 0.4676
 60/326 [====>.........................] - ETA: 3:32 - loss: 0.4087 - mae: 0.2514 - mse: 0.1268 - ssim_metric: 0.4675
 61/326 [====>.........................] - ETA: 3:31 - loss: 0.4069 - mae: 0.2506 - mse: 0.1261 - ssim_metric: 0.4690
 62/326 [====>.........................] - ETA: 3:30 - loss: 0.4055 - mae: 0.2502 - mse: 0.1256 - ssim_metric: 0.4692
 63/326 [====>.........................] - ETA: 3:30 - loss: 0.4063 - mae: 0.2508 - mse: 0.1259 - ssim_metric: 0.4678
 64/326 [====>.........................] - ETA: 3:29 - loss: 0.4054 - mae: 0.2506 - mse: 0.1255 - ssim_metric: 0.4683
 65/326 [====>.........................] - ETA: 3:28 - loss: 0.4040 - mae: 0.2501 - mse: 0.1250 - ssim_metric: 0.4693
 66/326 [=====>........................] - ETA: 3:27 - loss: 0.4053 - mae: 0.2507 - mse: 0.1255 - ssim_metric: 0.4682
 67/326 [=====>........................] - ETA: 3:26 - loss: 0.4053 - mae: 0.2507 - mse: 0.1255 - ssim_metric: 0.4677
 68/326 [=====>........................] - ETA: 3:26 - loss: 0.4052 - mae: 0.2505 - mse: 0.1255 - ssim_metric: 0.4679
 69/326 [=====>........................] - ETA: 3:25 - loss: 0.4053 - mae: 0.2504 - mse: 0.1256 - ssim_metric: 0.4678
 70/326 [=====>........................] - ETA: 3:24 - loss: 0.4052 - mae: 0.2502 - mse: 0.1256 - ssim_metric: 0.4683
 71/326 [=====>........................] - ETA: 3:23 - loss: 0.4051 - mae: 0.2500 - mse: 0.1255 - ssim_metric: 0.4686
 72/326 [=====>........................] - ETA: 3:22 - loss: 0.4074 - mae: 0.2506 - mse: 0.1263 - ssim_metric: 0.4677
 73/326 [=====>........................] - ETA: 3:22 - loss: 0.4075 - mae: 0.2506 - mse: 0.1263 - ssim_metric: 0.4678
 74/326 [=====>........................] - ETA: 3:21 - loss: 0.4069 - mae: 0.2505 - mse: 0.1261 - ssim_metric: 0.4674
 75/326 [=====>........................] - ETA: 3:20 - loss: 0.4061 - mae: 0.2502 - mse: 0.1258 - ssim_metric: 0.4675
 76/326 [=====>........................] - ETA: 3:19 - loss: 0.4048 - mae: 0.2498 - mse: 0.1253 - ssim_metric: 0.4678
 77/326 [======>.......................] - ETA: 3:18 - loss: 0.4054 - mae: 0.2504 - mse: 0.1255 - ssim_metric: 0.4665
 78/326 [======>.......................] - ETA: 3:18 - loss: 0.4052 - mae: 0.2504 - mse: 0.1255 - ssim_metric: 0.4665
 79/326 [======>.......................] - ETA: 3:17 - loss: 0.4061 - mae: 0.2507 - mse: 0.1258 - ssim_metric: 0.4662
 80/326 [======>.......................] - ETA: 3:16 - loss: 0.4069 - mae: 0.2509 - mse: 0.1261 - ssim_metric: 0.4664
 81/326 [======>.......................] - ETA: 3:15 - loss: 0.4066 - mae: 0.2507 - mse: 0.1260 - ssim_metric: 0.4670
 82/326 [======>.......................] - ETA: 3:14 - loss: 0.4068 - mae: 0.2508 - mse: 0.1261 - ssim_metric: 0.4671
 83/326 [======>.......................] - ETA: 3:14 - loss: 0.4066 - mae: 0.2508 - mse: 0.1260 - ssim_metric: 0.4670
 84/326 [======>.......................] - ETA: 3:13 - loss: 0.4071 - mae: 0.2511 - mse: 0.1262 - ssim_metric: 0.4666
 85/326 [======>.......................] - ETA: 3:12 - loss: 0.4059 - mae: 0.2507 - mse: 0.1258 - ssim_metric: 0.4672
 86/326 [======>.......................] - ETA: 3:11 - loss: 0.4059 - mae: 0.2509 - mse: 0.1258 - ssim_metric: 0.4670
 87/326 [=======>......................] - ETA: 3:10 - loss: 0.4055 - mae: 0.2508 - mse: 0.1257 - ssim_metric: 0.4670
 88/326 [=======>......................] - ETA: 3:10 - loss: 0.4046 - mae: 0.2505 - mse: 0.1254 - ssim_metric: 0.4670
 89/326 [=======>......................] - ETA: 3:09 - loss: 0.4040 - mae: 0.2502 - mse: 0.1252 - ssim_metric: 0.4675
 90/326 [=======>......................] - ETA: 3:08 - loss: 0.4051 - mae: 0.2505 - mse: 0.1255 - ssim_metric: 0.4671
 91/326 [=======>......................] - ETA: 3:07 - loss: 0.4049 - mae: 0.2503 - mse: 0.1255 - ssim_metric: 0.4677
 92/326 [=======>......................] - ETA: 3:06 - loss: 0.4048 - mae: 0.2501 - mse: 0.1254 - ssim_metric: 0.4678
 93/326 [=======>......................] - ETA: 3:06 - loss: 0.4053 - mae: 0.2501 - mse: 0.1256 - ssim_metric: 0.4682
 94/326 [=======>......................] - ETA: 3:05 - loss: 0.4060 - mae: 0.2501 - mse: 0.1258 - ssim_metric: 0.4686
 95/326 [=======>......................] - ETA: 3:04 - loss: 0.4071 - mae: 0.2504 - mse: 0.1262 - ssim_metric: 0.4681
 96/326 [=======>......................] - ETA: 3:03 - loss: 0.4068 - mae: 0.2503 - mse: 0.1261 - ssim_metric: 0.4681
 97/326 [=======>......................] - ETA: 3:02 - loss: 0.4066 - mae: 0.2504 - mse: 0.1260 - ssim_metric: 0.4680
 98/326 [========>.....................] - ETA: 3:02 - loss: 0.4059 - mae: 0.2503 - mse: 0.1258 - ssim_metric: 0.4680
 99/326 [========>.....................] - ETA: 3:01 - loss: 0.4056 - mae: 0.2503 - mse: 0.1256 - ssim_metric: 0.4677
100/326 [========>.....................] - ETA: 3:00 - loss: 0.4056 - mae: 0.2505 - mse: 0.1257 - ssim_metric: 0.4673
101/326 [========>.....................] - ETA: 2:59 - loss: 0.4050 - mae: 0.2503 - mse: 0.1254 - ssim_metric: 0.4674
102/326 [========>.....................] - ETA: 2:58 - loss: 0.4043 - mae: 0.2501 - mse: 0.1251 - ssim_metric: 0.4676
103/326 [========>.....................] - ETA: 2:58 - loss: 0.4056 - mae: 0.2504 - mse: 0.1255 - ssim_metric: 0.4671
104/326 [========>.....................] - ETA: 2:57 - loss: 0.4055 - mae: 0.2503 - mse: 0.1255 - ssim_metric: 0.4676
105/326 [========>.....................] - ETA: 2:56 - loss: 0.4050 - mae: 0.2500 - mse: 0.1254 - ssim_metric: 0.4680
106/326 [========>.....................] - ETA: 2:55 - loss: 0.4040 - mae: 0.2495 - mse: 0.1250 - ssim_metric: 0.4689
107/326 [========>.....................] - ETA: 2:54 - loss: 0.4039 - mae: 0.2493 - mse: 0.1250 - ssim_metric: 0.4695
108/326 [========>.....................] - ETA: 2:54 - loss: 0.4056 - mae: 0.2498 - mse: 0.1255 - ssim_metric: 0.4692
109/326 [=========>....................] - ETA: 2:53 - loss: 0.4052 - mae: 0.2495 - mse: 0.1254 - ssim_metric: 0.4698
110/326 [=========>....................] - ETA: 2:52 - loss: 0.4059 - mae: 0.2498 - mse: 0.1257 - ssim_metric: 0.4693
111/326 [=========>....................] - ETA: 2:51 - loss: 0.4055 - mae: 0.2497 - mse: 0.1255 - ssim_metric: 0.4695
112/326 [=========>....................] - ETA: 2:50 - loss: 0.4056 - mae: 0.2498 - mse: 0.1256 - ssim_metric: 0.4692
113/326 [=========>....................] - ETA: 2:50 - loss: 0.4055 - mae: 0.2499 - mse: 0.1255 - ssim_metric: 0.4691
114/326 [=========>....................] - ETA: 2:49 - loss: 0.4052 - mae: 0.2499 - mse: 0.1254 - ssim_metric: 0.4690
115/326 [=========>....................] - ETA: 2:48 - loss: 0.4055 - mae: 0.2500 - mse: 0.1255 - ssim_metric: 0.4688
116/326 [=========>....................] - ETA: 2:47 - loss: 0.4055 - mae: 0.2501 - mse: 0.1255 - ssim_metric: 0.4685
117/326 [=========>....................] - ETA: 2:46 - loss: 0.4060 - mae: 0.2503 - mse: 0.1258 - ssim_metric: 0.4684
118/326 [=========>....................] - ETA: 2:46 - loss: 0.4055 - mae: 0.2500 - mse: 0.1255 - ssim_metric: 0.4694
119/326 [=========>....................] - ETA: 2:45 - loss: 0.4052 - mae: 0.2498 - mse: 0.1254 - ssim_metric: 0.4697
120/326 [==========>...................] - ETA: 2:44 - loss: 0.4049 - mae: 0.2497 - mse: 0.1253 - ssim_metric: 0.4700
121/326 [==========>...................] - ETA: 2:43 - loss: 0.4043 - mae: 0.2495 - mse: 0.1251 - ssim_metric: 0.4706
122/326 [==========>...................] - ETA: 2:42 - loss: 0.4046 - mae: 0.2495 - mse: 0.1252 - ssim_metric: 0.4707
123/326 [==========>...................] - ETA: 2:42 - loss: 0.4050 - mae: 0.2497 - mse: 0.1254 - ssim_metric: 0.4704
124/326 [==========>...................] - ETA: 2:41 - loss: 0.4054 - mae: 0.2499 - mse: 0.1255 - ssim_metric: 0.4697
125/326 [==========>...................] - ETA: 2:40 - loss: 0.4055 - mae: 0.2500 - mse: 0.1256 - ssim_metric: 0.4698
126/326 [==========>...................] - ETA: 2:39 - loss: 0.4051 - mae: 0.2498 - mse: 0.1254 - ssim_metric: 0.4697
127/326 [==========>...................] - ETA: 2:38 - loss: 0.4047 - mae: 0.2497 - mse: 0.1253 - ssim_metric: 0.4698
128/326 [==========>...................] - ETA: 2:38 - loss: 0.4042 - mae: 0.2494 - mse: 0.1251 - ssim_metric: 0.4703
129/326 [==========>...................] - ETA: 2:37 - loss: 0.4043 - mae: 0.2494 - mse: 0.1251 - ssim_metric: 0.4706
130/326 [==========>...................] - ETA: 2:36 - loss: 0.4054 - mae: 0.2498 - mse: 0.1255 - ssim_metric: 0.4701
131/326 [===========>..................] - ETA: 2:35 - loss: 0.4057 - mae: 0.2499 - mse: 0.1256 - ssim_metric: 0.4703
132/326 [===========>..................] - ETA: 2:34 - loss: 0.4057 - mae: 0.2498 - mse: 0.1256 - ssim_metric: 0.4706
133/326 [===========>..................] - ETA: 2:34 - loss: 0.4056 - mae: 0.2498 - mse: 0.1256 - ssim_metric: 0.4706
134/326 [===========>..................] - ETA: 2:33 - loss: 0.4061 - mae: 0.2500 - mse: 0.1258 - ssim_metric: 0.4703
135/326 [===========>..................] - ETA: 2:32 - loss: 0.4065 - mae: 0.2503 - mse: 0.1259 - ssim_metric: 0.4697
136/326 [===========>..................] - ETA: 2:31 - loss: 0.4067 - mae: 0.2506 - mse: 0.1260 - ssim_metric: 0.4690
137/326 [===========>..................] - ETA: 2:30 - loss: 0.4065 - mae: 0.2507 - mse: 0.1259 - ssim_metric: 0.4687
138/326 [===========>..................] - ETA: 2:30 - loss: 0.4069 - mae: 0.2511 - mse: 0.1261 - ssim_metric: 0.4677
139/326 [===========>..................] - ETA: 2:29 - loss: 0.4068 - mae: 0.2512 - mse: 0.1261 - ssim_metric: 0.4673
140/326 [===========>..................] - ETA: 2:28 - loss: 0.4070 - mae: 0.2513 - mse: 0.1261 - ssim_metric: 0.4671
141/326 [===========>..................] - ETA: 2:27 - loss: 0.4071 - mae: 0.2514 - mse: 0.1262 - ssim_metric: 0.4670
142/326 [============>.................] - ETA: 2:26 - loss: 0.4068 - mae: 0.2512 - mse: 0.1261 - ssim_metric: 0.4675
143/326 [============>.................] - ETA: 2:26 - loss: 0.4070 - mae: 0.2513 - mse: 0.1262 - ssim_metric: 0.4673
144/326 [============>.................] - ETA: 2:25 - loss: 0.4069 - mae: 0.2512 - mse: 0.1261 - ssim_metric: 0.4674
145/326 [============>.................] - ETA: 2:24 - loss: 0.4066 - mae: 0.2510 - mse: 0.1260 - ssim_metric: 0.4679
146/326 [============>.................] - ETA: 2:23 - loss: 0.4064 - mae: 0.2509 - mse: 0.1260 - ssim_metric: 0.4683
147/326 [============>.................] - ETA: 2:22 - loss: 0.4071 - mae: 0.2511 - mse: 0.1262 - ssim_metric: 0.4681
148/326 [============>.................] - ETA: 2:22 - loss: 0.4066 - mae: 0.2509 - mse: 0.1261 - ssim_metric: 0.4684
149/326 [============>.................] - ETA: 2:21 - loss: 0.4071 - mae: 0.2512 - mse: 0.1262 - ssim_metric: 0.4678
150/326 [============>.................] - ETA: 2:20 - loss: 0.4068 - mae: 0.2512 - mse: 0.1261 - ssim_metric: 0.4677
151/326 [============>.................] - ETA: 2:19 - loss: 0.4075 - mae: 0.2516 - mse: 0.1264 - ssim_metric: 0.4670
152/326 [============>.................] - ETA: 2:18 - loss: 0.4080 - mae: 0.2518 - mse: 0.1266 - ssim_metric: 0.4667
153/326 [=============>................] - ETA: 2:18 - loss: 0.4076 - mae: 0.2517 - mse: 0.1264 - ssim_metric: 0.4667
154/326 [=============>................] - ETA: 2:17 - loss: 0.4074 - mae: 0.2517 - mse: 0.1264 - ssim_metric: 0.4666
155/326 [=============>................] - ETA: 2:16 - loss: 0.4075 - mae: 0.2518 - mse: 0.1264 - ssim_metric: 0.4665
156/326 [=============>................] - ETA: 2:15 - loss: 0.4072 - mae: 0.2516 - mse: 0.1263 - ssim_metric: 0.4667
157/326 [=============>................] - ETA: 2:14 - loss: 0.4073 - mae: 0.2517 - mse: 0.1263 - ssim_metric: 0.4666
158/326 [=============>................] - ETA: 2:14 - loss: 0.4080 - mae: 0.2518 - mse: 0.1266 - ssim_metric: 0.4667
159/326 [=============>................] - ETA: 2:13 - loss: 0.4083 - mae: 0.2519 - mse: 0.1267 - ssim_metric: 0.4668
160/326 [=============>................] - ETA: 2:12 - loss: 0.4082 - mae: 0.2518 - mse: 0.1267 - ssim_metric: 0.4670
161/326 [=============>................] - ETA: 2:11 - loss: 0.4085 - mae: 0.2520 - mse: 0.1268 - ssim_metric: 0.4667
162/326 [=============>................] - ETA: 2:10 - loss: 0.4082 - mae: 0.2520 - mse: 0.1267 - ssim_metric: 0.4666
163/326 [==============>...............] - ETA: 2:10 - loss: 0.4078 - mae: 0.2519 - mse: 0.1265 - ssim_metric: 0.4666
164/326 [==============>...............] - ETA: 2:09 - loss: 0.4077 - mae: 0.2519 - mse: 0.1265 - ssim_metric: 0.4668
165/326 [==============>...............] - ETA: 2:08 - loss: 0.4078 - mae: 0.2519 - mse: 0.1265 - ssim_metric: 0.4667
166/326 [==============>...............] - ETA: 2:07 - loss: 0.4082 - mae: 0.2522 - mse: 0.1267 - ssim_metric: 0.4663
167/326 [==============>...............] - ETA: 2:06 - loss: 0.4081 - mae: 0.2522 - mse: 0.1267 - ssim_metric: 0.4661
168/326 [==============>...............] - ETA: 2:06 - loss: 0.4085 - mae: 0.2525 - mse: 0.1268 - ssim_metric: 0.4658
169/326 [==============>...............] - ETA: 2:05 - loss: 0.4081 - mae: 0.2524 - mse: 0.1267 - ssim_metric: 0.4660
170/326 [==============>...............] - ETA: 2:04 - loss: 0.4083 - mae: 0.2525 - mse: 0.1268 - ssim_metric: 0.4658
171/326 [==============>...............] - ETA: 2:03 - loss: 0.4082 - mae: 0.2524 - mse: 0.1267 - ssim_metric: 0.4660
172/326 [==============>...............] - ETA: 2:02 - loss: 0.4078 - mae: 0.2521 - mse: 0.1266 - ssim_metric: 0.4666
173/326 [==============>...............] - ETA: 2:02 - loss: 0.4080 - mae: 0.2522 - mse: 0.1267 - ssim_metric: 0.4665
174/326 [===============>..............] - ETA: 2:01 - loss: 0.4078 - mae: 0.2521 - mse: 0.1266 - ssim_metric: 0.4665
175/326 [===============>..............] - ETA: 2:00 - loss: 0.4080 - mae: 0.2521 - mse: 0.1267 - ssim_metric: 0.4664
176/326 [===============>..............] - ETA: 1:59 - loss: 0.4080 - mae: 0.2521 - mse: 0.1267 - ssim_metric: 0.4666
177/326 [===============>..............] - ETA: 1:58 - loss: 0.4081 - mae: 0.2521 - mse: 0.1268 - ssim_metric: 0.4667
178/326 [===============>..............] - ETA: 1:58 - loss: 0.4089 - mae: 0.2525 - mse: 0.1271 - ssim_metric: 0.4662
179/326 [===============>..............] - ETA: 1:57 - loss: 0.4091 - mae: 0.2526 - mse: 0.1272 - ssim_metric: 0.4660
180/326 [===============>..............] - ETA: 1:56 - loss: 0.4092 - mae: 0.2528 - mse: 0.1272 - ssim_metric: 0.4654
181/326 [===============>..............] - ETA: 1:55 - loss: 0.4097 - mae: 0.2533 - mse: 0.1274 - ssim_metric: 0.4646
182/326 [===============>..............] - ETA: 1:54 - loss: 0.4098 - mae: 0.2535 - mse: 0.1274 - ssim_metric: 0.4640
183/326 [===============>..............] - ETA: 1:54 - loss: 0.4096 - mae: 0.2536 - mse: 0.1274 - ssim_metric: 0.4638
184/326 [===============>..............] - ETA: 1:53 - loss: 0.4096 - mae: 0.2537 - mse: 0.1274 - ssim_metric: 0.4637
185/326 [================>.............] - ETA: 1:52 - loss: 0.4097 - mae: 0.2538 - mse: 0.1274 - ssim_metric: 0.4634
186/326 [================>.............] - ETA: 1:51 - loss: 0.4103 - mae: 0.2542 - mse: 0.1277 - ssim_metric: 0.4628
187/326 [================>.............] - ETA: 1:50 - loss: 0.4108 - mae: 0.2544 - mse: 0.1278 - ssim_metric: 0.4626
188/326 [================>.............] - ETA: 1:50 - loss: 0.4111 - mae: 0.2545 - mse: 0.1279 - ssim_metric: 0.4628
189/326 [================>.............] - ETA: 1:49 - loss: 0.4109 - mae: 0.2545 - mse: 0.1278 - ssim_metric: 0.4628
190/326 [================>.............] - ETA: 1:48 - loss: 0.4107 - mae: 0.2545 - mse: 0.1277 - ssim_metric: 0.4624
191/326 [================>.............] - ETA: 1:47 - loss: 0.4106 - mae: 0.2545 - mse: 0.1277 - ssim_metric: 0.4622
192/326 [================>.............] - ETA: 1:46 - loss: 0.4105 - mae: 0.2544 - mse: 0.1276 - ssim_metric: 0.4627
193/326 [================>.............] - ETA: 1:46 - loss: 0.4107 - mae: 0.2544 - mse: 0.1277 - ssim_metric: 0.4628
194/326 [================>.............] - ETA: 1:45 - loss: 0.4102 - mae: 0.2540 - mse: 0.1275 - ssim_metric: 0.4635
195/326 [================>.............] - ETA: 1:44 - loss: 0.4106 - mae: 0.2539 - mse: 0.1277 - ssim_metric: 0.4639
196/326 [=================>............] - ETA: 1:43 - loss: 0.4111 - mae: 0.2539 - mse: 0.1278 - ssim_metric: 0.4639
197/326 [=================>............] - ETA: 1:43 - loss: 0.4109 - mae: 0.2537 - mse: 0.1277 - ssim_metric: 0.4643
198/326 [=================>............] - ETA: 1:42 - loss: 0.4108 - mae: 0.2536 - mse: 0.1277 - ssim_metric: 0.4644
199/326 [=================>............] - ETA: 1:41 - loss: 0.4108 - mae: 0.2536 - mse: 0.1277 - ssim_metric: 0.4643
200/326 [=================>............] - ETA: 1:40 - loss: 0.4108 - mae: 0.2537 - mse: 0.1277 - ssim_metric: 0.4641
201/326 [=================>............] - ETA: 1:39 - loss: 0.4107 - mae: 0.2538 - mse: 0.1276 - ssim_metric: 0.4637
202/326 [=================>............] - ETA: 1:39 - loss: 0.4111 - mae: 0.2540 - mse: 0.1278 - ssim_metric: 0.4635
203/326 [=================>............] - ETA: 1:38 - loss: 0.4115 - mae: 0.2543 - mse: 0.1279 - ssim_metric: 0.4630
204/326 [=================>............] - ETA: 1:37 - loss: 0.4113 - mae: 0.2543 - mse: 0.1279 - ssim_metric: 0.4627
205/326 [=================>............] - ETA: 1:36 - loss: 0.4110 - mae: 0.2543 - mse: 0.1277 - ssim_metric: 0.4626
206/326 [=================>............] - ETA: 1:35 - loss: 0.4109 - mae: 0.2543 - mse: 0.1277 - ssim_metric: 0.4625
207/326 [==================>...........] - ETA: 1:35 - loss: 0.4108 - mae: 0.2543 - mse: 0.1277 - ssim_metric: 0.4626
208/326 [==================>...........] - ETA: 1:34 - loss: 0.4108 - mae: 0.2542 - mse: 0.1276 - ssim_metric: 0.4627
209/326 [==================>...........] - ETA: 1:33 - loss: 0.4108 - mae: 0.2542 - mse: 0.1277 - ssim_metric: 0.4629
210/326 [==================>...........] - ETA: 1:32 - loss: 0.4111 - mae: 0.2543 - mse: 0.1278 - ssim_metric: 0.4628
211/326 [==================>...........] - ETA: 1:31 - loss: 0.4110 - mae: 0.2541 - mse: 0.1277 - ssim_metric: 0.4634
212/326 [==================>...........] - ETA: 1:31 - loss: 0.4109 - mae: 0.2540 - mse: 0.1277 - ssim_metric: 0.4636
213/326 [==================>...........] - ETA: 1:30 - loss: 0.4106 - mae: 0.2539 - mse: 0.1276 - ssim_metric: 0.4638
214/326 [==================>...........] - ETA: 1:29 - loss: 0.4107 - mae: 0.2539 - mse: 0.1277 - ssim_metric: 0.4637
215/326 [==================>...........] - ETA: 1:28 - loss: 0.4107 - mae: 0.2539 - mse: 0.1277 - ssim_metric: 0.4635
216/326 [==================>...........] - ETA: 1:27 - loss: 0.4105 - mae: 0.2538 - mse: 0.1276 - ssim_metric: 0.4636
217/326 [==================>...........] - ETA: 1:27 - loss: 0.4106 - mae: 0.2539 - mse: 0.1276 - ssim_metric: 0.4634
218/326 [===================>..........] - ETA: 1:26 - loss: 0.4107 - mae: 0.2540 - mse: 0.1277 - ssim_metric: 0.4632
219/326 [===================>..........] - ETA: 1:25 - loss: 0.4107 - mae: 0.2540 - mse: 0.1276 - ssim_metric: 0.4632
220/326 [===================>..........] - ETA: 1:24 - loss: 0.4109 - mae: 0.2541 - mse: 0.1277 - ssim_metric: 0.4629
221/326 [===================>..........] - ETA: 1:23 - loss: 0.4110 - mae: 0.2543 - mse: 0.1278 - ssim_metric: 0.4626
222/326 [===================>..........] - ETA: 1:23 - loss: 0.4112 - mae: 0.2544 - mse: 0.1279 - ssim_metric: 0.4623
223/326 [===================>..........] - ETA: 1:22 - loss: 0.4110 - mae: 0.2544 - mse: 0.1278 - ssim_metric: 0.4624
224/326 [===================>..........] - ETA: 1:21 - loss: 0.4112 - mae: 0.2545 - mse: 0.1279 - ssim_metric: 0.4621
225/326 [===================>..........] - ETA: 1:20 - loss: 0.4114 - mae: 0.2546 - mse: 0.1280 - ssim_metric: 0.4620
226/326 [===================>..........] - ETA: 1:19 - loss: 0.4114 - mae: 0.2546 - mse: 0.1280 - ssim_metric: 0.4620
227/326 [===================>..........] - ETA: 1:19 - loss: 0.4112 - mae: 0.2545 - mse: 0.1279 - ssim_metric: 0.4623
228/326 [===================>..........] - ETA: 1:18 - loss: 0.4111 - mae: 0.2544 - mse: 0.1279 - ssim_metric: 0.4625
229/326 [====================>.........] - ETA: 1:17 - loss: 0.4115 - mae: 0.2546 - mse: 0.1280 - ssim_metric: 0.4622
230/326 [====================>.........] - ETA: 1:16 - loss: 0.4114 - mae: 0.2546 - mse: 0.1280 - ssim_metric: 0.4621
231/326 [====================>.........] - ETA: 1:15 - loss: 0.4113 - mae: 0.2546 - mse: 0.1279 - ssim_metric: 0.4621
232/326 [====================>.........] - ETA: 1:15 - loss: 0.4111 - mae: 0.2546 - mse: 0.1279 - ssim_metric: 0.4621
233/326 [====================>.........] - ETA: 1:14 - loss: 0.4112 - mae: 0.2546 - mse: 0.1279 - ssim_metric: 0.4622
234/326 [====================>.........] - ETA: 1:13 - loss: 0.4114 - mae: 0.2547 - mse: 0.1280 - ssim_metric: 0.4619
235/326 [====================>.........] - ETA: 1:12 - loss: 0.4113 - mae: 0.2547 - mse: 0.1280 - ssim_metric: 0.4618
236/326 [====================>.........] - ETA: 1:11 - loss: 0.4108 - mae: 0.2545 - mse: 0.1278 - ssim_metric: 0.4622
237/326 [====================>.........] - ETA: 1:11 - loss: 0.4105 - mae: 0.2543 - mse: 0.1277 - ssim_metric: 0.4627
238/326 [====================>.........] - ETA: 1:10 - loss: 0.4107 - mae: 0.2543 - mse: 0.1277 - ssim_metric: 0.4628
239/326 [====================>.........] - ETA: 1:09 - loss: 0.4101 - mae: 0.2539 - mse: 0.1275 - ssim_metric: 0.4633
240/326 [=====================>........] - ETA: 1:08 - loss: 0.4101 - mae: 0.2538 - mse: 0.1275 - ssim_metric: 0.4637
241/326 [=====================>........] - ETA: 1:07 - loss: 0.4100 - mae: 0.2537 - mse: 0.1275 - ssim_metric: 0.4638
242/326 [=====================>........] - ETA: 1:07 - loss: 0.4094 - mae: 0.2534 - mse: 0.1273 - ssim_metric: 0.4643
243/326 [=====================>........] - ETA: 1:06 - loss: 0.4094 - mae: 0.2532 - mse: 0.1273 - ssim_metric: 0.4646
244/326 [=====================>........] - ETA: 1:05 - loss: 0.4095 - mae: 0.2532 - mse: 0.1273 - ssim_metric: 0.4646
245/326 [=====================>........] - ETA: 1:04 - loss: 0.4096 - mae: 0.2533 - mse: 0.1273 - ssim_metric: 0.4645
246/326 [=====================>........] - ETA: 1:03 - loss: 0.4094 - mae: 0.2532 - mse: 0.1273 - ssim_metric: 0.4646
247/326 [=====================>........] - ETA: 1:03 - loss: 0.4094 - mae: 0.2532 - mse: 0.1273 - ssim_metric: 0.4645
248/326 [=====================>........] - ETA: 1:02 - loss: 0.4097 - mae: 0.2534 - mse: 0.1274 - ssim_metric: 0.4644
249/326 [=====================>........] - ETA: 1:01 - loss: 0.4099 - mae: 0.2535 - mse: 0.1275 - ssim_metric: 0.4641
250/326 [======================>.......] - ETA: 1:00 - loss: 0.4097 - mae: 0.2535 - mse: 0.1274 - ssim_metric: 0.4641
251/326 [======================>.......] - ETA: 59s - loss: 0.4096 - mae: 0.2535 - mse: 0.1274 - ssim_metric: 0.4640 
252/326 [======================>.......] - ETA: 59s - loss: 0.4091 - mae: 0.2533 - mse: 0.1272 - ssim_metric: 0.4641
253/326 [======================>.......] - ETA: 58s - loss: 0.4096 - mae: 0.2535 - mse: 0.1274 - ssim_metric: 0.4639
254/326 [======================>.......] - ETA: 57s - loss: 0.4096 - mae: 0.2535 - mse: 0.1274 - ssim_metric: 0.4639
255/326 [======================>.......] - ETA: 56s - loss: 0.4093 - mae: 0.2534 - mse: 0.1272 - ssim_metric: 0.4640
256/326 [======================>.......] - ETA: 55s - loss: 0.4095 - mae: 0.2535 - mse: 0.1273 - ssim_metric: 0.4640
257/326 [======================>.......] - ETA: 55s - loss: 0.4095 - mae: 0.2535 - mse: 0.1273 - ssim_metric: 0.4640
258/326 [======================>.......] - ETA: 54s - loss: 0.4098 - mae: 0.2535 - mse: 0.1274 - ssim_metric: 0.4640
259/326 [======================>.......] - ETA: 53s - loss: 0.4100 - mae: 0.2536 - mse: 0.1275 - ssim_metric: 0.4637
260/326 [======================>.......] - ETA: 52s - loss: 0.4097 - mae: 0.2535 - mse: 0.1274 - ssim_metric: 0.4639
261/326 [=======================>......] - ETA: 51s - loss: 0.4098 - mae: 0.2535 - mse: 0.1274 - ssim_metric: 0.4639
262/326 [=======================>......] - ETA: 51s - loss: 0.4094 - mae: 0.2533 - mse: 0.1273 - ssim_metric: 0.4639
263/326 [=======================>......] - ETA: 50s - loss: 0.4098 - mae: 0.2535 - mse: 0.1274 - ssim_metric: 0.4637
264/326 [=======================>......] - ETA: 49s - loss: 0.4099 - mae: 0.2536 - mse: 0.1275 - ssim_metric: 0.4636
265/326 [=======================>......] - ETA: 48s - loss: 0.4100 - mae: 0.2537 - mse: 0.1275 - ssim_metric: 0.4634
266/326 [=======================>......] - ETA: 47s - loss: 0.4101 - mae: 0.2538 - mse: 0.1276 - ssim_metric: 0.4631
267/326 [=======================>......] - ETA: 47s - loss: 0.4102 - mae: 0.2539 - mse: 0.1276 - ssim_metric: 0.4628
268/326 [=======================>......] - ETA: 46s - loss: 0.4103 - mae: 0.2540 - mse: 0.1276 - ssim_metric: 0.4625
269/326 [=======================>......] - ETA: 45s - loss: 0.4101 - mae: 0.2540 - mse: 0.1276 - ssim_metric: 0.4625
270/326 [=======================>......] - ETA: 44s - loss: 0.4103 - mae: 0.2541 - mse: 0.1277 - ssim_metric: 0.4624
271/326 [=======================>......] - ETA: 43s - loss: 0.4104 - mae: 0.2542 - mse: 0.1277 - ssim_metric: 0.4624
272/326 [========================>.....] - ETA: 43s - loss: 0.4103 - mae: 0.2541 - mse: 0.1277 - ssim_metric: 0.4625
273/326 [========================>.....] - ETA: 42s - loss: 0.4100 - mae: 0.2540 - mse: 0.1275 - ssim_metric: 0.4628
274/326 [========================>.....] - ETA: 41s - loss: 0.4102 - mae: 0.2540 - mse: 0.1276 - ssim_metric: 0.4628
275/326 [========================>.....] - ETA: 40s - loss: 0.4103 - mae: 0.2540 - mse: 0.1277 - ssim_metric: 0.4630
276/326 [========================>.....] - ETA: 39s - loss: 0.4103 - mae: 0.2540 - mse: 0.1277 - ssim_metric: 0.4630
277/326 [========================>.....] - ETA: 39s - loss: 0.4106 - mae: 0.2541 - mse: 0.1278 - ssim_metric: 0.4628
278/326 [========================>.....] - ETA: 38s - loss: 0.4105 - mae: 0.2541 - mse: 0.1277 - ssim_metric: 0.4628
279/326 [========================>.....] - ETA: 37s - loss: 0.4102 - mae: 0.2540 - mse: 0.1276 - ssim_metric: 0.4631
280/326 [========================>.....] - ETA: 36s - loss: 0.4101 - mae: 0.2540 - mse: 0.1276 - ssim_metric: 0.4629
281/326 [========================>.....] - ETA: 35s - loss: 0.4103 - mae: 0.2541 - mse: 0.1277 - ssim_metric: 0.4626
282/326 [========================>.....] - ETA: 35s - loss: 0.4104 - mae: 0.2542 - mse: 0.1277 - ssim_metric: 0.4627
283/326 [=========================>....] - ETA: 34s - loss: 0.4109 - mae: 0.2543 - mse: 0.1279 - ssim_metric: 0.4625
284/326 [=========================>....] - ETA: 33s - loss: 0.4107 - mae: 0.2544 - mse: 0.1278 - ssim_metric: 0.4625
285/326 [=========================>....] - ETA: 32s - loss: 0.4109 - mae: 0.2545 - mse: 0.1279 - ssim_metric: 0.4622
286/326 [=========================>....] - ETA: 31s - loss: 0.4109 - mae: 0.2546 - mse: 0.1279 - ssim_metric: 0.4621
287/326 [=========================>....] - ETA: 31s - loss: 0.4113 - mae: 0.2547 - mse: 0.1280 - ssim_metric: 0.4620
288/326 [=========================>....] - ETA: 30s - loss: 0.4116 - mae: 0.2548 - mse: 0.1282 - ssim_metric: 0.4617
289/326 [=========================>....] - ETA: 29s - loss: 0.4117 - mae: 0.2549 - mse: 0.1282 - ssim_metric: 0.4616
290/326 [=========================>....] - ETA: 28s - loss: 0.4120 - mae: 0.2550 - mse: 0.1283 - ssim_metric: 0.4614
291/326 [=========================>....] - ETA: 27s - loss: 0.4121 - mae: 0.2551 - mse: 0.1283 - ssim_metric: 0.4613
292/326 [=========================>....] - ETA: 27s - loss: 0.4118 - mae: 0.2551 - mse: 0.1282 - ssim_metric: 0.4611
293/326 [=========================>....] - ETA: 26s - loss: 0.4117 - mae: 0.2551 - mse: 0.1282 - ssim_metric: 0.4611
294/326 [==========================>...] - ETA: 25s - loss: 0.4119 - mae: 0.2552 - mse: 0.1282 - ssim_metric: 0.4609
295/326 [==========================>...] - ETA: 24s - loss: 0.4118 - mae: 0.2553 - mse: 0.1282 - ssim_metric: 0.4608
296/326 [==========================>...] - ETA: 23s - loss: 0.4117 - mae: 0.2551 - mse: 0.1282 - ssim_metric: 0.4610
297/326 [==========================>...] - ETA: 23s - loss: 0.4118 - mae: 0.2552 - mse: 0.1282 - ssim_metric: 0.4611
298/326 [==========================>...] - ETA: 22s - loss: 0.4113 - mae: 0.2549 - mse: 0.1280 - ssim_metric: 0.4614
299/326 [==========================>...] - ETA: 21s - loss: 0.4111 - mae: 0.2548 - mse: 0.1280 - ssim_metric: 0.4617
300/326 [==========================>...] - ETA: 20s - loss: 0.4112 - mae: 0.2548 - mse: 0.1280 - ssim_metric: 0.4619
301/326 [==========================>...] - ETA: 19s - loss: 0.4109 - mae: 0.2546 - mse: 0.1279 - ssim_metric: 0.4622
302/326 [==========================>...] - ETA: 19s - loss: 0.4112 - mae: 0.2547 - mse: 0.1280 - ssim_metric: 0.4619
303/326 [==========================>...] - ETA: 18s - loss: 0.4112 - mae: 0.2547 - mse: 0.1280 - ssim_metric: 0.4618
304/326 [==========================>...] - ETA: 17s - loss: 0.4113 - mae: 0.2547 - mse: 0.1281 - ssim_metric: 0.4618
305/326 [===========================>..] - ETA: 16s - loss: 0.4113 - mae: 0.2548 - mse: 0.1281 - ssim_metric: 0.4617
306/326 [===========================>..] - ETA: 15s - loss: 0.4113 - mae: 0.2548 - mse: 0.1281 - ssim_metric: 0.4616
307/326 [===========================>..] - ETA: 15s - loss: 0.4114 - mae: 0.2548 - mse: 0.1281 - ssim_metric: 0.4615
308/326 [===========================>..] - ETA: 14s - loss: 0.4112 - mae: 0.2547 - mse: 0.1280 - ssim_metric: 0.4617
309/326 [===========================>..] - ETA: 13s - loss: 0.4111 - mae: 0.2547 - mse: 0.1280 - ssim_metric: 0.4618
310/326 [===========================>..] - ETA: 12s - loss: 0.4111 - mae: 0.2547 - mse: 0.1280 - ssim_metric: 0.4617
311/326 [===========================>..] - ETA: 11s - loss: 0.4110 - mae: 0.2546 - mse: 0.1279 - ssim_metric: 0.4619
312/326 [===========================>..] - ETA: 11s - loss: 0.4109 - mae: 0.2546 - mse: 0.1279 - ssim_metric: 0.4618
313/326 [===========================>..] - ETA: 10s - loss: 0.4110 - mae: 0.2546 - mse: 0.1280 - ssim_metric: 0.4619
314/326 [===========================>..] - ETA: 9s - loss: 0.4111 - mae: 0.2546 - mse: 0.1280 - ssim_metric: 0.4621 
315/326 [===========================>..] - ETA: 8s - loss: 0.4113 - mae: 0.2547 - mse: 0.1281 - ssim_metric: 0.4618
316/326 [============================>.] - ETA: 7s - loss: 0.4113 - mae: 0.2547 - mse: 0.1281 - ssim_metric: 0.4617
317/326 [============================>.] - ETA: 7s - loss: 0.4111 - mae: 0.2546 - mse: 0.1280 - ssim_metric: 0.4619
318/326 [============================>.] - ETA: 6s - loss: 0.4109 - mae: 0.2546 - mse: 0.1280 - ssim_metric: 0.4619
319/326 [============================>.] - ETA: 5s - loss: 0.4114 - mae: 0.2548 - mse: 0.1281 - ssim_metric: 0.4616
320/326 [============================>.] - ETA: 4s - loss: 0.4114 - mae: 0.2549 - mse: 0.1281 - ssim_metric: 0.4614
321/326 [============================>.] - ETA: 3s - loss: 0.4115 - mae: 0.2550 - mse: 0.1282 - ssim_metric: 0.4613
322/326 [============================>.] - ETA: 3s - loss: 0.4113 - mae: 0.2549 - mse: 0.1281 - ssim_metric: 0.4613
323/326 [============================>.] - ETA: 2s - loss: 0.4112 - mae: 0.2549 - mse: 0.1280 - ssim_metric: 0.4613
324/326 [============================>.] - ETA: 1s - loss: 0.4117 - mae: 0.2551 - mse: 0.1282 - ssim_metric: 0.4611
325/326 [============================>.] - ETA: 0s - loss: 0.4117 - mae: 0.2551 - mse: 0.1282 - ssim_metric: 0.4611
326/326 [==============================] - ETA: 0s - loss: 0.4118 - mae: 0.2551 - mse: 0.1282 - ssim_metric: 0.4611
Epoch 4: saving model to C:\d_surucusu\visual_navigation\benchmark\models_pipeline\20260909_223425\bce_b32\_JOB_bce_b32_10_09_2026__11_08_model_f48_k4_epoch_00004_helu_osigmoid_(1, 1)_.h5

Epoch 4: val_loss improved from 0.38119 to 0.37035, saving model to C:\d_surucusu\visual_navigation\benchmark\models_pipeline\20260909_223425\bce_b32\_JOB_bce_b32_10_09_2026__11_08_best_val_loss_model_f48_k4.h5

Epoch 4: val_mae improved from 0.24757 to 0.23693, saving model to C:\d_surucusu\visual_navigation\benchmark\models_pipeline\20260909_223425\bce_b32\_JOB_bce_b32_10_09_2026__11_08_best_mae_model_f48_k4.h5

Epoch 4: val_ssim_metric did not improve from 0.59927

326/326 [==============================] - 276s 847ms/step - loss: 0.4118 - mae: 0.2551 - mse: 0.1282 - ssim_metric: 0.4611 - val_loss: 0.3704 - val_mae: 0.2369 - val_mse: 0.1129 - val_ssim_metric: 0.4815
Epoch 5/20

  1/326 [..............................] - ETA: 4:36 - loss: 0.4388 - mae: 0.2727 - mse: 0.1409 - ssim_metric: 0.4102
  2/326 [..............................] - ETA: 4:18 - loss: 0.4313 - mae: 0.2655 - mse: 0.1368 - ssim_metric: 0.4411
  3/326 [..............................] - ETA: 4:17 - loss: 0.4506 - mae: 0.2797 - mse: 0.1441 - ssim_metric: 0.4253
  4/326 [..............................] - ETA: 4:16 - loss: 0.4457 - mae: 0.2800 - mse: 0.1422 - ssim_metric: 0.4200
  5/326 [..............................] - ETA: 4:16 - loss: 0.4342 - mae: 0.2762 - mse: 0.1377 - ssim_metric: 0.4259
  6/326 [..............................] - ETA: 4:15 - loss: 0.4319 - mae: 0.2785 - mse: 0.1368 - ssim_metric: 0.4154
  7/326 [..............................] - ETA: 4:14 - loss: 0.4273 - mae: 0.2771 - mse: 0.1350 - ssim_metric: 0.4165
  8/326 [..............................] - ETA: 4:14 - loss: 0.4156 - mae: 0.2702 - mse: 0.1303 - ssim_metric: 0.4253
  9/326 [..............................] - ETA: 4:13 - loss: 0.4046 - mae: 0.2629 - mse: 0.1261 - ssim_metric: 0.4369
 10/326 [..............................] - ETA: 4:12 - loss: 0.4025 - mae: 0.2592 - mse: 0.1252 - ssim_metric: 0.4466
 11/326 [>.............................] - ETA: 4:11 - loss: 0.4061 - mae: 0.2588 - mse: 0.1269 - ssim_metric: 0.4519
 12/326 [>.............................] - ETA: 4:10 - loss: 0.4069 - mae: 0.2564 - mse: 0.1272 - ssim_metric: 0.4577
 13/326 [>.............................] - ETA: 4:10 - loss: 0.4129 - mae: 0.2561 - mse: 0.1292 - ssim_metric: 0.4610
 14/326 [>.............................] - ETA: 4:09 - loss: 0.4248 - mae: 0.2603 - mse: 0.1334 - ssim_metric: 0.4562
 15/326 [>.............................] - ETA: 4:08 - loss: 0.4151 - mae: 0.2555 - mse: 0.1298 - ssim_metric: 0.4635
 16/326 [>.............................] - ETA: 4:07 - loss: 0.4188 - mae: 0.2580 - mse: 0.1313 - ssim_metric: 0.4599
 17/326 [>.............................] - ETA: 4:06 - loss: 0.4179 - mae: 0.2590 - mse: 0.1309 - ssim_metric: 0.4570
 18/326 [>.............................] - ETA: 4:05 - loss: 0.4204 - mae: 0.2620 - mse: 0.1319 - ssim_metric: 0.4505
 19/326 [>.............................] - ETA: 4:05 - loss: 0.4208 - mae: 0.2638 - mse: 0.1320 - ssim_metric: 0.4467
 20/326 [>.............................] - ETA: 4:04 - loss: 0.4174 - mae: 0.2637 - mse: 0.1304 - ssim_metric: 0.4447
 21/326 [>.............................] - ETA: 4:03 - loss: 0.4130 - mae: 0.2619 - mse: 0.1287 - ssim_metric: 0.4461
 22/326 [=>............................] - ETA: 4:02 - loss: 0.4087 - mae: 0.2595 - mse: 0.1271 - ssim_metric: 0.4490
 23/326 [=>............................] - ETA: 4:02 - loss: 0.4046 - mae: 0.2566 - mse: 0.1256 - ssim_metric: 0.4558
 24/326 [=>............................] - ETA: 4:01 - loss: 0.4035 - mae: 0.2550 - mse: 0.1252 - ssim_metric: 0.4595
 25/326 [=>............................] - ETA: 4:00 - loss: 0.4082 - mae: 0.2556 - mse: 0.1269 - ssim_metric: 0.4593
 26/326 [=>............................] - ETA: 3:59 - loss: 0.4096 - mae: 0.2549 - mse: 0.1274 - ssim_metric: 0.4621
 27/326 [=>............................] - ETA: 3:58 - loss: 0.4084 - mae: 0.2534 - mse: 0.1270 - ssim_metric: 0.4659
 28/326 [=>............................] - ETA: 3:57 - loss: 0.4104 - mae: 0.2530 - mse: 0.1275 - ssim_metric: 0.4670
 29/326 [=>............................] - ETA: 3:57 - loss: 0.4090 - mae: 0.2520 - mse: 0.1271 - ssim_metric: 0.4680
 30/326 [=>............................] - ETA: 3:56 - loss: 0.4113 - mae: 0.2527 - mse: 0.1279 - ssim_metric: 0.4666
 31/326 [=>............................] - ETA: 3:55 - loss: 0.4116 - mae: 0.2532 - mse: 0.1281 - ssim_metric: 0.4643
 32/326 [=>............................] - ETA: 3:54 - loss: 0.4125 - mae: 0.2542 - mse: 0.1285 - ssim_metric: 0.4614
 33/326 [==>...........................] - ETA: 3:53 - loss: 0.4098 - mae: 0.2536 - mse: 0.1274 - ssim_metric: 0.4604
 34/326 [==>...........................] - ETA: 3:53 - loss: 0.4111 - mae: 0.2550 - mse: 0.1279 - ssim_metric: 0.4565
 35/326 [==>...........................] - ETA: 3:52 - loss: 0.4092 - mae: 0.2543 - mse: 0.1272 - ssim_metric: 0.4567
 36/326 [==>...........................] - ETA: 3:51 - loss: 0.4096 - mae: 0.2552 - mse: 0.1274 - ssim_metric: 0.4547
 37/326 [==>...........................] - ETA: 3:50 - loss: 0.4069 - mae: 0.2539 - mse: 0.1263 - ssim_metric: 0.4563
 38/326 [==>...........................] - ETA: 3:49 - loss: 0.4050 - mae: 0.2530 - mse: 0.1257 - ssim_metric: 0.4570
 39/326 [==>...........................] - ETA: 3:49 - loss: 0.4050 - mae: 0.2528 - mse: 0.1256 - ssim_metric: 0.4576
 40/326 [==>...........................] - ETA: 3:48 - loss: 0.4034 - mae: 0.2518 - mse: 0.1250 - ssim_metric: 0.4590
 41/326 [==>...........................] - ETA: 3:47 - loss: 0.4017 - mae: 0.2503 - mse: 0.1244 - ssim_metric: 0.4625
 42/326 [==>...........................] - ETA: 3:46 - loss: 0.3978 - mae: 0.2477 - mse: 0.1230 - ssim_metric: 0.4670
 43/326 [==>...........................] - ETA: 3:45 - loss: 0.3980 - mae: 0.2468 - mse: 0.1230 - ssim_metric: 0.4692
 44/326 [===>..........................] - ETA: 3:45 - loss: 0.3991 - mae: 0.2466 - mse: 0.1235 - ssim_metric: 0.4703
 45/326 [===>..........................] - ETA: 3:44 - loss: 0.4017 - mae: 0.2475 - mse: 0.1245 - ssim_metric: 0.4688
 46/326 [===>..........................] - ETA: 3:43 - loss: 0.4019 - mae: 0.2474 - mse: 0.1246 - ssim_metric: 0.4694
 47/326 [===>..........................] - ETA: 3:42 - loss: 0.4006 - mae: 0.2469 - mse: 0.1241 - ssim_metric: 0.4696
 48/326 [===>..........................] - ETA: 3:42 - loss: 0.3979 - mae: 0.2458 - mse: 0.1231 - ssim_metric: 0.4701
 49/326 [===>..........................] - ETA: 3:41 - loss: 0.4011 - mae: 0.2470 - mse: 0.1241 - ssim_metric: 0.4681
 50/326 [===>..........................] - ETA: 3:40 - loss: 0.4008 - mae: 0.2472 - mse: 0.1240 - ssim_metric: 0.4674
 51/326 [===>..........................] - ETA: 3:39 - loss: 0.3992 - mae: 0.2469 - mse: 0.1234 - ssim_metric: 0.4662
 52/326 [===>..........................] - ETA: 3:38 - loss: 0.3996 - mae: 0.2472 - mse: 0.1236 - ssim_metric: 0.4662
 53/326 [===>..........................] - ETA: 3:37 - loss: 0.3993 - mae: 0.2469 - mse: 0.1234 - ssim_metric: 0.4663
 54/326 [===>..........................] - ETA: 3:37 - loss: 0.3998 - mae: 0.2470 - mse: 0.1237 - ssim_metric: 0.4664
 55/326 [====>.........................] - ETA: 3:36 - loss: 0.3999 - mae: 0.2470 - mse: 0.1237 - ssim_metric: 0.4667
 56/326 [====>.........................] - ETA: 3:35 - loss: 0.3996 - mae: 0.2468 - mse: 0.1236 - ssim_metric: 0.4670
 57/326 [====>.........................] - ETA: 3:34 - loss: 0.3984 - mae: 0.2461 - mse: 0.1232 - ssim_metric: 0.4681
 58/326 [====>.........................] - ETA: 3:33 - loss: 0.3998 - mae: 0.2465 - mse: 0.1238 - ssim_metric: 0.4681
 59/326 [====>.........................] - ETA: 3:33 - loss: 0.4006 - mae: 0.2467 - mse: 0.1240 - ssim_metric: 0.4678
 60/326 [====>.........................] - ETA: 3:32 - loss: 0.4018 - mae: 0.2473 - mse: 0.1245 - ssim_metric: 0.4676
 61/326 [====>.........................] - ETA: 3:31 - loss: 0.3999 - mae: 0.2464 - mse: 0.1239 - ssim_metric: 0.4693
 62/326 [====>.........................] - ETA: 3:30 - loss: 0.3985 - mae: 0.2460 - mse: 0.1233 - ssim_metric: 0.4696
 63/326 [====>.........................] - ETA: 3:29 - loss: 0.3993 - mae: 0.2465 - mse: 0.1236 - ssim_metric: 0.4684
 64/326 [====>.........................] - ETA: 3:29 - loss: 0.3983 - mae: 0.2463 - mse: 0.1232 - ssim_metric: 0.4690
 65/326 [====>.........................] - ETA: 3:28 - loss: 0.3970 - mae: 0.2457 - mse: 0.1227 - ssim_metric: 0.4701
 66/326 [=====>........................] - ETA: 3:27 - loss: 0.3983 - mae: 0.2463 - mse: 0.1232 - ssim_metric: 0.4691
 67/326 [=====>........................] - ETA: 3:26 - loss: 0.3983 - mae: 0.2464 - mse: 0.1232 - ssim_metric: 0.4687
 68/326 [=====>........................] - ETA: 3:25 - loss: 0.3982 - mae: 0.2461 - mse: 0.1232 - ssim_metric: 0.4690
 69/326 [=====>........................] - ETA: 3:25 - loss: 0.3983 - mae: 0.2461 - mse: 0.1233 - ssim_metric: 0.4688
 70/326 [=====>........................] - ETA: 3:24 - loss: 0.3981 - mae: 0.2459 - mse: 0.1233 - ssim_metric: 0.4693
 71/326 [=====>........................] - ETA: 3:23 - loss: 0.3980 - mae: 0.2457 - mse: 0.1233 - ssim_metric: 0.4695
 72/326 [=====>........................] - ETA: 3:22 - loss: 0.4003 - mae: 0.2465 - mse: 0.1240 - ssim_metric: 0.4685
 73/326 [=====>........................] - ETA: 3:22 - loss: 0.4004 - mae: 0.2464 - mse: 0.1240 - ssim_metric: 0.4687
 74/326 [=====>........................] - ETA: 3:21 - loss: 0.3999 - mae: 0.2464 - mse: 0.1238 - ssim_metric: 0.4683
 75/326 [=====>........................] - ETA: 3:20 - loss: 0.3990 - mae: 0.2461 - mse: 0.1235 - ssim_metric: 0.4685
 76/326 [=====>........................] - ETA: 3:19 - loss: 0.3977 - mae: 0.2456 - mse: 0.1230 - ssim_metric: 0.4690
 77/326 [======>.......................] - ETA: 3:18 - loss: 0.3984 - mae: 0.2462 - mse: 0.1233 - ssim_metric: 0.4678
 78/326 [======>.......................] - ETA: 3:18 - loss: 0.3981 - mae: 0.2461 - mse: 0.1232 - ssim_metric: 0.4679
 79/326 [======>.......................] - ETA: 3:17 - loss: 0.3990 - mae: 0.2465 - mse: 0.1235 - ssim_metric: 0.4676
 80/326 [======>.......................] - ETA: 3:16 - loss: 0.3998 - mae: 0.2467 - mse: 0.1238 - ssim_metric: 0.4679
 81/326 [======>.......................] - ETA: 3:15 - loss: 0.3994 - mae: 0.2464 - mse: 0.1237 - ssim_metric: 0.4685
 82/326 [======>.......................] - ETA: 3:14 - loss: 0.3997 - mae: 0.2465 - mse: 0.1238 - ssim_metric: 0.4687
 83/326 [======>.......................] - ETA: 3:14 - loss: 0.3995 - mae: 0.2465 - mse: 0.1238 - ssim_metric: 0.4685
 84/326 [======>.......................] - ETA: 3:13 - loss: 0.4000 - mae: 0.2468 - mse: 0.1240 - ssim_metric: 0.4682
 85/326 [======>.......................] - ETA: 3:12 - loss: 0.3988 - mae: 0.2464 - mse: 0.1235 - ssim_metric: 0.4688
 86/326 [======>.......................] - ETA: 3:11 - loss: 0.3989 - mae: 0.2465 - mse: 0.1236 - ssim_metric: 0.4686
 87/326 [=======>......................] - ETA: 3:10 - loss: 0.3985 - mae: 0.2465 - mse: 0.1234 - ssim_metric: 0.4686
 88/326 [=======>......................] - ETA: 3:10 - loss: 0.3977 - mae: 0.2461 - mse: 0.1231 - ssim_metric: 0.4687
 89/326 [=======>......................] - ETA: 3:09 - loss: 0.3971 - mae: 0.2458 - mse: 0.1229 - ssim_metric: 0.4692
 90/326 [=======>......................] - ETA: 3:08 - loss: 0.3982 - mae: 0.2462 - mse: 0.1233 - ssim_metric: 0.4687
 91/326 [=======>......................] - ETA: 3:07 - loss: 0.3980 - mae: 0.2460 - mse: 0.1233 - ssim_metric: 0.4693
 92/326 [=======>......................] - ETA: 3:06 - loss: 0.3978 - mae: 0.2459 - mse: 0.1232 - ssim_metric: 0.4693
 93/326 [=======>......................] - ETA: 3:06 - loss: 0.3985 - mae: 0.2460 - mse: 0.1234 - ssim_metric: 0.4696
 94/326 [=======>......................] - ETA: 3:05 - loss: 0.3991 - mae: 0.2460 - mse: 0.1236 - ssim_metric: 0.4698
 95/326 [=======>......................] - ETA: 3:04 - loss: 0.4001 - mae: 0.2465 - mse: 0.1240 - ssim_metric: 0.4692
 96/326 [=======>......................] - ETA: 3:03 - loss: 0.3998 - mae: 0.2463 - mse: 0.1239 - ssim_metric: 0.4692
 97/326 [=======>......................] - ETA: 3:02 - loss: 0.3996 - mae: 0.2464 - mse: 0.1238 - ssim_metric: 0.4693
 98/326 [========>.....................] - ETA: 3:02 - loss: 0.3990 - mae: 0.2463 - mse: 0.1236 - ssim_metric: 0.4694
 99/326 [========>.....................] - ETA: 3:01 - loss: 0.3986 - mae: 0.2462 - mse: 0.1234 - ssim_metric: 0.4695
100/326 [========>.....................] - ETA: 3:00 - loss: 0.3986 - mae: 0.2464 - mse: 0.1235 - ssim_metric: 0.4692
101/326 [========>.....................] - ETA: 2:59 - loss: 0.3980 - mae: 0.2461 - mse: 0.1232 - ssim_metric: 0.4693
102/326 [========>.....................] - ETA: 2:58 - loss: 0.3973 - mae: 0.2459 - mse: 0.1229 - ssim_metric: 0.4697
103/326 [========>.....................] - ETA: 2:58 - loss: 0.3987 - mae: 0.2463 - mse: 0.1234 - ssim_metric: 0.4692
104/326 [========>.....................] - ETA: 2:57 - loss: 0.3986 - mae: 0.2461 - mse: 0.1233 - ssim_metric: 0.4696
105/326 [========>.....................] - ETA: 2:56 - loss: 0.3981 - mae: 0.2459 - mse: 0.1232 - ssim_metric: 0.4699
106/326 [========>.....................] - ETA: 2:55 - loss: 0.3972 - mae: 0.2454 - mse: 0.1229 - ssim_metric: 0.4707
107/326 [========>.....................] - ETA: 2:54 - loss: 0.3971 - mae: 0.2452 - mse: 0.1228 - ssim_metric: 0.4711
108/326 [========>.....................] - ETA: 2:54 - loss: 0.3989 - mae: 0.2458 - mse: 0.1234 - ssim_metric: 0.4706
109/326 [=========>....................] - ETA: 2:53 - loss: 0.3986 - mae: 0.2455 - mse: 0.1233 - ssim_metric: 0.4712
110/326 [=========>....................] - ETA: 2:52 - loss: 0.3992 - mae: 0.2458 - mse: 0.1235 - ssim_metric: 0.4708
111/326 [=========>....................] - ETA: 2:51 - loss: 0.3988 - mae: 0.2456 - mse: 0.1234 - ssim_metric: 0.4711
112/326 [=========>....................] - ETA: 2:50 - loss: 0.3989 - mae: 0.2457 - mse: 0.1234 - ssim_metric: 0.4709
113/326 [=========>....................] - ETA: 2:50 - loss: 0.3988 - mae: 0.2458 - mse: 0.1234 - ssim_metric: 0.4710
114/326 [=========>....................] - ETA: 2:49 - loss: 0.3985 - mae: 0.2458 - mse: 0.1233 - ssim_metric: 0.4709
115/326 [=========>....................] - ETA: 2:48 - loss: 0.3988 - mae: 0.2460 - mse: 0.1234 - ssim_metric: 0.4706
116/326 [=========>....................] - ETA: 2:47 - loss: 0.3989 - mae: 0.2461 - mse: 0.1234 - ssim_metric: 0.4703
117/326 [=========>....................] - ETA: 2:46 - loss: 0.3994 - mae: 0.2463 - mse: 0.1236 - ssim_metric: 0.4702
118/326 [=========>....................] - ETA: 2:46 - loss: 0.3988 - mae: 0.2460 - mse: 0.1234 - ssim_metric: 0.4712
119/326 [=========>....................] - ETA: 2:45 - loss: 0.3984 - mae: 0.2458 - mse: 0.1233 - ssim_metric: 0.4716
120/326 [==========>...................] - ETA: 2:44 - loss: 0.3982 - mae: 0.2457 - mse: 0.1232 - ssim_metric: 0.4719
121/326 [==========>...................] - ETA: 2:43 - loss: 0.3976 - mae: 0.2454 - mse: 0.1230 - ssim_metric: 0.4725
122/326 [==========>...................] - ETA: 2:42 - loss: 0.3979 - mae: 0.2454 - mse: 0.1231 - ssim_metric: 0.4728
123/326 [==========>...................] - ETA: 2:42 - loss: 0.3983 - mae: 0.2455 - mse: 0.1232 - ssim_metric: 0.4727
124/326 [==========>...................] - ETA: 2:41 - loss: 0.3987 - mae: 0.2457 - mse: 0.1234 - ssim_metric: 0.4720
125/326 [==========>...................] - ETA: 2:40 - loss: 0.3988 - mae: 0.2457 - mse: 0.1234 - ssim_metric: 0.4722
126/326 [==========>...................] - ETA: 2:39 - loss: 0.3984 - mae: 0.2456 - mse: 0.1233 - ssim_metric: 0.4720
127/326 [==========>...................] - ETA: 2:38 - loss: 0.3981 - mae: 0.2455 - mse: 0.1231 - ssim_metric: 0.4721
128/326 [==========>...................] - ETA: 2:38 - loss: 0.3976 - mae: 0.2453 - mse: 0.1230 - ssim_metric: 0.4722
129/326 [==========>...................] - ETA: 2:37 - loss: 0.3976 - mae: 0.2454 - mse: 0.1229 - ssim_metric: 0.4723
130/326 [==========>...................] - ETA: 2:36 - loss: 0.3987 - mae: 0.2459 - mse: 0.1234 - ssim_metric: 0.4716
131/326 [===========>..................] - ETA: 2:35 - loss: 0.3989 - mae: 0.2459 - mse: 0.1234 - ssim_metric: 0.4716
132/326 [===========>..................] - ETA: 2:34 - loss: 0.3990 - mae: 0.2459 - mse: 0.1235 - ssim_metric: 0.4717
133/326 [===========>..................] - ETA: 2:34 - loss: 0.3989 - mae: 0.2459 - mse: 0.1234 - ssim_metric: 0.4716
134/326 [===========>..................] - ETA: 2:33 - loss: 0.3993 - mae: 0.2461 - mse: 0.1236 - ssim_metric: 0.4713
135/326 [===========>..................] - ETA: 2:32 - loss: 0.3998 - mae: 0.2464 - mse: 0.1238 - ssim_metric: 0.4707
136/326 [===========>..................] - ETA: 2:31 - loss: 0.4000 - mae: 0.2467 - mse: 0.1239 - ssim_metric: 0.4701
137/326 [===========>..................] - ETA: 2:30 - loss: 0.3997 - mae: 0.2467 - mse: 0.1238 - ssim_metric: 0.4698
138/326 [===========>..................] - ETA: 2:30 - loss: 0.4001 - mae: 0.2470 - mse: 0.1239 - ssim_metric: 0.4689
139/326 [===========>..................] - ETA: 2:29 - loss: 0.4000 - mae: 0.2471 - mse: 0.1239 - ssim_metric: 0.4685
140/326 [===========>..................] - ETA: 2:28 - loss: 0.4002 - mae: 0.2471 - mse: 0.1240 - ssim_metric: 0.4684
141/326 [===========>..................] - ETA: 2:27 - loss: 0.4003 - mae: 0.2472 - mse: 0.1240 - ssim_metric: 0.4684
142/326 [============>.................] - ETA: 2:26 - loss: 0.3999 - mae: 0.2470 - mse: 0.1239 - ssim_metric: 0.4688
143/326 [============>.................] - ETA: 2:26 - loss: 0.4002 - mae: 0.2471 - mse: 0.1240 - ssim_metric: 0.4685
144/326 [============>.................] - ETA: 2:25 - loss: 0.4000 - mae: 0.2470 - mse: 0.1240 - ssim_metric: 0.4684
145/326 [============>.................] - ETA: 2:24 - loss: 0.3997 - mae: 0.2469 - mse: 0.1239 - ssim_metric: 0.4688
146/326 [============>.................] - ETA: 2:23 - loss: 0.3996 - mae: 0.2468 - mse: 0.1238 - ssim_metric: 0.4691
147/326 [============>.................] - ETA: 2:22 - loss: 0.4002 - mae: 0.2470 - mse: 0.1240 - ssim_metric: 0.4688
148/326 [============>.................] - ETA: 2:22 - loss: 0.3998 - mae: 0.2469 - mse: 0.1239 - ssim_metric: 0.4691
149/326 [============>.................] - ETA: 2:21 - loss: 0.4002 - mae: 0.2471 - mse: 0.1241 - ssim_metric: 0.4686
150/326 [============>.................] - ETA: 2:20 - loss: 0.4000 - mae: 0.2471 - mse: 0.1240 - ssim_metric: 0.4685
151/326 [============>.................] - ETA: 2:19 - loss: 0.4006 - mae: 0.2475 - mse: 0.1242 - ssim_metric: 0.4678
152/326 [============>.................] - ETA: 2:18 - loss: 0.4011 - mae: 0.2477 - mse: 0.1244 - ssim_metric: 0.4677
153/326 [=============>................] - ETA: 2:18 - loss: 0.4008 - mae: 0.2476 - mse: 0.1243 - ssim_metric: 0.4677
154/326 [=============>................] - ETA: 2:17 - loss: 0.4006 - mae: 0.2476 - mse: 0.1242 - ssim_metric: 0.4676
155/326 [=============>................] - ETA: 2:16 - loss: 0.4008 - mae: 0.2476 - mse: 0.1243 - ssim_metric: 0.4675
156/326 [=============>................] - ETA: 2:15 - loss: 0.4004 - mae: 0.2475 - mse: 0.1241 - ssim_metric: 0.4677
157/326 [=============>................] - ETA: 2:14 - loss: 0.4005 - mae: 0.2475 - mse: 0.1242 - ssim_metric: 0.4675
158/326 [=============>................] - ETA: 2:14 - loss: 0.4013 - mae: 0.2477 - mse: 0.1244 - ssim_metric: 0.4675
159/326 [=============>................] - ETA: 2:13 - loss: 0.4015 - mae: 0.2478 - mse: 0.1245 - ssim_metric: 0.4675
160/326 [=============>................] - ETA: 2:12 - loss: 0.4014 - mae: 0.2477 - mse: 0.1245 - ssim_metric: 0.4677
161/326 [=============>................] - ETA: 2:11 - loss: 0.4017 - mae: 0.2479 - mse: 0.1246 - ssim_metric: 0.4673
162/326 [=============>................] - ETA: 2:10 - loss: 0.4014 - mae: 0.2479 - mse: 0.1245 - ssim_metric: 0.4672
163/326 [==============>...............] - ETA: 2:10 - loss: 0.4010 - mae: 0.2478 - mse: 0.1244 - ssim_metric: 0.4673
164/326 [==============>...............] - ETA: 2:09 - loss: 0.4009 - mae: 0.2478 - mse: 0.1243 - ssim_metric: 0.4674
165/326 [==============>...............] - ETA: 2:08 - loss: 0.4010 - mae: 0.2478 - mse: 0.1244 - ssim_metric: 0.4675
166/326 [==============>...............] - ETA: 2:07 - loss: 0.4015 - mae: 0.2480 - mse: 0.1246 - ssim_metric: 0.4671
167/326 [==============>...............] - ETA: 2:06 - loss: 0.4014 - mae: 0.2481 - mse: 0.1245 - ssim_metric: 0.4669
168/326 [==============>...............] - ETA: 2:06 - loss: 0.4017 - mae: 0.2483 - mse: 0.1247 - ssim_metric: 0.4667
169/326 [==============>...............] - ETA: 2:05 - loss: 0.4014 - mae: 0.2482 - mse: 0.1246 - ssim_metric: 0.4669
170/326 [==============>...............] - ETA: 2:04 - loss: 0.4016 - mae: 0.2483 - mse: 0.1247 - ssim_metric: 0.4667
171/326 [==============>...............] - ETA: 2:03 - loss: 0.4014 - mae: 0.2482 - mse: 0.1246 - ssim_metric: 0.4668
172/326 [==============>...............] - ETA: 2:02 - loss: 0.4011 - mae: 0.2480 - mse: 0.1245 - ssim_metric: 0.4674
173/326 [==============>...............] - ETA: 2:02 - loss: 0.4013 - mae: 0.2480 - mse: 0.1245 - ssim_metric: 0.4673
174/326 [===============>..............] - ETA: 2:01 - loss: 0.4011 - mae: 0.2479 - mse: 0.1245 - ssim_metric: 0.4673
175/326 [===============>..............] - ETA: 2:00 - loss: 0.4013 - mae: 0.2480 - mse: 0.1246 - ssim_metric: 0.4672
176/326 [===============>..............] - ETA: 1:59 - loss: 0.4013 - mae: 0.2480 - mse: 0.1246 - ssim_metric: 0.4673
177/326 [===============>..............] - ETA: 1:58 - loss: 0.4014 - mae: 0.2480 - mse: 0.1246 - ssim_metric: 0.4674
178/326 [===============>..............] - ETA: 1:58 - loss: 0.4022 - mae: 0.2484 - mse: 0.1249 - ssim_metric: 0.4669
179/326 [===============>..............] - ETA: 1:57 - loss: 0.4024 - mae: 0.2485 - mse: 0.1250 - ssim_metric: 0.4667
180/326 [===============>..............] - ETA: 1:56 - loss: 0.4024 - mae: 0.2487 - mse: 0.1250 - ssim_metric: 0.4662
181/326 [===============>..............] - ETA: 1:55 - loss: 0.4030 - mae: 0.2492 - mse: 0.1253 - ssim_metric: 0.4653
182/326 [===============>..............] - ETA: 1:54 - loss: 0.4030 - mae: 0.2494 - mse: 0.1253 - ssim_metric: 0.4647
183/326 [===============>..............] - ETA: 1:54 - loss: 0.4029 - mae: 0.2495 - mse: 0.1252 - ssim_metric: 0.4644
184/326 [===============>..............] - ETA: 1:53 - loss: 0.4029 - mae: 0.2496 - mse: 0.1252 - ssim_metric: 0.4644
185/326 [================>.............] - ETA: 1:52 - loss: 0.4030 - mae: 0.2497 - mse: 0.1253 - ssim_metric: 0.4641
186/326 [================>.............] - ETA: 1:51 - loss: 0.4036 - mae: 0.2501 - mse: 0.1255 - ssim_metric: 0.4635
187/326 [================>.............] - ETA: 1:50 - loss: 0.4041 - mae: 0.2503 - mse: 0.1257 - ssim_metric: 0.4633
188/326 [================>.............] - ETA: 1:50 - loss: 0.4044 - mae: 0.2503 - mse: 0.1258 - ssim_metric: 0.4636
189/326 [================>.............] - ETA: 1:49 - loss: 0.4042 - mae: 0.2503 - mse: 0.1257 - ssim_metric: 0.4636
190/326 [================>.............] - ETA: 1:48 - loss: 0.4040 - mae: 0.2503 - mse: 0.1256 - ssim_metric: 0.4633
191/326 [================>.............] - ETA: 1:47 - loss: 0.4039 - mae: 0.2504 - mse: 0.1256 - ssim_metric: 0.4630
192/326 [================>.............] - ETA: 1:46 - loss: 0.4038 - mae: 0.2503 - mse: 0.1255 - ssim_metric: 0.4633
193/326 [================>.............] - ETA: 1:46 - loss: 0.4040 - mae: 0.2503 - mse: 0.1256 - ssim_metric: 0.4634
194/326 [================>.............] - ETA: 1:45 - loss: 0.4035 - mae: 0.2499 - mse: 0.1254 - ssim_metric: 0.4641
195/326 [================>.............] - ETA: 1:44 - loss: 0.4039 - mae: 0.2499 - mse: 0.1255 - ssim_metric: 0.4645
196/326 [=================>............] - ETA: 1:43 - loss: 0.4044 - mae: 0.2499 - mse: 0.1257 - ssim_metric: 0.4645
197/326 [=================>............] - ETA: 1:42 - loss: 0.4042 - mae: 0.2497 - mse: 0.1256 - ssim_metric: 0.4650
198/326 [=================>............] - ETA: 1:42 - loss: 0.4041 - mae: 0.2496 - mse: 0.1256 - ssim_metric: 0.4652
199/326 [=================>............] - ETA: 1:41 - loss: 0.4041 - mae: 0.2496 - mse: 0.1255 - ssim_metric: 0.4651
200/326 [=================>............] - ETA: 1:40 - loss: 0.4041 - mae: 0.2496 - mse: 0.1255 - ssim_metric: 0.4650
201/326 [=================>............] - ETA: 1:39 - loss: 0.4040 - mae: 0.2497 - mse: 0.1255 - ssim_metric: 0.4647
202/326 [=================>............] - ETA: 1:38 - loss: 0.4044 - mae: 0.2498 - mse: 0.1256 - ssim_metric: 0.4646
203/326 [=================>............] - ETA: 1:38 - loss: 0.4048 - mae: 0.2502 - mse: 0.1258 - ssim_metric: 0.4640
204/326 [=================>............] - ETA: 1:37 - loss: 0.4047 - mae: 0.2502 - mse: 0.1258 - ssim_metric: 0.4637
205/326 [=================>............] - ETA: 1:36 - loss: 0.4044 - mae: 0.2502 - mse: 0.1256 - ssim_metric: 0.4635
206/326 [=================>............] - ETA: 1:35 - loss: 0.4043 - mae: 0.2502 - mse: 0.1256 - ssim_metric: 0.4634
207/326 [==================>...........] - ETA: 1:34 - loss: 0.4042 - mae: 0.2502 - mse: 0.1256 - ssim_metric: 0.4635
208/326 [==================>...........] - ETA: 1:34 - loss: 0.4041 - mae: 0.2501 - mse: 0.1255 - ssim_metric: 0.4636
209/326 [==================>...........] - ETA: 1:33 - loss: 0.4042 - mae: 0.2501 - mse: 0.1256 - ssim_metric: 0.4638
210/326 [==================>...........] - ETA: 1:32 - loss: 0.4045 - mae: 0.2502 - mse: 0.1257 - ssim_metric: 0.4637
211/326 [==================>...........] - ETA: 1:31 - loss: 0.4044 - mae: 0.2500 - mse: 0.1256 - ssim_metric: 0.4643
212/326 [==================>...........] - ETA: 1:30 - loss: 0.4042 - mae: 0.2499 - mse: 0.1256 - ssim_metric: 0.4645
213/326 [==================>...........] - ETA: 1:30 - loss: 0.4040 - mae: 0.2498 - mse: 0.1255 - ssim_metric: 0.4647
214/326 [==================>...........] - ETA: 1:29 - loss: 0.4041 - mae: 0.2498 - mse: 0.1256 - ssim_metric: 0.4646
215/326 [==================>...........] - ETA: 1:28 - loss: 0.4041 - mae: 0.2499 - mse: 0.1256 - ssim_metric: 0.4644
216/326 [==================>...........] - ETA: 1:27 - loss: 0.4039 - mae: 0.2498 - mse: 0.1255 - ssim_metric: 0.4645
217/326 [==================>...........] - ETA: 1:26 - loss: 0.4040 - mae: 0.2498 - mse: 0.1255 - ssim_metric: 0.4644
218/326 [===================>..........] - ETA: 1:26 - loss: 0.4040 - mae: 0.2499 - mse: 0.1255 - ssim_metric: 0.4642
219/326 [===================>..........] - ETA: 1:25 - loss: 0.4040 - mae: 0.2499 - mse: 0.1255 - ssim_metric: 0.4641
220/326 [===================>..........] - ETA: 1:24 - loss: 0.4042 - mae: 0.2501 - mse: 0.1256 - ssim_metric: 0.4638
221/326 [===================>..........] - ETA: 1:23 - loss: 0.4044 - mae: 0.2502 - mse: 0.1257 - ssim_metric: 0.4635
222/326 [===================>..........] - ETA: 1:23 - loss: 0.4046 - mae: 0.2504 - mse: 0.1258 - ssim_metric: 0.4631
223/326 [===================>..........] - ETA: 1:22 - loss: 0.4044 - mae: 0.2503 - mse: 0.1257 - ssim_metric: 0.4633
224/326 [===================>..........] - ETA: 1:21 - loss: 0.4046 - mae: 0.2504 - mse: 0.1258 - ssim_metric: 0.4630
225/326 [===================>..........] - ETA: 1:20 - loss: 0.4048 - mae: 0.2505 - mse: 0.1259 - ssim_metric: 0.4629
226/326 [===================>..........] - ETA: 1:19 - loss: 0.4049 - mae: 0.2505 - mse: 0.1259 - ssim_metric: 0.4630
227/326 [===================>..........] - ETA: 1:19 - loss: 0.4046 - mae: 0.2504 - mse: 0.1258 - ssim_metric: 0.4633
228/326 [===================>..........] - ETA: 1:18 - loss: 0.4046 - mae: 0.2503 - mse: 0.1258 - ssim_metric: 0.4635
229/326 [====================>.........] - ETA: 1:17 - loss: 0.4049 - mae: 0.2505 - mse: 0.1259 - ssim_metric: 0.4631
230/326 [====================>.........] - ETA: 1:16 - loss: 0.4048 - mae: 0.2505 - mse: 0.1259 - ssim_metric: 0.4630
231/326 [====================>.........] - ETA: 1:15 - loss: 0.4047 - mae: 0.2505 - mse: 0.1258 - ssim_metric: 0.4629
232/326 [====================>.........] - ETA: 1:15 - loss: 0.4046 - mae: 0.2505 - mse: 0.1258 - ssim_metric: 0.4629
233/326 [====================>.........] - ETA: 1:14 - loss: 0.4046 - mae: 0.2505 - mse: 0.1258 - ssim_metric: 0.4630
234/326 [====================>.........] - ETA: 1:13 - loss: 0.4049 - mae: 0.2507 - mse: 0.1259 - ssim_metric: 0.4626
235/326 [====================>.........] - ETA: 1:12 - loss: 0.4048 - mae: 0.2507 - mse: 0.1259 - ssim_metric: 0.4625
236/326 [====================>.........] - ETA: 1:11 - loss: 0.4043 - mae: 0.2504 - mse: 0.1257 - ssim_metric: 0.4630
237/326 [====================>.........] - ETA: 1:11 - loss: 0.4041 - mae: 0.2502 - mse: 0.1256 - ssim_metric: 0.4634
238/326 [====================>.........] - ETA: 1:10 - loss: 0.4042 - mae: 0.2503 - mse: 0.1257 - ssim_metric: 0.4635
239/326 [====================>.........] - ETA: 1:09 - loss: 0.4036 - mae: 0.2499 - mse: 0.1255 - ssim_metric: 0.4641
240/326 [=====================>........] - ETA: 1:08 - loss: 0.4036 - mae: 0.2498 - mse: 0.1255 - ssim_metric: 0.4645
241/326 [=====================>........] - ETA: 1:07 - loss: 0.4035 - mae: 0.2497 - mse: 0.1254 - ssim_metric: 0.4646
242/326 [=====================>........] - ETA: 1:07 - loss: 0.4030 - mae: 0.2494 - mse: 0.1252 - ssim_metric: 0.4651
243/326 [=====================>........] - ETA: 1:06 - loss: 0.4030 - mae: 0.2493 - mse: 0.1252 - ssim_metric: 0.4654
244/326 [=====================>........] - ETA: 1:05 - loss: 0.4031 - mae: 0.2493 - mse: 0.1253 - ssim_metric: 0.4655
245/326 [=====================>........] - ETA: 1:04 - loss: 0.4032 - mae: 0.2493 - mse: 0.1253 - ssim_metric: 0.4653
246/326 [=====================>........] - ETA: 1:03 - loss: 0.4030 - mae: 0.2492 - mse: 0.1252 - ssim_metric: 0.4654
247/326 [=====================>........] - ETA: 1:03 - loss: 0.4030 - mae: 0.2493 - mse: 0.1252 - ssim_metric: 0.4653
248/326 [=====================>........] - ETA: 1:02 - loss: 0.4032 - mae: 0.2494 - mse: 0.1253 - ssim_metric: 0.4652
249/326 [=====================>........] - ETA: 1:01 - loss: 0.4035 - mae: 0.2496 - mse: 0.1254 - ssim_metric: 0.4649
250/326 [======================>.......] - ETA: 1:00 - loss: 0.4033 - mae: 0.2496 - mse: 0.1254 - ssim_metric: 0.4648
251/326 [======================>.......] - ETA: 59s - loss: 0.4031 - mae: 0.2496 - mse: 0.1253 - ssim_metric: 0.4647 
252/326 [======================>.......] - ETA: 59s - loss: 0.4027 - mae: 0.2494 - mse: 0.1251 - ssim_metric: 0.4649
253/326 [======================>.......] - ETA: 58s - loss: 0.4032 - mae: 0.2496 - mse: 0.1253 - ssim_metric: 0.4647
254/326 [======================>.......] - ETA: 57s - loss: 0.4032 - mae: 0.2496 - mse: 0.1253 - ssim_metric: 0.4647
255/326 [======================>.......] - ETA: 56s - loss: 0.4029 - mae: 0.2495 - mse: 0.1252 - ssim_metric: 0.4649
256/326 [======================>.......] - ETA: 55s - loss: 0.4031 - mae: 0.2495 - mse: 0.1253 - ssim_metric: 0.4649
257/326 [======================>.......] - ETA: 55s - loss: 0.4031 - mae: 0.2495 - mse: 0.1253 - ssim_metric: 0.4649
258/326 [======================>.......] - ETA: 54s - loss: 0.4034 - mae: 0.2496 - mse: 0.1254 - ssim_metric: 0.4649
259/326 [======================>.......] - ETA: 53s - loss: 0.4036 - mae: 0.2497 - mse: 0.1255 - ssim_metric: 0.4647
260/326 [======================>.......] - ETA: 52s - loss: 0.4033 - mae: 0.2495 - mse: 0.1254 - ssim_metric: 0.4649
261/326 [=======================>......] - ETA: 51s - loss: 0.4034 - mae: 0.2495 - mse: 0.1254 - ssim_metric: 0.4648
262/326 [=======================>......] - ETA: 51s - loss: 0.4030 - mae: 0.2494 - mse: 0.1252 - ssim_metric: 0.4649
263/326 [=======================>......] - ETA: 50s - loss: 0.4035 - mae: 0.2496 - mse: 0.1254 - ssim_metric: 0.4646
264/326 [=======================>......] - ETA: 49s - loss: 0.4035 - mae: 0.2496 - mse: 0.1254 - ssim_metric: 0.4645
265/326 [=======================>......] - ETA: 48s - loss: 0.4036 - mae: 0.2497 - mse: 0.1255 - ssim_metric: 0.4643
266/326 [=======================>......] - ETA: 47s - loss: 0.4037 - mae: 0.2499 - mse: 0.1255 - ssim_metric: 0.4640
267/326 [=======================>......] - ETA: 47s - loss: 0.4038 - mae: 0.2500 - mse: 0.1256 - ssim_metric: 0.4637
268/326 [=======================>......] - ETA: 46s - loss: 0.4039 - mae: 0.2501 - mse: 0.1256 - ssim_metric: 0.4634
269/326 [=======================>......] - ETA: 45s - loss: 0.4038 - mae: 0.2501 - mse: 0.1255 - ssim_metric: 0.4634
270/326 [=======================>......] - ETA: 44s - loss: 0.4040 - mae: 0.2503 - mse: 0.1256 - ssim_metric: 0.4632
271/326 [=======================>......] - ETA: 43s - loss: 0.4041 - mae: 0.2503 - mse: 0.1257 - ssim_metric: 0.4632
272/326 [========================>.....] - ETA: 43s - loss: 0.4040 - mae: 0.2502 - mse: 0.1256 - ssim_metric: 0.4634
273/326 [========================>.....] - ETA: 42s - loss: 0.4037 - mae: 0.2501 - mse: 0.1255 - ssim_metric: 0.4636
274/326 [========================>.....] - ETA: 41s - loss: 0.4038 - mae: 0.2501 - mse: 0.1256 - ssim_metric: 0.4636
275/326 [========================>.....] - ETA: 40s - loss: 0.4040 - mae: 0.2501 - mse: 0.1256 - ssim_metric: 0.4639
276/326 [========================>.....] - ETA: 39s - loss: 0.4040 - mae: 0.2501 - mse: 0.1256 - ssim_metric: 0.4639
277/326 [========================>.....] - ETA: 39s - loss: 0.4043 - mae: 0.2502 - mse: 0.1257 - ssim_metric: 0.4637
278/326 [========================>.....] - ETA: 38s - loss: 0.4042 - mae: 0.2502 - mse: 0.1257 - ssim_metric: 0.4637
279/326 [========================>.....] - ETA: 37s - loss: 0.4039 - mae: 0.2501 - mse: 0.1256 - ssim_metric: 0.4640
280/326 [========================>.....] - ETA: 36s - loss: 0.4038 - mae: 0.2501 - mse: 0.1256 - ssim_metric: 0.4639
281/326 [========================>.....] - ETA: 35s - loss: 0.4041 - mae: 0.2502 - mse: 0.1257 - ssim_metric: 0.4636
282/326 [========================>.....] - ETA: 35s - loss: 0.4042 - mae: 0.2503 - mse: 0.1257 - ssim_metric: 0.4637
283/326 [=========================>....] - ETA: 34s - loss: 0.4046 - mae: 0.2505 - mse: 0.1258 - ssim_metric: 0.4635
284/326 [=========================>....] - ETA: 33s - loss: 0.4045 - mae: 0.2505 - mse: 0.1258 - ssim_metric: 0.4634
285/326 [=========================>....] - ETA: 32s - loss: 0.4047 - mae: 0.2507 - mse: 0.1259 - ssim_metric: 0.4631
286/326 [=========================>....] - ETA: 31s - loss: 0.4047 - mae: 0.2507 - mse: 0.1259 - ssim_metric: 0.4630
287/326 [=========================>....] - ETA: 31s - loss: 0.4051 - mae: 0.2508 - mse: 0.1260 - ssim_metric: 0.4629
288/326 [=========================>....] - ETA: 30s - loss: 0.4054 - mae: 0.2510 - mse: 0.1262 - ssim_metric: 0.4626
289/326 [=========================>....] - ETA: 29s - loss: 0.4055 - mae: 0.2511 - mse: 0.1262 - ssim_metric: 0.4624
290/326 [=========================>....] - ETA: 28s - loss: 0.4058 - mae: 0.2512 - mse: 0.1263 - ssim_metric: 0.4623
291/326 [=========================>....] - ETA: 27s - loss: 0.4059 - mae: 0.2513 - mse: 0.1263 - ssim_metric: 0.4621
292/326 [=========================>....] - ETA: 27s - loss: 0.4056 - mae: 0.2512 - mse: 0.1262 - ssim_metric: 0.4619
293/326 [=========================>....] - ETA: 26s - loss: 0.4055 - mae: 0.2512 - mse: 0.1262 - ssim_metric: 0.4619
294/326 [==========================>...] - ETA: 25s - loss: 0.4057 - mae: 0.2514 - mse: 0.1263 - ssim_metric: 0.4616
295/326 [==========================>...] - ETA: 24s - loss: 0.4057 - mae: 0.2514 - mse: 0.1263 - ssim_metric: 0.4615
296/326 [==========================>...] - ETA: 23s - loss: 0.4055 - mae: 0.2513 - mse: 0.1262 - ssim_metric: 0.4617
297/326 [==========================>...] - ETA: 23s - loss: 0.4056 - mae: 0.2514 - mse: 0.1262 - ssim_metric: 0.4617
298/326 [==========================>...] - ETA: 22s - loss: 0.4052 - mae: 0.2511 - mse: 0.1261 - ssim_metric: 0.4621
299/326 [==========================>...] - ETA: 21s - loss: 0.4050 - mae: 0.2510 - mse: 0.1260 - ssim_metric: 0.4624
300/326 [==========================>...] - ETA: 20s - loss: 0.4050 - mae: 0.2510 - mse: 0.1260 - ssim_metric: 0.4626
301/326 [==========================>...] - ETA: 19s - loss: 0.4047 - mae: 0.2508 - mse: 0.1259 - ssim_metric: 0.4630
302/326 [==========================>...] - ETA: 19s - loss: 0.4051 - mae: 0.2509 - mse: 0.1260 - ssim_metric: 0.4627
303/326 [==========================>...] - ETA: 18s - loss: 0.4051 - mae: 0.2509 - mse: 0.1260 - ssim_metric: 0.4626
304/326 [==========================>...] - ETA: 17s - loss: 0.4052 - mae: 0.2509 - mse: 0.1261 - ssim_metric: 0.4626
305/326 [===========================>..] - ETA: 16s - loss: 0.4052 - mae: 0.2510 - mse: 0.1261 - ssim_metric: 0.4625
306/326 [===========================>..] - ETA: 15s - loss: 0.4052 - mae: 0.2510 - mse: 0.1261 - ssim_metric: 0.4624
307/326 [===========================>..] - ETA: 15s - loss: 0.4053 - mae: 0.2510 - mse: 0.1261 - ssim_metric: 0.4623
308/326 [===========================>..] - ETA: 14s - loss: 0.4051 - mae: 0.2509 - mse: 0.1261 - ssim_metric: 0.4626
309/326 [===========================>..] - ETA: 13s - loss: 0.4051 - mae: 0.2509 - mse: 0.1260 - ssim_metric: 0.4626
310/326 [===========================>..] - ETA: 12s - loss: 0.4050 - mae: 0.2510 - mse: 0.1260 - ssim_metric: 0.4625
311/326 [===========================>..] - ETA: 11s - loss: 0.4049 - mae: 0.2509 - mse: 0.1260 - ssim_metric: 0.4626
312/326 [===========================>..] - ETA: 11s - loss: 0.4048 - mae: 0.2509 - mse: 0.1260 - ssim_metric: 0.4625
313/326 [===========================>..] - ETA: 10s - loss: 0.4049 - mae: 0.2509 - mse: 0.1260 - ssim_metric: 0.4626
314/326 [===========================>..] - ETA: 9s - loss: 0.4051 - mae: 0.2509 - mse: 0.1261 - ssim_metric: 0.4628 
315/326 [===========================>..] - ETA: 8s - loss: 0.4053 - mae: 0.2510 - mse: 0.1261 - ssim_metric: 0.4626
316/326 [============================>.] - ETA: 7s - loss: 0.4052 - mae: 0.2510 - mse: 0.1261 - ssim_metric: 0.4625
317/326 [============================>.] - ETA: 7s - loss: 0.4051 - mae: 0.2509 - mse: 0.1261 - ssim_metric: 0.4627
318/326 [============================>.] - ETA: 6s - loss: 0.4049 - mae: 0.2509 - mse: 0.1260 - ssim_metric: 0.4627
319/326 [============================>.] - ETA: 5s - loss: 0.4054 - mae: 0.2511 - mse: 0.1262 - ssim_metric: 0.4625
320/326 [============================>.] - ETA: 4s - loss: 0.4054 - mae: 0.2511 - mse: 0.1262 - ssim_metric: 0.4623
321/326 [============================>.] - ETA: 3s - loss: 0.4054 - mae: 0.2512 - mse: 0.1262 - ssim_metric: 0.4622
322/326 [============================>.] - ETA: 3s - loss: 0.4052 - mae: 0.2512 - mse: 0.1261 - ssim_metric: 0.4621
323/326 [============================>.] - ETA: 2s - loss: 0.4052 - mae: 0.2512 - mse: 0.1261 - ssim_metric: 0.4621
324/326 [============================>.] - ETA: 1s - loss: 0.4056 - mae: 0.2513 - mse: 0.1263 - ssim_metric: 0.4619
325/326 [============================>.] - ETA: 0s - loss: 0.4056 - mae: 0.2513 - mse: 0.1262 - ssim_metric: 0.4618
326/326 [==============================] - ETA: 0s - loss: 0.4057 - mae: 0.2514 - mse: 0.1263 - ssim_metric: 0.4619
Epoch 5: saving model to C:\d_surucusu\visual_navigation\benchmark\models_pipeline\20260909_223425\bce_b32\_JOB_bce_b32_10_09_2026__11_08_model_f48_k4_epoch_00005_helu_osigmoid_(1, 1)_.h5

Epoch 5: val_loss improved from 0.37035 to 0.36621, saving model to C:\d_surucusu\visual_navigation\benchmark\models_pipeline\20260909_223425\bce_b32\_JOB_bce_b32_10_09_2026__11_08_best_val_loss_model_f48_k4.h5

Epoch 5: val_mae improved from 0.23693 to 0.23309, saving model to C:\d_surucusu\visual_navigation\benchmark\models_pipeline\20260909_223425\bce_b32\_JOB_bce_b32_10_09_2026__11_08_best_mae_model_f48_k4.h5

Epoch 5: val_ssim_metric did not improve from 0.59927

326/326 [==============================] - 276s 847ms/step - loss: 0.4057 - mae: 0.2514 - mse: 0.1263 - ssim_metric: 0.4619 - val_loss: 0.3662 - val_mae: 0.2331 - val_mse: 0.1116 - val_ssim_metric: 0.4827
Epoch 6/20

  1/326 [..............................] - ETA: 4:36 - loss: 0.4324 - mae: 0.2681 - mse: 0.1387 - ssim_metric: 0.4117
  2/326 [..............................] - ETA: 4:21 - loss: 0.4263 - mae: 0.2610 - mse: 0.1350 - ssim_metric: 0.4446
  3/326 [..............................] - ETA: 4:18 - loss: 0.4456 - mae: 0.2757 - mse: 0.1422 - ssim_metric: 0.4270
  4/326 [..............................] - ETA: 4:17 - loss: 0.4401 - mae: 0.2756 - mse: 0.1401 - ssim_metric: 0.4209
  5/326 [..............................] - ETA: 4:16 - loss: 0.4289 - mae: 0.2722 - mse: 0.1358 - ssim_metric: 0.4258
  6/326 [..............................] - ETA: 4:15 - loss: 0.4267 - mae: 0.2747 - mse: 0.1350 - ssim_metric: 0.4145
  7/326 [..............................] - ETA: 4:15 - loss: 0.4227 - mae: 0.2740 - mse: 0.1334 - ssim_metric: 0.4139
  8/326 [..............................] - ETA: 4:14 - loss: 0.4113 - mae: 0.2674 - mse: 0.1289 - ssim_metric: 0.4222
  9/326 [..............................] - ETA: 4:13 - loss: 0.4007 - mae: 0.2606 - mse: 0.1248 - ssim_metric: 0.4336
 10/326 [..............................] - ETA: 4:12 - loss: 0.3985 - mae: 0.2572 - mse: 0.1239 - ssim_metric: 0.4433
 11/326 [>.............................] - ETA: 4:11 - loss: 0.4021 - mae: 0.2569 - mse: 0.1256 - ssim_metric: 0.4486
 12/326 [>.............................] - ETA: 4:10 - loss: 0.4026 - mae: 0.2546 - mse: 0.1259 - ssim_metric: 0.4546
 13/326 [>.............................] - ETA: 4:10 - loss: 0.4086 - mae: 0.2542 - mse: 0.1278 - ssim_metric: 0.4584
 14/326 [>.............................] - ETA: 4:09 - loss: 0.4204 - mae: 0.2582 - mse: 0.1320 - ssim_metric: 0.4543
 15/326 [>.............................] - ETA: 4:08 - loss: 0.4108 - mae: 0.2533 - mse: 0.1284 - ssim_metric: 0.4625
 16/326 [>.............................] - ETA: 4:07 - loss: 0.4144 - mae: 0.2556 - mse: 0.1299 - ssim_metric: 0.4596
 17/326 [>.............................] - ETA: 4:06 - loss: 0.4134 - mae: 0.2564 - mse: 0.1294 - ssim_metric: 0.4576
 18/326 [>.............................] - ETA: 4:06 - loss: 0.4159 - mae: 0.2594 - mse: 0.1304 - ssim_metric: 0.4513
 19/326 [>.............................] - ETA: 4:05 - loss: 0.4164 - mae: 0.2612 - mse: 0.1306 - ssim_metric: 0.4476
 20/326 [>.............................] - ETA: 4:04 - loss: 0.4130 - mae: 0.2610 - mse: 0.1290 - ssim_metric: 0.4456
 21/326 [>.............................] - ETA: 4:03 - loss: 0.4087 - mae: 0.2592 - mse: 0.1273 - ssim_metric: 0.4469
 22/326 [=>............................] - ETA: 4:03 - loss: 0.4044 - mae: 0.2569 - mse: 0.1257 - ssim_metric: 0.4497
 23/326 [=>............................] - ETA: 4:02 - loss: 0.4004 - mae: 0.2541 - mse: 0.1242 - ssim_metric: 0.4564
 24/326 [=>............................] - ETA: 4:01 - loss: 0.3992 - mae: 0.2524 - mse: 0.1238 - ssim_metric: 0.4599
 25/326 [=>............................] - ETA: 4:00 - loss: 0.4036 - mae: 0.2531 - mse: 0.1254 - ssim_metric: 0.4595
 26/326 [=>............................] - ETA: 3:59 - loss: 0.4049 - mae: 0.2524 - mse: 0.1259 - ssim_metric: 0.4623
 27/326 [=>............................] - ETA: 3:59 - loss: 0.4036 - mae: 0.2509 - mse: 0.1255 - ssim_metric: 0.4660
 28/326 [=>............................] - ETA: 3:58 - loss: 0.4058 - mae: 0.2504 - mse: 0.1260 - ssim_metric: 0.4671
 29/326 [=>............................] - ETA: 3:57 - loss: 0.4044 - mae: 0.2494 - mse: 0.1256 - ssim_metric: 0.4678
 30/326 [=>............................] - ETA: 3:56 - loss: 0.4071 - mae: 0.2502 - mse: 0.1265 - ssim_metric: 0.4662
 31/326 [=>............................] - ETA: 3:55 - loss: 0.4075 - mae: 0.2507 - mse: 0.1267 - ssim_metric: 0.4636
 32/326 [=>............................] - ETA: 3:54 - loss: 0.4084 - mae: 0.2516 - mse: 0.1272 - ssim_metric: 0.4607
 33/326 [==>...........................] - ETA: 3:54 - loss: 0.4057 - mae: 0.2509 - mse: 0.1260 - ssim_metric: 0.4595
 34/326 [==>...........................] - ETA: 3:53 - loss: 0.4069 - mae: 0.2521 - mse: 0.1266 - ssim_metric: 0.4556
 35/326 [==>...........................] - ETA: 3:52 - loss: 0.4049 - mae: 0.2514 - mse: 0.1258 - ssim_metric: 0.4560
 36/326 [==>...........................] - ETA: 3:51 - loss: 0.4052 - mae: 0.2521 - mse: 0.1259 - ssim_metric: 0.4541
 37/326 [==>...........................] - ETA: 3:50 - loss: 0.4025 - mae: 0.2508 - mse: 0.1249 - ssim_metric: 0.4559
 38/326 [==>...........................] - ETA: 3:50 - loss: 0.4006 - mae: 0.2499 - mse: 0.1242 - ssim_metric: 0.4567
 39/326 [==>...........................] - ETA: 3:49 - loss: 0.4006 - mae: 0.2497 - mse: 0.1242 - ssim_metric: 0.4572
 40/326 [==>...........................] - ETA: 3:48 - loss: 0.3989 - mae: 0.2488 - mse: 0.1236 - ssim_metric: 0.4585
 41/326 [==>...........................] - ETA: 3:47 - loss: 0.3973 - mae: 0.2473 - mse: 0.1230 - ssim_metric: 0.4618
 42/326 [==>...........................] - ETA: 3:46 - loss: 0.3935 - mae: 0.2449 - mse: 0.1216 - ssim_metric: 0.4662
 43/326 [==>...........................] - ETA: 3:46 - loss: 0.3937 - mae: 0.2441 - mse: 0.1217 - ssim_metric: 0.4683
 44/326 [===>..........................] - ETA: 3:45 - loss: 0.3949 - mae: 0.2439 - mse: 0.1221 - ssim_metric: 0.4694
 45/326 [===>..........................] - ETA: 3:44 - loss: 0.3974 - mae: 0.2448 - mse: 0.1231 - ssim_metric: 0.4680
 46/326 [===>..........................] - ETA: 3:43 - loss: 0.3975 - mae: 0.2448 - mse: 0.1232 - ssim_metric: 0.4686
 47/326 [===>..........................] - ETA: 3:42 - loss: 0.3962 - mae: 0.2443 - mse: 0.1227 - ssim_metric: 0.4692
 48/326 [===>..........................] - ETA: 3:42 - loss: 0.3935 - mae: 0.2432 - mse: 0.1217 - ssim_metric: 0.4701
 49/326 [===>..........................] - ETA: 3:41 - loss: 0.3968 - mae: 0.2444 - mse: 0.1227 - ssim_metric: 0.4683
 50/326 [===>..........................] - ETA: 3:40 - loss: 0.3965 - mae: 0.2446 - mse: 0.1226 - ssim_metric: 0.4681
 51/326 [===>..........................] - ETA: 3:39 - loss: 0.3949 - mae: 0.2442 - mse: 0.1220 - ssim_metric: 0.4673
 52/326 [===>..........................] - ETA: 3:38 - loss: 0.3953 - mae: 0.2444 - mse: 0.1222 - ssim_metric: 0.4674
 53/326 [===>..........................] - ETA: 3:38 - loss: 0.3950 - mae: 0.2442 - mse: 0.1220 - ssim_metric: 0.4675
 54/326 [===>..........................] - ETA: 3:37 - loss: 0.3955 - mae: 0.2444 - mse: 0.1223 - ssim_metric: 0.4675
 55/326 [====>.........................] - ETA: 3:36 - loss: 0.3957 - mae: 0.2444 - mse: 0.1223 - ssim_metric: 0.4675
 56/326 [====>.........................] - ETA: 3:35 - loss: 0.3954 - mae: 0.2443 - mse: 0.1223 - ssim_metric: 0.4675
 57/326 [====>.........................] - ETA: 3:34 - loss: 0.3942 - mae: 0.2437 - mse: 0.1218 - ssim_metric: 0.4682
 58/326 [====>.........................] - ETA: 3:34 - loss: 0.3956 - mae: 0.2442 - mse: 0.1224 - ssim_metric: 0.4680
 59/326 [====>.........................] - ETA: 3:33 - loss: 0.3964 - mae: 0.2445 - mse: 0.1226 - ssim_metric: 0.4674
 60/326 [====>.........................] - ETA: 3:32 - loss: 0.3975 - mae: 0.2450 - mse: 0.1231 - ssim_metric: 0.4673
 61/326 [====>.........................] - ETA: 3:31 - loss: 0.3955 - mae: 0.2440 - mse: 0.1224 - ssim_metric: 0.4691
 62/326 [====>.........................] - ETA: 3:30 - loss: 0.3941 - mae: 0.2434 - mse: 0.1219 - ssim_metric: 0.4696
 63/326 [====>.........................] - ETA: 3:30 - loss: 0.3950 - mae: 0.2439 - mse: 0.1222 - ssim_metric: 0.4685
 64/326 [====>.........................] - ETA: 3:29 - loss: 0.3939 - mae: 0.2435 - mse: 0.1218 - ssim_metric: 0.4694
 65/326 [====>.........................] - ETA: 3:28 - loss: 0.3926 - mae: 0.2428 - mse: 0.1213 - ssim_metric: 0.4708
 66/326 [=====>........................] - ETA: 3:27 - loss: 0.3939 - mae: 0.2433 - mse: 0.1218 - ssim_metric: 0.4700
 67/326 [=====>........................] - ETA: 3:26 - loss: 0.3939 - mae: 0.2433 - mse: 0.1218 - ssim_metric: 0.4696
 68/326 [=====>........................] - ETA: 3:26 - loss: 0.3938 - mae: 0.2430 - mse: 0.1218 - ssim_metric: 0.4701
 69/326 [=====>........................] - ETA: 3:25 - loss: 0.3938 - mae: 0.2430 - mse: 0.1219 - ssim_metric: 0.4700
 70/326 [=====>........................] - ETA: 3:24 - loss: 0.3937 - mae: 0.2428 - mse: 0.1219 - ssim_metric: 0.4704
 71/326 [=====>........................] - ETA: 3:23 - loss: 0.3936 - mae: 0.2428 - mse: 0.1219 - ssim_metric: 0.4704
 72/326 [=====>........................] - ETA: 3:22 - loss: 0.3958 - mae: 0.2436 - mse: 0.1226 - ssim_metric: 0.4692
 73/326 [=====>........................] - ETA: 3:22 - loss: 0.3958 - mae: 0.2436 - mse: 0.1226 - ssim_metric: 0.4690
 74/326 [=====>........................] - ETA: 3:21 - loss: 0.3954 - mae: 0.2437 - mse: 0.1224 - ssim_metric: 0.4684
 75/326 [=====>........................] - ETA: 3:20 - loss: 0.3946 - mae: 0.2435 - mse: 0.1222 - ssim_metric: 0.4683
 76/326 [=====>........................] - ETA: 3:19 - loss: 0.3933 - mae: 0.2430 - mse: 0.1216 - ssim_metric: 0.4687
 77/326 [======>.......................] - ETA: 3:18 - loss: 0.3940 - mae: 0.2437 - mse: 0.1219 - ssim_metric: 0.4674
 78/326 [======>.......................] - ETA: 3:18 - loss: 0.3937 - mae: 0.2436 - mse: 0.1218 - ssim_metric: 0.4675
 79/326 [======>.......................] - ETA: 3:17 - loss: 0.3947 - mae: 0.2440 - mse: 0.1222 - ssim_metric: 0.4672
 80/326 [======>.......................] - ETA: 3:16 - loss: 0.3955 - mae: 0.2441 - mse: 0.1225 - ssim_metric: 0.4675
 81/326 [======>.......................] - ETA: 3:15 - loss: 0.3951 - mae: 0.2438 - mse: 0.1224 - ssim_metric: 0.4683
 82/326 [======>.......................] - ETA: 3:14 - loss: 0.3954 - mae: 0.2438 - mse: 0.1225 - ssim_metric: 0.4686
 83/326 [======>.......................] - ETA: 3:14 - loss: 0.3952 - mae: 0.2438 - mse: 0.1224 - ssim_metric: 0.4686
 84/326 [======>.......................] - ETA: 3:13 - loss: 0.3957 - mae: 0.2441 - mse: 0.1226 - ssim_metric: 0.4683
 85/326 [======>.......................] - ETA: 3:12 - loss: 0.3945 - mae: 0.2436 - mse: 0.1222 - ssim_metric: 0.4691
 86/326 [======>.......................] - ETA: 3:11 - loss: 0.3945 - mae: 0.2437 - mse: 0.1222 - ssim_metric: 0.4689
 87/326 [=======>......................] - ETA: 3:10 - loss: 0.3942 - mae: 0.2437 - mse: 0.1221 - ssim_metric: 0.4690
 88/326 [=======>......................] - ETA: 3:10 - loss: 0.3934 - mae: 0.2433 - mse: 0.1218 - ssim_metric: 0.4691
 89/326 [=======>......................] - ETA: 3:09 - loss: 0.3928 - mae: 0.2430 - mse: 0.1216 - ssim_metric: 0.4696
 90/326 [=======>......................] - ETA: 3:08 - loss: 0.3938 - mae: 0.2434 - mse: 0.1220 - ssim_metric: 0.4690
 91/326 [=======>......................] - ETA: 3:07 - loss: 0.3936 - mae: 0.2433 - mse: 0.1219 - ssim_metric: 0.4695
 92/326 [=======>......................] - ETA: 3:06 - loss: 0.3934 - mae: 0.2432 - mse: 0.1218 - ssim_metric: 0.4695
 93/326 [=======>......................] - ETA: 3:06 - loss: 0.3942 - mae: 0.2433 - mse: 0.1221 - ssim_metric: 0.4699
 94/326 [=======>......................] - ETA: 3:05 - loss: 0.3947 - mae: 0.2433 - mse: 0.1223 - ssim_metric: 0.4702
 95/326 [=======>......................] - ETA: 3:04 - loss: 0.3957 - mae: 0.2437 - mse: 0.1227 - ssim_metric: 0.4697
 96/326 [=======>......................] - ETA: 3:03 - loss: 0.3955 - mae: 0.2436 - mse: 0.1226 - ssim_metric: 0.4698
 97/326 [=======>......................] - ETA: 3:02 - loss: 0.3954 - mae: 0.2437 - mse: 0.1225 - ssim_metric: 0.4698
 98/326 [========>.....................] - ETA: 3:02 - loss: 0.3947 - mae: 0.2435 - mse: 0.1222 - ssim_metric: 0.4700
 99/326 [========>.....................] - ETA: 3:01 - loss: 0.3942 - mae: 0.2435 - mse: 0.1221 - ssim_metric: 0.4700
100/326 [========>.....................] - ETA: 3:00 - loss: 0.3943 - mae: 0.2437 - mse: 0.1221 - ssim_metric: 0.4697
101/326 [========>.....................] - ETA: 2:59 - loss: 0.3937 - mae: 0.2435 - mse: 0.1219 - ssim_metric: 0.4698
102/326 [========>.....................] - ETA: 2:58 - loss: 0.3930 - mae: 0.2433 - mse: 0.1216 - ssim_metric: 0.4700
103/326 [========>.....................] - ETA: 2:58 - loss: 0.3945 - mae: 0.2437 - mse: 0.1220 - ssim_metric: 0.4695
104/326 [========>.....................] - ETA: 2:57 - loss: 0.3944 - mae: 0.2436 - mse: 0.1220 - ssim_metric: 0.4698
105/326 [========>.....................] - ETA: 2:56 - loss: 0.3939 - mae: 0.2433 - mse: 0.1219 - ssim_metric: 0.4702
106/326 [========>.....................] - ETA: 2:55 - loss: 0.3930 - mae: 0.2428 - mse: 0.1215 - ssim_metric: 0.4711
107/326 [========>.....................] - ETA: 2:54 - loss: 0.3928 - mae: 0.2426 - mse: 0.1215 - ssim_metric: 0.4715
108/326 [========>.....................] - ETA: 2:54 - loss: 0.3947 - mae: 0.2432 - mse: 0.1221 - ssim_metric: 0.4710
109/326 [=========>....................] - ETA: 2:53 - loss: 0.3944 - mae: 0.2429 - mse: 0.1220 - ssim_metric: 0.4717
110/326 [=========>....................] - ETA: 2:52 - loss: 0.3951 - mae: 0.2432 - mse: 0.1222 - ssim_metric: 0.4714
111/326 [=========>....................] - ETA: 2:51 - loss: 0.3947 - mae: 0.2430 - mse: 0.1221 - ssim_metric: 0.4717
112/326 [=========>....................] - ETA: 2:50 - loss: 0.3947 - mae: 0.2431 - mse: 0.1221 - ssim_metric: 0.4716
113/326 [=========>....................] - ETA: 2:50 - loss: 0.3946 - mae: 0.2431 - mse: 0.1221 - ssim_metric: 0.4717
114/326 [=========>....................] - ETA: 2:49 - loss: 0.3944 - mae: 0.2432 - mse: 0.1220 - ssim_metric: 0.4716
115/326 [=========>....................] - ETA: 2:48 - loss: 0.3946 - mae: 0.2434 - mse: 0.1221 - ssim_metric: 0.4712
116/326 [=========>....................] - ETA: 2:47 - loss: 0.3947 - mae: 0.2435 - mse: 0.1221 - ssim_metric: 0.4708
117/326 [=========>....................] - ETA: 2:46 - loss: 0.3952 - mae: 0.2438 - mse: 0.1223 - ssim_metric: 0.4706
118/326 [=========>....................] - ETA: 2:46 - loss: 0.3946 - mae: 0.2435 - mse: 0.1221 - ssim_metric: 0.4715
119/326 [=========>....................] - ETA: 2:45 - loss: 0.3943 - mae: 0.2433 - mse: 0.1220 - ssim_metric: 0.4719
120/326 [==========>...................] - ETA: 2:44 - loss: 0.3940 - mae: 0.2432 - mse: 0.1219 - ssim_metric: 0.4723
121/326 [==========>...................] - ETA: 2:43 - loss: 0.3934 - mae: 0.2428 - mse: 0.1216 - ssim_metric: 0.4731
122/326 [==========>...................] - ETA: 2:42 - loss: 0.3938 - mae: 0.2428 - mse: 0.1218 - ssim_metric: 0.4735
123/326 [==========>...................] - ETA: 2:42 - loss: 0.3942 - mae: 0.2429 - mse: 0.1219 - ssim_metric: 0.4734
124/326 [==========>...................] - ETA: 2:41 - loss: 0.3947 - mae: 0.2431 - mse: 0.1221 - ssim_metric: 0.4729
125/326 [==========>...................] - ETA: 2:40 - loss: 0.3948 - mae: 0.2430 - mse: 0.1221 - ssim_metric: 0.4732
126/326 [==========>...................] - ETA: 2:39 - loss: 0.3944 - mae: 0.2429 - mse: 0.1220 - ssim_metric: 0.4731
127/326 [==========>...................] - ETA: 2:38 - loss: 0.3940 - mae: 0.2428 - mse: 0.1218 - ssim_metric: 0.4732
128/326 [==========>...................] - ETA: 2:38 - loss: 0.3935 - mae: 0.2426 - mse: 0.1217 - ssim_metric: 0.4733
129/326 [==========>...................] - ETA: 2:37 - loss: 0.3936 - mae: 0.2427 - mse: 0.1216 - ssim_metric: 0.4734
130/326 [==========>...................] - ETA: 2:36 - loss: 0.3946 - mae: 0.2432 - mse: 0.1220 - ssim_metric: 0.4726
131/326 [===========>..................] - ETA: 2:35 - loss: 0.3948 - mae: 0.2433 - mse: 0.1221 - ssim_metric: 0.4725
132/326 [===========>..................] - ETA: 2:34 - loss: 0.3949 - mae: 0.2433 - mse: 0.1221 - ssim_metric: 0.4726
133/326 [===========>..................] - ETA: 2:34 - loss: 0.3948 - mae: 0.2433 - mse: 0.1221 - ssim_metric: 0.4725
134/326 [===========>..................] - ETA: 2:33 - loss: 0.3952 - mae: 0.2436 - mse: 0.1223 - ssim_metric: 0.4721
135/326 [===========>..................] - ETA: 2:32 - loss: 0.3957 - mae: 0.2439 - mse: 0.1225 - ssim_metric: 0.4715
136/326 [===========>..................] - ETA: 2:31 - loss: 0.3959 - mae: 0.2441 - mse: 0.1226 - ssim_metric: 0.4708
137/326 [===========>..................] - ETA: 2:30 - loss: 0.3956 - mae: 0.2441 - mse: 0.1225 - ssim_metric: 0.4706
138/326 [===========>..................] - ETA: 2:30 - loss: 0.3960 - mae: 0.2444 - mse: 0.1226 - ssim_metric: 0.4697
139/326 [===========>..................] - ETA: 2:29 - loss: 0.3959 - mae: 0.2445 - mse: 0.1226 - ssim_metric: 0.4694
140/326 [===========>..................] - ETA: 2:28 - loss: 0.3960 - mae: 0.2445 - mse: 0.1227 - ssim_metric: 0.4693
141/326 [===========>..................] - ETA: 2:27 - loss: 0.3961 - mae: 0.2446 - mse: 0.1227 - ssim_metric: 0.4694
142/326 [============>.................] - ETA: 2:26 - loss: 0.3957 - mae: 0.2444 - mse: 0.1226 - ssim_metric: 0.4698
143/326 [============>.................] - ETA: 2:26 - loss: 0.3960 - mae: 0.2445 - mse: 0.1227 - ssim_metric: 0.4695
144/326 [============>.................] - ETA: 2:25 - loss: 0.3958 - mae: 0.2444 - mse: 0.1226 - ssim_metric: 0.4695
145/326 [============>.................] - ETA: 2:24 - loss: 0.3956 - mae: 0.2443 - mse: 0.1225 - ssim_metric: 0.4700
146/326 [============>.................] - ETA: 2:23 - loss: 0.3954 - mae: 0.2442 - mse: 0.1225 - ssim_metric: 0.4703
147/326 [============>.................] - ETA: 2:22 - loss: 0.3961 - mae: 0.2444 - mse: 0.1227 - ssim_metric: 0.4700
148/326 [============>.................] - ETA: 2:22 - loss: 0.3956 - mae: 0.2442 - mse: 0.1226 - ssim_metric: 0.4704
149/326 [============>.................] - ETA: 2:21 - loss: 0.3960 - mae: 0.2445 - mse: 0.1227 - ssim_metric: 0.4699
150/326 [============>.................] - ETA: 2:20 - loss: 0.3958 - mae: 0.2444 - mse: 0.1226 - ssim_metric: 0.4698
151/326 [============>.................] - ETA: 2:19 - loss: 0.3964 - mae: 0.2448 - mse: 0.1229 - ssim_metric: 0.4691
152/326 [============>.................] - ETA: 2:18 - loss: 0.3970 - mae: 0.2450 - mse: 0.1230 - ssim_metric: 0.4690
153/326 [=============>................] - ETA: 2:18 - loss: 0.3966 - mae: 0.2449 - mse: 0.1229 - ssim_metric: 0.4690
154/326 [=============>................] - ETA: 2:17 - loss: 0.3965 - mae: 0.2449 - mse: 0.1229 - ssim_metric: 0.4690
155/326 [=============>................] - ETA: 2:16 - loss: 0.3966 - mae: 0.2450 - mse: 0.1229 - ssim_metric: 0.4689
156/326 [=============>................] - ETA: 2:15 - loss: 0.3962 - mae: 0.2448 - mse: 0.1228 - ssim_metric: 0.4691
157/326 [=============>................] - ETA: 2:14 - loss: 0.3963 - mae: 0.2449 - mse: 0.1228 - ssim_metric: 0.4689
158/326 [=============>................] - ETA: 2:14 - loss: 0.3972 - mae: 0.2451 - mse: 0.1231 - ssim_metric: 0.4689
159/326 [=============>................] - ETA: 2:13 - loss: 0.3974 - mae: 0.2452 - mse: 0.1232 - ssim_metric: 0.4689
160/326 [=============>................] - ETA: 2:12 - loss: 0.3973 - mae: 0.2451 - mse: 0.1232 - ssim_metric: 0.4690
161/326 [=============>................] - ETA: 2:11 - loss: 0.3975 - mae: 0.2454 - mse: 0.1233 - ssim_metric: 0.4686
162/326 [=============>................] - ETA: 2:10 - loss: 0.3973 - mae: 0.2453 - mse: 0.1232 - ssim_metric: 0.4684
163/326 [==============>...............] - ETA: 2:10 - loss: 0.3969 - mae: 0.2452 - mse: 0.1230 - ssim_metric: 0.4685
164/326 [==============>...............] - ETA: 2:09 - loss: 0.3968 - mae: 0.2452 - mse: 0.1230 - ssim_metric: 0.4687
165/326 [==============>...............] - ETA: 2:08 - loss: 0.3968 - mae: 0.2452 - mse: 0.1230 - ssim_metric: 0.4687
166/326 [==============>...............] - ETA: 2:07 - loss: 0.3974 - mae: 0.2454 - mse: 0.1232 - ssim_metric: 0.4683
167/326 [==============>...............] - ETA: 2:06 - loss: 0.3973 - mae: 0.2455 - mse: 0.1232 - ssim_metric: 0.4682
168/326 [==============>...............] - ETA: 2:06 - loss: 0.3976 - mae: 0.2457 - mse: 0.1233 - ssim_metric: 0.4680
169/326 [==============>...............] - ETA: 2:05 - loss: 0.3973 - mae: 0.2455 - mse: 0.1232 - ssim_metric: 0.4682
170/326 [==============>...............] - ETA: 2:04 - loss: 0.3975 - mae: 0.2457 - mse: 0.1233 - ssim_metric: 0.4680
171/326 [==============>...............] - ETA: 2:03 - loss: 0.3973 - mae: 0.2456 - mse: 0.1233 - ssim_metric: 0.4681
172/326 [==============>...............] - ETA: 2:02 - loss: 0.3970 - mae: 0.2453 - mse: 0.1231 - ssim_metric: 0.4687
173/326 [==============>...............] - ETA: 2:02 - loss: 0.3972 - mae: 0.2454 - mse: 0.1232 - ssim_metric: 0.4686
174/326 [===============>..............] - ETA: 2:01 - loss: 0.3970 - mae: 0.2453 - mse: 0.1231 - ssim_metric: 0.4685
175/326 [===============>..............] - ETA: 2:00 - loss: 0.3972 - mae: 0.2454 - mse: 0.1232 - ssim_metric: 0.4684
176/326 [===============>..............] - ETA: 1:59 - loss: 0.3972 - mae: 0.2454 - mse: 0.1233 - ssim_metric: 0.4684
177/326 [===============>..............] - ETA: 1:58 - loss: 0.3973 - mae: 0.2454 - mse: 0.1233 - ssim_metric: 0.4686
178/326 [===============>..............] - ETA: 1:58 - loss: 0.3981 - mae: 0.2458 - mse: 0.1236 - ssim_metric: 0.4681
179/326 [===============>..............] - ETA: 1:57 - loss: 0.3983 - mae: 0.2459 - mse: 0.1237 - ssim_metric: 0.4679
180/326 [===============>..............] - ETA: 1:56 - loss: 0.3983 - mae: 0.2461 - mse: 0.1237 - ssim_metric: 0.4674
181/326 [===============>..............] - ETA: 1:55 - loss: 0.3989 - mae: 0.2466 - mse: 0.1239 - ssim_metric: 0.4664
182/326 [===============>..............] - ETA: 1:54 - loss: 0.3989 - mae: 0.2468 - mse: 0.1239 - ssim_metric: 0.4658
183/326 [===============>..............] - ETA: 1:54 - loss: 0.3988 - mae: 0.2470 - mse: 0.1239 - ssim_metric: 0.4654
184/326 [===============>..............] - ETA: 1:53 - loss: 0.3989 - mae: 0.2471 - mse: 0.1239 - ssim_metric: 0.4653
185/326 [================>.............] - ETA: 1:52 - loss: 0.3990 - mae: 0.2472 - mse: 0.1240 - ssim_metric: 0.4651
186/326 [================>.............] - ETA: 1:51 - loss: 0.3996 - mae: 0.2475 - mse: 0.1242 - ssim_metric: 0.4644
187/326 [================>.............] - ETA: 1:50 - loss: 0.4000 - mae: 0.2477 - mse: 0.1244 - ssim_metric: 0.4643
188/326 [================>.............] - ETA: 1:50 - loss: 0.4004 - mae: 0.2478 - mse: 0.1245 - ssim_metric: 0.4645
189/326 [================>.............] - ETA: 1:49 - loss: 0.4001 - mae: 0.2477 - mse: 0.1243 - ssim_metric: 0.4647
190/326 [================>.............] - ETA: 1:48 - loss: 0.3999 - mae: 0.2477 - mse: 0.1242 - ssim_metric: 0.4644
191/326 [================>.............] - ETA: 1:47 - loss: 0.3998 - mae: 0.2477 - mse: 0.1242 - ssim_metric: 0.4641
192/326 [================>.............] - ETA: 1:46 - loss: 0.3997 - mae: 0.2476 - mse: 0.1242 - ssim_metric: 0.4643
193/326 [================>.............] - ETA: 1:46 - loss: 0.3998 - mae: 0.2477 - mse: 0.1242 - ssim_metric: 0.4644
194/326 [================>.............] - ETA: 1:45 - loss: 0.3994 - mae: 0.2473 - mse: 0.1240 - ssim_metric: 0.4650
195/326 [================>.............] - ETA: 1:44 - loss: 0.3997 - mae: 0.2473 - mse: 0.1241 - ssim_metric: 0.4654
196/326 [=================>............] - ETA: 1:43 - loss: 0.4002 - mae: 0.2473 - mse: 0.1243 - ssim_metric: 0.4655
197/326 [=================>............] - ETA: 1:42 - loss: 0.3999 - mae: 0.2471 - mse: 0.1242 - ssim_metric: 0.4659
198/326 [=================>............] - ETA: 1:42 - loss: 0.3998 - mae: 0.2470 - mse: 0.1242 - ssim_metric: 0.4661
199/326 [=================>............] - ETA: 1:41 - loss: 0.3998 - mae: 0.2470 - mse: 0.1242 - ssim_metric: 0.4661
200/326 [=================>............] - ETA: 1:40 - loss: 0.3998 - mae: 0.2471 - mse: 0.1242 - ssim_metric: 0.4659
201/326 [=================>............] - ETA: 1:39 - loss: 0.3997 - mae: 0.2471 - mse: 0.1241 - ssim_metric: 0.4656
202/326 [=================>............] - ETA: 1:38 - loss: 0.4001 - mae: 0.2472 - mse: 0.1243 - ssim_metric: 0.4656
203/326 [=================>............] - ETA: 1:38 - loss: 0.4006 - mae: 0.2476 - mse: 0.1245 - ssim_metric: 0.4650
204/326 [=================>............] - ETA: 1:37 - loss: 0.4004 - mae: 0.2476 - mse: 0.1244 - ssim_metric: 0.4648
205/326 [=================>............] - ETA: 1:36 - loss: 0.4001 - mae: 0.2475 - mse: 0.1243 - ssim_metric: 0.4647
206/326 [=================>............] - ETA: 1:35 - loss: 0.4000 - mae: 0.2475 - mse: 0.1242 - ssim_metric: 0.4646
207/326 [==================>...........] - ETA: 1:34 - loss: 0.3999 - mae: 0.2475 - mse: 0.1242 - ssim_metric: 0.4647
208/326 [==================>...........] - ETA: 1:34 - loss: 0.3998 - mae: 0.2474 - mse: 0.1242 - ssim_metric: 0.4649
209/326 [==================>...........] - ETA: 1:33 - loss: 0.3999 - mae: 0.2474 - mse: 0.1242 - ssim_metric: 0.4651
210/326 [==================>...........] - ETA: 1:32 - loss: 0.4001 - mae: 0.2475 - mse: 0.1243 - ssim_metric: 0.4650
211/326 [==================>...........] - ETA: 1:31 - loss: 0.4001 - mae: 0.2473 - mse: 0.1242 - ssim_metric: 0.4656
212/326 [==================>...........] - ETA: 1:30 - loss: 0.3999 - mae: 0.2472 - mse: 0.1242 - ssim_metric: 0.4657
213/326 [==================>...........] - ETA: 1:30 - loss: 0.3997 - mae: 0.2471 - mse: 0.1241 - ssim_metric: 0.4659
214/326 [==================>...........] - ETA: 1:29 - loss: 0.3998 - mae: 0.2471 - mse: 0.1242 - ssim_metric: 0.4658
215/326 [==================>...........] - ETA: 1:28 - loss: 0.3998 - mae: 0.2471 - mse: 0.1242 - ssim_metric: 0.4657
216/326 [==================>...........] - ETA: 1:27 - loss: 0.3996 - mae: 0.2471 - mse: 0.1241 - ssim_metric: 0.4658
217/326 [==================>...........] - ETA: 1:27 - loss: 0.3997 - mae: 0.2471 - mse: 0.1241 - ssim_metric: 0.4657
218/326 [===================>..........] - ETA: 1:26 - loss: 0.3997 - mae: 0.2472 - mse: 0.1242 - ssim_metric: 0.4655
219/326 [===================>..........] - ETA: 1:25 - loss: 0.3997 - mae: 0.2472 - mse: 0.1241 - ssim_metric: 0.4654
220/326 [===================>..........] - ETA: 1:24 - loss: 0.3999 - mae: 0.2474 - mse: 0.1242 - ssim_metric: 0.4650
221/326 [===================>..........] - ETA: 1:23 - loss: 0.4001 - mae: 0.2475 - mse: 0.1243 - ssim_metric: 0.4647
222/326 [===================>..........] - ETA: 1:23 - loss: 0.4003 - mae: 0.2477 - mse: 0.1244 - ssim_metric: 0.4643
223/326 [===================>..........] - ETA: 1:22 - loss: 0.4001 - mae: 0.2477 - mse: 0.1243 - ssim_metric: 0.4644
224/326 [===================>..........] - ETA: 1:21 - loss: 0.4003 - mae: 0.2478 - mse: 0.1244 - ssim_metric: 0.4641
225/326 [===================>..........] - ETA: 1:20 - loss: 0.4005 - mae: 0.2479 - mse: 0.1245 - ssim_metric: 0.4640
226/326 [===================>..........] - ETA: 1:19 - loss: 0.4006 - mae: 0.2479 - mse: 0.1245 - ssim_metric: 0.4641
227/326 [===================>..........] - ETA: 1:19 - loss: 0.4004 - mae: 0.2477 - mse: 0.1244 - ssim_metric: 0.4645
228/326 [===================>..........] - ETA: 1:18 - loss: 0.4003 - mae: 0.2476 - mse: 0.1244 - ssim_metric: 0.4647
229/326 [====================>.........] - ETA: 1:17 - loss: 0.4007 - mae: 0.2478 - mse: 0.1245 - ssim_metric: 0.4643
230/326 [====================>.........] - ETA: 1:16 - loss: 0.4006 - mae: 0.2479 - mse: 0.1245 - ssim_metric: 0.4642
231/326 [====================>.........] - ETA: 1:15 - loss: 0.4005 - mae: 0.2478 - mse: 0.1245 - ssim_metric: 0.4642
232/326 [====================>.........] - ETA: 1:15 - loss: 0.4003 - mae: 0.2478 - mse: 0.1244 - ssim_metric: 0.4642
233/326 [====================>.........] - ETA: 1:14 - loss: 0.4004 - mae: 0.2478 - mse: 0.1244 - ssim_metric: 0.4643
234/326 [====================>.........] - ETA: 1:13 - loss: 0.4007 - mae: 0.2480 - mse: 0.1245 - ssim_metric: 0.4639
235/326 [====================>.........] - ETA: 1:12 - loss: 0.4006 - mae: 0.2480 - mse: 0.1245 - ssim_metric: 0.4638
236/326 [====================>.........] - ETA: 1:11 - loss: 0.4001 - mae: 0.2478 - mse: 0.1243 - ssim_metric: 0.4643
237/326 [====================>.........] - ETA: 1:11 - loss: 0.3999 - mae: 0.2476 - mse: 0.1243 - ssim_metric: 0.4647
238/326 [====================>.........] - ETA: 1:10 - loss: 0.4000 - mae: 0.2476 - mse: 0.1243 - ssim_metric: 0.4647
239/326 [====================>.........] - ETA: 1:09 - loss: 0.3995 - mae: 0.2473 - mse: 0.1241 - ssim_metric: 0.4653
240/326 [=====================>........] - ETA: 1:08 - loss: 0.3994 - mae: 0.2472 - mse: 0.1241 - ssim_metric: 0.4656
241/326 [=====================>........] - ETA: 1:07 - loss: 0.3993 - mae: 0.2470 - mse: 0.1241 - ssim_metric: 0.4658
242/326 [=====================>........] - ETA: 1:07 - loss: 0.3988 - mae: 0.2468 - mse: 0.1239 - ssim_metric: 0.4663
243/326 [=====================>........] - ETA: 1:06 - loss: 0.3988 - mae: 0.2466 - mse: 0.1239 - ssim_metric: 0.4666
244/326 [=====================>........] - ETA: 1:05 - loss: 0.3989 - mae: 0.2467 - mse: 0.1239 - ssim_metric: 0.4667
245/326 [=====================>........] - ETA: 1:04 - loss: 0.3990 - mae: 0.2467 - mse: 0.1239 - ssim_metric: 0.4665
246/326 [=====================>........] - ETA: 1:03 - loss: 0.3988 - mae: 0.2466 - mse: 0.1239 - ssim_metric: 0.4667
247/326 [=====================>........] - ETA: 1:03 - loss: 0.3988 - mae: 0.2466 - mse: 0.1239 - ssim_metric: 0.4667
248/326 [=====================>........] - ETA: 1:02 - loss: 0.3990 - mae: 0.2468 - mse: 0.1240 - ssim_metric: 0.4665
249/326 [=====================>........] - ETA: 1:01 - loss: 0.3993 - mae: 0.2470 - mse: 0.1241 - ssim_metric: 0.4662
250/326 [======================>.......] - ETA: 1:00 - loss: 0.3991 - mae: 0.2470 - mse: 0.1240 - ssim_metric: 0.4661
251/326 [======================>.......] - ETA: 59s - loss: 0.3990 - mae: 0.2470 - mse: 0.1240 - ssim_metric: 0.4660 
252/326 [======================>.......] - ETA: 59s - loss: 0.3986 - mae: 0.2468 - mse: 0.1238 - ssim_metric: 0.4661
253/326 [======================>.......] - ETA: 58s - loss: 0.3991 - mae: 0.2470 - mse: 0.1240 - ssim_metric: 0.4659
254/326 [======================>.......] - ETA: 57s - loss: 0.3991 - mae: 0.2470 - mse: 0.1240 - ssim_metric: 0.4660
255/326 [======================>.......] - ETA: 56s - loss: 0.3988 - mae: 0.2469 - mse: 0.1239 - ssim_metric: 0.4661
256/326 [======================>.......] - ETA: 55s - loss: 0.3990 - mae: 0.2470 - mse: 0.1239 - ssim_metric: 0.4661
257/326 [======================>.......] - ETA: 55s - loss: 0.3990 - mae: 0.2469 - mse: 0.1240 - ssim_metric: 0.4662
258/326 [======================>.......] - ETA: 54s - loss: 0.3993 - mae: 0.2470 - mse: 0.1241 - ssim_metric: 0.4662
259/326 [======================>.......] - ETA: 53s - loss: 0.3995 - mae: 0.2471 - mse: 0.1241 - ssim_metric: 0.4659
260/326 [======================>.......] - ETA: 52s - loss: 0.3992 - mae: 0.2469 - mse: 0.1240 - ssim_metric: 0.4662
261/326 [=======================>......] - ETA: 51s - loss: 0.3993 - mae: 0.2469 - mse: 0.1241 - ssim_metric: 0.4661
262/326 [=======================>......] - ETA: 51s - loss: 0.3989 - mae: 0.2468 - mse: 0.1239 - ssim_metric: 0.4661
263/326 [=======================>......] - ETA: 50s - loss: 0.3994 - mae: 0.2470 - mse: 0.1241 - ssim_metric: 0.4659
264/326 [=======================>......] - ETA: 49s - loss: 0.3994 - mae: 0.2470 - mse: 0.1241 - ssim_metric: 0.4658
265/326 [=======================>......] - ETA: 48s - loss: 0.3995 - mae: 0.2471 - mse: 0.1241 - ssim_metric: 0.4656
266/326 [=======================>......] - ETA: 47s - loss: 0.3996 - mae: 0.2473 - mse: 0.1242 - ssim_metric: 0.4652
267/326 [=======================>......] - ETA: 47s - loss: 0.3997 - mae: 0.2474 - mse: 0.1242 - ssim_metric: 0.4649
268/326 [=======================>......] - ETA: 46s - loss: 0.3998 - mae: 0.2476 - mse: 0.1243 - ssim_metric: 0.4646
269/326 [=======================>......] - ETA: 45s - loss: 0.3997 - mae: 0.2476 - mse: 0.1242 - ssim_metric: 0.4645
270/326 [=======================>......] - ETA: 44s - loss: 0.3999 - mae: 0.2477 - mse: 0.1243 - ssim_metric: 0.4643
271/326 [=======================>......] - ETA: 43s - loss: 0.4000 - mae: 0.2477 - mse: 0.1243 - ssim_metric: 0.4643
272/326 [========================>.....] - ETA: 43s - loss: 0.3999 - mae: 0.2477 - mse: 0.1243 - ssim_metric: 0.4644
273/326 [========================>.....] - ETA: 42s - loss: 0.3996 - mae: 0.2475 - mse: 0.1242 - ssim_metric: 0.4647
274/326 [========================>.....] - ETA: 41s - loss: 0.3997 - mae: 0.2476 - mse: 0.1243 - ssim_metric: 0.4647
275/326 [========================>.....] - ETA: 40s - loss: 0.3999 - mae: 0.2475 - mse: 0.1243 - ssim_metric: 0.4650
276/326 [========================>.....] - ETA: 39s - loss: 0.3999 - mae: 0.2476 - mse: 0.1243 - ssim_metric: 0.4650
277/326 [========================>.....] - ETA: 39s - loss: 0.4002 - mae: 0.2477 - mse: 0.1244 - ssim_metric: 0.4648
278/326 [========================>.....] - ETA: 38s - loss: 0.4001 - mae: 0.2476 - mse: 0.1244 - ssim_metric: 0.4648
279/326 [========================>.....] - ETA: 37s - loss: 0.3999 - mae: 0.2475 - mse: 0.1243 - ssim_metric: 0.4651
280/326 [========================>.....] - ETA: 36s - loss: 0.3997 - mae: 0.2475 - mse: 0.1243 - ssim_metric: 0.4650
281/326 [========================>.....] - ETA: 35s - loss: 0.4000 - mae: 0.2477 - mse: 0.1244 - ssim_metric: 0.4648
282/326 [========================>.....] - ETA: 35s - loss: 0.4001 - mae: 0.2477 - mse: 0.1244 - ssim_metric: 0.4648
283/326 [=========================>....] - ETA: 34s - loss: 0.4005 - mae: 0.2479 - mse: 0.1245 - ssim_metric: 0.4646
284/326 [=========================>....] - ETA: 33s - loss: 0.4004 - mae: 0.2479 - mse: 0.1245 - ssim_metric: 0.4645
285/326 [=========================>....] - ETA: 32s - loss: 0.4006 - mae: 0.2481 - mse: 0.1246 - ssim_metric: 0.4642
286/326 [=========================>....] - ETA: 31s - loss: 0.4007 - mae: 0.2482 - mse: 0.1246 - ssim_metric: 0.4641
287/326 [=========================>....] - ETA: 31s - loss: 0.4010 - mae: 0.2483 - mse: 0.1247 - ssim_metric: 0.4639
288/326 [=========================>....] - ETA: 30s - loss: 0.4014 - mae: 0.2485 - mse: 0.1249 - ssim_metric: 0.4637
289/326 [=========================>....] - ETA: 29s - loss: 0.4014 - mae: 0.2485 - mse: 0.1249 - ssim_metric: 0.4635
290/326 [=========================>....] - ETA: 28s - loss: 0.4018 - mae: 0.2487 - mse: 0.1250 - ssim_metric: 0.4633
291/326 [=========================>....] - ETA: 27s - loss: 0.4019 - mae: 0.2488 - mse: 0.1250 - ssim_metric: 0.4632
292/326 [=========================>....] - ETA: 27s - loss: 0.4016 - mae: 0.2487 - mse: 0.1249 - ssim_metric: 0.4631
293/326 [=========================>....] - ETA: 26s - loss: 0.4015 - mae: 0.2487 - mse: 0.1249 - ssim_metric: 0.4630
294/326 [==========================>...] - ETA: 25s - loss: 0.4017 - mae: 0.2489 - mse: 0.1249 - ssim_metric: 0.4628
295/326 [==========================>...] - ETA: 24s - loss: 0.4017 - mae: 0.2489 - mse: 0.1249 - ssim_metric: 0.4626
296/326 [==========================>...] - ETA: 23s - loss: 0.4015 - mae: 0.2488 - mse: 0.1249 - ssim_metric: 0.4628
297/326 [==========================>...] - ETA: 23s - loss: 0.4016 - mae: 0.2489 - mse: 0.1249 - ssim_metric: 0.4628
298/326 [==========================>...] - ETA: 22s - loss: 0.4012 - mae: 0.2486 - mse: 0.1247 - ssim_metric: 0.4632
299/326 [==========================>...] - ETA: 21s - loss: 0.4010 - mae: 0.2485 - mse: 0.1247 - ssim_metric: 0.4635
300/326 [==========================>...] - ETA: 20s - loss: 0.4010 - mae: 0.2485 - mse: 0.1247 - ssim_metric: 0.4636
301/326 [==========================>...] - ETA: 19s - loss: 0.4007 - mae: 0.2483 - mse: 0.1246 - ssim_metric: 0.4640
302/326 [==========================>...] - ETA: 19s - loss: 0.4011 - mae: 0.2484 - mse: 0.1247 - ssim_metric: 0.4638
303/326 [==========================>...] - ETA: 18s - loss: 0.4011 - mae: 0.2484 - mse: 0.1247 - ssim_metric: 0.4638
304/326 [==========================>...] - ETA: 17s - loss: 0.4012 - mae: 0.2484 - mse: 0.1248 - ssim_metric: 0.4638
305/326 [===========================>..] - ETA: 16s - loss: 0.4012 - mae: 0.2484 - mse: 0.1248 - ssim_metric: 0.4638
306/326 [===========================>..] - ETA: 15s - loss: 0.4011 - mae: 0.2484 - mse: 0.1248 - ssim_metric: 0.4636
307/326 [===========================>..] - ETA: 15s - loss: 0.4012 - mae: 0.2485 - mse: 0.1248 - ssim_metric: 0.4635
308/326 [===========================>..] - ETA: 14s - loss: 0.4011 - mae: 0.2484 - mse: 0.1247 - ssim_metric: 0.4638
309/326 [===========================>..] - ETA: 13s - loss: 0.4010 - mae: 0.2484 - mse: 0.1247 - ssim_metric: 0.4637
310/326 [===========================>..] - ETA: 12s - loss: 0.4010 - mae: 0.2484 - mse: 0.1247 - ssim_metric: 0.4636
311/326 [===========================>..] - ETA: 11s - loss: 0.4009 - mae: 0.2484 - mse: 0.1247 - ssim_metric: 0.4637
312/326 [===========================>..] - ETA: 11s - loss: 0.4008 - mae: 0.2484 - mse: 0.1246 - ssim_metric: 0.4636
313/326 [===========================>..] - ETA: 10s - loss: 0.4009 - mae: 0.2484 - mse: 0.1247 - ssim_metric: 0.4637
314/326 [===========================>..] - ETA: 9s - loss: 0.4011 - mae: 0.2484 - mse: 0.1248 - ssim_metric: 0.4639 
315/326 [===========================>..] - ETA: 8s - loss: 0.4013 - mae: 0.2485 - mse: 0.1248 - ssim_metric: 0.4637
316/326 [============================>.] - ETA: 7s - loss: 0.4012 - mae: 0.2485 - mse: 0.1248 - ssim_metric: 0.4636
317/326 [============================>.] - ETA: 7s - loss: 0.4011 - mae: 0.2484 - mse: 0.1247 - ssim_metric: 0.4638
318/326 [============================>.] - ETA: 6s - loss: 0.4009 - mae: 0.2483 - mse: 0.1247 - ssim_metric: 0.4639
319/326 [============================>.] - ETA: 5s - loss: 0.4014 - mae: 0.2485 - mse: 0.1249 - ssim_metric: 0.4637
320/326 [============================>.] - ETA: 4s - loss: 0.4013 - mae: 0.2485 - mse: 0.1248 - ssim_metric: 0.4635
321/326 [============================>.] - ETA: 3s - loss: 0.4014 - mae: 0.2487 - mse: 0.1249 - ssim_metric: 0.4633
322/326 [============================>.] - ETA: 3s - loss: 0.4012 - mae: 0.2486 - mse: 0.1248 - ssim_metric: 0.4633
323/326 [============================>.] - ETA: 2s - loss: 0.4012 - mae: 0.2486 - mse: 0.1248 - ssim_metric: 0.4633
324/326 [============================>.] - ETA: 1s - loss: 0.4016 - mae: 0.2488 - mse: 0.1249 - ssim_metric: 0.4630
325/326 [============================>.] - ETA: 0s - loss: 0.4016 - mae: 0.2488 - mse: 0.1249 - ssim_metric: 0.4630
326/326 [==============================] - ETA: 0s - loss: 0.4018 - mae: 0.2488 - mse: 0.1250 - ssim_metric: 0.4630
Epoch 6: saving model to C:\d_surucusu\visual_navigation\benchmark\models_pipeline\20260909_223425\bce_b32\_JOB_bce_b32_10_09_2026__11_08_model_f48_k4_epoch_00006_helu_osigmoid_(1, 1)_.h5

Epoch 6: val_loss improved from 0.36621 to 0.36255, saving model to C:\d_surucusu\visual_navigation\benchmark\models_pipeline\20260909_223425\bce_b32\_JOB_bce_b32_10_09_2026__11_08_best_val_loss_model_f48_k4.h5

Epoch 6: val_mae improved from 0.23309 to 0.23026, saving model to C:\d_surucusu\visual_navigation\benchmark\models_pipeline\20260909_223425\bce_b32\_JOB_bce_b32_10_09_2026__11_08_best_mae_model_f48_k4.h5

Epoch 6: val_ssim_metric did not improve from 0.59927

326/326 [==============================] - 276s 847ms/step - loss: 0.4018 - mae: 0.2488 - mse: 0.1250 - ssim_metric: 0.4630 - val_loss: 0.3625 - val_mae: 0.2303 - val_mse: 0.1105 - val_ssim_metric: 0.4828
Epoch 7/20

  1/326 [..............................] - ETA: 4:35 - loss: 0.4265 - mae: 0.2645 - mse: 0.1367 - ssim_metric: 0.4127
  2/326 [..............................] - ETA: 4:18 - loss: 0.4216 - mae: 0.2577 - mse: 0.1334 - ssim_metric: 0.4461
  3/326 [..............................] - ETA: 4:17 - loss: 0.4413 - mae: 0.2725 - mse: 0.1407 - ssim_metric: 0.4277
  4/326 [..............................] - ETA: 4:17 - loss: 0.4354 - mae: 0.2718 - mse: 0.1384 - ssim_metric: 0.4218
  5/326 [..............................] - ETA: 4:16 - loss: 0.4243 - mae: 0.2682 - mse: 0.1342 - ssim_metric: 0.4268
  6/326 [..............................] - ETA: 4:15 - loss: 0.4219 - mae: 0.2707 - mse: 0.1333 - ssim_metric: 0.4155
  7/326 [..............................] - ETA: 4:14 - loss: 0.4182 - mae: 0.2703 - mse: 0.1319 - ssim_metric: 0.4137
  8/326 [..............................] - ETA: 4:13 - loss: 0.4071 - mae: 0.2640 - mse: 0.1275 - ssim_metric: 0.4216
  9/326 [..............................] - ETA: 4:13 - loss: 0.3968 - mae: 0.2577 - mse: 0.1236 - ssim_metric: 0.4325
 10/326 [..............................] - ETA: 4:12 - loss: 0.3946 - mae: 0.2545 - mse: 0.1226 - ssim_metric: 0.4416
 11/326 [>.............................] - ETA: 4:11 - loss: 0.3980 - mae: 0.2545 - mse: 0.1243 - ssim_metric: 0.4465
 12/326 [>.............................] - ETA: 4:10 - loss: 0.3984 - mae: 0.2523 - mse: 0.1245 - ssim_metric: 0.4522
 13/326 [>.............................] - ETA: 4:10 - loss: 0.4042 - mae: 0.2521 - mse: 0.1264 - ssim_metric: 0.4559
 14/326 [>.............................] - ETA: 4:09 - loss: 0.4161 - mae: 0.2562 - mse: 0.1306 - ssim_metric: 0.4518
 15/326 [>.............................] - ETA: 4:08 - loss: 0.4066 - mae: 0.2513 - mse: 0.1270 - ssim_metric: 0.4604
 16/326 [>.............................] - ETA: 4:07 - loss: 0.4103 - mae: 0.2535 - mse: 0.1285 - ssim_metric: 0.4578
 17/326 [>.............................] - ETA: 4:06 - loss: 0.4093 - mae: 0.2541 - mse: 0.1281 - ssim_metric: 0.4564
 18/326 [>.............................] - ETA: 4:05 - loss: 0.4118 - mae: 0.2570 - mse: 0.1291 - ssim_metric: 0.4505
 19/326 [>.............................] - ETA: 4:05 - loss: 0.4123 - mae: 0.2587 - mse: 0.1293 - ssim_metric: 0.4473
 20/326 [>.............................] - ETA: 4:04 - loss: 0.4088 - mae: 0.2584 - mse: 0.1277 - ssim_metric: 0.4456
 21/326 [>.............................] - ETA: 4:03 - loss: 0.4044 - mae: 0.2565 - mse: 0.1259 - ssim_metric: 0.4473
 22/326 [=>............................] - ETA: 4:02 - loss: 0.4001 - mae: 0.2543 - mse: 0.1243 - ssim_metric: 0.4502
 23/326 [=>............................] - ETA: 4:01 - loss: 0.3962 - mae: 0.2515 - mse: 0.1229 - ssim_metric: 0.4571
 24/326 [=>............................] - ETA: 4:01 - loss: 0.3949 - mae: 0.2500 - mse: 0.1225 - ssim_metric: 0.4604
 25/326 [=>............................] - ETA: 4:00 - loss: 0.3993 - mae: 0.2508 - mse: 0.1240 - ssim_metric: 0.4597
 26/326 [=>............................] - ETA: 3:59 - loss: 0.4005 - mae: 0.2501 - mse: 0.1245 - ssim_metric: 0.4623
 27/326 [=>............................] - ETA: 3:58 - loss: 0.3993 - mae: 0.2486 - mse: 0.1241 - ssim_metric: 0.4658
 28/326 [=>............................] - ETA: 3:57 - loss: 0.4015 - mae: 0.2482 - mse: 0.1246 - ssim_metric: 0.4670
 29/326 [=>............................] - ETA: 3:57 - loss: 0.4002 - mae: 0.2472 - mse: 0.1242 - ssim_metric: 0.4677
 30/326 [=>............................] - ETA: 3:56 - loss: 0.4033 - mae: 0.2481 - mse: 0.1253 - ssim_metric: 0.4661
 31/326 [=>............................] - ETA: 3:55 - loss: 0.4037 - mae: 0.2485 - mse: 0.1254 - ssim_metric: 0.4636
 32/326 [=>............................] - ETA: 3:54 - loss: 0.4046 - mae: 0.2494 - mse: 0.1259 - ssim_metric: 0.4608
 33/326 [==>...........................] - ETA: 3:53 - loss: 0.4018 - mae: 0.2486 - mse: 0.1247 - ssim_metric: 0.4595
 34/326 [==>...........................] - ETA: 3:53 - loss: 0.4029 - mae: 0.2498 - mse: 0.1252 - ssim_metric: 0.4556
 35/326 [==>...........................] - ETA: 3:52 - loss: 0.4009 - mae: 0.2490 - mse: 0.1245 - ssim_metric: 0.4559
 36/326 [==>...........................] - ETA: 3:51 - loss: 0.4012 - mae: 0.2497 - mse: 0.1246 - ssim_metric: 0.4540
 37/326 [==>...........................] - ETA: 3:50 - loss: 0.3984 - mae: 0.2484 - mse: 0.1235 - ssim_metric: 0.4559
 38/326 [==>...........................] - ETA: 3:49 - loss: 0.3966 - mae: 0.2475 - mse: 0.1229 - ssim_metric: 0.4568
 39/326 [==>...........................] - ETA: 3:49 - loss: 0.3965 - mae: 0.2473 - mse: 0.1228 - ssim_metric: 0.4574
 40/326 [==>...........................] - ETA: 3:48 - loss: 0.3948 - mae: 0.2464 - mse: 0.1222 - ssim_metric: 0.4589
 41/326 [==>...........................] - ETA: 3:47 - loss: 0.3932 - mae: 0.2449 - mse: 0.1217 - ssim_metric: 0.4622
 42/326 [==>...........................] - ETA: 3:46 - loss: 0.3894 - mae: 0.2425 - mse: 0.1203 - ssim_metric: 0.4668
 43/326 [==>...........................] - ETA: 3:45 - loss: 0.3896 - mae: 0.2417 - mse: 0.1203 - ssim_metric: 0.4689
 44/326 [===>..........................] - ETA: 3:44 - loss: 0.3908 - mae: 0.2415 - mse: 0.1208 - ssim_metric: 0.4702
 45/326 [===>..........................] - ETA: 3:44 - loss: 0.3933 - mae: 0.2424 - mse: 0.1217 - ssim_metric: 0.4688
 46/326 [===>..........................] - ETA: 3:43 - loss: 0.3935 - mae: 0.2423 - mse: 0.1218 - ssim_metric: 0.4695
 47/326 [===>..........................] - ETA: 3:42 - loss: 0.3921 - mae: 0.2418 - mse: 0.1214 - ssim_metric: 0.4703
 48/326 [===>..........................] - ETA: 3:41 - loss: 0.3894 - mae: 0.2406 - mse: 0.1203 - ssim_metric: 0.4715
 49/326 [===>..........................] - ETA: 3:41 - loss: 0.3927 - mae: 0.2418 - mse: 0.1214 - ssim_metric: 0.4698
 50/326 [===>..........................] - ETA: 3:40 - loss: 0.3924 - mae: 0.2420 - mse: 0.1213 - ssim_metric: 0.4696
 51/326 [===>..........................] - ETA: 3:39 - loss: 0.3908 - mae: 0.2416 - mse: 0.1207 - ssim_metric: 0.4688
 52/326 [===>..........................] - ETA: 3:38 - loss: 0.3912 - mae: 0.2419 - mse: 0.1208 - ssim_metric: 0.4689
 53/326 [===>..........................] - ETA: 3:37 - loss: 0.3909 - mae: 0.2417 - mse: 0.1207 - ssim_metric: 0.4688
 54/326 [===>..........................] - ETA: 3:37 - loss: 0.3916 - mae: 0.2419 - mse: 0.1210 - ssim_metric: 0.4688
 55/326 [====>.........................] - ETA: 3:36 - loss: 0.3917 - mae: 0.2420 - mse: 0.1210 - ssim_metric: 0.4687
 56/326 [====>.........................] - ETA: 3:35 - loss: 0.3915 - mae: 0.2420 - mse: 0.1210 - ssim_metric: 0.4685
 57/326 [====>.........................] - ETA: 3:34 - loss: 0.3902 - mae: 0.2414 - mse: 0.1205 - ssim_metric: 0.4691
 58/326 [====>.........................] - ETA: 3:33 - loss: 0.3917 - mae: 0.2419 - mse: 0.1211 - ssim_metric: 0.4688
 59/326 [====>.........................] - ETA: 3:33 - loss: 0.3924 - mae: 0.2422 - mse: 0.1213 - ssim_metric: 0.4681
 60/326 [====>.........................] - ETA: 3:32 - loss: 0.3935 - mae: 0.2427 - mse: 0.1218 - ssim_metric: 0.4679
 61/326 [====>.........................] - ETA: 3:31 - loss: 0.3915 - mae: 0.2417 - mse: 0.1211 - ssim_metric: 0.4699
 62/326 [====>.........................] - ETA: 3:30 - loss: 0.3901 - mae: 0.2411 - mse: 0.1205 - ssim_metric: 0.4704
 63/326 [====>.........................] - ETA: 3:29 - loss: 0.3910 - mae: 0.2415 - mse: 0.1209 - ssim_metric: 0.4694
 64/326 [====>.........................] - ETA: 3:29 - loss: 0.3899 - mae: 0.2411 - mse: 0.1205 - ssim_metric: 0.4705
 65/326 [====>.........................] - ETA: 3:28 - loss: 0.3886 - mae: 0.2403 - mse: 0.1200 - ssim_metric: 0.4721
 66/326 [=====>........................] - ETA: 3:27 - loss: 0.3899 - mae: 0.2408 - mse: 0.1205 - ssim_metric: 0.4713
 67/326 [=====>........................] - ETA: 3:26 - loss: 0.3899 - mae: 0.2408 - mse: 0.1205 - ssim_metric: 0.4710
 68/326 [=====>........................] - ETA: 3:25 - loss: 0.3898 - mae: 0.2405 - mse: 0.1205 - ssim_metric: 0.4716
 69/326 [=====>........................] - ETA: 3:25 - loss: 0.3899 - mae: 0.2405 - mse: 0.1206 - ssim_metric: 0.4715
 70/326 [=====>........................] - ETA: 3:24 - loss: 0.3898 - mae: 0.2404 - mse: 0.1206 - ssim_metric: 0.4718
 71/326 [=====>........................] - ETA: 3:23 - loss: 0.3896 - mae: 0.2403 - mse: 0.1206 - ssim_metric: 0.4718
 72/326 [=====>........................] - ETA: 3:22 - loss: 0.3918 - mae: 0.2411 - mse: 0.1213 - ssim_metric: 0.4706
 73/326 [=====>........................] - ETA: 3:21 - loss: 0.3918 - mae: 0.2412 - mse: 0.1213 - ssim_metric: 0.4705
 74/326 [=====>........................] - ETA: 3:21 - loss: 0.3914 - mae: 0.2413 - mse: 0.1211 - ssim_metric: 0.4698
 75/326 [=====>........................] - ETA: 3:20 - loss: 0.3907 - mae: 0.2411 - mse: 0.1209 - ssim_metric: 0.4697
 76/326 [=====>........................] - ETA: 3:19 - loss: 0.3894 - mae: 0.2406 - mse: 0.1204 - ssim_metric: 0.4700
 77/326 [======>.......................] - ETA: 3:18 - loss: 0.3901 - mae: 0.2413 - mse: 0.1206 - ssim_metric: 0.4687
 78/326 [======>.......................] - ETA: 3:17 - loss: 0.3898 - mae: 0.2413 - mse: 0.1205 - ssim_metric: 0.4688
 79/326 [======>.......................] - ETA: 3:17 - loss: 0.3909 - mae: 0.2416 - mse: 0.1209 - ssim_metric: 0.4686
 80/326 [======>.......................] - ETA: 3:16 - loss: 0.3916 - mae: 0.2417 - mse: 0.1212 - ssim_metric: 0.4689
 81/326 [======>.......................] - ETA: 3:15 - loss: 0.3912 - mae: 0.2415 - mse: 0.1211 - ssim_metric: 0.4697
 82/326 [======>.......................] - ETA: 3:14 - loss: 0.3915 - mae: 0.2414 - mse: 0.1212 - ssim_metric: 0.4700
 83/326 [======>.......................] - ETA: 3:13 - loss: 0.3913 - mae: 0.2414 - mse: 0.1211 - ssim_metric: 0.4700
 84/326 [======>.......................] - ETA: 3:13 - loss: 0.3918 - mae: 0.2417 - mse: 0.1213 - ssim_metric: 0.4698
 85/326 [======>.......................] - ETA: 3:12 - loss: 0.3906 - mae: 0.2412 - mse: 0.1209 - ssim_metric: 0.4705
 86/326 [======>.......................] - ETA: 3:11 - loss: 0.3907 - mae: 0.2414 - mse: 0.1209 - ssim_metric: 0.4703
 87/326 [=======>......................] - ETA: 3:10 - loss: 0.3903 - mae: 0.2413 - mse: 0.1208 - ssim_metric: 0.4704
 88/326 [=======>......................] - ETA: 3:09 - loss: 0.3895 - mae: 0.2409 - mse: 0.1205 - ssim_metric: 0.4706
 89/326 [=======>......................] - ETA: 3:09 - loss: 0.3890 - mae: 0.2407 - mse: 0.1204 - ssim_metric: 0.4710
 90/326 [=======>......................] - ETA: 3:08 - loss: 0.3899 - mae: 0.2411 - mse: 0.1207 - ssim_metric: 0.4705
 91/326 [=======>......................] - ETA: 3:07 - loss: 0.3897 - mae: 0.2409 - mse: 0.1206 - ssim_metric: 0.4709
 92/326 [=======>......................] - ETA: 3:06 - loss: 0.3896 - mae: 0.2408 - mse: 0.1206 - ssim_metric: 0.4710
 93/326 [=======>......................] - ETA: 3:05 - loss: 0.3904 - mae: 0.2409 - mse: 0.1208 - ssim_metric: 0.4714
 94/326 [=======>......................] - ETA: 3:05 - loss: 0.3909 - mae: 0.2409 - mse: 0.1210 - ssim_metric: 0.4717
 95/326 [=======>......................] - ETA: 3:04 - loss: 0.3920 - mae: 0.2413 - mse: 0.1214 - ssim_metric: 0.4712
 96/326 [=======>......................] - ETA: 3:03 - loss: 0.3917 - mae: 0.2412 - mse: 0.1213 - ssim_metric: 0.4714
 97/326 [=======>......................] - ETA: 3:02 - loss: 0.3916 - mae: 0.2413 - mse: 0.1213 - ssim_metric: 0.4713
 98/326 [========>.....................] - ETA: 3:01 - loss: 0.3909 - mae: 0.2411 - mse: 0.1210 - ssim_metric: 0.4714
 99/326 [========>.....................] - ETA: 3:01 - loss: 0.3905 - mae: 0.2411 - mse: 0.1208 - ssim_metric: 0.4714
100/326 [========>.....................] - ETA: 3:00 - loss: 0.3905 - mae: 0.2413 - mse: 0.1209 - ssim_metric: 0.4711
101/326 [========>.....................] - ETA: 2:59 - loss: 0.3899 - mae: 0.2411 - mse: 0.1206 - ssim_metric: 0.4712
102/326 [========>.....................] - ETA: 2:58 - loss: 0.3892 - mae: 0.2409 - mse: 0.1204 - ssim_metric: 0.4714
103/326 [========>.....................] - ETA: 2:57 - loss: 0.3907 - mae: 0.2413 - mse: 0.1208 - ssim_metric: 0.4709
104/326 [========>.....................] - ETA: 2:57 - loss: 0.3906 - mae: 0.2412 - mse: 0.1208 - ssim_metric: 0.4713
105/326 [========>.....................] - ETA: 2:56 - loss: 0.3901 - mae: 0.2409 - mse: 0.1206 - ssim_metric: 0.4717
106/326 [========>.....................] - ETA: 2:55 - loss: 0.3893 - mae: 0.2404 - mse: 0.1203 - ssim_metric: 0.4725
107/326 [========>.....................] - ETA: 2:54 - loss: 0.3891 - mae: 0.2403 - mse: 0.1203 - ssim_metric: 0.4729
108/326 [========>.....................] - ETA: 2:53 - loss: 0.3911 - mae: 0.2408 - mse: 0.1209 - ssim_metric: 0.4724
109/326 [=========>....................] - ETA: 2:53 - loss: 0.3908 - mae: 0.2406 - mse: 0.1208 - ssim_metric: 0.4731
110/326 [=========>....................] - ETA: 2:52 - loss: 0.3914 - mae: 0.2409 - mse: 0.1210 - ssim_metric: 0.4728
111/326 [=========>....................] - ETA: 2:51 - loss: 0.3910 - mae: 0.2407 - mse: 0.1209 - ssim_metric: 0.4731
112/326 [=========>....................] - ETA: 2:50 - loss: 0.3911 - mae: 0.2408 - mse: 0.1209 - ssim_metric: 0.4730
113/326 [=========>....................] - ETA: 2:49 - loss: 0.3910 - mae: 0.2409 - mse: 0.1209 - ssim_metric: 0.4730
114/326 [=========>....................] - ETA: 2:49 - loss: 0.3908 - mae: 0.2409 - mse: 0.1208 - ssim_metric: 0.4728
115/326 [=========>....................] - ETA: 2:48 - loss: 0.3910 - mae: 0.2412 - mse: 0.1209 - ssim_metric: 0.4724
116/326 [=========>....................] - ETA: 2:47 - loss: 0.3911 - mae: 0.2413 - mse: 0.1209 - ssim_metric: 0.4720
117/326 [=========>....................] - ETA: 2:46 - loss: 0.3916 - mae: 0.2416 - mse: 0.1211 - ssim_metric: 0.4718
118/326 [=========>....................] - ETA: 2:45 - loss: 0.3910 - mae: 0.2413 - mse: 0.1209 - ssim_metric: 0.4727
119/326 [=========>....................] - ETA: 2:45 - loss: 0.3907 - mae: 0.2411 - mse: 0.1208 - ssim_metric: 0.4732
120/326 [==========>...................] - ETA: 2:44 - loss: 0.3904 - mae: 0.2409 - mse: 0.1207 - ssim_metric: 0.4736
121/326 [==========>...................] - ETA: 2:43 - loss: 0.3898 - mae: 0.2406 - mse: 0.1205 - ssim_metric: 0.4744
122/326 [==========>...................] - ETA: 2:42 - loss: 0.3903 - mae: 0.2406 - mse: 0.1206 - ssim_metric: 0.4748
123/326 [==========>...................] - ETA: 2:41 - loss: 0.3907 - mae: 0.2406 - mse: 0.1207 - ssim_metric: 0.4748
124/326 [==========>...................] - ETA: 2:41 - loss: 0.3911 - mae: 0.2408 - mse: 0.1209 - ssim_metric: 0.4743
125/326 [==========>...................] - ETA: 2:40 - loss: 0.3913 - mae: 0.2408 - mse: 0.1210 - ssim_metric: 0.4746
126/326 [==========>...................] - ETA: 2:39 - loss: 0.3909 - mae: 0.2406 - mse: 0.1208 - ssim_metric: 0.4746
127/326 [==========>...................] - ETA: 2:38 - loss: 0.3905 - mae: 0.2406 - mse: 0.1207 - ssim_metric: 0.4746
128/326 [==========>...................] - ETA: 2:37 - loss: 0.3901 - mae: 0.2403 - mse: 0.1205 - ssim_metric: 0.4748
129/326 [==========>...................] - ETA: 2:37 - loss: 0.3901 - mae: 0.2404 - mse: 0.1205 - ssim_metric: 0.4749
130/326 [==========>...................] - ETA: 2:36 - loss: 0.3911 - mae: 0.2409 - mse: 0.1209 - ssim_metric: 0.4740
131/326 [===========>..................] - ETA: 2:35 - loss: 0.3914 - mae: 0.2411 - mse: 0.1210 - ssim_metric: 0.4740
132/326 [===========>..................] - ETA: 2:34 - loss: 0.3914 - mae: 0.2411 - mse: 0.1210 - ssim_metric: 0.4740
133/326 [===========>..................] - ETA: 2:34 - loss: 0.3913 - mae: 0.2411 - mse: 0.1210 - ssim_metric: 0.4739
134/326 [===========>..................] - ETA: 2:33 - loss: 0.3918 - mae: 0.2414 - mse: 0.1211 - ssim_metric: 0.4735
135/326 [===========>..................] - ETA: 2:32 - loss: 0.3922 - mae: 0.2417 - mse: 0.1213 - ssim_metric: 0.4729
136/326 [===========>..................] - ETA: 2:31 - loss: 0.3924 - mae: 0.2419 - mse: 0.1214 - ssim_metric: 0.4722
137/326 [===========>..................] - ETA: 2:30 - loss: 0.3921 - mae: 0.2419 - mse: 0.1213 - ssim_metric: 0.4720
138/326 [===========>..................] - ETA: 2:30 - loss: 0.3925 - mae: 0.2422 - mse: 0.1214 - ssim_metric: 0.4712
139/326 [===========>..................] - ETA: 2:29 - loss: 0.3924 - mae: 0.2423 - mse: 0.1214 - ssim_metric: 0.4709
140/326 [===========>..................] - ETA: 2:28 - loss: 0.3925 - mae: 0.2423 - mse: 0.1215 - ssim_metric: 0.4708
141/326 [===========>..................] - ETA: 2:27 - loss: 0.3926 - mae: 0.2424 - mse: 0.1215 - ssim_metric: 0.4709
142/326 [============>.................] - ETA: 2:26 - loss: 0.3922 - mae: 0.2422 - mse: 0.1214 - ssim_metric: 0.4714
143/326 [============>.................] - ETA: 2:26 - loss: 0.3925 - mae: 0.2423 - mse: 0.1215 - ssim_metric: 0.4711
144/326 [============>.................] - ETA: 2:25 - loss: 0.3923 - mae: 0.2422 - mse: 0.1214 - ssim_metric: 0.4712
145/326 [============>.................] - ETA: 2:24 - loss: 0.3921 - mae: 0.2420 - mse: 0.1213 - ssim_metric: 0.4717
146/326 [============>.................] - ETA: 2:23 - loss: 0.3919 - mae: 0.2419 - mse: 0.1213 - ssim_metric: 0.4721
147/326 [============>.................] - ETA: 2:22 - loss: 0.3926 - mae: 0.2421 - mse: 0.1215 - ssim_metric: 0.4718
148/326 [============>.................] - ETA: 2:22 - loss: 0.3922 - mae: 0.2420 - mse: 0.1214 - ssim_metric: 0.4721
149/326 [============>.................] - ETA: 2:21 - loss: 0.3925 - mae: 0.2422 - mse: 0.1215 - ssim_metric: 0.4716
150/326 [============>.................] - ETA: 2:20 - loss: 0.3923 - mae: 0.2422 - mse: 0.1214 - ssim_metric: 0.4715
151/326 [============>.................] - ETA: 2:19 - loss: 0.3929 - mae: 0.2426 - mse: 0.1217 - ssim_metric: 0.4708
152/326 [============>.................] - ETA: 2:18 - loss: 0.3935 - mae: 0.2428 - mse: 0.1219 - ssim_metric: 0.4706
153/326 [=============>................] - ETA: 2:18 - loss: 0.3931 - mae: 0.2427 - mse: 0.1218 - ssim_metric: 0.4706
154/326 [=============>................] - ETA: 2:17 - loss: 0.3930 - mae: 0.2427 - mse: 0.1217 - ssim_metric: 0.4705
155/326 [=============>................] - ETA: 2:16 - loss: 0.3931 - mae: 0.2428 - mse: 0.1217 - ssim_metric: 0.4704
156/326 [=============>................] - ETA: 2:15 - loss: 0.3928 - mae: 0.2426 - mse: 0.1216 - ssim_metric: 0.4706
157/326 [=============>................] - ETA: 2:14 - loss: 0.3929 - mae: 0.2427 - mse: 0.1217 - ssim_metric: 0.4703
158/326 [=============>................] - ETA: 2:14 - loss: 0.3937 - mae: 0.2429 - mse: 0.1219 - ssim_metric: 0.4703
159/326 [=============>................] - ETA: 2:13 - loss: 0.3939 - mae: 0.2430 - mse: 0.1220 - ssim_metric: 0.4703
160/326 [=============>................] - ETA: 2:12 - loss: 0.3938 - mae: 0.2429 - mse: 0.1220 - ssim_metric: 0.4704
161/326 [=============>................] - ETA: 2:11 - loss: 0.3941 - mae: 0.2432 - mse: 0.1221 - ssim_metric: 0.4700
162/326 [=============>................] - ETA: 2:10 - loss: 0.3938 - mae: 0.2431 - mse: 0.1220 - ssim_metric: 0.4698
163/326 [==============>...............] - ETA: 2:10 - loss: 0.3934 - mae: 0.2430 - mse: 0.1219 - ssim_metric: 0.4699
164/326 [==============>...............] - ETA: 2:09 - loss: 0.3933 - mae: 0.2430 - mse: 0.1218 - ssim_metric: 0.4701
165/326 [==============>...............] - ETA: 2:08 - loss: 0.3934 - mae: 0.2430 - mse: 0.1219 - ssim_metric: 0.4701
166/326 [==============>...............] - ETA: 2:07 - loss: 0.3940 - mae: 0.2433 - mse: 0.1221 - ssim_metric: 0.4697
167/326 [==============>...............] - ETA: 2:06 - loss: 0.3938 - mae: 0.2433 - mse: 0.1220 - ssim_metric: 0.4696
168/326 [==============>...............] - ETA: 2:06 - loss: 0.3942 - mae: 0.2435 - mse: 0.1222 - ssim_metric: 0.4693
169/326 [==============>...............] - ETA: 2:05 - loss: 0.3939 - mae: 0.2434 - mse: 0.1221 - ssim_metric: 0.4696
170/326 [==============>...............] - ETA: 2:04 - loss: 0.3941 - mae: 0.2435 - mse: 0.1222 - ssim_metric: 0.4694
171/326 [==============>...............] - ETA: 2:03 - loss: 0.3939 - mae: 0.2435 - mse: 0.1221 - ssim_metric: 0.4695
172/326 [==============>...............] - ETA: 2:02 - loss: 0.3936 - mae: 0.2432 - mse: 0.1220 - ssim_metric: 0.4700
173/326 [==============>...............] - ETA: 2:02 - loss: 0.3938 - mae: 0.2433 - mse: 0.1221 - ssim_metric: 0.4699
174/326 [===============>..............] - ETA: 2:01 - loss: 0.3936 - mae: 0.2432 - mse: 0.1220 - ssim_metric: 0.4698
175/326 [===============>..............] - ETA: 2:00 - loss: 0.3938 - mae: 0.2433 - mse: 0.1221 - ssim_metric: 0.4697
176/326 [===============>..............] - ETA: 1:59 - loss: 0.3938 - mae: 0.2433 - mse: 0.1221 - ssim_metric: 0.4698
177/326 [===============>..............] - ETA: 1:58 - loss: 0.3939 - mae: 0.2433 - mse: 0.1222 - ssim_metric: 0.4699
178/326 [===============>..............] - ETA: 1:58 - loss: 0.3948 - mae: 0.2436 - mse: 0.1225 - ssim_metric: 0.4694
179/326 [===============>..............] - ETA: 1:57 - loss: 0.3949 - mae: 0.2438 - mse: 0.1225 - ssim_metric: 0.4692
180/326 [===============>..............] - ETA: 1:56 - loss: 0.3950 - mae: 0.2439 - mse: 0.1226 - ssim_metric: 0.4687
181/326 [===============>..............] - ETA: 1:55 - loss: 0.3955 - mae: 0.2445 - mse: 0.1228 - ssim_metric: 0.4677
182/326 [===============>..............] - ETA: 1:54 - loss: 0.3956 - mae: 0.2447 - mse: 0.1228 - ssim_metric: 0.4671
183/326 [===============>..............] - ETA: 1:54 - loss: 0.3955 - mae: 0.2448 - mse: 0.1228 - ssim_metric: 0.4667
184/326 [===============>..............] - ETA: 1:53 - loss: 0.3955 - mae: 0.2449 - mse: 0.1228 - ssim_metric: 0.4665
185/326 [================>.............] - ETA: 1:52 - loss: 0.3957 - mae: 0.2451 - mse: 0.1228 - ssim_metric: 0.4662
186/326 [================>.............] - ETA: 1:51 - loss: 0.3963 - mae: 0.2454 - mse: 0.1231 - ssim_metric: 0.4656
187/326 [================>.............] - ETA: 1:50 - loss: 0.3967 - mae: 0.2456 - mse: 0.1232 - ssim_metric: 0.4654
188/326 [================>.............] - ETA: 1:50 - loss: 0.3971 - mae: 0.2456 - mse: 0.1233 - ssim_metric: 0.4657
189/326 [================>.............] - ETA: 1:49 - loss: 0.3967 - mae: 0.2456 - mse: 0.1232 - ssim_metric: 0.4658
190/326 [================>.............] - ETA: 1:48 - loss: 0.3965 - mae: 0.2455 - mse: 0.1231 - ssim_metric: 0.4657
191/326 [================>.............] - ETA: 1:47 - loss: 0.3964 - mae: 0.2455 - mse: 0.1231 - ssim_metric: 0.4654
192/326 [================>.............] - ETA: 1:46 - loss: 0.3963 - mae: 0.2454 - mse: 0.1230 - ssim_metric: 0.4656
193/326 [================>.............] - ETA: 1:46 - loss: 0.3964 - mae: 0.2455 - mse: 0.1231 - ssim_metric: 0.4657
194/326 [================>.............] - ETA: 1:45 - loss: 0.3960 - mae: 0.2452 - mse: 0.1229 - ssim_metric: 0.4662
195/326 [================>.............] - ETA: 1:44 - loss: 0.3963 - mae: 0.2451 - mse: 0.1230 - ssim_metric: 0.4665
196/326 [=================>............] - ETA: 1:43 - loss: 0.3967 - mae: 0.2452 - mse: 0.1232 - ssim_metric: 0.4665
197/326 [=================>............] - ETA: 1:42 - loss: 0.3964 - mae: 0.2450 - mse: 0.1231 - ssim_metric: 0.4669
198/326 [=================>............] - ETA: 1:42 - loss: 0.3963 - mae: 0.2449 - mse: 0.1230 - ssim_metric: 0.4670
199/326 [=================>............] - ETA: 1:41 - loss: 0.3963 - mae: 0.2449 - mse: 0.1230 - ssim_metric: 0.4670
200/326 [=================>............] - ETA: 1:40 - loss: 0.3963 - mae: 0.2450 - mse: 0.1230 - ssim_metric: 0.4668
201/326 [=================>............] - ETA: 1:39 - loss: 0.3963 - mae: 0.2450 - mse: 0.1230 - ssim_metric: 0.4665
202/326 [=================>............] - ETA: 1:38 - loss: 0.3967 - mae: 0.2452 - mse: 0.1231 - ssim_metric: 0.4665
203/326 [=================>............] - ETA: 1:38 - loss: 0.3972 - mae: 0.2454 - mse: 0.1233 - ssim_metric: 0.4660
204/326 [=================>............] - ETA: 1:37 - loss: 0.3970 - mae: 0.2454 - mse: 0.1233 - ssim_metric: 0.4658
205/326 [=================>............] - ETA: 1:36 - loss: 0.3967 - mae: 0.2453 - mse: 0.1231 - ssim_metric: 0.4658
206/326 [=================>............] - ETA: 1:35 - loss: 0.3965 - mae: 0.2453 - mse: 0.1231 - ssim_metric: 0.4658
207/326 [==================>...........] - ETA: 1:34 - loss: 0.3965 - mae: 0.2453 - mse: 0.1230 - ssim_metric: 0.4659
208/326 [==================>...........] - ETA: 1:34 - loss: 0.3964 - mae: 0.2452 - mse: 0.1230 - ssim_metric: 0.4661
209/326 [==================>...........] - ETA: 1:33 - loss: 0.3964 - mae: 0.2452 - mse: 0.1230 - ssim_metric: 0.4662
210/326 [==================>...........] - ETA: 1:32 - loss: 0.3966 - mae: 0.2453 - mse: 0.1231 - ssim_metric: 0.4662
211/326 [==================>...........] - ETA: 1:31 - loss: 0.3966 - mae: 0.2451 - mse: 0.1231 - ssim_metric: 0.4667
212/326 [==================>...........] - ETA: 1:30 - loss: 0.3965 - mae: 0.2451 - mse: 0.1231 - ssim_metric: 0.4669
213/326 [==================>...........] - ETA: 1:30 - loss: 0.3962 - mae: 0.2449 - mse: 0.1230 - ssim_metric: 0.4671
214/326 [==================>...........] - ETA: 1:29 - loss: 0.3963 - mae: 0.2450 - mse: 0.1230 - ssim_metric: 0.4669
215/326 [==================>...........] - ETA: 1:28 - loss: 0.3963 - mae: 0.2450 - mse: 0.1230 - ssim_metric: 0.4668
216/326 [==================>...........] - ETA: 1:27 - loss: 0.3961 - mae: 0.2449 - mse: 0.1229 - ssim_metric: 0.4669
217/326 [==================>...........] - ETA: 1:26 - loss: 0.3962 - mae: 0.2450 - mse: 0.1230 - ssim_metric: 0.4668
218/326 [===================>..........] - ETA: 1:26 - loss: 0.3963 - mae: 0.2450 - mse: 0.1230 - ssim_metric: 0.4666
219/326 [===================>..........] - ETA: 1:25 - loss: 0.3962 - mae: 0.2450 - mse: 0.1230 - ssim_metric: 0.4666
220/326 [===================>..........] - ETA: 1:24 - loss: 0.3965 - mae: 0.2452 - mse: 0.1231 - ssim_metric: 0.4662
221/326 [===================>..........] - ETA: 1:23 - loss: 0.3967 - mae: 0.2454 - mse: 0.1232 - ssim_metric: 0.4658
222/326 [===================>..........] - ETA: 1:22 - loss: 0.3969 - mae: 0.2456 - mse: 0.1233 - ssim_metric: 0.4654
223/326 [===================>..........] - ETA: 1:22 - loss: 0.3967 - mae: 0.2455 - mse: 0.1232 - ssim_metric: 0.4654
224/326 [===================>..........] - ETA: 1:21 - loss: 0.3969 - mae: 0.2457 - mse: 0.1233 - ssim_metric: 0.4652
225/326 [===================>..........] - ETA: 1:20 - loss: 0.3971 - mae: 0.2458 - mse: 0.1234 - ssim_metric: 0.4650
226/326 [===================>..........] - ETA: 1:19 - loss: 0.3972 - mae: 0.2458 - mse: 0.1234 - ssim_metric: 0.4651
227/326 [===================>..........] - ETA: 1:19 - loss: 0.3969 - mae: 0.2456 - mse: 0.1233 - ssim_metric: 0.4655
228/326 [===================>..........] - ETA: 1:18 - loss: 0.3969 - mae: 0.2455 - mse: 0.1233 - ssim_metric: 0.4657
229/326 [====================>.........] - ETA: 1:17 - loss: 0.3972 - mae: 0.2457 - mse: 0.1234 - ssim_metric: 0.4653
230/326 [====================>.........] - ETA: 1:16 - loss: 0.3972 - mae: 0.2457 - mse: 0.1234 - ssim_metric: 0.4653
231/326 [====================>.........] - ETA: 1:15 - loss: 0.3971 - mae: 0.2457 - mse: 0.1234 - ssim_metric: 0.4653
232/326 [====================>.........] - ETA: 1:15 - loss: 0.3969 - mae: 0.2456 - mse: 0.1233 - ssim_metric: 0.4654
233/326 [====================>.........] - ETA: 1:14 - loss: 0.3970 - mae: 0.2457 - mse: 0.1233 - ssim_metric: 0.4655
234/326 [====================>.........] - ETA: 1:13 - loss: 0.3973 - mae: 0.2458 - mse: 0.1234 - ssim_metric: 0.4650
235/326 [====================>.........] - ETA: 1:12 - loss: 0.3972 - mae: 0.2459 - mse: 0.1234 - ssim_metric: 0.4650
236/326 [====================>.........] - ETA: 1:11 - loss: 0.3967 - mae: 0.2456 - mse: 0.1232 - ssim_metric: 0.4654
237/326 [====================>.........] - ETA: 1:11 - loss: 0.3965 - mae: 0.2455 - mse: 0.1231 - ssim_metric: 0.4658
238/326 [====================>.........] - ETA: 1:10 - loss: 0.3967 - mae: 0.2455 - mse: 0.1232 - ssim_metric: 0.4658
239/326 [====================>.........] - ETA: 1:09 - loss: 0.3961 - mae: 0.2451 - mse: 0.1230 - ssim_metric: 0.4664
240/326 [=====================>........] - ETA: 1:08 - loss: 0.3961 - mae: 0.2451 - mse: 0.1230 - ssim_metric: 0.4667
241/326 [=====================>........] - ETA: 1:07 - loss: 0.3960 - mae: 0.2449 - mse: 0.1230 - ssim_metric: 0.4668
242/326 [=====================>........] - ETA: 1:07 - loss: 0.3955 - mae: 0.2446 - mse: 0.1228 - ssim_metric: 0.4674
243/326 [=====================>........] - ETA: 1:06 - loss: 0.3955 - mae: 0.2445 - mse: 0.1228 - ssim_metric: 0.4677
244/326 [=====================>........] - ETA: 1:05 - loss: 0.3955 - mae: 0.2445 - mse: 0.1228 - ssim_metric: 0.4678
245/326 [=====================>........] - ETA: 1:04 - loss: 0.3956 - mae: 0.2446 - mse: 0.1228 - ssim_metric: 0.4677
246/326 [=====================>........] - ETA: 1:03 - loss: 0.3955 - mae: 0.2445 - mse: 0.1228 - ssim_metric: 0.4679
247/326 [=====================>........] - ETA: 1:03 - loss: 0.3954 - mae: 0.2445 - mse: 0.1228 - ssim_metric: 0.4678
248/326 [=====================>........] - ETA: 1:02 - loss: 0.3957 - mae: 0.2447 - mse: 0.1229 - ssim_metric: 0.4677
249/326 [=====================>........] - ETA: 1:01 - loss: 0.3959 - mae: 0.2449 - mse: 0.1230 - ssim_metric: 0.4674
250/326 [======================>.......] - ETA: 1:00 - loss: 0.3958 - mae: 0.2449 - mse: 0.1229 - ssim_metric: 0.4672
251/326 [======================>.......] - ETA: 59s - loss: 0.3956 - mae: 0.2449 - mse: 0.1229 - ssim_metric: 0.4671 
252/326 [======================>.......] - ETA: 59s - loss: 0.3952 - mae: 0.2447 - mse: 0.1227 - ssim_metric: 0.4672
253/326 [======================>.......] - ETA: 58s - loss: 0.3958 - mae: 0.2449 - mse: 0.1229 - ssim_metric: 0.4671
254/326 [======================>.......] - ETA: 57s - loss: 0.3958 - mae: 0.2450 - mse: 0.1229 - ssim_metric: 0.4671
255/326 [======================>.......] - ETA: 56s - loss: 0.3955 - mae: 0.2448 - mse: 0.1228 - ssim_metric: 0.4672
256/326 [======================>.......] - ETA: 55s - loss: 0.3957 - mae: 0.2449 - mse: 0.1229 - ssim_metric: 0.4672
257/326 [======================>.......] - ETA: 55s - loss: 0.3957 - mae: 0.2449 - mse: 0.1229 - ssim_metric: 0.4673
258/326 [======================>.......] - ETA: 54s - loss: 0.3960 - mae: 0.2449 - mse: 0.1230 - ssim_metric: 0.4673
259/326 [======================>.......] - ETA: 53s - loss: 0.3962 - mae: 0.2450 - mse: 0.1231 - ssim_metric: 0.4671
260/326 [======================>.......] - ETA: 52s - loss: 0.3959 - mae: 0.2449 - mse: 0.1230 - ssim_metric: 0.4673
261/326 [=======================>......] - ETA: 51s - loss: 0.3960 - mae: 0.2448 - mse: 0.1230 - ssim_metric: 0.4672
262/326 [=======================>......] - ETA: 51s - loss: 0.3956 - mae: 0.2447 - mse: 0.1228 - ssim_metric: 0.4672
263/326 [=======================>......] - ETA: 50s - loss: 0.3961 - mae: 0.2449 - mse: 0.1230 - ssim_metric: 0.4670
264/326 [=======================>......] - ETA: 49s - loss: 0.3962 - mae: 0.2450 - mse: 0.1230 - ssim_metric: 0.4669
265/326 [=======================>......] - ETA: 48s - loss: 0.3962 - mae: 0.2451 - mse: 0.1231 - ssim_metric: 0.4667
266/326 [=======================>......] - ETA: 47s - loss: 0.3964 - mae: 0.2452 - mse: 0.1231 - ssim_metric: 0.4663
267/326 [=======================>......] - ETA: 47s - loss: 0.3965 - mae: 0.2454 - mse: 0.1232 - ssim_metric: 0.4659
268/326 [=======================>......] - ETA: 46s - loss: 0.3965 - mae: 0.2455 - mse: 0.1232 - ssim_metric: 0.4656
269/326 [=======================>......] - ETA: 45s - loss: 0.3964 - mae: 0.2455 - mse: 0.1231 - ssim_metric: 0.4656
270/326 [=======================>......] - ETA: 44s - loss: 0.3967 - mae: 0.2456 - mse: 0.1232 - ssim_metric: 0.4654
271/326 [=======================>......] - ETA: 43s - loss: 0.3967 - mae: 0.2457 - mse: 0.1233 - ssim_metric: 0.4653
272/326 [========================>.....] - ETA: 43s - loss: 0.3967 - mae: 0.2456 - mse: 0.1232 - ssim_metric: 0.4654
273/326 [========================>.....] - ETA: 42s - loss: 0.3963 - mae: 0.2455 - mse: 0.1231 - ssim_metric: 0.4657
274/326 [========================>.....] - ETA: 41s - loss: 0.3965 - mae: 0.2455 - mse: 0.1232 - ssim_metric: 0.4657
275/326 [========================>.....] - ETA: 40s - loss: 0.3966 - mae: 0.2455 - mse: 0.1232 - ssim_metric: 0.4660
276/326 [========================>.....] - ETA: 39s - loss: 0.3967 - mae: 0.2455 - mse: 0.1232 - ssim_metric: 0.4659
277/326 [========================>.....] - ETA: 39s - loss: 0.3969 - mae: 0.2456 - mse: 0.1233 - ssim_metric: 0.4657
278/326 [========================>.....] - ETA: 38s - loss: 0.3968 - mae: 0.2456 - mse: 0.1233 - ssim_metric: 0.4658
279/326 [========================>.....] - ETA: 37s - loss: 0.3966 - mae: 0.2455 - mse: 0.1232 - ssim_metric: 0.4661
280/326 [========================>.....] - ETA: 36s - loss: 0.3965 - mae: 0.2455 - mse: 0.1232 - ssim_metric: 0.4661
281/326 [========================>.....] - ETA: 35s - loss: 0.3968 - mae: 0.2456 - mse: 0.1233 - ssim_metric: 0.4658
282/326 [========================>.....] - ETA: 35s - loss: 0.3969 - mae: 0.2457 - mse: 0.1233 - ssim_metric: 0.4659
283/326 [=========================>....] - ETA: 34s - loss: 0.3973 - mae: 0.2458 - mse: 0.1235 - ssim_metric: 0.4657
284/326 [=========================>....] - ETA: 33s - loss: 0.3972 - mae: 0.2459 - mse: 0.1234 - ssim_metric: 0.4656
285/326 [=========================>....] - ETA: 32s - loss: 0.3974 - mae: 0.2461 - mse: 0.1235 - ssim_metric: 0.4652
286/326 [=========================>....] - ETA: 31s - loss: 0.3975 - mae: 0.2461 - mse: 0.1235 - ssim_metric: 0.4651
287/326 [=========================>....] - ETA: 31s - loss: 0.3978 - mae: 0.2463 - mse: 0.1237 - ssim_metric: 0.4649
288/326 [=========================>....] - ETA: 30s - loss: 0.3982 - mae: 0.2465 - mse: 0.1238 - ssim_metric: 0.4646
289/326 [=========================>....] - ETA: 29s - loss: 0.3982 - mae: 0.2465 - mse: 0.1238 - ssim_metric: 0.4645
290/326 [=========================>....] - ETA: 28s - loss: 0.3986 - mae: 0.2467 - mse: 0.1239 - ssim_metric: 0.4644
291/326 [=========================>....] - ETA: 27s - loss: 0.3986 - mae: 0.2467 - mse: 0.1240 - ssim_metric: 0.4642
292/326 [=========================>....] - ETA: 27s - loss: 0.3984 - mae: 0.2467 - mse: 0.1238 - ssim_metric: 0.4641
293/326 [=========================>....] - ETA: 26s - loss: 0.3983 - mae: 0.2467 - mse: 0.1238 - ssim_metric: 0.4642
294/326 [==========================>...] - ETA: 25s - loss: 0.3985 - mae: 0.2468 - mse: 0.1239 - ssim_metric: 0.4639
295/326 [==========================>...] - ETA: 24s - loss: 0.3985 - mae: 0.2469 - mse: 0.1239 - ssim_metric: 0.4638
296/326 [==========================>...] - ETA: 23s - loss: 0.3983 - mae: 0.2468 - mse: 0.1238 - ssim_metric: 0.4640
297/326 [==========================>...] - ETA: 23s - loss: 0.3984 - mae: 0.2468 - mse: 0.1239 - ssim_metric: 0.4640
298/326 [==========================>...] - ETA: 22s - loss: 0.3980 - mae: 0.2466 - mse: 0.1237 - ssim_metric: 0.4644
299/326 [==========================>...] - ETA: 21s - loss: 0.3978 - mae: 0.2465 - mse: 0.1236 - ssim_metric: 0.4647
300/326 [==========================>...] - ETA: 20s - loss: 0.3978 - mae: 0.2464 - mse: 0.1236 - ssim_metric: 0.4648
301/326 [==========================>...] - ETA: 19s - loss: 0.3975 - mae: 0.2462 - mse: 0.1235 - ssim_metric: 0.4652
302/326 [==========================>...] - ETA: 19s - loss: 0.3979 - mae: 0.2463 - mse: 0.1237 - ssim_metric: 0.4650
303/326 [==========================>...] - ETA: 18s - loss: 0.3978 - mae: 0.2463 - mse: 0.1237 - ssim_metric: 0.4650
304/326 [==========================>...] - ETA: 17s - loss: 0.3979 - mae: 0.2464 - mse: 0.1237 - ssim_metric: 0.4649
305/326 [===========================>..] - ETA: 16s - loss: 0.3979 - mae: 0.2464 - mse: 0.1237 - ssim_metric: 0.4649
306/326 [===========================>..] - ETA: 15s - loss: 0.3979 - mae: 0.2464 - mse: 0.1237 - ssim_metric: 0.4647
307/326 [===========================>..] - ETA: 15s - loss: 0.3980 - mae: 0.2465 - mse: 0.1237 - ssim_metric: 0.4646
308/326 [===========================>..] - ETA: 14s - loss: 0.3979 - mae: 0.2464 - mse: 0.1237 - ssim_metric: 0.4648
309/326 [===========================>..] - ETA: 13s - loss: 0.3978 - mae: 0.2464 - mse: 0.1236 - ssim_metric: 0.4648
310/326 [===========================>..] - ETA: 12s - loss: 0.3978 - mae: 0.2464 - mse: 0.1236 - ssim_metric: 0.4647
311/326 [===========================>..] - ETA: 11s - loss: 0.3977 - mae: 0.2463 - mse: 0.1236 - ssim_metric: 0.4648
312/326 [===========================>..] - ETA: 11s - loss: 0.3976 - mae: 0.2463 - mse: 0.1236 - ssim_metric: 0.4648
313/326 [===========================>..] - ETA: 10s - loss: 0.3977 - mae: 0.2464 - mse: 0.1236 - ssim_metric: 0.4648
314/326 [===========================>..] - ETA: 9s - loss: 0.3979 - mae: 0.2463 - mse: 0.1237 - ssim_metric: 0.4650 
315/326 [===========================>..] - ETA: 8s - loss: 0.3981 - mae: 0.2464 - mse: 0.1238 - ssim_metric: 0.4648
316/326 [============================>.] - ETA: 7s - loss: 0.3980 - mae: 0.2464 - mse: 0.1237 - ssim_metric: 0.4647
317/326 [============================>.] - ETA: 7s - loss: 0.3979 - mae: 0.2463 - mse: 0.1237 - ssim_metric: 0.4649
318/326 [============================>.] - ETA: 6s - loss: 0.3977 - mae: 0.2463 - mse: 0.1236 - ssim_metric: 0.4649
319/326 [============================>.] - ETA: 5s - loss: 0.3982 - mae: 0.2465 - mse: 0.1238 - ssim_metric: 0.4647
320/326 [============================>.] - ETA: 4s - loss: 0.3981 - mae: 0.2465 - mse: 0.1238 - ssim_metric: 0.4645
321/326 [============================>.] - ETA: 3s - loss: 0.3982 - mae: 0.2466 - mse: 0.1238 - ssim_metric: 0.4643
322/326 [============================>.] - ETA: 3s - loss: 0.3980 - mae: 0.2466 - mse: 0.1237 - ssim_metric: 0.4643
323/326 [============================>.] - ETA: 2s - loss: 0.3980 - mae: 0.2466 - mse: 0.1237 - ssim_metric: 0.4643
324/326 [============================>.] - ETA: 1s - loss: 0.3984 - mae: 0.2468 - mse: 0.1239 - ssim_metric: 0.4640
325/326 [============================>.] - ETA: 0s - loss: 0.3984 - mae: 0.2468 - mse: 0.1239 - ssim_metric: 0.4639
326/326 [==============================] - ETA: 0s - loss: 0.3986 - mae: 0.2468 - mse: 0.1239 - ssim_metric: 0.4639
Epoch 7: saving model to C:\d_surucusu\visual_navigation\benchmark\models_pipeline\20260909_223425\bce_b32\_JOB_bce_b32_10_09_2026__11_08_model_f48_k4_epoch_00007_helu_osigmoid_(1, 1)_.h5

Epoch 7: val_loss improved from 0.36255 to 0.36021, saving model to C:\d_surucusu\visual_navigation\benchmark\models_pipeline\20260909_223425\bce_b32\_JOB_bce_b32_10_09_2026__11_08_best_val_loss_model_f48_k4.h5

Epoch 7: val_mae improved from 0.23026 to 0.22853, saving model to C:\d_surucusu\visual_navigation\benchmark\models_pipeline\20260909_223425\bce_b32\_JOB_bce_b32_10_09_2026__11_08_best_mae_model_f48_k4.h5

Epoch 7: val_ssim_metric did not improve from 0.59927

326/326 [==============================] - 276s 847ms/step - loss: 0.3986 - mae: 0.2468 - mse: 0.1239 - ssim_metric: 0.4639 - val_loss: 0.3602 - val_mae: 0.2285 - val_mse: 0.1097 - val_ssim_metric: 0.4807
Epoch 8/20

  1/326 [..............................] - ETA: 4:36 - loss: 0.4233 - mae: 0.2627 - mse: 0.1357 - ssim_metric: 0.4119
  2/326 [..............................] - ETA: 4:17 - loss: 0.4192 - mae: 0.2566 - mse: 0.1326 - ssim_metric: 0.4426
  3/326 [..............................] - ETA: 4:17 - loss: 0.4386 - mae: 0.2712 - mse: 0.1397 - ssim_metric: 0.4237
  4/326 [..............................] - ETA: 4:16 - loss: 0.4322 - mae: 0.2698 - mse: 0.1373 - ssim_metric: 0.4184
  5/326 [..............................] - ETA: 4:15 - loss: 0.4209 - mae: 0.2658 - mse: 0.1331 - ssim_metric: 0.4247
  6/326 [..............................] - ETA: 4:14 - loss: 0.4184 - mae: 0.2679 - mse: 0.1321 - ssim_metric: 0.4143
  7/326 [..............................] - ETA: 4:13 - loss: 0.4148 - mae: 0.2675 - mse: 0.1307 - ssim_metric: 0.4128
  8/326 [..............................] - ETA: 4:13 - loss: 0.4037 - mae: 0.2612 - mse: 0.1263 - ssim_metric: 0.4212
  9/326 [..............................] - ETA: 4:12 - loss: 0.3935 - mae: 0.2550 - mse: 0.1225 - ssim_metric: 0.4320
 10/326 [..............................] - ETA: 4:11 - loss: 0.3914 - mae: 0.2522 - mse: 0.1216 - ssim_metric: 0.4406
 11/326 [>.............................] - ETA: 4:10 - loss: 0.3945 - mae: 0.2523 - mse: 0.1231 - ssim_metric: 0.4451
 12/326 [>.............................] - ETA: 4:10 - loss: 0.3947 - mae: 0.2503 - mse: 0.1233 - ssim_metric: 0.4505
 13/326 [>.............................] - ETA: 4:09 - loss: 0.4003 - mae: 0.2503 - mse: 0.1251 - ssim_metric: 0.4539
 14/326 [>.............................] - ETA: 4:08 - loss: 0.4125 - mae: 0.2545 - mse: 0.1294 - ssim_metric: 0.4497
 15/326 [>.............................] - ETA: 4:07 - loss: 0.4029 - mae: 0.2494 - mse: 0.1259 - ssim_metric: 0.4591
 16/326 [>.............................] - ETA: 4:07 - loss: 0.4067 - mae: 0.2514 - mse: 0.1274 - ssim_metric: 0.4569
 17/326 [>.............................] - ETA: 4:06 - loss: 0.4057 - mae: 0.2518 - mse: 0.1269 - ssim_metric: 0.4560
 18/326 [>.............................] - ETA: 4:05 - loss: 0.4083 - mae: 0.2546 - mse: 0.1280 - ssim_metric: 0.4503
 19/326 [>.............................] - ETA: 4:04 - loss: 0.4087 - mae: 0.2561 - mse: 0.1281 - ssim_metric: 0.4474
 20/326 [>.............................] - ETA: 4:03 - loss: 0.4049 - mae: 0.2556 - mse: 0.1265 - ssim_metric: 0.4458
 21/326 [>.............................] - ETA: 4:03 - loss: 0.4005 - mae: 0.2537 - mse: 0.1247 - ssim_metric: 0.4476
 22/326 [=>............................] - ETA: 4:02 - loss: 0.3963 - mae: 0.2515 - mse: 0.1231 - ssim_metric: 0.4505
 23/326 [=>............................] - ETA: 4:01 - loss: 0.3923 - mae: 0.2487 - mse: 0.1217 - ssim_metric: 0.4572
 24/326 [=>............................] - ETA: 4:00 - loss: 0.3911 - mae: 0.2474 - mse: 0.1213 - ssim_metric: 0.4602
 25/326 [=>............................] - ETA: 4:00 - loss: 0.3953 - mae: 0.2482 - mse: 0.1228 - ssim_metric: 0.4593
 26/326 [=>............................] - ETA: 3:59 - loss: 0.3965 - mae: 0.2477 - mse: 0.1233 - ssim_metric: 0.4615
 27/326 [=>............................] - ETA: 3:58 - loss: 0.3953 - mae: 0.2463 - mse: 0.1228 - ssim_metric: 0.4648
 28/326 [=>............................] - ETA: 3:57 - loss: 0.3975 - mae: 0.2459 - mse: 0.1234 - ssim_metric: 0.4659
 29/326 [=>............................] - ETA: 3:56 - loss: 0.3963 - mae: 0.2450 - mse: 0.1230 - ssim_metric: 0.4667
 30/326 [=>............................] - ETA: 3:56 - loss: 0.3994 - mae: 0.2459 - mse: 0.1240 - ssim_metric: 0.4651
 31/326 [=>............................] - ETA: 3:55 - loss: 0.3998 - mae: 0.2463 - mse: 0.1242 - ssim_metric: 0.4628
 32/326 [=>............................] - ETA: 3:54 - loss: 0.4008 - mae: 0.2472 - mse: 0.1247 - ssim_metric: 0.4601
 33/326 [==>...........................] - ETA: 3:53 - loss: 0.3980 - mae: 0.2464 - mse: 0.1235 - ssim_metric: 0.4590
 34/326 [==>...........................] - ETA: 3:52 - loss: 0.3991 - mae: 0.2476 - mse: 0.1240 - ssim_metric: 0.4553
 35/326 [==>...........................] - ETA: 3:52 - loss: 0.3971 - mae: 0.2468 - mse: 0.1233 - ssim_metric: 0.4558
 36/326 [==>...........................] - ETA: 3:51 - loss: 0.3974 - mae: 0.2475 - mse: 0.1234 - ssim_metric: 0.4541
 37/326 [==>...........................] - ETA: 3:50 - loss: 0.3946 - mae: 0.2461 - mse: 0.1223 - ssim_metric: 0.4561
 38/326 [==>...........................] - ETA: 3:49 - loss: 0.3928 - mae: 0.2453 - mse: 0.1217 - ssim_metric: 0.4571
 39/326 [==>...........................] - ETA: 3:48 - loss: 0.3927 - mae: 0.2451 - mse: 0.1216 - ssim_metric: 0.4578
 40/326 [==>...........................] - ETA: 3:48 - loss: 0.3911 - mae: 0.2442 - mse: 0.1211 - ssim_metric: 0.4593
 41/326 [==>...........................] - ETA: 3:47 - loss: 0.3895 - mae: 0.2428 - mse: 0.1205 - ssim_metric: 0.4626
 42/326 [==>...........................] - ETA: 3:46 - loss: 0.3857 - mae: 0.2404 - mse: 0.1191 - ssim_metric: 0.4672
 43/326 [==>...........................] - ETA: 3:45 - loss: 0.3860 - mae: 0.2396 - mse: 0.1191 - ssim_metric: 0.4692
 44/326 [===>..........................] - ETA: 3:45 - loss: 0.3872 - mae: 0.2394 - mse: 0.1196 - ssim_metric: 0.4705
 45/326 [===>..........................] - ETA: 3:44 - loss: 0.3896 - mae: 0.2404 - mse: 0.1205 - ssim_metric: 0.4691
 46/326 [===>..........................] - ETA: 3:43 - loss: 0.3899 - mae: 0.2403 - mse: 0.1207 - ssim_metric: 0.4699
 47/326 [===>..........................] - ETA: 3:42 - loss: 0.3886 - mae: 0.2397 - mse: 0.1202 - ssim_metric: 0.4707
 48/326 [===>..........................] - ETA: 3:41 - loss: 0.3857 - mae: 0.2384 - mse: 0.1191 - ssim_metric: 0.4720
 49/326 [===>..........................] - ETA: 3:41 - loss: 0.3892 - mae: 0.2396 - mse: 0.1202 - ssim_metric: 0.4704
 50/326 [===>..........................] - ETA: 3:40 - loss: 0.3889 - mae: 0.2398 - mse: 0.1202 - ssim_metric: 0.4702
 51/326 [===>..........................] - ETA: 3:39 - loss: 0.3873 - mae: 0.2394 - mse: 0.1195 - ssim_metric: 0.4695
 52/326 [===>..........................] - ETA: 3:38 - loss: 0.3878 - mae: 0.2397 - mse: 0.1197 - ssim_metric: 0.4694
 53/326 [===>..........................] - ETA: 3:37 - loss: 0.3875 - mae: 0.2395 - mse: 0.1196 - ssim_metric: 0.4693
 54/326 [===>..........................] - ETA: 3:37 - loss: 0.3882 - mae: 0.2397 - mse: 0.1199 - ssim_metric: 0.4691
 55/326 [====>.........................] - ETA: 3:36 - loss: 0.3883 - mae: 0.2399 - mse: 0.1199 - ssim_metric: 0.4689
 56/326 [====>.........................] - ETA: 3:35 - loss: 0.3881 - mae: 0.2398 - mse: 0.1199 - ssim_metric: 0.4685
 57/326 [====>.........................] - ETA: 3:34 - loss: 0.3869 - mae: 0.2392 - mse: 0.1194 - ssim_metric: 0.4691
 58/326 [====>.........................] - ETA: 3:33 - loss: 0.3883 - mae: 0.2398 - mse: 0.1200 - ssim_metric: 0.4687
 59/326 [====>.........................] - ETA: 3:33 - loss: 0.3890 - mae: 0.2401 - mse: 0.1203 - ssim_metric: 0.4679
 60/326 [====>.........................] - ETA: 3:32 - loss: 0.3901 - mae: 0.2406 - mse: 0.1207 - ssim_metric: 0.4676
 61/326 [====>.........................] - ETA: 3:31 - loss: 0.3881 - mae: 0.2396 - mse: 0.1200 - ssim_metric: 0.4695
 62/326 [====>.........................] - ETA: 3:30 - loss: 0.3867 - mae: 0.2390 - mse: 0.1194 - ssim_metric: 0.4700
 63/326 [====>.........................] - ETA: 3:29 - loss: 0.3875 - mae: 0.2394 - mse: 0.1198 - ssim_metric: 0.4690
 64/326 [====>.........................] - ETA: 3:29 - loss: 0.3865 - mae: 0.2389 - mse: 0.1194 - ssim_metric: 0.4701
 65/326 [====>.........................] - ETA: 3:28 - loss: 0.3852 - mae: 0.2381 - mse: 0.1189 - ssim_metric: 0.4718
 66/326 [=====>........................] - ETA: 3:27 - loss: 0.3866 - mae: 0.2387 - mse: 0.1194 - ssim_metric: 0.4710
 67/326 [=====>........................] - ETA: 3:26 - loss: 0.3866 - mae: 0.2386 - mse: 0.1194 - ssim_metric: 0.4707
 68/326 [=====>........................] - ETA: 3:25 - loss: 0.3865 - mae: 0.2384 - mse: 0.1194 - ssim_metric: 0.4713
 69/326 [=====>........................] - ETA: 3:25 - loss: 0.3866 - mae: 0.2384 - mse: 0.1195 - ssim_metric: 0.4711
 70/326 [=====>........................] - ETA: 3:24 - loss: 0.3865 - mae: 0.2383 - mse: 0.1195 - ssim_metric: 0.4714
 71/326 [=====>........................] - ETA: 3:23 - loss: 0.3864 - mae: 0.2382 - mse: 0.1195 - ssim_metric: 0.4714
 72/326 [=====>........................] - ETA: 3:22 - loss: 0.3886 - mae: 0.2390 - mse: 0.1202 - ssim_metric: 0.4703
 73/326 [=====>........................] - ETA: 3:21 - loss: 0.3886 - mae: 0.2391 - mse: 0.1202 - ssim_metric: 0.4701
 74/326 [=====>........................] - ETA: 3:21 - loss: 0.3882 - mae: 0.2392 - mse: 0.1201 - ssim_metric: 0.4694
 75/326 [=====>........................] - ETA: 3:20 - loss: 0.3874 - mae: 0.2391 - mse: 0.1198 - ssim_metric: 0.4692
 76/326 [=====>........................] - ETA: 3:19 - loss: 0.3862 - mae: 0.2386 - mse: 0.1193 - ssim_metric: 0.4695
 77/326 [======>.......................] - ETA: 3:18 - loss: 0.3869 - mae: 0.2393 - mse: 0.1196 - ssim_metric: 0.4681
 78/326 [======>.......................] - ETA: 3:17 - loss: 0.3867 - mae: 0.2393 - mse: 0.1195 - ssim_metric: 0.4682
 79/326 [======>.......................] - ETA: 3:17 - loss: 0.3877 - mae: 0.2396 - mse: 0.1199 - ssim_metric: 0.4680
 80/326 [======>.......................] - ETA: 3:16 - loss: 0.3884 - mae: 0.2398 - mse: 0.1202 - ssim_metric: 0.4683
 81/326 [======>.......................] - ETA: 3:15 - loss: 0.3880 - mae: 0.2395 - mse: 0.1200 - ssim_metric: 0.4691
 82/326 [======>.......................] - ETA: 3:14 - loss: 0.3883 - mae: 0.2395 - mse: 0.1202 - ssim_metric: 0.4694
 83/326 [======>.......................] - ETA: 3:13 - loss: 0.3881 - mae: 0.2395 - mse: 0.1201 - ssim_metric: 0.4694
 84/326 [======>.......................] - ETA: 3:13 - loss: 0.3886 - mae: 0.2398 - mse: 0.1203 - ssim_metric: 0.4692
 85/326 [======>.......................] - ETA: 3:12 - loss: 0.3874 - mae: 0.2393 - mse: 0.1199 - ssim_metric: 0.4700
 86/326 [======>.......................] - ETA: 3:11 - loss: 0.3875 - mae: 0.2394 - mse: 0.1199 - ssim_metric: 0.4698
 87/326 [=======>......................] - ETA: 3:10 - loss: 0.3872 - mae: 0.2393 - mse: 0.1198 - ssim_metric: 0.4700
 88/326 [=======>......................] - ETA: 3:09 - loss: 0.3864 - mae: 0.2390 - mse: 0.1195 - ssim_metric: 0.4702
 89/326 [=======>......................] - ETA: 3:09 - loss: 0.3858 - mae: 0.2387 - mse: 0.1193 - ssim_metric: 0.4706
 90/326 [=======>......................] - ETA: 3:08 - loss: 0.3868 - mae: 0.2391 - mse: 0.1197 - ssim_metric: 0.4701
 91/326 [=======>......................] - ETA: 3:07 - loss: 0.3866 - mae: 0.2389 - mse: 0.1196 - ssim_metric: 0.4706
 92/326 [=======>......................] - ETA: 3:06 - loss: 0.3864 - mae: 0.2388 - mse: 0.1195 - ssim_metric: 0.4707
 93/326 [=======>......................] - ETA: 3:05 - loss: 0.3872 - mae: 0.2389 - mse: 0.1198 - ssim_metric: 0.4711
 94/326 [=======>......................] - ETA: 3:05 - loss: 0.3879 - mae: 0.2390 - mse: 0.1200 - ssim_metric: 0.4714
 95/326 [=======>......................] - ETA: 3:04 - loss: 0.3889 - mae: 0.2394 - mse: 0.1204 - ssim_metric: 0.4709
 96/326 [=======>......................] - ETA: 3:03 - loss: 0.3886 - mae: 0.2392 - mse: 0.1203 - ssim_metric: 0.4710
 97/326 [=======>......................] - ETA: 3:02 - loss: 0.3885 - mae: 0.2394 - mse: 0.1202 - ssim_metric: 0.4709
 98/326 [========>.....................] - ETA: 3:01 - loss: 0.3878 - mae: 0.2392 - mse: 0.1200 - ssim_metric: 0.4711
 99/326 [========>.....................] - ETA: 3:01 - loss: 0.3874 - mae: 0.2391 - mse: 0.1198 - ssim_metric: 0.4710
100/326 [========>.....................] - ETA: 3:00 - loss: 0.3875 - mae: 0.2393 - mse: 0.1199 - ssim_metric: 0.4707
101/326 [========>.....................] - ETA: 2:59 - loss: 0.3868 - mae: 0.2391 - mse: 0.1196 - ssim_metric: 0.4708
102/326 [========>.....................] - ETA: 2:58 - loss: 0.3862 - mae: 0.2389 - mse: 0.1194 - ssim_metric: 0.4710
103/326 [========>.....................] - ETA: 2:57 - loss: 0.3877 - mae: 0.2393 - mse: 0.1198 - ssim_metric: 0.4705
104/326 [========>.....................] - ETA: 2:57 - loss: 0.3876 - mae: 0.2392 - mse: 0.1198 - ssim_metric: 0.4709
105/326 [========>.....................] - ETA: 2:56 - loss: 0.3871 - mae: 0.2389 - mse: 0.1196 - ssim_metric: 0.4713
106/326 [========>.....................] - ETA: 2:55 - loss: 0.3863 - mae: 0.2385 - mse: 0.1193 - ssim_metric: 0.4722
107/326 [========>.....................] - ETA: 2:54 - loss: 0.3861 - mae: 0.2383 - mse: 0.1193 - ssim_metric: 0.4726
108/326 [========>.....................] - ETA: 2:54 - loss: 0.3881 - mae: 0.2389 - mse: 0.1199 - ssim_metric: 0.4721
109/326 [=========>....................] - ETA: 2:53 - loss: 0.3878 - mae: 0.2387 - mse: 0.1198 - ssim_metric: 0.4728
110/326 [=========>....................] - ETA: 2:52 - loss: 0.3884 - mae: 0.2390 - mse: 0.1200 - ssim_metric: 0.4725
111/326 [=========>....................] - ETA: 2:51 - loss: 0.3880 - mae: 0.2388 - mse: 0.1199 - ssim_metric: 0.4728
112/326 [=========>....................] - ETA: 2:50 - loss: 0.3881 - mae: 0.2389 - mse: 0.1199 - ssim_metric: 0.4727
113/326 [=========>....................] - ETA: 2:50 - loss: 0.3880 - mae: 0.2389 - mse: 0.1199 - ssim_metric: 0.4727
114/326 [=========>....................] - ETA: 2:49 - loss: 0.3878 - mae: 0.2390 - mse: 0.1198 - ssim_metric: 0.4725
115/326 [=========>....................] - ETA: 2:48 - loss: 0.3880 - mae: 0.2393 - mse: 0.1199 - ssim_metric: 0.4721
116/326 [=========>....................] - ETA: 2:47 - loss: 0.3882 - mae: 0.2394 - mse: 0.1200 - ssim_metric: 0.4717
117/326 [=========>....................] - ETA: 2:46 - loss: 0.3886 - mae: 0.2397 - mse: 0.1201 - ssim_metric: 0.4714
118/326 [=========>....................] - ETA: 2:46 - loss: 0.3880 - mae: 0.2394 - mse: 0.1199 - ssim_metric: 0.4724
119/326 [=========>....................] - ETA: 2:45 - loss: 0.3877 - mae: 0.2392 - mse: 0.1198 - ssim_metric: 0.4728
120/326 [==========>...................] - ETA: 2:44 - loss: 0.3875 - mae: 0.2391 - mse: 0.1197 - ssim_metric: 0.4732
121/326 [==========>...................] - ETA: 2:43 - loss: 0.3869 - mae: 0.2387 - mse: 0.1195 - ssim_metric: 0.4740
122/326 [==========>...................] - ETA: 2:42 - loss: 0.3873 - mae: 0.2387 - mse: 0.1196 - ssim_metric: 0.4744
123/326 [==========>...................] - ETA: 2:42 - loss: 0.3878 - mae: 0.2388 - mse: 0.1198 - ssim_metric: 0.4745
124/326 [==========>...................] - ETA: 2:41 - loss: 0.3882 - mae: 0.2390 - mse: 0.1200 - ssim_metric: 0.4740
125/326 [==========>...................] - ETA: 2:40 - loss: 0.3884 - mae: 0.2389 - mse: 0.1200 - ssim_metric: 0.4743
126/326 [==========>...................] - ETA: 2:39 - loss: 0.3880 - mae: 0.2387 - mse: 0.1198 - ssim_metric: 0.4743
127/326 [==========>...................] - ETA: 2:38 - loss: 0.3876 - mae: 0.2387 - mse: 0.1197 - ssim_metric: 0.4743
128/326 [==========>...................] - ETA: 2:38 - loss: 0.3872 - mae: 0.2385 - mse: 0.1195 - ssim_metric: 0.4745
129/326 [==========>...................] - ETA: 2:37 - loss: 0.3872 - mae: 0.2385 - mse: 0.1195 - ssim_metric: 0.4746
130/326 [==========>...................] - ETA: 2:36 - loss: 0.3882 - mae: 0.2391 - mse: 0.1199 - ssim_metric: 0.4737
131/326 [===========>..................] - ETA: 2:35 - loss: 0.3885 - mae: 0.2392 - mse: 0.1200 - ssim_metric: 0.4736
132/326 [===========>..................] - ETA: 2:34 - loss: 0.3886 - mae: 0.2392 - mse: 0.1200 - ssim_metric: 0.4737
133/326 [===========>..................] - ETA: 2:34 - loss: 0.3885 - mae: 0.2393 - mse: 0.1200 - ssim_metric: 0.4735
134/326 [===========>..................] - ETA: 2:33 - loss: 0.3889 - mae: 0.2395 - mse: 0.1202 - ssim_metric: 0.4732
135/326 [===========>..................] - ETA: 2:32 - loss: 0.3893 - mae: 0.2398 - mse: 0.1204 - ssim_metric: 0.4726
136/326 [===========>..................] - ETA: 2:31 - loss: 0.3895 - mae: 0.2401 - mse: 0.1204 - ssim_metric: 0.4719
137/326 [===========>..................] - ETA: 2:30 - loss: 0.3892 - mae: 0.2401 - mse: 0.1203 - ssim_metric: 0.4717
138/326 [===========>..................] - ETA: 2:30 - loss: 0.3895 - mae: 0.2404 - mse: 0.1205 - ssim_metric: 0.4710
139/326 [===========>..................] - ETA: 2:29 - loss: 0.3895 - mae: 0.2404 - mse: 0.1204 - ssim_metric: 0.4707
140/326 [===========>..................] - ETA: 2:28 - loss: 0.3896 - mae: 0.2405 - mse: 0.1205 - ssim_metric: 0.4707
141/326 [===========>..................] - ETA: 2:27 - loss: 0.3896 - mae: 0.2405 - mse: 0.1205 - ssim_metric: 0.4708
142/326 [============>.................] - ETA: 2:26 - loss: 0.3893 - mae: 0.2403 - mse: 0.1204 - ssim_metric: 0.4713
143/326 [============>.................] - ETA: 2:26 - loss: 0.3895 - mae: 0.2404 - mse: 0.1205 - ssim_metric: 0.4711
144/326 [============>.................] - ETA: 2:25 - loss: 0.3893 - mae: 0.2403 - mse: 0.1205 - ssim_metric: 0.4711
145/326 [============>.................] - ETA: 2:24 - loss: 0.3891 - mae: 0.2401 - mse: 0.1204 - ssim_metric: 0.4716
146/326 [============>.................] - ETA: 2:23 - loss: 0.3889 - mae: 0.2400 - mse: 0.1203 - ssim_metric: 0.4720
147/326 [============>.................] - ETA: 2:22 - loss: 0.3896 - mae: 0.2402 - mse: 0.1206 - ssim_metric: 0.4718
148/326 [============>.................] - ETA: 2:22 - loss: 0.3892 - mae: 0.2401 - mse: 0.1204 - ssim_metric: 0.4721
149/326 [============>.................] - ETA: 2:21 - loss: 0.3896 - mae: 0.2404 - mse: 0.1206 - ssim_metric: 0.4715
150/326 [============>.................] - ETA: 2:20 - loss: 0.3893 - mae: 0.2403 - mse: 0.1205 - ssim_metric: 0.4714
151/326 [============>.................] - ETA: 2:19 - loss: 0.3900 - mae: 0.2407 - mse: 0.1207 - ssim_metric: 0.4707
152/326 [============>.................] - ETA: 2:18 - loss: 0.3905 - mae: 0.2410 - mse: 0.1209 - ssim_metric: 0.4705
153/326 [=============>................] - ETA: 2:18 - loss: 0.3901 - mae: 0.2409 - mse: 0.1208 - ssim_metric: 0.4705
154/326 [=============>................] - ETA: 2:17 - loss: 0.3900 - mae: 0.2408 - mse: 0.1207 - ssim_metric: 0.4704
155/326 [=============>................] - ETA: 2:16 - loss: 0.3901 - mae: 0.2409 - mse: 0.1208 - ssim_metric: 0.4703
156/326 [=============>................] - ETA: 2:15 - loss: 0.3898 - mae: 0.2408 - mse: 0.1206 - ssim_metric: 0.4704
157/326 [=============>................] - ETA: 2:14 - loss: 0.3899 - mae: 0.2408 - mse: 0.1207 - ssim_metric: 0.4702
158/326 [=============>................] - ETA: 2:14 - loss: 0.3908 - mae: 0.2410 - mse: 0.1210 - ssim_metric: 0.4702
159/326 [=============>................] - ETA: 2:13 - loss: 0.3910 - mae: 0.2411 - mse: 0.1210 - ssim_metric: 0.4701
160/326 [=============>................] - ETA: 2:12 - loss: 0.3909 - mae: 0.2411 - mse: 0.1210 - ssim_metric: 0.4702
161/326 [=============>................] - ETA: 2:11 - loss: 0.3911 - mae: 0.2413 - mse: 0.1211 - ssim_metric: 0.4698
162/326 [=============>................] - ETA: 2:10 - loss: 0.3908 - mae: 0.2413 - mse: 0.1210 - ssim_metric: 0.4697
163/326 [==============>...............] - ETA: 2:10 - loss: 0.3905 - mae: 0.2412 - mse: 0.1209 - ssim_metric: 0.4697
164/326 [==============>...............] - ETA: 2:09 - loss: 0.3904 - mae: 0.2411 - mse: 0.1209 - ssim_metric: 0.4699
165/326 [==============>...............] - ETA: 2:08 - loss: 0.3905 - mae: 0.2412 - mse: 0.1209 - ssim_metric: 0.4700
166/326 [==============>...............] - ETA: 2:07 - loss: 0.3910 - mae: 0.2414 - mse: 0.1211 - ssim_metric: 0.4696
167/326 [==============>...............] - ETA: 2:06 - loss: 0.3909 - mae: 0.2414 - mse: 0.1211 - ssim_metric: 0.4695
168/326 [==============>...............] - ETA: 2:06 - loss: 0.3913 - mae: 0.2416 - mse: 0.1212 - ssim_metric: 0.4693
169/326 [==============>...............] - ETA: 2:05 - loss: 0.3910 - mae: 0.2415 - mse: 0.1211 - ssim_metric: 0.4695
170/326 [==============>...............] - ETA: 2:04 - loss: 0.3912 - mae: 0.2416 - mse: 0.1212 - ssim_metric: 0.4693
171/326 [==============>...............] - ETA: 2:03 - loss: 0.3910 - mae: 0.2416 - mse: 0.1212 - ssim_metric: 0.4694
172/326 [==============>...............] - ETA: 2:02 - loss: 0.3906 - mae: 0.2413 - mse: 0.1210 - ssim_metric: 0.4699
173/326 [==============>...............] - ETA: 2:02 - loss: 0.3909 - mae: 0.2414 - mse: 0.1211 - ssim_metric: 0.4698
174/326 [===============>..............] - ETA: 2:01 - loss: 0.3907 - mae: 0.2414 - mse: 0.1210 - ssim_metric: 0.4697
175/326 [===============>..............] - ETA: 2:00 - loss: 0.3908 - mae: 0.2415 - mse: 0.1211 - ssim_metric: 0.4695
176/326 [===============>..............] - ETA: 1:59 - loss: 0.3909 - mae: 0.2415 - mse: 0.1211 - ssim_metric: 0.4696
177/326 [===============>..............] - ETA: 1:58 - loss: 0.3910 - mae: 0.2415 - mse: 0.1212 - ssim_metric: 0.4698
178/326 [===============>..............] - ETA: 1:58 - loss: 0.3919 - mae: 0.2418 - mse: 0.1215 - ssim_metric: 0.4693
179/326 [===============>..............] - ETA: 1:57 - loss: 0.3920 - mae: 0.2419 - mse: 0.1216 - ssim_metric: 0.4691
180/326 [===============>..............] - ETA: 1:56 - loss: 0.3921 - mae: 0.2421 - mse: 0.1216 - ssim_metric: 0.4687
181/326 [===============>..............] - ETA: 1:55 - loss: 0.3927 - mae: 0.2426 - mse: 0.1218 - ssim_metric: 0.4677
182/326 [===============>..............] - ETA: 1:54 - loss: 0.3927 - mae: 0.2428 - mse: 0.1218 - ssim_metric: 0.4671
183/326 [===============>..............] - ETA: 1:54 - loss: 0.3926 - mae: 0.2430 - mse: 0.1218 - ssim_metric: 0.4666
184/326 [===============>..............] - ETA: 1:53 - loss: 0.3927 - mae: 0.2431 - mse: 0.1218 - ssim_metric: 0.4665
185/326 [================>.............] - ETA: 1:52 - loss: 0.3928 - mae: 0.2432 - mse: 0.1219 - ssim_metric: 0.4661
186/326 [================>.............] - ETA: 1:51 - loss: 0.3934 - mae: 0.2436 - mse: 0.1221 - ssim_metric: 0.4655
187/326 [================>.............] - ETA: 1:50 - loss: 0.3938 - mae: 0.2438 - mse: 0.1223 - ssim_metric: 0.4653
188/326 [================>.............] - ETA: 1:50 - loss: 0.3942 - mae: 0.2438 - mse: 0.1224 - ssim_metric: 0.4656
189/326 [================>.............] - ETA: 1:49 - loss: 0.3939 - mae: 0.2437 - mse: 0.1223 - ssim_metric: 0.4657
190/326 [================>.............] - ETA: 1:48 - loss: 0.3937 - mae: 0.2437 - mse: 0.1222 - ssim_metric: 0.4656
191/326 [================>.............] - ETA: 1:47 - loss: 0.3936 - mae: 0.2436 - mse: 0.1221 - ssim_metric: 0.4655
192/326 [================>.............] - ETA: 1:46 - loss: 0.3934 - mae: 0.2436 - mse: 0.1221 - ssim_metric: 0.4657
193/326 [================>.............] - ETA: 1:46 - loss: 0.3935 - mae: 0.2436 - mse: 0.1221 - ssim_metric: 0.4657
194/326 [================>.............] - ETA: 1:45 - loss: 0.3930 - mae: 0.2433 - mse: 0.1219 - ssim_metric: 0.4662
195/326 [================>.............] - ETA: 1:44 - loss: 0.3933 - mae: 0.2433 - mse: 0.1220 - ssim_metric: 0.4665
196/326 [=================>............] - ETA: 1:43 - loss: 0.3938 - mae: 0.2434 - mse: 0.1222 - ssim_metric: 0.4665
197/326 [=================>............] - ETA: 1:42 - loss: 0.3935 - mae: 0.2432 - mse: 0.1221 - ssim_metric: 0.4668
198/326 [=================>............] - ETA: 1:42 - loss: 0.3934 - mae: 0.2431 - mse: 0.1220 - ssim_metric: 0.4669
199/326 [=================>............] - ETA: 1:41 - loss: 0.3934 - mae: 0.2431 - mse: 0.1220 - ssim_metric: 0.4669
200/326 [=================>............] - ETA: 1:40 - loss: 0.3934 - mae: 0.2432 - mse: 0.1220 - ssim_metric: 0.4667
201/326 [=================>............] - ETA: 1:39 - loss: 0.3933 - mae: 0.2432 - mse: 0.1220 - ssim_metric: 0.4665
202/326 [=================>............] - ETA: 1:38 - loss: 0.3938 - mae: 0.2433 - mse: 0.1222 - ssim_metric: 0.4665
203/326 [=================>............] - ETA: 1:38 - loss: 0.3943 - mae: 0.2436 - mse: 0.1223 - ssim_metric: 0.4660
204/326 [=================>............] - ETA: 1:37 - loss: 0.3941 - mae: 0.2436 - mse: 0.1223 - ssim_metric: 0.4659
205/326 [=================>............] - ETA: 1:36 - loss: 0.3937 - mae: 0.2435 - mse: 0.1221 - ssim_metric: 0.4659
206/326 [=================>............] - ETA: 1:35 - loss: 0.3936 - mae: 0.2435 - mse: 0.1221 - ssim_metric: 0.4659
207/326 [==================>...........] - ETA: 1:34 - loss: 0.3935 - mae: 0.2435 - mse: 0.1221 - ssim_metric: 0.4660
208/326 [==================>...........] - ETA: 1:34 - loss: 0.3935 - mae: 0.2434 - mse: 0.1220 - ssim_metric: 0.4662
209/326 [==================>...........] - ETA: 1:33 - loss: 0.3935 - mae: 0.2434 - mse: 0.1221 - ssim_metric: 0.4664
210/326 [==================>...........] - ETA: 1:32 - loss: 0.3937 - mae: 0.2435 - mse: 0.1221 - ssim_metric: 0.4663
211/326 [==================>...........] - ETA: 1:31 - loss: 0.3937 - mae: 0.2433 - mse: 0.1221 - ssim_metric: 0.4668
212/326 [==================>...........] - ETA: 1:30 - loss: 0.3935 - mae: 0.2432 - mse: 0.1221 - ssim_metric: 0.4670
213/326 [==================>...........] - ETA: 1:30 - loss: 0.3933 - mae: 0.2431 - mse: 0.1220 - ssim_metric: 0.4672
214/326 [==================>...........] - ETA: 1:29 - loss: 0.3934 - mae: 0.2432 - mse: 0.1220 - ssim_metric: 0.4671
215/326 [==================>...........] - ETA: 1:28 - loss: 0.3934 - mae: 0.2432 - mse: 0.1220 - ssim_metric: 0.4670
216/326 [==================>...........] - ETA: 1:27 - loss: 0.3932 - mae: 0.2431 - mse: 0.1220 - ssim_metric: 0.4672
217/326 [==================>...........] - ETA: 1:26 - loss: 0.3933 - mae: 0.2431 - mse: 0.1220 - ssim_metric: 0.4671
218/326 [===================>..........] - ETA: 1:26 - loss: 0.3933 - mae: 0.2432 - mse: 0.1220 - ssim_metric: 0.4670
219/326 [===================>..........] - ETA: 1:25 - loss: 0.3933 - mae: 0.2431 - mse: 0.1220 - ssim_metric: 0.4669
220/326 [===================>..........] - ETA: 1:24 - loss: 0.3935 - mae: 0.2433 - mse: 0.1221 - ssim_metric: 0.4665
221/326 [===================>..........] - ETA: 1:23 - loss: 0.3938 - mae: 0.2435 - mse: 0.1222 - ssim_metric: 0.4661
222/326 [===================>..........] - ETA: 1:23 - loss: 0.3940 - mae: 0.2437 - mse: 0.1223 - ssim_metric: 0.4657
223/326 [===================>..........] - ETA: 1:22 - loss: 0.3938 - mae: 0.2437 - mse: 0.1222 - ssim_metric: 0.4657
224/326 [===================>..........] - ETA: 1:21 - loss: 0.3940 - mae: 0.2438 - mse: 0.1223 - ssim_metric: 0.4654
225/326 [===================>..........] - ETA: 1:20 - loss: 0.3942 - mae: 0.2439 - mse: 0.1224 - ssim_metric: 0.4653
226/326 [===================>..........] - ETA: 1:19 - loss: 0.3942 - mae: 0.2440 - mse: 0.1224 - ssim_metric: 0.4653
227/326 [===================>..........] - ETA: 1:19 - loss: 0.3940 - mae: 0.2438 - mse: 0.1223 - ssim_metric: 0.4657
228/326 [===================>..........] - ETA: 1:18 - loss: 0.3940 - mae: 0.2437 - mse: 0.1223 - ssim_metric: 0.4658
229/326 [====================>.........] - ETA: 1:17 - loss: 0.3943 - mae: 0.2439 - mse: 0.1225 - ssim_metric: 0.4655
230/326 [====================>.........] - ETA: 1:16 - loss: 0.3943 - mae: 0.2439 - mse: 0.1224 - ssim_metric: 0.4655
231/326 [====================>.........] - ETA: 1:15 - loss: 0.3942 - mae: 0.2439 - mse: 0.1224 - ssim_metric: 0.4655
232/326 [====================>.........] - ETA: 1:15 - loss: 0.3940 - mae: 0.2438 - mse: 0.1223 - ssim_metric: 0.4656
233/326 [====================>.........] - ETA: 1:14 - loss: 0.3941 - mae: 0.2439 - mse: 0.1224 - ssim_metric: 0.4656
234/326 [====================>.........] - ETA: 1:13 - loss: 0.3944 - mae: 0.2440 - mse: 0.1225 - ssim_metric: 0.4652
235/326 [====================>.........] - ETA: 1:12 - loss: 0.3944 - mae: 0.2440 - mse: 0.1225 - ssim_metric: 0.4652
236/326 [====================>.........] - ETA: 1:11 - loss: 0.3938 - mae: 0.2438 - mse: 0.1223 - ssim_metric: 0.4656
237/326 [====================>.........] - ETA: 1:11 - loss: 0.3936 - mae: 0.2436 - mse: 0.1222 - ssim_metric: 0.4660
238/326 [====================>.........] - ETA: 1:10 - loss: 0.3938 - mae: 0.2437 - mse: 0.1222 - ssim_metric: 0.4660
239/326 [====================>.........] - ETA: 1:09 - loss: 0.3932 - mae: 0.2433 - mse: 0.1221 - ssim_metric: 0.4666
240/326 [=====================>........] - ETA: 1:08 - loss: 0.3932 - mae: 0.2433 - mse: 0.1221 - ssim_metric: 0.4669
241/326 [=====================>........] - ETA: 1:07 - loss: 0.3931 - mae: 0.2431 - mse: 0.1220 - ssim_metric: 0.4670
242/326 [=====================>........] - ETA: 1:07 - loss: 0.3926 - mae: 0.2429 - mse: 0.1218 - ssim_metric: 0.4675
243/326 [=====================>........] - ETA: 1:06 - loss: 0.3926 - mae: 0.2427 - mse: 0.1218 - ssim_metric: 0.4679
244/326 [=====================>........] - ETA: 1:05 - loss: 0.3927 - mae: 0.2427 - mse: 0.1219 - ssim_metric: 0.4680
245/326 [=====================>........] - ETA: 1:04 - loss: 0.3928 - mae: 0.2428 - mse: 0.1219 - ssim_metric: 0.4679
246/326 [=====================>........] - ETA: 1:03 - loss: 0.3926 - mae: 0.2427 - mse: 0.1218 - ssim_metric: 0.4681
247/326 [=====================>........] - ETA: 1:03 - loss: 0.3926 - mae: 0.2428 - mse: 0.1218 - ssim_metric: 0.4680
248/326 [=====================>........] - ETA: 1:02 - loss: 0.3928 - mae: 0.2429 - mse: 0.1219 - ssim_metric: 0.4679
249/326 [=====================>........] - ETA: 1:01 - loss: 0.3931 - mae: 0.2431 - mse: 0.1220 - ssim_metric: 0.4676
250/326 [======================>.......] - ETA: 1:00 - loss: 0.3929 - mae: 0.2431 - mse: 0.1220 - ssim_metric: 0.4674
251/326 [======================>.......] - ETA: 59s - loss: 0.3928 - mae: 0.2431 - mse: 0.1219 - ssim_metric: 0.4673 
252/326 [======================>.......] - ETA: 59s - loss: 0.3924 - mae: 0.2429 - mse: 0.1218 - ssim_metric: 0.4675
253/326 [======================>.......] - ETA: 58s - loss: 0.3930 - mae: 0.2431 - mse: 0.1220 - ssim_metric: 0.4673
254/326 [======================>.......] - ETA: 57s - loss: 0.3929 - mae: 0.2432 - mse: 0.1220 - ssim_metric: 0.4673
255/326 [======================>.......] - ETA: 56s - loss: 0.3926 - mae: 0.2431 - mse: 0.1218 - ssim_metric: 0.4674
256/326 [======================>.......] - ETA: 55s - loss: 0.3929 - mae: 0.2431 - mse: 0.1219 - ssim_metric: 0.4674
257/326 [======================>.......] - ETA: 55s - loss: 0.3929 - mae: 0.2431 - mse: 0.1219 - ssim_metric: 0.4675
258/326 [======================>.......] - ETA: 54s - loss: 0.3931 - mae: 0.2431 - mse: 0.1220 - ssim_metric: 0.4674
259/326 [======================>.......] - ETA: 53s - loss: 0.3933 - mae: 0.2432 - mse: 0.1221 - ssim_metric: 0.4672
260/326 [======================>.......] - ETA: 52s - loss: 0.3930 - mae: 0.2431 - mse: 0.1220 - ssim_metric: 0.4674
261/326 [=======================>......] - ETA: 51s - loss: 0.3932 - mae: 0.2431 - mse: 0.1220 - ssim_metric: 0.4674
262/326 [=======================>......] - ETA: 51s - loss: 0.3928 - mae: 0.2429 - mse: 0.1219 - ssim_metric: 0.4674
263/326 [=======================>......] - ETA: 50s - loss: 0.3933 - mae: 0.2431 - mse: 0.1221 - ssim_metric: 0.4672
264/326 [=======================>......] - ETA: 49s - loss: 0.3933 - mae: 0.2432 - mse: 0.1221 - ssim_metric: 0.4671
265/326 [=======================>......] - ETA: 48s - loss: 0.3934 - mae: 0.2433 - mse: 0.1221 - ssim_metric: 0.4668
266/326 [=======================>......] - ETA: 47s - loss: 0.3935 - mae: 0.2434 - mse: 0.1222 - ssim_metric: 0.4664
267/326 [=======================>......] - ETA: 47s - loss: 0.3936 - mae: 0.2436 - mse: 0.1222 - ssim_metric: 0.4661
268/326 [=======================>......] - ETA: 46s - loss: 0.3937 - mae: 0.2437 - mse: 0.1222 - ssim_metric: 0.4658
269/326 [=======================>......] - ETA: 45s - loss: 0.3936 - mae: 0.2437 - mse: 0.1222 - ssim_metric: 0.4657
270/326 [=======================>......] - ETA: 44s - loss: 0.3938 - mae: 0.2438 - mse: 0.1223 - ssim_metric: 0.4655
271/326 [=======================>......] - ETA: 43s - loss: 0.3939 - mae: 0.2439 - mse: 0.1223 - ssim_metric: 0.4655
272/326 [========================>.....] - ETA: 43s - loss: 0.3938 - mae: 0.2439 - mse: 0.1223 - ssim_metric: 0.4655
273/326 [========================>.....] - ETA: 42s - loss: 0.3935 - mae: 0.2437 - mse: 0.1222 - ssim_metric: 0.4658
274/326 [========================>.....] - ETA: 41s - loss: 0.3936 - mae: 0.2438 - mse: 0.1222 - ssim_metric: 0.4658
275/326 [========================>.....] - ETA: 40s - loss: 0.3938 - mae: 0.2437 - mse: 0.1223 - ssim_metric: 0.4660
276/326 [========================>.....] - ETA: 39s - loss: 0.3938 - mae: 0.2438 - mse: 0.1223 - ssim_metric: 0.4660
277/326 [========================>.....] - ETA: 39s - loss: 0.3941 - mae: 0.2439 - mse: 0.1224 - ssim_metric: 0.4658
278/326 [========================>.....] - ETA: 38s - loss: 0.3940 - mae: 0.2438 - mse: 0.1224 - ssim_metric: 0.4659
279/326 [========================>.....] - ETA: 37s - loss: 0.3938 - mae: 0.2437 - mse: 0.1223 - ssim_metric: 0.4662
280/326 [========================>.....] - ETA: 36s - loss: 0.3937 - mae: 0.2437 - mse: 0.1222 - ssim_metric: 0.4662
281/326 [========================>.....] - ETA: 35s - loss: 0.3940 - mae: 0.2438 - mse: 0.1223 - ssim_metric: 0.4660
282/326 [========================>.....] - ETA: 35s - loss: 0.3941 - mae: 0.2439 - mse: 0.1224 - ssim_metric: 0.4660
283/326 [=========================>....] - ETA: 34s - loss: 0.3945 - mae: 0.2441 - mse: 0.1225 - ssim_metric: 0.4658
284/326 [=========================>....] - ETA: 33s - loss: 0.3944 - mae: 0.2441 - mse: 0.1225 - ssim_metric: 0.4657
285/326 [=========================>....] - ETA: 32s - loss: 0.3946 - mae: 0.2443 - mse: 0.1226 - ssim_metric: 0.4654
286/326 [=========================>....] - ETA: 31s - loss: 0.3947 - mae: 0.2444 - mse: 0.1226 - ssim_metric: 0.4652
287/326 [=========================>....] - ETA: 31s - loss: 0.3951 - mae: 0.2445 - mse: 0.1227 - ssim_metric: 0.4650
288/326 [=========================>....] - ETA: 30s - loss: 0.3954 - mae: 0.2447 - mse: 0.1229 - ssim_metric: 0.4647
289/326 [=========================>....] - ETA: 29s - loss: 0.3955 - mae: 0.2448 - mse: 0.1229 - ssim_metric: 0.4646
290/326 [=========================>....] - ETA: 28s - loss: 0.3958 - mae: 0.2449 - mse: 0.1230 - ssim_metric: 0.4644
291/326 [=========================>....] - ETA: 27s - loss: 0.3959 - mae: 0.2450 - mse: 0.1230 - ssim_metric: 0.4643
292/326 [=========================>....] - ETA: 27s - loss: 0.3956 - mae: 0.2449 - mse: 0.1229 - ssim_metric: 0.4642
293/326 [=========================>....] - ETA: 26s - loss: 0.3955 - mae: 0.2449 - mse: 0.1229 - ssim_metric: 0.4643
294/326 [==========================>...] - ETA: 25s - loss: 0.3957 - mae: 0.2451 - mse: 0.1230 - ssim_metric: 0.4640
295/326 [==========================>...] - ETA: 24s - loss: 0.3957 - mae: 0.2452 - mse: 0.1230 - ssim_metric: 0.4639
296/326 [==========================>...] - ETA: 23s - loss: 0.3955 - mae: 0.2450 - mse: 0.1229 - ssim_metric: 0.4641
297/326 [==========================>...] - ETA: 23s - loss: 0.3956 - mae: 0.2451 - mse: 0.1229 - ssim_metric: 0.4641
298/326 [==========================>...] - ETA: 22s - loss: 0.3952 - mae: 0.2449 - mse: 0.1228 - ssim_metric: 0.4645
299/326 [==========================>...] - ETA: 21s - loss: 0.3950 - mae: 0.2447 - mse: 0.1227 - ssim_metric: 0.4648
300/326 [==========================>...] - ETA: 20s - loss: 0.3950 - mae: 0.2447 - mse: 0.1227 - ssim_metric: 0.4650
301/326 [==========================>...] - ETA: 19s - loss: 0.3947 - mae: 0.2445 - mse: 0.1226 - ssim_metric: 0.4653
302/326 [==========================>...] - ETA: 19s - loss: 0.3951 - mae: 0.2446 - mse: 0.1227 - ssim_metric: 0.4651
303/326 [==========================>...] - ETA: 18s - loss: 0.3951 - mae: 0.2446 - mse: 0.1227 - ssim_metric: 0.4651
304/326 [==========================>...] - ETA: 17s - loss: 0.3952 - mae: 0.2446 - mse: 0.1228 - ssim_metric: 0.4650
305/326 [===========================>..] - ETA: 16s - loss: 0.3952 - mae: 0.2447 - mse: 0.1228 - ssim_metric: 0.4650
306/326 [===========================>..] - ETA: 15s - loss: 0.3952 - mae: 0.2447 - mse: 0.1228 - ssim_metric: 0.4648
307/326 [===========================>..] - ETA: 15s - loss: 0.3953 - mae: 0.2447 - mse: 0.1228 - ssim_metric: 0.4647
308/326 [===========================>..] - ETA: 14s - loss: 0.3951 - mae: 0.2447 - mse: 0.1228 - ssim_metric: 0.4649
309/326 [===========================>..] - ETA: 13s - loss: 0.3951 - mae: 0.2447 - mse: 0.1227 - ssim_metric: 0.4649
310/326 [===========================>..] - ETA: 12s - loss: 0.3951 - mae: 0.2447 - mse: 0.1227 - ssim_metric: 0.4648
311/326 [===========================>..] - ETA: 11s - loss: 0.3949 - mae: 0.2446 - mse: 0.1227 - ssim_metric: 0.4649
312/326 [===========================>..] - ETA: 11s - loss: 0.3948 - mae: 0.2446 - mse: 0.1227 - ssim_metric: 0.4648
313/326 [===========================>..] - ETA: 10s - loss: 0.3950 - mae: 0.2446 - mse: 0.1227 - ssim_metric: 0.4648
314/326 [===========================>..] - ETA: 9s - loss: 0.3952 - mae: 0.2446 - mse: 0.1228 - ssim_metric: 0.4650 
315/326 [===========================>..] - ETA: 8s - loss: 0.3954 - mae: 0.2447 - mse: 0.1228 - ssim_metric: 0.4648
316/326 [============================>.] - ETA: 7s - loss: 0.3953 - mae: 0.2447 - mse: 0.1228 - ssim_metric: 0.4647
317/326 [============================>.] - ETA: 7s - loss: 0.3951 - mae: 0.2446 - mse: 0.1228 - ssim_metric: 0.4649
318/326 [============================>.] - ETA: 6s - loss: 0.3950 - mae: 0.2446 - mse: 0.1227 - ssim_metric: 0.4649
319/326 [============================>.] - ETA: 5s - loss: 0.3955 - mae: 0.2448 - mse: 0.1229 - ssim_metric: 0.4647
320/326 [============================>.] - ETA: 4s - loss: 0.3954 - mae: 0.2448 - mse: 0.1229 - ssim_metric: 0.4645
321/326 [============================>.] - ETA: 3s - loss: 0.3955 - mae: 0.2449 - mse: 0.1229 - ssim_metric: 0.4643
322/326 [============================>.] - ETA: 3s - loss: 0.3953 - mae: 0.2449 - mse: 0.1228 - ssim_metric: 0.4643
323/326 [============================>.] - ETA: 2s - loss: 0.3953 - mae: 0.2448 - mse: 0.1228 - ssim_metric: 0.4643
324/326 [============================>.] - ETA: 1s - loss: 0.3957 - mae: 0.2450 - mse: 0.1230 - ssim_metric: 0.4640
325/326 [============================>.] - ETA: 0s - loss: 0.3957 - mae: 0.2451 - mse: 0.1230 - ssim_metric: 0.4639
326/326 [==============================] - ETA: 0s - loss: 0.3959 - mae: 0.2451 - mse: 0.1230 - ssim_metric: 0.4639
Epoch 8: saving model to C:\d_surucusu\visual_navigation\benchmark\models_pipeline\20260909_223425\bce_b32\_JOB_bce_b32_10_09_2026__11_08_model_f48_k4_epoch_00008_helu_osigmoid_(1, 1)_.h5

Epoch 8: val_loss improved from 0.36021 to 0.35809, saving model to C:\d_surucusu\visual_navigation\benchmark\models_pipeline\20260909_223425\bce_b32\_JOB_bce_b32_10_09_2026__11_08_best_val_loss_model_f48_k4.h5

Epoch 8: val_mae improved from 0.22853 to 0.22719, saving model to C:\d_surucusu\visual_navigation\benchmark\models_pipeline\20260909_223425\bce_b32\_JOB_bce_b32_10_09_2026__11_08_best_mae_model_f48_k4.h5

Epoch 8: val_ssim_metric did not improve from 0.59927

326/326 [==============================] - 276s 847ms/step - loss: 0.3959 - mae: 0.2451 - mse: 0.1230 - ssim_metric: 0.4639 - val_loss: 0.3581 - val_mae: 0.2272 - val_mse: 0.1090 - val_ssim_metric: 0.4818
Epoch 9/20

  1/326 [..............................] - ETA: 4:36 - loss: 0.4204 - mae: 0.2610 - mse: 0.1346 - ssim_metric: 0.4136
  2/326 [..............................] - ETA: 4:18 - loss: 0.4164 - mae: 0.2550 - mse: 0.1316 - ssim_metric: 0.4440
  3/326 [..............................] - ETA: 4:17 - loss: 0.4358 - mae: 0.2698 - mse: 0.1387 - ssim_metric: 0.4240
  4/326 [..............................] - ETA: 4:16 - loss: 0.4290 - mae: 0.2681 - mse: 0.1362 - ssim_metric: 0.4185
  5/326 [..............................] - ETA: 4:15 - loss: 0.4180 - mae: 0.2642 - mse: 0.1321 - ssim_metric: 0.4241
  6/326 [..............................] - ETA: 4:15 - loss: 0.4156 - mae: 0.2664 - mse: 0.1312 - ssim_metric: 0.4134
  7/326 [..............................] - ETA: 4:14 - loss: 0.4123 - mae: 0.2662 - mse: 0.1298 - ssim_metric: 0.4112
  8/326 [..............................] - ETA: 4:13 - loss: 0.4012 - mae: 0.2599 - mse: 0.1255 - ssim_metric: 0.4197
  9/326 [..............................] - ETA: 4:13 - loss: 0.3912 - mae: 0.2537 - mse: 0.1217 - ssim_metric: 0.4306
 10/326 [..............................] - ETA: 4:12 - loss: 0.3891 - mae: 0.2510 - mse: 0.1209 - ssim_metric: 0.4391
 11/326 [>.............................] - ETA: 4:11 - loss: 0.3920 - mae: 0.2511 - mse: 0.1223 - ssim_metric: 0.4437
 12/326 [>.............................] - ETA: 4:10 - loss: 0.3923 - mae: 0.2492 - mse: 0.1225 - ssim_metric: 0.4492
 13/326 [>.............................] - ETA: 4:09 - loss: 0.3977 - mae: 0.2491 - mse: 0.1243 - ssim_metric: 0.4526
 14/326 [>.............................] - ETA: 4:09 - loss: 0.4102 - mae: 0.2533 - mse: 0.1286 - ssim_metric: 0.4485
 15/326 [>.............................] - ETA: 4:08 - loss: 0.4005 - mae: 0.2481 - mse: 0.1251 - ssim_metric: 0.4585
 16/326 [>.............................] - ETA: 4:07 - loss: 0.4043 - mae: 0.2499 - mse: 0.1266 - ssim_metric: 0.4566
 17/326 [>.............................] - ETA: 4:06 - loss: 0.4033 - mae: 0.2503 - mse: 0.1262 - ssim_metric: 0.4559
 18/326 [>.............................] - ETA: 4:05 - loss: 0.4058 - mae: 0.2530 - mse: 0.1272 - ssim_metric: 0.4502
 19/326 [>.............................] - ETA: 4:05 - loss: 0.4063 - mae: 0.2545 - mse: 0.1274 - ssim_metric: 0.4471
 20/326 [>.............................] - ETA: 4:04 - loss: 0.4025 - mae: 0.2539 - mse: 0.1257 - ssim_metric: 0.4455
 21/326 [>.............................] - ETA: 4:03 - loss: 0.3980 - mae: 0.2520 - mse: 0.1239 - ssim_metric: 0.4473
 22/326 [=>............................] - ETA: 4:02 - loss: 0.3938 - mae: 0.2498 - mse: 0.1224 - ssim_metric: 0.4499
 23/326 [=>............................] - ETA: 4:01 - loss: 0.3899 - mae: 0.2471 - mse: 0.1209 - ssim_metric: 0.4566
 24/326 [=>............................] - ETA: 4:01 - loss: 0.3886 - mae: 0.2458 - mse: 0.1205 - ssim_metric: 0.4594
 25/326 [=>............................] - ETA: 4:00 - loss: 0.3928 - mae: 0.2467 - mse: 0.1220 - ssim_metric: 0.4585
 26/326 [=>............................] - ETA: 3:59 - loss: 0.3940 - mae: 0.2462 - mse: 0.1225 - ssim_metric: 0.4606
 27/326 [=>............................] - ETA: 3:58 - loss: 0.3927 - mae: 0.2448 - mse: 0.1220 - ssim_metric: 0.4637
 28/326 [=>............................] - ETA: 3:57 - loss: 0.3949 - mae: 0.2444 - mse: 0.1226 - ssim_metric: 0.4649
 29/326 [=>............................] - ETA: 3:57 - loss: 0.3937 - mae: 0.2435 - mse: 0.1222 - ssim_metric: 0.4656
 30/326 [=>............................] - ETA: 3:56 - loss: 0.3969 - mae: 0.2445 - mse: 0.1232 - ssim_metric: 0.4641
 31/326 [=>............................] - ETA: 3:55 - loss: 0.3973 - mae: 0.2448 - mse: 0.1234 - ssim_metric: 0.4617
 32/326 [=>............................] - ETA: 3:54 - loss: 0.3983 - mae: 0.2457 - mse: 0.1239 - ssim_metric: 0.4591
 33/326 [==>...........................] - ETA: 3:53 - loss: 0.3955 - mae: 0.2449 - mse: 0.1227 - ssim_metric: 0.4580
 34/326 [==>...........................] - ETA: 3:53 - loss: 0.3967 - mae: 0.2461 - mse: 0.1232 - ssim_metric: 0.4543
 35/326 [==>...........................] - ETA: 3:52 - loss: 0.3947 - mae: 0.2453 - mse: 0.1225 - ssim_metric: 0.4550
 36/326 [==>...........................] - ETA: 3:51 - loss: 0.3949 - mae: 0.2459 - mse: 0.1226 - ssim_metric: 0.4533
 37/326 [==>...........................] - ETA: 3:50 - loss: 0.3921 - mae: 0.2445 - mse: 0.1215 - ssim_metric: 0.4556
 38/326 [==>...........................] - ETA: 3:50 - loss: 0.3903 - mae: 0.2436 - mse: 0.1209 - ssim_metric: 0.4567
 39/326 [==>...........................] - ETA: 3:49 - loss: 0.3902 - mae: 0.2434 - mse: 0.1208 - ssim_metric: 0.4574
 40/326 [==>...........................] - ETA: 3:48 - loss: 0.3887 - mae: 0.2426 - mse: 0.1203 - ssim_metric: 0.4589
 41/326 [==>...........................] - ETA: 3:47 - loss: 0.3870 - mae: 0.2412 - mse: 0.1197 - ssim_metric: 0.4620
 42/326 [==>...........................] - ETA: 3:46 - loss: 0.3832 - mae: 0.2388 - mse: 0.1183 - ssim_metric: 0.4666
 43/326 [==>...........................] - ETA: 3:46 - loss: 0.3835 - mae: 0.2381 - mse: 0.1184 - ssim_metric: 0.4685
 44/326 [===>..........................] - ETA: 3:45 - loss: 0.3847 - mae: 0.2380 - mse: 0.1188 - ssim_metric: 0.4698
 45/326 [===>..........................] - ETA: 3:44 - loss: 0.3871 - mae: 0.2389 - mse: 0.1198 - ssim_metric: 0.4683
 46/326 [===>..........................] - ETA: 3:43 - loss: 0.3874 - mae: 0.2389 - mse: 0.1199 - ssim_metric: 0.4691
 47/326 [===>..........................] - ETA: 3:42 - loss: 0.3860 - mae: 0.2383 - mse: 0.1194 - ssim_metric: 0.4698
 48/326 [===>..........................] - ETA: 3:42 - loss: 0.3832 - mae: 0.2370 - mse: 0.1183 - ssim_metric: 0.4713
 49/326 [===>..........................] - ETA: 3:41 - loss: 0.3867 - mae: 0.2382 - mse: 0.1194 - ssim_metric: 0.4697
 50/326 [===>..........................] - ETA: 3:40 - loss: 0.3864 - mae: 0.2383 - mse: 0.1194 - ssim_metric: 0.4695
 51/326 [===>..........................] - ETA: 3:39 - loss: 0.3848 - mae: 0.2379 - mse: 0.1187 - ssim_metric: 0.4688
 52/326 [===>..........................] - ETA: 3:38 - loss: 0.3853 - mae: 0.2382 - mse: 0.1189 - ssim_metric: 0.4688
 53/326 [===>..........................] - ETA: 3:38 - loss: 0.3850 - mae: 0.2380 - mse: 0.1188 - ssim_metric: 0.4688
 54/326 [===>..........................] - ETA: 3:37 - loss: 0.3857 - mae: 0.2382 - mse: 0.1191 - ssim_metric: 0.4687
 55/326 [====>.........................] - ETA: 3:36 - loss: 0.3859 - mae: 0.2384 - mse: 0.1192 - ssim_metric: 0.4684
 56/326 [====>.........................] - ETA: 3:35 - loss: 0.3856 - mae: 0.2383 - mse: 0.1191 - ssim_metric: 0.4681
 57/326 [====>.........................] - ETA: 3:34 - loss: 0.3844 - mae: 0.2377 - mse: 0.1186 - ssim_metric: 0.4687
 58/326 [====>.........................] - ETA: 3:34 - loss: 0.3858 - mae: 0.2383 - mse: 0.1192 - ssim_metric: 0.4684
 59/326 [====>.........................] - ETA: 3:33 - loss: 0.3866 - mae: 0.2386 - mse: 0.1195 - ssim_metric: 0.4676
 60/326 [====>.........................] - ETA: 3:32 - loss: 0.3876 - mae: 0.2391 - mse: 0.1199 - ssim_metric: 0.4673
 61/326 [====>.........................] - ETA: 3:31 - loss: 0.3856 - mae: 0.2381 - mse: 0.1192 - ssim_metric: 0.4692
 62/326 [====>.........................] - ETA: 3:30 - loss: 0.3842 - mae: 0.2375 - mse: 0.1186 - ssim_metric: 0.4696
 63/326 [====>.........................] - ETA: 3:30 - loss: 0.3850 - mae: 0.2380 - mse: 0.1190 - ssim_metric: 0.4687
 64/326 [====>.........................] - ETA: 3:29 - loss: 0.3840 - mae: 0.2375 - mse: 0.1186 - ssim_metric: 0.4697
 65/326 [====>.........................] - ETA: 3:28 - loss: 0.3827 - mae: 0.2367 - mse: 0.1181 - ssim_metric: 0.4714
 66/326 [=====>........................] - ETA: 3:27 - loss: 0.3841 - mae: 0.2372 - mse: 0.1186 - ssim_metric: 0.4707
 67/326 [=====>........................] - ETA: 3:26 - loss: 0.3841 - mae: 0.2372 - mse: 0.1186 - ssim_metric: 0.4705
 68/326 [=====>........................] - ETA: 3:26 - loss: 0.3840 - mae: 0.2369 - mse: 0.1186 - ssim_metric: 0.4712
 69/326 [=====>........................] - ETA: 3:25 - loss: 0.3841 - mae: 0.2369 - mse: 0.1187 - ssim_metric: 0.4710
 70/326 [=====>........................] - ETA: 3:24 - loss: 0.3840 - mae: 0.2368 - mse: 0.1187 - ssim_metric: 0.4714
 71/326 [=====>........................] - ETA: 3:23 - loss: 0.3839 - mae: 0.2367 - mse: 0.1187 - ssim_metric: 0.4715
 72/326 [=====>........................] - ETA: 3:22 - loss: 0.3861 - mae: 0.2375 - mse: 0.1194 - ssim_metric: 0.4703
 73/326 [=====>........................] - ETA: 3:22 - loss: 0.3861 - mae: 0.2376 - mse: 0.1194 - ssim_metric: 0.4701
 74/326 [=====>........................] - ETA: 3:21 - loss: 0.3857 - mae: 0.2377 - mse: 0.1193 - ssim_metric: 0.4694
 75/326 [=====>........................] - ETA: 3:20 - loss: 0.3850 - mae: 0.2376 - mse: 0.1190 - ssim_metric: 0.4692
 76/326 [=====>........................] - ETA: 3:19 - loss: 0.3837 - mae: 0.2371 - mse: 0.1185 - ssim_metric: 0.4695
 77/326 [======>.......................] - ETA: 3:18 - loss: 0.3844 - mae: 0.2378 - mse: 0.1188 - ssim_metric: 0.4681
 78/326 [======>.......................] - ETA: 3:18 - loss: 0.3842 - mae: 0.2378 - mse: 0.1187 - ssim_metric: 0.4682
 79/326 [======>.......................] - ETA: 3:17 - loss: 0.3853 - mae: 0.2381 - mse: 0.1191 - ssim_metric: 0.4680
 80/326 [======>.......................] - ETA: 3:16 - loss: 0.3860 - mae: 0.2383 - mse: 0.1194 - ssim_metric: 0.4683
 81/326 [======>.......................] - ETA: 3:15 - loss: 0.3856 - mae: 0.2380 - mse: 0.1192 - ssim_metric: 0.4691
 82/326 [======>.......................] - ETA: 3:14 - loss: 0.3858 - mae: 0.2380 - mse: 0.1194 - ssim_metric: 0.4694
 83/326 [======>.......................] - ETA: 3:14 - loss: 0.3856 - mae: 0.2379 - mse: 0.1193 - ssim_metric: 0.4695
 84/326 [======>.......................] - ETA: 3:13 - loss: 0.3862 - mae: 0.2382 - mse: 0.1195 - ssim_metric: 0.4693
 85/326 [======>.......................] - ETA: 3:12 - loss: 0.3850 - mae: 0.2378 - mse: 0.1191 - ssim_metric: 0.4701
 86/326 [======>.......................] - ETA: 3:11 - loss: 0.3851 - mae: 0.2379 - mse: 0.1191 - ssim_metric: 0.4698
 87/326 [=======>......................] - ETA: 3:10 - loss: 0.3847 - mae: 0.2378 - mse: 0.1190 - ssim_metric: 0.4700
 88/326 [=======>......................] - ETA: 3:10 - loss: 0.3839 - mae: 0.2374 - mse: 0.1187 - ssim_metric: 0.4702
 89/326 [=======>......................] - ETA: 3:09 - loss: 0.3834 - mae: 0.2371 - mse: 0.1185 - ssim_metric: 0.4707
 90/326 [=======>......................] - ETA: 3:08 - loss: 0.3843 - mae: 0.2375 - mse: 0.1189 - ssim_metric: 0.4701
 91/326 [=======>......................] - ETA: 3:07 - loss: 0.3841 - mae: 0.2374 - mse: 0.1188 - ssim_metric: 0.4705
 92/326 [=======>......................] - ETA: 3:07 - loss: 0.3839 - mae: 0.2373 - mse: 0.1187 - ssim_metric: 0.4706
 93/326 [=======>......................] - ETA: 3:06 - loss: 0.3849 - mae: 0.2374 - mse: 0.1190 - ssim_metric: 0.4710
 94/326 [=======>......................] - ETA: 3:05 - loss: 0.3855 - mae: 0.2374 - mse: 0.1192 - ssim_metric: 0.4713
 95/326 [=======>......................] - ETA: 3:04 - loss: 0.3865 - mae: 0.2379 - mse: 0.1196 - ssim_metric: 0.4709
 96/326 [=======>......................] - ETA: 3:03 - loss: 0.3863 - mae: 0.2377 - mse: 0.1195 - ssim_metric: 0.4710
 97/326 [=======>......................] - ETA: 3:03 - loss: 0.3861 - mae: 0.2378 - mse: 0.1194 - ssim_metric: 0.4710
 98/326 [========>.....................] - ETA: 3:02 - loss: 0.3854 - mae: 0.2376 - mse: 0.1192 - ssim_metric: 0.4711
 99/326 [========>.....................] - ETA: 3:01 - loss: 0.3850 - mae: 0.2376 - mse: 0.1190 - ssim_metric: 0.4711
100/326 [========>.....................] - ETA: 3:00 - loss: 0.3850 - mae: 0.2378 - mse: 0.1191 - ssim_metric: 0.4707
101/326 [========>.....................] - ETA: 2:59 - loss: 0.3844 - mae: 0.2376 - mse: 0.1188 - ssim_metric: 0.4708
102/326 [========>.....................] - ETA: 2:59 - loss: 0.3838 - mae: 0.2374 - mse: 0.1186 - ssim_metric: 0.4711
103/326 [========>.....................] - ETA: 2:58 - loss: 0.3853 - mae: 0.2378 - mse: 0.1190 - ssim_metric: 0.4706
104/326 [========>.....................] - ETA: 2:57 - loss: 0.3852 - mae: 0.2377 - mse: 0.1190 - ssim_metric: 0.4709
105/326 [========>.....................] - ETA: 2:56 - loss: 0.3847 - mae: 0.2374 - mse: 0.1189 - ssim_metric: 0.4713
106/326 [========>.....................] - ETA: 2:55 - loss: 0.3839 - mae: 0.2370 - mse: 0.1185 - ssim_metric: 0.4722
107/326 [========>.....................] - ETA: 2:55 - loss: 0.3838 - mae: 0.2368 - mse: 0.1185 - ssim_metric: 0.4726
108/326 [========>.....................] - ETA: 2:54 - loss: 0.3858 - mae: 0.2374 - mse: 0.1191 - ssim_metric: 0.4721
109/326 [=========>....................] - ETA: 2:53 - loss: 0.3855 - mae: 0.2372 - mse: 0.1190 - ssim_metric: 0.4727
110/326 [=========>....................] - ETA: 2:52 - loss: 0.3861 - mae: 0.2375 - mse: 0.1192 - ssim_metric: 0.4724
111/326 [=========>....................] - ETA: 2:51 - loss: 0.3857 - mae: 0.2373 - mse: 0.1191 - ssim_metric: 0.4727
112/326 [=========>....................] - ETA: 2:51 - loss: 0.3858 - mae: 0.2374 - mse: 0.1191 - ssim_metric: 0.4725
113/326 [=========>....................] - ETA: 2:50 - loss: 0.3857 - mae: 0.2375 - mse: 0.1191 - ssim_metric: 0.4725
114/326 [=========>....................] - ETA: 2:49 - loss: 0.3855 - mae: 0.2375 - mse: 0.1190 - ssim_metric: 0.4724
115/326 [=========>....................] - ETA: 2:48 - loss: 0.3857 - mae: 0.2378 - mse: 0.1191 - ssim_metric: 0.4719
116/326 [=========>....................] - ETA: 2:47 - loss: 0.3859 - mae: 0.2379 - mse: 0.1192 - ssim_metric: 0.4715
117/326 [=========>....................] - ETA: 2:47 - loss: 0.3863 - mae: 0.2382 - mse: 0.1193 - ssim_metric: 0.4712
118/326 [=========>....................] - ETA: 2:46 - loss: 0.3857 - mae: 0.2379 - mse: 0.1191 - ssim_metric: 0.4721
119/326 [=========>....................] - ETA: 2:45 - loss: 0.3854 - mae: 0.2377 - mse: 0.1190 - ssim_metric: 0.4726
120/326 [==========>...................] - ETA: 2:44 - loss: 0.3852 - mae: 0.2376 - mse: 0.1189 - ssim_metric: 0.4730
121/326 [==========>...................] - ETA: 2:43 - loss: 0.3846 - mae: 0.2373 - mse: 0.1187 - ssim_metric: 0.4738
122/326 [==========>...................] - ETA: 2:43 - loss: 0.3851 - mae: 0.2372 - mse: 0.1189 - ssim_metric: 0.4742
123/326 [==========>...................] - ETA: 2:42 - loss: 0.3855 - mae: 0.2373 - mse: 0.1190 - ssim_metric: 0.4742
124/326 [==========>...................] - ETA: 2:41 - loss: 0.3860 - mae: 0.2375 - mse: 0.1192 - ssim_metric: 0.4738
125/326 [==========>...................] - ETA: 2:40 - loss: 0.3862 - mae: 0.2375 - mse: 0.1192 - ssim_metric: 0.4741
126/326 [==========>...................] - ETA: 2:39 - loss: 0.3857 - mae: 0.2373 - mse: 0.1191 - ssim_metric: 0.4741
127/326 [==========>...................] - ETA: 2:39 - loss: 0.3854 - mae: 0.2372 - mse: 0.1190 - ssim_metric: 0.4741
128/326 [==========>...................] - ETA: 2:38 - loss: 0.3849 - mae: 0.2370 - mse: 0.1188 - ssim_metric: 0.4743
129/326 [==========>...................] - ETA: 2:37 - loss: 0.3850 - mae: 0.2371 - mse: 0.1188 - ssim_metric: 0.4743
130/326 [==========>...................] - ETA: 2:36 - loss: 0.3860 - mae: 0.2377 - mse: 0.1192 - ssim_metric: 0.4735
131/326 [===========>..................] - ETA: 2:35 - loss: 0.3863 - mae: 0.2378 - mse: 0.1193 - ssim_metric: 0.4734
132/326 [===========>..................] - ETA: 2:35 - loss: 0.3864 - mae: 0.2378 - mse: 0.1193 - ssim_metric: 0.4735
133/326 [===========>..................] - ETA: 2:34 - loss: 0.3863 - mae: 0.2378 - mse: 0.1193 - ssim_metric: 0.4733
134/326 [===========>..................] - ETA: 2:33 - loss: 0.3867 - mae: 0.2381 - mse: 0.1195 - ssim_metric: 0.4730
135/326 [===========>..................] - ETA: 2:32 - loss: 0.3871 - mae: 0.2384 - mse: 0.1196 - ssim_metric: 0.4724
136/326 [===========>..................] - ETA: 2:31 - loss: 0.3873 - mae: 0.2387 - mse: 0.1197 - ssim_metric: 0.4717
137/326 [===========>..................] - ETA: 2:31 - loss: 0.3870 - mae: 0.2386 - mse: 0.1196 - ssim_metric: 0.4716
138/326 [===========>..................] - ETA: 2:30 - loss: 0.3873 - mae: 0.2389 - mse: 0.1197 - ssim_metric: 0.4708
139/326 [===========>..................] - ETA: 2:29 - loss: 0.3872 - mae: 0.2390 - mse: 0.1197 - ssim_metric: 0.4706
140/326 [===========>..................] - ETA: 2:28 - loss: 0.3873 - mae: 0.2390 - mse: 0.1198 - ssim_metric: 0.4706
141/326 [===========>..................] - ETA: 2:27 - loss: 0.3874 - mae: 0.2390 - mse: 0.1198 - ssim_metric: 0.4707
142/326 [============>.................] - ETA: 2:27 - loss: 0.3870 - mae: 0.2388 - mse: 0.1197 - ssim_metric: 0.4712
143/326 [============>.................] - ETA: 2:26 - loss: 0.3873 - mae: 0.2389 - mse: 0.1198 - ssim_metric: 0.4710
144/326 [============>.................] - ETA: 2:25 - loss: 0.3871 - mae: 0.2388 - mse: 0.1197 - ssim_metric: 0.4711
145/326 [============>.................] - ETA: 2:24 - loss: 0.3869 - mae: 0.2386 - mse: 0.1196 - ssim_metric: 0.4716
146/326 [============>.................] - ETA: 2:23 - loss: 0.3867 - mae: 0.2385 - mse: 0.1196 - ssim_metric: 0.4720
147/326 [============>.................] - ETA: 2:23 - loss: 0.3874 - mae: 0.2388 - mse: 0.1198 - ssim_metric: 0.4717
148/326 [============>.................] - ETA: 2:22 - loss: 0.3870 - mae: 0.2386 - mse: 0.1197 - ssim_metric: 0.4720
149/326 [============>.................] - ETA: 2:21 - loss: 0.3873 - mae: 0.2389 - mse: 0.1198 - ssim_metric: 0.4715
150/326 [============>.................] - ETA: 2:20 - loss: 0.3871 - mae: 0.2389 - mse: 0.1197 - ssim_metric: 0.4713
151/326 [============>.................] - ETA: 2:19 - loss: 0.3877 - mae: 0.2393 - mse: 0.1200 - ssim_metric: 0.4705
152/326 [============>.................] - ETA: 2:19 - loss: 0.3883 - mae: 0.2395 - mse: 0.1201 - ssim_metric: 0.4703
153/326 [=============>................] - ETA: 2:18 - loss: 0.3879 - mae: 0.2394 - mse: 0.1200 - ssim_metric: 0.4703
154/326 [=============>................] - ETA: 2:17 - loss: 0.3877 - mae: 0.2394 - mse: 0.1200 - ssim_metric: 0.4702
155/326 [=============>................] - ETA: 2:16 - loss: 0.3879 - mae: 0.2395 - mse: 0.1200 - ssim_metric: 0.4701
156/326 [=============>................] - ETA: 2:15 - loss: 0.3876 - mae: 0.2393 - mse: 0.1199 - ssim_metric: 0.4703
157/326 [=============>................] - ETA: 2:15 - loss: 0.3877 - mae: 0.2394 - mse: 0.1199 - ssim_metric: 0.4702
158/326 [=============>................] - ETA: 2:14 - loss: 0.3885 - mae: 0.2396 - mse: 0.1202 - ssim_metric: 0.4702
159/326 [=============>................] - ETA: 2:13 - loss: 0.3888 - mae: 0.2397 - mse: 0.1203 - ssim_metric: 0.4701
160/326 [=============>................] - ETA: 2:12 - loss: 0.3886 - mae: 0.2397 - mse: 0.1203 - ssim_metric: 0.4702
161/326 [=============>................] - ETA: 2:11 - loss: 0.3889 - mae: 0.2399 - mse: 0.1204 - ssim_metric: 0.4697
162/326 [=============>................] - ETA: 2:11 - loss: 0.3886 - mae: 0.2398 - mse: 0.1203 - ssim_metric: 0.4696
163/326 [==============>...............] - ETA: 2:10 - loss: 0.3883 - mae: 0.2398 - mse: 0.1201 - ssim_metric: 0.4696
164/326 [==============>...............] - ETA: 2:09 - loss: 0.3881 - mae: 0.2397 - mse: 0.1201 - ssim_metric: 0.4698
165/326 [==============>...............] - ETA: 2:08 - loss: 0.3882 - mae: 0.2397 - mse: 0.1201 - ssim_metric: 0.4699
166/326 [==============>...............] - ETA: 2:07 - loss: 0.3888 - mae: 0.2400 - mse: 0.1203 - ssim_metric: 0.4695
167/326 [==============>...............] - ETA: 2:07 - loss: 0.3887 - mae: 0.2400 - mse: 0.1203 - ssim_metric: 0.4694
168/326 [==============>...............] - ETA: 2:06 - loss: 0.3891 - mae: 0.2402 - mse: 0.1205 - ssim_metric: 0.4692
169/326 [==============>...............] - ETA: 2:05 - loss: 0.3888 - mae: 0.2401 - mse: 0.1204 - ssim_metric: 0.4694
170/326 [==============>...............] - ETA: 2:04 - loss: 0.3890 - mae: 0.2402 - mse: 0.1204 - ssim_metric: 0.4692
171/326 [==============>...............] - ETA: 2:03 - loss: 0.3888 - mae: 0.2402 - mse: 0.1204 - ssim_metric: 0.4693
172/326 [==============>...............] - ETA: 2:03 - loss: 0.3885 - mae: 0.2399 - mse: 0.1203 - ssim_metric: 0.4698
173/326 [==============>...............] - ETA: 2:02 - loss: 0.3887 - mae: 0.2400 - mse: 0.1204 - ssim_metric: 0.4696
174/326 [===============>..............] - ETA: 2:01 - loss: 0.3885 - mae: 0.2400 - mse: 0.1203 - ssim_metric: 0.4695
175/326 [===============>..............] - ETA: 2:00 - loss: 0.3886 - mae: 0.2401 - mse: 0.1204 - ssim_metric: 0.4693
176/326 [===============>..............] - ETA: 1:59 - loss: 0.3887 - mae: 0.2401 - mse: 0.1204 - ssim_metric: 0.4694
177/326 [===============>..............] - ETA: 1:59 - loss: 0.3888 - mae: 0.2401 - mse: 0.1205 - ssim_metric: 0.4695
178/326 [===============>..............] - ETA: 1:58 - loss: 0.3897 - mae: 0.2404 - mse: 0.1208 - ssim_metric: 0.4691
179/326 [===============>..............] - ETA: 1:57 - loss: 0.3899 - mae: 0.2405 - mse: 0.1208 - ssim_metric: 0.4690
180/326 [===============>..............] - ETA: 1:56 - loss: 0.3899 - mae: 0.2407 - mse: 0.1209 - ssim_metric: 0.4685
181/326 [===============>..............] - ETA: 1:55 - loss: 0.3905 - mae: 0.2412 - mse: 0.1211 - ssim_metric: 0.4676
182/326 [===============>..............] - ETA: 1:55 - loss: 0.3905 - mae: 0.2414 - mse: 0.1211 - ssim_metric: 0.4670
183/326 [===============>..............] - ETA: 1:54 - loss: 0.3904 - mae: 0.2415 - mse: 0.1210 - ssim_metric: 0.4666
184/326 [===============>..............] - ETA: 1:53 - loss: 0.3905 - mae: 0.2417 - mse: 0.1211 - ssim_metric: 0.4664
185/326 [================>.............] - ETA: 1:52 - loss: 0.3906 - mae: 0.2418 - mse: 0.1211 - ssim_metric: 0.4661
186/326 [================>.............] - ETA: 1:51 - loss: 0.3912 - mae: 0.2422 - mse: 0.1214 - ssim_metric: 0.4654
187/326 [================>.............] - ETA: 1:51 - loss: 0.3916 - mae: 0.2424 - mse: 0.1215 - ssim_metric: 0.4652
188/326 [================>.............] - ETA: 1:50 - loss: 0.3920 - mae: 0.2424 - mse: 0.1216 - ssim_metric: 0.4654
189/326 [================>.............] - ETA: 1:49 - loss: 0.3917 - mae: 0.2423 - mse: 0.1215 - ssim_metric: 0.4656
190/326 [================>.............] - ETA: 1:48 - loss: 0.3915 - mae: 0.2422 - mse: 0.1214 - ssim_metric: 0.4655
191/326 [================>.............] - ETA: 1:47 - loss: 0.3913 - mae: 0.2422 - mse: 0.1214 - ssim_metric: 0.4654
192/326 [================>.............] - ETA: 1:47 - loss: 0.3912 - mae: 0.2421 - mse: 0.1213 - ssim_metric: 0.4657
193/326 [================>.............] - ETA: 1:46 - loss: 0.3913 - mae: 0.2421 - mse: 0.1213 - ssim_metric: 0.4657
194/326 [================>.............] - ETA: 1:45 - loss: 0.3908 - mae: 0.2418 - mse: 0.1212 - ssim_metric: 0.4662
195/326 [================>.............] - ETA: 1:44 - loss: 0.3911 - mae: 0.2418 - mse: 0.1213 - ssim_metric: 0.4665
196/326 [=================>............] - ETA: 1:43 - loss: 0.3915 - mae: 0.2419 - mse: 0.1214 - ssim_metric: 0.4664
197/326 [=================>............] - ETA: 1:43 - loss: 0.3913 - mae: 0.2418 - mse: 0.1213 - ssim_metric: 0.4667
198/326 [=================>............] - ETA: 1:42 - loss: 0.3912 - mae: 0.2417 - mse: 0.1213 - ssim_metric: 0.4668
199/326 [=================>............] - ETA: 1:41 - loss: 0.3912 - mae: 0.2417 - mse: 0.1213 - ssim_metric: 0.4668
200/326 [=================>............] - ETA: 1:40 - loss: 0.3912 - mae: 0.2418 - mse: 0.1213 - ssim_metric: 0.4667
201/326 [=================>............] - ETA: 1:39 - loss: 0.3911 - mae: 0.2418 - mse: 0.1212 - ssim_metric: 0.4665
202/326 [=================>............] - ETA: 1:39 - loss: 0.3915 - mae: 0.2419 - mse: 0.1214 - ssim_metric: 0.4666
203/326 [=================>............] - ETA: 1:38 - loss: 0.3920 - mae: 0.2422 - mse: 0.1216 - ssim_metric: 0.4661
204/326 [=================>............] - ETA: 1:37 - loss: 0.3918 - mae: 0.2422 - mse: 0.1215 - ssim_metric: 0.4660
205/326 [=================>............] - ETA: 1:36 - loss: 0.3915 - mae: 0.2420 - mse: 0.1214 - ssim_metric: 0.4661
206/326 [=================>............] - ETA: 1:35 - loss: 0.3914 - mae: 0.2420 - mse: 0.1213 - ssim_metric: 0.4661
207/326 [==================>...........] - ETA: 1:35 - loss: 0.3913 - mae: 0.2420 - mse: 0.1213 - ssim_metric: 0.4662
208/326 [==================>...........] - ETA: 1:34 - loss: 0.3912 - mae: 0.2420 - mse: 0.1213 - ssim_metric: 0.4664
209/326 [==================>...........] - ETA: 1:33 - loss: 0.3912 - mae: 0.2419 - mse: 0.1213 - ssim_metric: 0.4665
210/326 [==================>...........] - ETA: 1:32 - loss: 0.3914 - mae: 0.2420 - mse: 0.1214 - ssim_metric: 0.4664
211/326 [==================>...........] - ETA: 1:31 - loss: 0.3914 - mae: 0.2419 - mse: 0.1213 - ssim_metric: 0.4669
212/326 [==================>...........] - ETA: 1:31 - loss: 0.3913 - mae: 0.2418 - mse: 0.1213 - ssim_metric: 0.4671
213/326 [==================>...........] - ETA: 1:30 - loss: 0.3910 - mae: 0.2417 - mse: 0.1212 - ssim_metric: 0.4673
214/326 [==================>...........] - ETA: 1:29 - loss: 0.3911 - mae: 0.2417 - mse: 0.1213 - ssim_metric: 0.4672
215/326 [==================>...........] - ETA: 1:28 - loss: 0.3911 - mae: 0.2417 - mse: 0.1213 - ssim_metric: 0.4671
216/326 [==================>...........] - ETA: 1:27 - loss: 0.3909 - mae: 0.2416 - mse: 0.1212 - ssim_metric: 0.4673
217/326 [==================>...........] - ETA: 1:27 - loss: 0.3910 - mae: 0.2417 - mse: 0.1212 - ssim_metric: 0.4672
218/326 [===================>..........] - ETA: 1:26 - loss: 0.3911 - mae: 0.2417 - mse: 0.1213 - ssim_metric: 0.4671
219/326 [===================>..........] - ETA: 1:25 - loss: 0.3910 - mae: 0.2417 - mse: 0.1213 - ssim_metric: 0.4671
220/326 [===================>..........] - ETA: 1:24 - loss: 0.3913 - mae: 0.2419 - mse: 0.1213 - ssim_metric: 0.4667
221/326 [===================>..........] - ETA: 1:23 - loss: 0.3915 - mae: 0.2421 - mse: 0.1214 - ssim_metric: 0.4663
222/326 [===================>..........] - ETA: 1:23 - loss: 0.3917 - mae: 0.2423 - mse: 0.1215 - ssim_metric: 0.4658
223/326 [===================>..........] - ETA: 1:22 - loss: 0.3915 - mae: 0.2422 - mse: 0.1215 - ssim_metric: 0.4659
224/326 [===================>..........] - ETA: 1:21 - loss: 0.3918 - mae: 0.2424 - mse: 0.1216 - ssim_metric: 0.4655
225/326 [===================>..........] - ETA: 1:20 - loss: 0.3920 - mae: 0.2425 - mse: 0.1216 - ssim_metric: 0.4654
226/326 [===================>..........] - ETA: 1:19 - loss: 0.3920 - mae: 0.2425 - mse: 0.1216 - ssim_metric: 0.4654
227/326 [===================>..........] - ETA: 1:19 - loss: 0.3918 - mae: 0.2424 - mse: 0.1215 - ssim_metric: 0.4657
228/326 [===================>..........] - ETA: 1:18 - loss: 0.3917 - mae: 0.2423 - mse: 0.1215 - ssim_metric: 0.4659
229/326 [====================>.........] - ETA: 1:17 - loss: 0.3921 - mae: 0.2425 - mse: 0.1217 - ssim_metric: 0.4656
230/326 [====================>.........] - ETA: 1:16 - loss: 0.3920 - mae: 0.2425 - mse: 0.1217 - ssim_metric: 0.4656
231/326 [====================>.........] - ETA: 1:15 - loss: 0.3919 - mae: 0.2424 - mse: 0.1216 - ssim_metric: 0.4656
232/326 [====================>.........] - ETA: 1:15 - loss: 0.3917 - mae: 0.2424 - mse: 0.1216 - ssim_metric: 0.4657
233/326 [====================>.........] - ETA: 1:14 - loss: 0.3919 - mae: 0.2424 - mse: 0.1216 - ssim_metric: 0.4658
234/326 [====================>.........] - ETA: 1:13 - loss: 0.3921 - mae: 0.2426 - mse: 0.1217 - ssim_metric: 0.4653
235/326 [====================>.........] - ETA: 1:12 - loss: 0.3921 - mae: 0.2426 - mse: 0.1217 - ssim_metric: 0.4653
236/326 [====================>.........] - ETA: 1:11 - loss: 0.3916 - mae: 0.2423 - mse: 0.1215 - ssim_metric: 0.4657
237/326 [====================>.........] - ETA: 1:11 - loss: 0.3914 - mae: 0.2422 - mse: 0.1214 - ssim_metric: 0.4661
238/326 [====================>.........] - ETA: 1:10 - loss: 0.3915 - mae: 0.2422 - mse: 0.1215 - ssim_metric: 0.4661
239/326 [====================>.........] - ETA: 1:09 - loss: 0.3910 - mae: 0.2419 - mse: 0.1213 - ssim_metric: 0.4667
240/326 [=====================>........] - ETA: 1:08 - loss: 0.3910 - mae: 0.2418 - mse: 0.1213 - ssim_metric: 0.4669
241/326 [=====================>........] - ETA: 1:07 - loss: 0.3909 - mae: 0.2417 - mse: 0.1213 - ssim_metric: 0.4671
242/326 [=====================>........] - ETA: 1:07 - loss: 0.3904 - mae: 0.2414 - mse: 0.1211 - ssim_metric: 0.4676
243/326 [=====================>........] - ETA: 1:06 - loss: 0.3903 - mae: 0.2413 - mse: 0.1211 - ssim_metric: 0.4680
244/326 [=====================>........] - ETA: 1:05 - loss: 0.3904 - mae: 0.2413 - mse: 0.1211 - ssim_metric: 0.4681
245/326 [=====================>........] - ETA: 1:04 - loss: 0.3905 - mae: 0.2414 - mse: 0.1211 - ssim_metric: 0.4680
246/326 [=====================>........] - ETA: 1:03 - loss: 0.3904 - mae: 0.2413 - mse: 0.1211 - ssim_metric: 0.4682
247/326 [=====================>........] - ETA: 1:03 - loss: 0.3903 - mae: 0.2413 - mse: 0.1211 - ssim_metric: 0.4681
248/326 [=====================>........] - ETA: 1:02 - loss: 0.3906 - mae: 0.2415 - mse: 0.1212 - ssim_metric: 0.4680
249/326 [=====================>........] - ETA: 1:01 - loss: 0.3908 - mae: 0.2417 - mse: 0.1213 - ssim_metric: 0.4677
250/326 [======================>.......] - ETA: 1:00 - loss: 0.3907 - mae: 0.2417 - mse: 0.1212 - ssim_metric: 0.4675
251/326 [======================>.......] - ETA: 59s - loss: 0.3905 - mae: 0.2416 - mse: 0.1212 - ssim_metric: 0.4675 
252/326 [======================>.......] - ETA: 59s - loss: 0.3901 - mae: 0.2415 - mse: 0.1210 - ssim_metric: 0.4676
253/326 [======================>.......] - ETA: 58s - loss: 0.3907 - mae: 0.2417 - mse: 0.1212 - ssim_metric: 0.4674
254/326 [======================>.......] - ETA: 57s - loss: 0.3907 - mae: 0.2417 - mse: 0.1212 - ssim_metric: 0.4674
255/326 [======================>.......] - ETA: 56s - loss: 0.3904 - mae: 0.2416 - mse: 0.1211 - ssim_metric: 0.4676
256/326 [======================>.......] - ETA: 55s - loss: 0.3907 - mae: 0.2417 - mse: 0.1212 - ssim_metric: 0.4675
257/326 [======================>.......] - ETA: 55s - loss: 0.3907 - mae: 0.2417 - mse: 0.1212 - ssim_metric: 0.4676
258/326 [======================>.......] - ETA: 54s - loss: 0.3909 - mae: 0.2417 - mse: 0.1213 - ssim_metric: 0.4675
259/326 [======================>.......] - ETA: 53s - loss: 0.3911 - mae: 0.2418 - mse: 0.1214 - ssim_metric: 0.4673
260/326 [======================>.......] - ETA: 52s - loss: 0.3908 - mae: 0.2417 - mse: 0.1213 - ssim_metric: 0.4675
261/326 [=======================>......] - ETA: 51s - loss: 0.3910 - mae: 0.2416 - mse: 0.1213 - ssim_metric: 0.4675
262/326 [=======================>......] - ETA: 51s - loss: 0.3906 - mae: 0.2415 - mse: 0.1211 - ssim_metric: 0.4675
263/326 [=======================>......] - ETA: 50s - loss: 0.3910 - mae: 0.2417 - mse: 0.1213 - ssim_metric: 0.4673
264/326 [=======================>......] - ETA: 49s - loss: 0.3911 - mae: 0.2417 - mse: 0.1213 - ssim_metric: 0.4672
265/326 [=======================>......] - ETA: 48s - loss: 0.3912 - mae: 0.2419 - mse: 0.1214 - ssim_metric: 0.4669
266/326 [=======================>......] - ETA: 47s - loss: 0.3913 - mae: 0.2420 - mse: 0.1214 - ssim_metric: 0.4665
267/326 [=======================>......] - ETA: 47s - loss: 0.3914 - mae: 0.2421 - mse: 0.1215 - ssim_metric: 0.4662
268/326 [=======================>......] - ETA: 46s - loss: 0.3915 - mae: 0.2423 - mse: 0.1215 - ssim_metric: 0.4659
269/326 [=======================>......] - ETA: 45s - loss: 0.3914 - mae: 0.2423 - mse: 0.1214 - ssim_metric: 0.4657
270/326 [=======================>......] - ETA: 44s - loss: 0.3916 - mae: 0.2424 - mse: 0.1215 - ssim_metric: 0.4655
271/326 [=======================>......] - ETA: 43s - loss: 0.3917 - mae: 0.2425 - mse: 0.1216 - ssim_metric: 0.4655
272/326 [========================>.....] - ETA: 43s - loss: 0.3916 - mae: 0.2424 - mse: 0.1215 - ssim_metric: 0.4656
273/326 [========================>.....] - ETA: 42s - loss: 0.3913 - mae: 0.2423 - mse: 0.1214 - ssim_metric: 0.4659
274/326 [========================>.....] - ETA: 41s - loss: 0.3914 - mae: 0.2423 - mse: 0.1215 - ssim_metric: 0.4658
275/326 [========================>.....] - ETA: 40s - loss: 0.3916 - mae: 0.2423 - mse: 0.1215 - ssim_metric: 0.4661
276/326 [========================>.....] - ETA: 39s - loss: 0.3916 - mae: 0.2423 - mse: 0.1215 - ssim_metric: 0.4660
277/326 [========================>.....] - ETA: 39s - loss: 0.3919 - mae: 0.2425 - mse: 0.1216 - ssim_metric: 0.4658
278/326 [========================>.....] - ETA: 38s - loss: 0.3918 - mae: 0.2424 - mse: 0.1216 - ssim_metric: 0.4659
279/326 [========================>.....] - ETA: 37s - loss: 0.3916 - mae: 0.2423 - mse: 0.1215 - ssim_metric: 0.4663
280/326 [========================>.....] - ETA: 36s - loss: 0.3914 - mae: 0.2423 - mse: 0.1215 - ssim_metric: 0.4663
281/326 [========================>.....] - ETA: 35s - loss: 0.3918 - mae: 0.2424 - mse: 0.1216 - ssim_metric: 0.4660
282/326 [========================>.....] - ETA: 35s - loss: 0.3919 - mae: 0.2425 - mse: 0.1216 - ssim_metric: 0.4661
283/326 [=========================>....] - ETA: 34s - loss: 0.3923 - mae: 0.2426 - mse: 0.1218 - ssim_metric: 0.4659
284/326 [=========================>....] - ETA: 33s - loss: 0.3922 - mae: 0.2427 - mse: 0.1217 - ssim_metric: 0.4658
285/326 [=========================>....] - ETA: 32s - loss: 0.3924 - mae: 0.2429 - mse: 0.1218 - ssim_metric: 0.4654
286/326 [=========================>....] - ETA: 31s - loss: 0.3925 - mae: 0.2430 - mse: 0.1218 - ssim_metric: 0.4652
287/326 [=========================>....] - ETA: 31s - loss: 0.3928 - mae: 0.2431 - mse: 0.1220 - ssim_metric: 0.4651
288/326 [=========================>....] - ETA: 30s - loss: 0.3932 - mae: 0.2433 - mse: 0.1221 - ssim_metric: 0.4648
289/326 [=========================>....] - ETA: 29s - loss: 0.3932 - mae: 0.2434 - mse: 0.1221 - ssim_metric: 0.4646
290/326 [=========================>....] - ETA: 28s - loss: 0.3936 - mae: 0.2435 - mse: 0.1222 - ssim_metric: 0.4645
291/326 [=========================>....] - ETA: 27s - loss: 0.3937 - mae: 0.2436 - mse: 0.1223 - ssim_metric: 0.4643
292/326 [=========================>....] - ETA: 27s - loss: 0.3934 - mae: 0.2435 - mse: 0.1222 - ssim_metric: 0.4643
293/326 [=========================>....] - ETA: 26s - loss: 0.3933 - mae: 0.2435 - mse: 0.1221 - ssim_metric: 0.4643
294/326 [==========================>...] - ETA: 25s - loss: 0.3935 - mae: 0.2437 - mse: 0.1222 - ssim_metric: 0.4640
295/326 [==========================>...] - ETA: 24s - loss: 0.3935 - mae: 0.2438 - mse: 0.1222 - ssim_metric: 0.4639
296/326 [==========================>...] - ETA: 23s - loss: 0.3933 - mae: 0.2436 - mse: 0.1221 - ssim_metric: 0.4641
297/326 [==========================>...] - ETA: 23s - loss: 0.3935 - mae: 0.2437 - mse: 0.1222 - ssim_metric: 0.4642
298/326 [==========================>...] - ETA: 22s - loss: 0.3930 - mae: 0.2435 - mse: 0.1220 - ssim_metric: 0.4646
299/326 [==========================>...] - ETA: 21s - loss: 0.3928 - mae: 0.2433 - mse: 0.1219 - ssim_metric: 0.4648
300/326 [==========================>...] - ETA: 20s - loss: 0.3928 - mae: 0.2433 - mse: 0.1220 - ssim_metric: 0.4650
301/326 [==========================>...] - ETA: 19s - loss: 0.3925 - mae: 0.2431 - mse: 0.1219 - ssim_metric: 0.4654
302/326 [==========================>...] - ETA: 19s - loss: 0.3929 - mae: 0.2432 - mse: 0.1220 - ssim_metric: 0.4651
303/326 [==========================>...] - ETA: 18s - loss: 0.3929 - mae: 0.2432 - mse: 0.1220 - ssim_metric: 0.4651
304/326 [==========================>...] - ETA: 17s - loss: 0.3930 - mae: 0.2432 - mse: 0.1220 - ssim_metric: 0.4651
305/326 [===========================>..] - ETA: 16s - loss: 0.3930 - mae: 0.2433 - mse: 0.1220 - ssim_metric: 0.4650
306/326 [===========================>..] - ETA: 15s - loss: 0.3930 - mae: 0.2433 - mse: 0.1220 - ssim_metric: 0.4648
307/326 [===========================>..] - ETA: 15s - loss: 0.3931 - mae: 0.2433 - mse: 0.1221 - ssim_metric: 0.4647
308/326 [===========================>..] - ETA: 14s - loss: 0.3930 - mae: 0.2433 - mse: 0.1220 - ssim_metric: 0.4649
309/326 [===========================>..] - ETA: 13s - loss: 0.3929 - mae: 0.2433 - mse: 0.1220 - ssim_metric: 0.4649
310/326 [===========================>..] - ETA: 12s - loss: 0.3929 - mae: 0.2433 - mse: 0.1220 - ssim_metric: 0.4648
311/326 [===========================>..] - ETA: 11s - loss: 0.3927 - mae: 0.2432 - mse: 0.1219 - ssim_metric: 0.4649
312/326 [===========================>..] - ETA: 11s - loss: 0.3927 - mae: 0.2432 - mse: 0.1219 - ssim_metric: 0.4648
313/326 [===========================>..] - ETA: 10s - loss: 0.3928 - mae: 0.2432 - mse: 0.1220 - ssim_metric: 0.4648
314/326 [===========================>..] - ETA: 9s - loss: 0.3930 - mae: 0.2432 - mse: 0.1220 - ssim_metric: 0.4650 
315/326 [===========================>..] - ETA: 8s - loss: 0.3932 - mae: 0.2433 - mse: 0.1221 - ssim_metric: 0.4648
316/326 [============================>.] - ETA: 7s - loss: 0.3931 - mae: 0.2433 - mse: 0.1221 - ssim_metric: 0.4647
317/326 [============================>.] - ETA: 7s - loss: 0.3930 - mae: 0.2432 - mse: 0.1220 - ssim_metric: 0.4649
318/326 [============================>.] - ETA: 6s - loss: 0.3928 - mae: 0.2432 - mse: 0.1220 - ssim_metric: 0.4649
319/326 [============================>.] - ETA: 5s - loss: 0.3933 - mae: 0.2434 - mse: 0.1221 - ssim_metric: 0.4646
320/326 [============================>.] - ETA: 4s - loss: 0.3933 - mae: 0.2434 - mse: 0.1221 - ssim_metric: 0.4645
321/326 [============================>.] - ETA: 3s - loss: 0.3934 - mae: 0.2435 - mse: 0.1222 - ssim_metric: 0.4643
322/326 [============================>.] - ETA: 3s - loss: 0.3932 - mae: 0.2435 - mse: 0.1221 - ssim_metric: 0.4643
323/326 [============================>.] - ETA: 2s - loss: 0.3931 - mae: 0.2434 - mse: 0.1221 - ssim_metric: 0.4643
324/326 [============================>.] - ETA: 1s - loss: 0.3936 - mae: 0.2436 - mse: 0.1222 - ssim_metric: 0.4640
325/326 [============================>.] - ETA: 0s - loss: 0.3936 - mae: 0.2437 - mse: 0.1222 - ssim_metric: 0.4639
326/326 [==============================] - ETA: 0s - loss: 0.3937 - mae: 0.2437 - mse: 0.1223 - ssim_metric: 0.4639
Epoch 9: saving model to C:\d_surucusu\visual_navigation\benchmark\models_pipeline\20260909_223425\bce_b32\_JOB_bce_b32_10_09_2026__11_08_model_f48_k4_epoch_00009_helu_osigmoid_(1, 1)_.h5

Epoch 9: val_loss improved from 0.35809 to 0.35632, saving model to C:\d_surucusu\visual_navigation\benchmark\models_pipeline\20260909_223425\bce_b32\_JOB_bce_b32_10_09_2026__11_08_best_val_loss_model_f48_k4.h5

Epoch 9: val_mae improved from 0.22719 to 0.22617, saving model to C:\d_surucusu\visual_navigation\benchmark\models_pipeline\20260909_223425\bce_b32\_JOB_bce_b32_10_09_2026__11_08_best_mae_model_f48_k4.h5

Epoch 9: val_ssim_metric did not improve from 0.59927

326/326 [==============================] - 276s 848ms/step - loss: 0.3937 - mae: 0.2437 - mse: 0.1223 - ssim_metric: 0.4639 - val_loss: 0.3563 - val_mae: 0.2262 - val_mse: 0.1085 - val_ssim_metric: 0.4824
Epoch 10/20

  1/326 [..............................] - ETA: 4:37 - loss: 0.4177 - mae: 0.2596 - mse: 0.1337 - ssim_metric: 0.4149
  2/326 [..............................] - ETA: 4:20 - loss: 0.4139 - mae: 0.2536 - mse: 0.1307 - ssim_metric: 0.4451
  3/326 [..............................] - ETA: 4:18 - loss: 0.4334 - mae: 0.2686 - mse: 0.1379 - ssim_metric: 0.4242
  4/326 [..............................] - ETA: 4:18 - loss: 0.4264 - mae: 0.2668 - mse: 0.1352 - ssim_metric: 0.4186
  5/326 [..............................] - ETA: 4:17 - loss: 0.4156 - mae: 0.2630 - mse: 0.1312 - ssim_metric: 0.4233
  6/326 [..............................] - ETA: 4:15 - loss: 0.4135 - mae: 0.2653 - mse: 0.1304 - ssim_metric: 0.4122
  7/326 [..............................] - ETA: 4:14 - loss: 0.4103 - mae: 0.2653 - mse: 0.1291 - ssim_metric: 0.4093
  8/326 [..............................] - ETA: 4:14 - loss: 0.3994 - mae: 0.2590 - mse: 0.1248 - ssim_metric: 0.4179
  9/326 [..............................] - ETA: 4:13 - loss: 0.3894 - mae: 0.2529 - mse: 0.1210 - ssim_metric: 0.4289
 10/326 [..............................] - ETA: 4:12 - loss: 0.3872 - mae: 0.2502 - mse: 0.1202 - ssim_metric: 0.4375
 11/326 [>.............................] - ETA: 4:11 - loss: 0.3902 - mae: 0.2504 - mse: 0.1217 - ssim_metric: 0.4422
 12/326 [>.............................] - ETA: 4:10 - loss: 0.3904 - mae: 0.2484 - mse: 0.1218 - ssim_metric: 0.4479
 13/326 [>.............................] - ETA: 4:10 - loss: 0.3958 - mae: 0.2484 - mse: 0.1237 - ssim_metric: 0.4514
 14/326 [>.............................] - ETA: 4:09 - loss: 0.4083 - mae: 0.2526 - mse: 0.1279 - ssim_metric: 0.4474
 15/326 [>.............................] - ETA: 4:08 - loss: 0.3986 - mae: 0.2472 - mse: 0.1244 - ssim_metric: 0.4579
 16/326 [>.............................] - ETA: 4:07 - loss: 0.4024 - mae: 0.2490 - mse: 0.1259 - ssim_metric: 0.4564
 17/326 [>.............................] - ETA: 4:06 - loss: 0.4014 - mae: 0.2492 - mse: 0.1255 - ssim_metric: 0.4559
 18/326 [>.............................] - ETA: 4:06 - loss: 0.4039 - mae: 0.2518 - mse: 0.1265 - ssim_metric: 0.4503
 19/326 [>.............................] - ETA: 4:05 - loss: 0.4044 - mae: 0.2533 - mse: 0.1267 - ssim_metric: 0.4473
 20/326 [>.............................] - ETA: 4:04 - loss: 0.4006 - mae: 0.2527 - mse: 0.1251 - ssim_metric: 0.4456
 21/326 [>.............................] - ETA: 4:03 - loss: 0.3961 - mae: 0.2508 - mse: 0.1233 - ssim_metric: 0.4473
 22/326 [=>............................] - ETA: 4:02 - loss: 0.3919 - mae: 0.2486 - mse: 0.1217 - ssim_metric: 0.4499
 23/326 [=>............................] - ETA: 4:01 - loss: 0.3879 - mae: 0.2459 - mse: 0.1203 - ssim_metric: 0.4565
 24/326 [=>............................] - ETA: 4:01 - loss: 0.3867 - mae: 0.2446 - mse: 0.1199 - ssim_metric: 0.4593
 25/326 [=>............................] - ETA: 4:00 - loss: 0.3908 - mae: 0.2455 - mse: 0.1214 - ssim_metric: 0.4582
 26/326 [=>............................] - ETA: 3:59 - loss: 0.3919 - mae: 0.2450 - mse: 0.1218 - ssim_metric: 0.4603
 27/326 [=>............................] - ETA: 3:58 - loss: 0.3906 - mae: 0.2436 - mse: 0.1213 - ssim_metric: 0.4634
 28/326 [=>............................] - ETA: 3:58 - loss: 0.3928 - mae: 0.2432 - mse: 0.1219 - ssim_metric: 0.4646
 29/326 [=>............................] - ETA: 3:57 - loss: 0.3916 - mae: 0.2424 - mse: 0.1215 - ssim_metric: 0.4654
 30/326 [=>............................] - ETA: 3:56 - loss: 0.3949 - mae: 0.2433 - mse: 0.1226 - ssim_metric: 0.4639
 31/326 [=>............................] - ETA: 3:55 - loss: 0.3953 - mae: 0.2436 - mse: 0.1228 - ssim_metric: 0.4615
 32/326 [=>............................] - ETA: 3:54 - loss: 0.3963 - mae: 0.2446 - mse: 0.1233 - ssim_metric: 0.4588
 33/326 [==>...........................] - ETA: 3:54 - loss: 0.3935 - mae: 0.2438 - mse: 0.1221 - ssim_metric: 0.4576
 34/326 [==>...........................] - ETA: 3:53 - loss: 0.3947 - mae: 0.2449 - mse: 0.1226 - ssim_metric: 0.4540
 35/326 [==>...........................] - ETA: 3:52 - loss: 0.3927 - mae: 0.2441 - mse: 0.1218 - ssim_metric: 0.4547
 36/326 [==>...........................] - ETA: 3:51 - loss: 0.3929 - mae: 0.2447 - mse: 0.1219 - ssim_metric: 0.4531
 37/326 [==>...........................] - ETA: 3:50 - loss: 0.3901 - mae: 0.2432 - mse: 0.1209 - ssim_metric: 0.4555
 38/326 [==>...........................] - ETA: 3:50 - loss: 0.3882 - mae: 0.2423 - mse: 0.1202 - ssim_metric: 0.4568
 39/326 [==>...........................] - ETA: 3:49 - loss: 0.3882 - mae: 0.2421 - mse: 0.1201 - ssim_metric: 0.4576
 40/326 [==>...........................] - ETA: 3:48 - loss: 0.3867 - mae: 0.2412 - mse: 0.1196 - ssim_metric: 0.4591
 41/326 [==>...........................] - ETA: 3:47 - loss: 0.3850 - mae: 0.2399 - mse: 0.1191 - ssim_metric: 0.4622
 42/326 [==>...........................] - ETA: 3:46 - loss: 0.3812 - mae: 0.2375 - mse: 0.1177 - ssim_metric: 0.4667
 43/326 [==>...........................] - ETA: 3:46 - loss: 0.3815 - mae: 0.2368 - mse: 0.1177 - ssim_metric: 0.4687
 44/326 [===>..........................] - ETA: 3:45 - loss: 0.3826 - mae: 0.2367 - mse: 0.1182 - ssim_metric: 0.4699
 45/326 [===>..........................] - ETA: 3:44 - loss: 0.3850 - mae: 0.2377 - mse: 0.1191 - ssim_metric: 0.4683
 46/326 [===>..........................] - ETA: 3:43 - loss: 0.3853 - mae: 0.2376 - mse: 0.1192 - ssim_metric: 0.4690
 47/326 [===>..........................] - ETA: 3:42 - loss: 0.3840 - mae: 0.2371 - mse: 0.1188 - ssim_metric: 0.4697
 48/326 [===>..........................] - ETA: 3:42 - loss: 0.3811 - mae: 0.2358 - mse: 0.1177 - ssim_metric: 0.4711
 49/326 [===>..........................] - ETA: 3:41 - loss: 0.3847 - mae: 0.2369 - mse: 0.1188 - ssim_metric: 0.4696
 50/326 [===>..........................] - ETA: 3:40 - loss: 0.3844 - mae: 0.2371 - mse: 0.1187 - ssim_metric: 0.4694
 51/326 [===>..........................] - ETA: 3:39 - loss: 0.3827 - mae: 0.2366 - mse: 0.1181 - ssim_metric: 0.4688
 52/326 [===>..........................] - ETA: 3:38 - loss: 0.3832 - mae: 0.2369 - mse: 0.1183 - ssim_metric: 0.4689
 53/326 [===>..........................] - ETA: 3:38 - loss: 0.3829 - mae: 0.2367 - mse: 0.1181 - ssim_metric: 0.4689
 54/326 [===>..........................] - ETA: 3:37 - loss: 0.3837 - mae: 0.2369 - mse: 0.1184 - ssim_metric: 0.4689
 55/326 [====>.........................] - ETA: 3:36 - loss: 0.3839 - mae: 0.2371 - mse: 0.1185 - ssim_metric: 0.4687
 56/326 [====>.........................] - ETA: 3:35 - loss: 0.3836 - mae: 0.2370 - mse: 0.1184 - ssim_metric: 0.4684
 57/326 [====>.........................] - ETA: 3:34 - loss: 0.3824 - mae: 0.2364 - mse: 0.1180 - ssim_metric: 0.4691
 58/326 [====>.........................] - ETA: 3:34 - loss: 0.3837 - mae: 0.2370 - mse: 0.1185 - ssim_metric: 0.4687
 59/326 [====>.........................] - ETA: 3:33 - loss: 0.3845 - mae: 0.2373 - mse: 0.1188 - ssim_metric: 0.4680
 60/326 [====>.........................] - ETA: 3:32 - loss: 0.3855 - mae: 0.2378 - mse: 0.1192 - ssim_metric: 0.4677
 61/326 [====>.........................] - ETA: 3:31 - loss: 0.3835 - mae: 0.2368 - mse: 0.1185 - ssim_metric: 0.4695
 62/326 [====>.........................] - ETA: 3:30 - loss: 0.3821 - mae: 0.2362 - mse: 0.1179 - ssim_metric: 0.4700
 63/326 [====>.........................] - ETA: 3:30 - loss: 0.3829 - mae: 0.2367 - mse: 0.1183 - ssim_metric: 0.4690
 64/326 [====>.........................] - ETA: 3:29 - loss: 0.3819 - mae: 0.2362 - mse: 0.1179 - ssim_metric: 0.4700
 65/326 [====>.........................] - ETA: 3:28 - loss: 0.3806 - mae: 0.2354 - mse: 0.1174 - ssim_metric: 0.4717
 66/326 [=====>........................] - ETA: 3:27 - loss: 0.3820 - mae: 0.2360 - mse: 0.1179 - ssim_metric: 0.4710
 67/326 [=====>........................] - ETA: 3:26 - loss: 0.3819 - mae: 0.2359 - mse: 0.1179 - ssim_metric: 0.4708
 68/326 [=====>........................] - ETA: 3:26 - loss: 0.3818 - mae: 0.2356 - mse: 0.1179 - ssim_metric: 0.4715
 69/326 [=====>........................] - ETA: 3:25 - loss: 0.3819 - mae: 0.2356 - mse: 0.1180 - ssim_metric: 0.4714
 70/326 [=====>........................] - ETA: 3:24 - loss: 0.3818 - mae: 0.2355 - mse: 0.1180 - ssim_metric: 0.4719
 71/326 [=====>........................] - ETA: 3:23 - loss: 0.3817 - mae: 0.2354 - mse: 0.1180 - ssim_metric: 0.4719
 72/326 [=====>........................] - ETA: 3:22 - loss: 0.3840 - mae: 0.2362 - mse: 0.1187 - ssim_metric: 0.4707
 73/326 [=====>........................] - ETA: 3:22 - loss: 0.3840 - mae: 0.2363 - mse: 0.1187 - ssim_metric: 0.4705
 74/326 [=====>........................] - ETA: 3:21 - loss: 0.3836 - mae: 0.2364 - mse: 0.1186 - ssim_metric: 0.4698
 75/326 [=====>........................] - ETA: 3:20 - loss: 0.3829 - mae: 0.2363 - mse: 0.1183 - ssim_metric: 0.4696
 76/326 [=====>........................] - ETA: 3:19 - loss: 0.3816 - mae: 0.2358 - mse: 0.1178 - ssim_metric: 0.4699
 77/326 [======>.......................] - ETA: 3:18 - loss: 0.3823 - mae: 0.2365 - mse: 0.1181 - ssim_metric: 0.4684
 78/326 [======>.......................] - ETA: 3:18 - loss: 0.3821 - mae: 0.2364 - mse: 0.1180 - ssim_metric: 0.4685
 79/326 [======>.......................] - ETA: 3:17 - loss: 0.3832 - mae: 0.2368 - mse: 0.1184 - ssim_metric: 0.4684
 80/326 [======>.......................] - ETA: 3:16 - loss: 0.3839 - mae: 0.2369 - mse: 0.1187 - ssim_metric: 0.4686
 81/326 [======>.......................] - ETA: 3:15 - loss: 0.3835 - mae: 0.2367 - mse: 0.1185 - ssim_metric: 0.4694
 82/326 [======>.......................] - ETA: 3:14 - loss: 0.3837 - mae: 0.2366 - mse: 0.1187 - ssim_metric: 0.4698
 83/326 [======>.......................] - ETA: 3:14 - loss: 0.3835 - mae: 0.2366 - mse: 0.1186 - ssim_metric: 0.4699
 84/326 [======>.......................] - ETA: 3:13 - loss: 0.3841 - mae: 0.2369 - mse: 0.1188 - ssim_metric: 0.4697
 85/326 [======>.......................] - ETA: 3:12 - loss: 0.3829 - mae: 0.2364 - mse: 0.1184 - ssim_metric: 0.4705
 86/326 [======>.......................] - ETA: 3:11 - loss: 0.3830 - mae: 0.2365 - mse: 0.1184 - ssim_metric: 0.4703
 87/326 [=======>......................] - ETA: 3:10 - loss: 0.3827 - mae: 0.2364 - mse: 0.1183 - ssim_metric: 0.4704
 88/326 [=======>......................] - ETA: 3:10 - loss: 0.3819 - mae: 0.2361 - mse: 0.1180 - ssim_metric: 0.4706
 89/326 [=======>......................] - ETA: 3:09 - loss: 0.3813 - mae: 0.2358 - mse: 0.1178 - ssim_metric: 0.4710
 90/326 [=======>......................] - ETA: 3:08 - loss: 0.3823 - mae: 0.2362 - mse: 0.1182 - ssim_metric: 0.4704
 91/326 [=======>......................] - ETA: 3:07 - loss: 0.3821 - mae: 0.2361 - mse: 0.1181 - ssim_metric: 0.4709
 92/326 [=======>......................] - ETA: 3:07 - loss: 0.3819 - mae: 0.2360 - mse: 0.1181 - ssim_metric: 0.4709
 93/326 [=======>......................] - ETA: 3:06 - loss: 0.3828 - mae: 0.2361 - mse: 0.1183 - ssim_metric: 0.4713
 94/326 [=======>......................] - ETA: 3:05 - loss: 0.3835 - mae: 0.2362 - mse: 0.1185 - ssim_metric: 0.4716
 95/326 [=======>......................] - ETA: 3:04 - loss: 0.3845 - mae: 0.2366 - mse: 0.1189 - ssim_metric: 0.4711
 96/326 [=======>......................] - ETA: 3:03 - loss: 0.3842 - mae: 0.2364 - mse: 0.1188 - ssim_metric: 0.4713
 97/326 [=======>......................] - ETA: 3:03 - loss: 0.3841 - mae: 0.2365 - mse: 0.1188 - ssim_metric: 0.4712
 98/326 [========>.....................] - ETA: 3:02 - loss: 0.3834 - mae: 0.2364 - mse: 0.1185 - ssim_metric: 0.4713
 99/326 [========>.....................] - ETA: 3:01 - loss: 0.3830 - mae: 0.2363 - mse: 0.1184 - ssim_metric: 0.4713
100/326 [========>.....................] - ETA: 3:00 - loss: 0.3830 - mae: 0.2365 - mse: 0.1184 - ssim_metric: 0.4710
101/326 [========>.....................] - ETA: 2:59 - loss: 0.3824 - mae: 0.2363 - mse: 0.1182 - ssim_metric: 0.4711
102/326 [========>.....................] - ETA: 2:59 - loss: 0.3818 - mae: 0.2361 - mse: 0.1179 - ssim_metric: 0.4713
103/326 [========>.....................] - ETA: 2:58 - loss: 0.3833 - mae: 0.2365 - mse: 0.1184 - ssim_metric: 0.4708
104/326 [========>.....................] - ETA: 2:57 - loss: 0.3832 - mae: 0.2364 - mse: 0.1183 - ssim_metric: 0.4711
105/326 [========>.....................] - ETA: 2:56 - loss: 0.3828 - mae: 0.2362 - mse: 0.1182 - ssim_metric: 0.4715
106/326 [========>.....................] - ETA: 2:55 - loss: 0.3819 - mae: 0.2357 - mse: 0.1179 - ssim_metric: 0.4723
107/326 [========>.....................] - ETA: 2:55 - loss: 0.3818 - mae: 0.2356 - mse: 0.1178 - ssim_metric: 0.4727
108/326 [========>.....................] - ETA: 2:54 - loss: 0.3839 - mae: 0.2362 - mse: 0.1185 - ssim_metric: 0.4722
109/326 [=========>....................] - ETA: 2:53 - loss: 0.3836 - mae: 0.2359 - mse: 0.1184 - ssim_metric: 0.4729
110/326 [=========>....................] - ETA: 2:52 - loss: 0.3842 - mae: 0.2362 - mse: 0.1186 - ssim_metric: 0.4725
111/326 [=========>....................] - ETA: 2:51 - loss: 0.3838 - mae: 0.2360 - mse: 0.1184 - ssim_metric: 0.4728
112/326 [=========>....................] - ETA: 2:51 - loss: 0.3839 - mae: 0.2361 - mse: 0.1185 - ssim_metric: 0.4726
113/326 [=========>....................] - ETA: 2:50 - loss: 0.3838 - mae: 0.2362 - mse: 0.1185 - ssim_metric: 0.4727
114/326 [=========>....................] - ETA: 2:49 - loss: 0.3835 - mae: 0.2362 - mse: 0.1184 - ssim_metric: 0.4726
115/326 [=========>....................] - ETA: 2:48 - loss: 0.3838 - mae: 0.2364 - mse: 0.1185 - ssim_metric: 0.4721
116/326 [=========>....................] - ETA: 2:47 - loss: 0.3839 - mae: 0.2366 - mse: 0.1185 - ssim_metric: 0.4717
117/326 [=========>....................] - ETA: 2:47 - loss: 0.3843 - mae: 0.2369 - mse: 0.1187 - ssim_metric: 0.4714
118/326 [=========>....................] - ETA: 2:46 - loss: 0.3838 - mae: 0.2366 - mse: 0.1185 - ssim_metric: 0.4723
119/326 [=========>....................] - ETA: 2:45 - loss: 0.3835 - mae: 0.2364 - mse: 0.1184 - ssim_metric: 0.4728
120/326 [==========>...................] - ETA: 2:44 - loss: 0.3832 - mae: 0.2363 - mse: 0.1183 - ssim_metric: 0.4731
121/326 [==========>...................] - ETA: 2:43 - loss: 0.3827 - mae: 0.2360 - mse: 0.1181 - ssim_metric: 0.4739
122/326 [==========>...................] - ETA: 2:43 - loss: 0.3831 - mae: 0.2359 - mse: 0.1182 - ssim_metric: 0.4743
123/326 [==========>...................] - ETA: 2:42 - loss: 0.3835 - mae: 0.2360 - mse: 0.1184 - ssim_metric: 0.4743
124/326 [==========>...................] - ETA: 2:41 - loss: 0.3840 - mae: 0.2362 - mse: 0.1185 - ssim_metric: 0.4739
125/326 [==========>...................] - ETA: 2:40 - loss: 0.3842 - mae: 0.2362 - mse: 0.1186 - ssim_metric: 0.4742
126/326 [==========>...................] - ETA: 2:39 - loss: 0.3837 - mae: 0.2360 - mse: 0.1184 - ssim_metric: 0.4742
127/326 [==========>...................] - ETA: 2:39 - loss: 0.3834 - mae: 0.2359 - mse: 0.1183 - ssim_metric: 0.4742
128/326 [==========>...................] - ETA: 2:38 - loss: 0.3829 - mae: 0.2357 - mse: 0.1181 - ssim_metric: 0.4743
129/326 [==========>...................] - ETA: 2:37 - loss: 0.3830 - mae: 0.2358 - mse: 0.1181 - ssim_metric: 0.4744
130/326 [==========>...................] - ETA: 2:36 - loss: 0.3840 - mae: 0.2364 - mse: 0.1185 - ssim_metric: 0.4735
131/326 [===========>..................] - ETA: 2:35 - loss: 0.3843 - mae: 0.2365 - mse: 0.1186 - ssim_metric: 0.4733
132/326 [===========>..................] - ETA: 2:35 - loss: 0.3844 - mae: 0.2365 - mse: 0.1186 - ssim_metric: 0.4734
133/326 [===========>..................] - ETA: 2:34 - loss: 0.3843 - mae: 0.2366 - mse: 0.1186 - ssim_metric: 0.4733
134/326 [===========>..................] - ETA: 2:33 - loss: 0.3847 - mae: 0.2369 - mse: 0.1188 - ssim_metric: 0.4729
135/326 [===========>..................] - ETA: 2:32 - loss: 0.3851 - mae: 0.2372 - mse: 0.1189 - ssim_metric: 0.4723
136/326 [===========>..................] - ETA: 2:31 - loss: 0.3853 - mae: 0.2374 - mse: 0.1190 - ssim_metric: 0.4717
137/326 [===========>..................] - ETA: 2:31 - loss: 0.3849 - mae: 0.2373 - mse: 0.1189 - ssim_metric: 0.4716
138/326 [===========>..................] - ETA: 2:30 - loss: 0.3853 - mae: 0.2376 - mse: 0.1190 - ssim_metric: 0.4708
139/326 [===========>..................] - ETA: 2:29 - loss: 0.3852 - mae: 0.2377 - mse: 0.1190 - ssim_metric: 0.4706
140/326 [===========>..................] - ETA: 2:28 - loss: 0.3853 - mae: 0.2377 - mse: 0.1191 - ssim_metric: 0.4706
141/326 [===========>..................] - ETA: 2:27 - loss: 0.3853 - mae: 0.2377 - mse: 0.1191 - ssim_metric: 0.4708
142/326 [============>.................] - ETA: 2:27 - loss: 0.3850 - mae: 0.2375 - mse: 0.1190 - ssim_metric: 0.4713
143/326 [============>.................] - ETA: 2:26 - loss: 0.3852 - mae: 0.2376 - mse: 0.1191 - ssim_metric: 0.4711
144/326 [============>.................] - ETA: 2:25 - loss: 0.3850 - mae: 0.2375 - mse: 0.1190 - ssim_metric: 0.4712
145/326 [============>.................] - ETA: 2:24 - loss: 0.3848 - mae: 0.2373 - mse: 0.1189 - ssim_metric: 0.4717
146/326 [============>.................] - ETA: 2:23 - loss: 0.3846 - mae: 0.2372 - mse: 0.1189 - ssim_metric: 0.4721
147/326 [============>.................] - ETA: 2:23 - loss: 0.3853 - mae: 0.2374 - mse: 0.1191 - ssim_metric: 0.4718
148/326 [============>.................] - ETA: 2:22 - loss: 0.3849 - mae: 0.2373 - mse: 0.1190 - ssim_metric: 0.4720
149/326 [============>.................] - ETA: 2:21 - loss: 0.3853 - mae: 0.2376 - mse: 0.1191 - ssim_metric: 0.4714
150/326 [============>.................] - ETA: 2:20 - loss: 0.3850 - mae: 0.2376 - mse: 0.1190 - ssim_metric: 0.4712
151/326 [============>.................] - ETA: 2:19 - loss: 0.3857 - mae: 0.2380 - mse: 0.1193 - ssim_metric: 0.4704
152/326 [============>.................] - ETA: 2:19 - loss: 0.3862 - mae: 0.2382 - mse: 0.1194 - ssim_metric: 0.4702
153/326 [=============>................] - ETA: 2:18 - loss: 0.3859 - mae: 0.2381 - mse: 0.1193 - ssim_metric: 0.4703
154/326 [=============>................] - ETA: 2:17 - loss: 0.3857 - mae: 0.2381 - mse: 0.1193 - ssim_metric: 0.4702
155/326 [=============>................] - ETA: 2:16 - loss: 0.3859 - mae: 0.2381 - mse: 0.1193 - ssim_metric: 0.4701
156/326 [=============>................] - ETA: 2:15 - loss: 0.3855 - mae: 0.2380 - mse: 0.1192 - ssim_metric: 0.4703
157/326 [=============>................] - ETA: 2:15 - loss: 0.3856 - mae: 0.2380 - mse: 0.1192 - ssim_metric: 0.4702
158/326 [=============>................] - ETA: 2:14 - loss: 0.3865 - mae: 0.2382 - mse: 0.1195 - ssim_metric: 0.4701
159/326 [=============>................] - ETA: 2:13 - loss: 0.3867 - mae: 0.2384 - mse: 0.1196 - ssim_metric: 0.4701
160/326 [=============>................] - ETA: 2:12 - loss: 0.3866 - mae: 0.2383 - mse: 0.1196 - ssim_metric: 0.4701
161/326 [=============>................] - ETA: 2:11 - loss: 0.3868 - mae: 0.2386 - mse: 0.1197 - ssim_metric: 0.4697
162/326 [=============>................] - ETA: 2:11 - loss: 0.3865 - mae: 0.2385 - mse: 0.1196 - ssim_metric: 0.4695
163/326 [==============>...............] - ETA: 2:10 - loss: 0.3862 - mae: 0.2385 - mse: 0.1194 - ssim_metric: 0.4695
164/326 [==============>...............] - ETA: 2:09 - loss: 0.3861 - mae: 0.2384 - mse: 0.1194 - ssim_metric: 0.4697
165/326 [==============>...............] - ETA: 2:08 - loss: 0.3862 - mae: 0.2384 - mse: 0.1194 - ssim_metric: 0.4697
166/326 [==============>...............] - ETA: 2:07 - loss: 0.3868 - mae: 0.2386 - mse: 0.1197 - ssim_metric: 0.4694
167/326 [==============>...............] - ETA: 2:07 - loss: 0.3867 - mae: 0.2387 - mse: 0.1196 - ssim_metric: 0.4693
168/326 [==============>...............] - ETA: 2:06 - loss: 0.3870 - mae: 0.2389 - mse: 0.1198 - ssim_metric: 0.4691
169/326 [==============>...............] - ETA: 2:05 - loss: 0.3867 - mae: 0.2387 - mse: 0.1197 - ssim_metric: 0.4694
170/326 [==============>...............] - ETA: 2:04 - loss: 0.3869 - mae: 0.2389 - mse: 0.1198 - ssim_metric: 0.4692
171/326 [==============>...............] - ETA: 2:03 - loss: 0.3868 - mae: 0.2388 - mse: 0.1197 - ssim_metric: 0.4693
172/326 [==============>...............] - ETA: 2:03 - loss: 0.3864 - mae: 0.2386 - mse: 0.1196 - ssim_metric: 0.4698
173/326 [==============>...............] - ETA: 2:02 - loss: 0.3866 - mae: 0.2387 - mse: 0.1197 - ssim_metric: 0.4696
174/326 [===============>..............] - ETA: 2:01 - loss: 0.3865 - mae: 0.2387 - mse: 0.1196 - ssim_metric: 0.4695
175/326 [===============>..............] - ETA: 2:00 - loss: 0.3866 - mae: 0.2388 - mse: 0.1197 - ssim_metric: 0.4693
176/326 [===============>..............] - ETA: 1:59 - loss: 0.3866 - mae: 0.2388 - mse: 0.1197 - ssim_metric: 0.4693
177/326 [===============>..............] - ETA: 1:59 - loss: 0.3868 - mae: 0.2388 - mse: 0.1198 - ssim_metric: 0.4695
178/326 [===============>..............] - ETA: 1:58 - loss: 0.3877 - mae: 0.2391 - mse: 0.1201 - ssim_metric: 0.4690
179/326 [===============>..............] - ETA: 1:57 - loss: 0.3879 - mae: 0.2392 - mse: 0.1202 - ssim_metric: 0.4689
180/326 [===============>..............] - ETA: 1:56 - loss: 0.3879 - mae: 0.2394 - mse: 0.1202 - ssim_metric: 0.4684
181/326 [===============>..............] - ETA: 1:55 - loss: 0.3885 - mae: 0.2399 - mse: 0.1204 - ssim_metric: 0.4675
182/326 [===============>..............] - ETA: 1:55 - loss: 0.3885 - mae: 0.2401 - mse: 0.1204 - ssim_metric: 0.4669
183/326 [===============>..............] - ETA: 1:54 - loss: 0.3884 - mae: 0.2402 - mse: 0.1204 - ssim_metric: 0.4665
184/326 [===============>..............] - ETA: 1:53 - loss: 0.3884 - mae: 0.2403 - mse: 0.1204 - ssim_metric: 0.4663
185/326 [================>.............] - ETA: 1:52 - loss: 0.3885 - mae: 0.2404 - mse: 0.1204 - ssim_metric: 0.4660
186/326 [================>.............] - ETA: 1:51 - loss: 0.3891 - mae: 0.2408 - mse: 0.1207 - ssim_metric: 0.4653
187/326 [================>.............] - ETA: 1:51 - loss: 0.3896 - mae: 0.2410 - mse: 0.1208 - ssim_metric: 0.4652
188/326 [================>.............] - ETA: 1:50 - loss: 0.3899 - mae: 0.2410 - mse: 0.1209 - ssim_metric: 0.4654
189/326 [================>.............] - ETA: 1:49 - loss: 0.3896 - mae: 0.2409 - mse: 0.1208 - ssim_metric: 0.4656
190/326 [================>.............] - ETA: 1:48 - loss: 0.3894 - mae: 0.2409 - mse: 0.1207 - ssim_metric: 0.4655
191/326 [================>.............] - ETA: 1:47 - loss: 0.3893 - mae: 0.2409 - mse: 0.1207 - ssim_metric: 0.4654
192/326 [================>.............] - ETA: 1:47 - loss: 0.3892 - mae: 0.2408 - mse: 0.1206 - ssim_metric: 0.4656
193/326 [================>.............] - ETA: 1:46 - loss: 0.3893 - mae: 0.2408 - mse: 0.1207 - ssim_metric: 0.4657
194/326 [================>.............] - ETA: 1:45 - loss: 0.3888 - mae: 0.2405 - mse: 0.1205 - ssim_metric: 0.4662
195/326 [================>.............] - ETA: 1:44 - loss: 0.3891 - mae: 0.2405 - mse: 0.1206 - ssim_metric: 0.4664
196/326 [=================>............] - ETA: 1:43 - loss: 0.3895 - mae: 0.2406 - mse: 0.1207 - ssim_metric: 0.4664
197/326 [=================>............] - ETA: 1:43 - loss: 0.3892 - mae: 0.2405 - mse: 0.1206 - ssim_metric: 0.4667
198/326 [=================>............] - ETA: 1:42 - loss: 0.3891 - mae: 0.2404 - mse: 0.1206 - ssim_metric: 0.4668
199/326 [=================>............] - ETA: 1:41 - loss: 0.3891 - mae: 0.2404 - mse: 0.1206 - ssim_metric: 0.4668
200/326 [=================>............] - ETA: 1:40 - loss: 0.3891 - mae: 0.2405 - mse: 0.1206 - ssim_metric: 0.4666
201/326 [=================>............] - ETA: 1:39 - loss: 0.3890 - mae: 0.2405 - mse: 0.1205 - ssim_metric: 0.4664
202/326 [=================>............] - ETA: 1:39 - loss: 0.3895 - mae: 0.2406 - mse: 0.1207 - ssim_metric: 0.4665
203/326 [=================>............] - ETA: 1:38 - loss: 0.3900 - mae: 0.2409 - mse: 0.1209 - ssim_metric: 0.4660
204/326 [=================>............] - ETA: 1:37 - loss: 0.3898 - mae: 0.2409 - mse: 0.1208 - ssim_metric: 0.4660
205/326 [=================>............] - ETA: 1:36 - loss: 0.3895 - mae: 0.2407 - mse: 0.1207 - ssim_metric: 0.4660
206/326 [=================>............] - ETA: 1:35 - loss: 0.3893 - mae: 0.2407 - mse: 0.1206 - ssim_metric: 0.4661
207/326 [==================>...........] - ETA: 1:35 - loss: 0.3893 - mae: 0.2407 - mse: 0.1206 - ssim_metric: 0.4662
208/326 [==================>...........] - ETA: 1:34 - loss: 0.3892 - mae: 0.2406 - mse: 0.1206 - ssim_metric: 0.4663
209/326 [==================>...........] - ETA: 1:33 - loss: 0.3892 - mae: 0.2406 - mse: 0.1206 - ssim_metric: 0.4665
210/326 [==================>...........] - ETA: 1:32 - loss: 0.3894 - mae: 0.2407 - mse: 0.1207 - ssim_metric: 0.4664
211/326 [==================>...........] - ETA: 1:31 - loss: 0.3894 - mae: 0.2406 - mse: 0.1207 - ssim_metric: 0.4669
212/326 [==================>...........] - ETA: 1:31 - loss: 0.3892 - mae: 0.2405 - mse: 0.1206 - ssim_metric: 0.4670
213/326 [==================>...........] - ETA: 1:30 - loss: 0.3890 - mae: 0.2404 - mse: 0.1205 - ssim_metric: 0.4672
214/326 [==================>...........] - ETA: 1:29 - loss: 0.3891 - mae: 0.2404 - mse: 0.1206 - ssim_metric: 0.4671
215/326 [==================>...........] - ETA: 1:28 - loss: 0.3891 - mae: 0.2404 - mse: 0.1206 - ssim_metric: 0.4670
216/326 [==================>...........] - ETA: 1:27 - loss: 0.3889 - mae: 0.2403 - mse: 0.1205 - ssim_metric: 0.4672
217/326 [==================>...........] - ETA: 1:27 - loss: 0.3890 - mae: 0.2404 - mse: 0.1205 - ssim_metric: 0.4671
218/326 [===================>..........] - ETA: 1:26 - loss: 0.3890 - mae: 0.2404 - mse: 0.1206 - ssim_metric: 0.4671
219/326 [===================>..........] - ETA: 1:25 - loss: 0.3890 - mae: 0.2404 - mse: 0.1206 - ssim_metric: 0.4671
220/326 [===================>..........] - ETA: 1:24 - loss: 0.3892 - mae: 0.2406 - mse: 0.1206 - ssim_metric: 0.4666
221/326 [===================>..........] - ETA: 1:23 - loss: 0.3895 - mae: 0.2408 - mse: 0.1207 - ssim_metric: 0.4662
222/326 [===================>..........] - ETA: 1:23 - loss: 0.3897 - mae: 0.2410 - mse: 0.1208 - ssim_metric: 0.4657
223/326 [===================>..........] - ETA: 1:22 - loss: 0.3895 - mae: 0.2409 - mse: 0.1208 - ssim_metric: 0.4657
224/326 [===================>..........] - ETA: 1:21 - loss: 0.3897 - mae: 0.2411 - mse: 0.1209 - ssim_metric: 0.4654
225/326 [===================>..........] - ETA: 1:20 - loss: 0.3899 - mae: 0.2412 - mse: 0.1209 - ssim_metric: 0.4652
226/326 [===================>..........] - ETA: 1:19 - loss: 0.3900 - mae: 0.2412 - mse: 0.1209 - ssim_metric: 0.4653
227/326 [===================>..........] - ETA: 1:19 - loss: 0.3898 - mae: 0.2411 - mse: 0.1209 - ssim_metric: 0.4656
228/326 [===================>..........] - ETA: 1:18 - loss: 0.3897 - mae: 0.2410 - mse: 0.1208 - ssim_metric: 0.4658
229/326 [====================>.........] - ETA: 1:17 - loss: 0.3901 - mae: 0.2412 - mse: 0.1210 - ssim_metric: 0.4655
230/326 [====================>.........] - ETA: 1:16 - loss: 0.3900 - mae: 0.2412 - mse: 0.1210 - ssim_metric: 0.4655
231/326 [====================>.........] - ETA: 1:15 - loss: 0.3899 - mae: 0.2411 - mse: 0.1209 - ssim_metric: 0.4655
232/326 [====================>.........] - ETA: 1:15 - loss: 0.3897 - mae: 0.2411 - mse: 0.1209 - ssim_metric: 0.4656
233/326 [====================>.........] - ETA: 1:14 - loss: 0.3899 - mae: 0.2411 - mse: 0.1209 - ssim_metric: 0.4657
234/326 [====================>.........] - ETA: 1:13 - loss: 0.3901 - mae: 0.2413 - mse: 0.1210 - ssim_metric: 0.4652
235/326 [====================>.........] - ETA: 1:12 - loss: 0.3901 - mae: 0.2413 - mse: 0.1210 - ssim_metric: 0.4652
236/326 [====================>.........] - ETA: 1:11 - loss: 0.3896 - mae: 0.2410 - mse: 0.1208 - ssim_metric: 0.4657
237/326 [====================>.........] - ETA: 1:11 - loss: 0.3894 - mae: 0.2409 - mse: 0.1207 - ssim_metric: 0.4660
238/326 [====================>.........] - ETA: 1:10 - loss: 0.3896 - mae: 0.2409 - mse: 0.1208 - ssim_metric: 0.4660
239/326 [====================>.........] - ETA: 1:09 - loss: 0.3890 - mae: 0.2406 - mse: 0.1206 - ssim_metric: 0.4666
240/326 [=====================>........] - ETA: 1:08 - loss: 0.3890 - mae: 0.2406 - mse: 0.1206 - ssim_metric: 0.4669
241/326 [=====================>........] - ETA: 1:07 - loss: 0.3889 - mae: 0.2404 - mse: 0.1206 - ssim_metric: 0.4670
242/326 [=====================>........] - ETA: 1:07 - loss: 0.3884 - mae: 0.2402 - mse: 0.1204 - ssim_metric: 0.4675
243/326 [=====================>........] - ETA: 1:06 - loss: 0.3884 - mae: 0.2400 - mse: 0.1204 - ssim_metric: 0.4679
244/326 [=====================>........] - ETA: 1:05 - loss: 0.3885 - mae: 0.2401 - mse: 0.1204 - ssim_metric: 0.4681
245/326 [=====================>........] - ETA: 1:04 - loss: 0.3886 - mae: 0.2401 - mse: 0.1205 - ssim_metric: 0.4679
246/326 [=====================>........] - ETA: 1:03 - loss: 0.3884 - mae: 0.2400 - mse: 0.1204 - ssim_metric: 0.4682
247/326 [=====================>........] - ETA: 1:03 - loss: 0.3884 - mae: 0.2401 - mse: 0.1204 - ssim_metric: 0.4681
248/326 [=====================>........] - ETA: 1:02 - loss: 0.3887 - mae: 0.2402 - mse: 0.1205 - ssim_metric: 0.4680
249/326 [=====================>........] - ETA: 1:01 - loss: 0.3889 - mae: 0.2404 - mse: 0.1206 - ssim_metric: 0.4676
250/326 [======================>.......] - ETA: 1:00 - loss: 0.3887 - mae: 0.2404 - mse: 0.1205 - ssim_metric: 0.4675
251/326 [======================>.......] - ETA: 59s - loss: 0.3886 - mae: 0.2404 - mse: 0.1205 - ssim_metric: 0.4675 
252/326 [======================>.......] - ETA: 59s - loss: 0.3882 - mae: 0.2402 - mse: 0.1203 - ssim_metric: 0.4676
253/326 [======================>.......] - ETA: 58s - loss: 0.3888 - mae: 0.2404 - mse: 0.1206 - ssim_metric: 0.4675
254/326 [======================>.......] - ETA: 57s - loss: 0.3888 - mae: 0.2405 - mse: 0.1205 - ssim_metric: 0.4675
255/326 [======================>.......] - ETA: 56s - loss: 0.3885 - mae: 0.2404 - mse: 0.1204 - ssim_metric: 0.4676
256/326 [======================>.......] - ETA: 55s - loss: 0.3887 - mae: 0.2404 - mse: 0.1205 - ssim_metric: 0.4676
257/326 [======================>.......] - ETA: 55s - loss: 0.3887 - mae: 0.2404 - mse: 0.1205 - ssim_metric: 0.4677
258/326 [======================>.......] - ETA: 54s - loss: 0.3890 - mae: 0.2405 - mse: 0.1206 - ssim_metric: 0.4676
259/326 [======================>.......] - ETA: 53s - loss: 0.3892 - mae: 0.2406 - mse: 0.1207 - ssim_metric: 0.4674
260/326 [======================>.......] - ETA: 52s - loss: 0.3889 - mae: 0.2404 - mse: 0.1206 - ssim_metric: 0.4676
261/326 [=======================>......] - ETA: 51s - loss: 0.3890 - mae: 0.2404 - mse: 0.1206 - ssim_metric: 0.4676
262/326 [=======================>......] - ETA: 51s - loss: 0.3887 - mae: 0.2402 - mse: 0.1205 - ssim_metric: 0.4676
263/326 [=======================>......] - ETA: 50s - loss: 0.3891 - mae: 0.2404 - mse: 0.1207 - ssim_metric: 0.4673
264/326 [=======================>......] - ETA: 49s - loss: 0.3892 - mae: 0.2405 - mse: 0.1207 - ssim_metric: 0.4672
265/326 [=======================>......] - ETA: 48s - loss: 0.3893 - mae: 0.2406 - mse: 0.1207 - ssim_metric: 0.4670
266/326 [=======================>......] - ETA: 47s - loss: 0.3894 - mae: 0.2407 - mse: 0.1208 - ssim_metric: 0.4666
267/326 [=======================>......] - ETA: 47s - loss: 0.3895 - mae: 0.2409 - mse: 0.1208 - ssim_metric: 0.4663
268/326 [=======================>......] - ETA: 46s - loss: 0.3896 - mae: 0.2410 - mse: 0.1208 - ssim_metric: 0.4659
269/326 [=======================>......] - ETA: 45s - loss: 0.3895 - mae: 0.2410 - mse: 0.1208 - ssim_metric: 0.4658
270/326 [=======================>......] - ETA: 44s - loss: 0.3897 - mae: 0.2412 - mse: 0.1209 - ssim_metric: 0.4656
271/326 [=======================>......] - ETA: 43s - loss: 0.3898 - mae: 0.2412 - mse: 0.1209 - ssim_metric: 0.4656
272/326 [========================>.....] - ETA: 43s - loss: 0.3897 - mae: 0.2412 - mse: 0.1209 - ssim_metric: 0.4656
273/326 [========================>.....] - ETA: 42s - loss: 0.3894 - mae: 0.2410 - mse: 0.1208 - ssim_metric: 0.4659
274/326 [========================>.....] - ETA: 41s - loss: 0.3895 - mae: 0.2411 - mse: 0.1208 - ssim_metric: 0.4659
275/326 [========================>.....] - ETA: 40s - loss: 0.3897 - mae: 0.2411 - mse: 0.1209 - ssim_metric: 0.4661
276/326 [========================>.....] - ETA: 39s - loss: 0.3897 - mae: 0.2411 - mse: 0.1209 - ssim_metric: 0.4661
277/326 [========================>.....] - ETA: 39s - loss: 0.3900 - mae: 0.2412 - mse: 0.1210 - ssim_metric: 0.4659
278/326 [========================>.....] - ETA: 38s - loss: 0.3899 - mae: 0.2412 - mse: 0.1210 - ssim_metric: 0.4661
279/326 [========================>.....] - ETA: 37s - loss: 0.3896 - mae: 0.2410 - mse: 0.1209 - ssim_metric: 0.4664
280/326 [========================>.....] - ETA: 36s - loss: 0.3895 - mae: 0.2410 - mse: 0.1208 - ssim_metric: 0.4664
281/326 [========================>.....] - ETA: 35s - loss: 0.3899 - mae: 0.2411 - mse: 0.1209 - ssim_metric: 0.4662
282/326 [========================>.....] - ETA: 35s - loss: 0.3900 - mae: 0.2412 - mse: 0.1210 - ssim_metric: 0.4662
283/326 [=========================>....] - ETA: 34s - loss: 0.3904 - mae: 0.2414 - mse: 0.1211 - ssim_metric: 0.4661
284/326 [=========================>....] - ETA: 33s - loss: 0.3903 - mae: 0.2414 - mse: 0.1211 - ssim_metric: 0.4659
285/326 [=========================>....] - ETA: 32s - loss: 0.3905 - mae: 0.2416 - mse: 0.1212 - ssim_metric: 0.4655
286/326 [=========================>....] - ETA: 31s - loss: 0.3906 - mae: 0.2417 - mse: 0.1212 - ssim_metric: 0.4653
287/326 [=========================>....] - ETA: 31s - loss: 0.3909 - mae: 0.2419 - mse: 0.1213 - ssim_metric: 0.4651
288/326 [=========================>....] - ETA: 30s - loss: 0.3913 - mae: 0.2421 - mse: 0.1215 - ssim_metric: 0.4648
289/326 [=========================>....] - ETA: 29s - loss: 0.3913 - mae: 0.2421 - mse: 0.1215 - ssim_metric: 0.4647
290/326 [=========================>....] - ETA: 28s - loss: 0.3917 - mae: 0.2423 - mse: 0.1216 - ssim_metric: 0.4646
291/326 [=========================>....] - ETA: 27s - loss: 0.3918 - mae: 0.2423 - mse: 0.1216 - ssim_metric: 0.4645
292/326 [=========================>....] - ETA: 27s - loss: 0.3915 - mae: 0.2423 - mse: 0.1215 - ssim_metric: 0.4644
293/326 [=========================>....] - ETA: 26s - loss: 0.3914 - mae: 0.2423 - mse: 0.1215 - ssim_metric: 0.4644
294/326 [==========================>...] - ETA: 25s - loss: 0.3916 - mae: 0.2424 - mse: 0.1216 - ssim_metric: 0.4642
295/326 [==========================>...] - ETA: 24s - loss: 0.3916 - mae: 0.2425 - mse: 0.1216 - ssim_metric: 0.4641
296/326 [==========================>...] - ETA: 23s - loss: 0.3914 - mae: 0.2424 - mse: 0.1215 - ssim_metric: 0.4643
297/326 [==========================>...] - ETA: 23s - loss: 0.3916 - mae: 0.2424 - mse: 0.1215 - ssim_metric: 0.4643
298/326 [==========================>...] - ETA: 22s - loss: 0.3911 - mae: 0.2422 - mse: 0.1214 - ssim_metric: 0.4648
299/326 [==========================>...] - ETA: 21s - loss: 0.3909 - mae: 0.2421 - mse: 0.1213 - ssim_metric: 0.4650
300/326 [==========================>...] - ETA: 20s - loss: 0.3909 - mae: 0.2420 - mse: 0.1213 - ssim_metric: 0.4652
301/326 [==========================>...] - ETA: 19s - loss: 0.3906 - mae: 0.2418 - mse: 0.1212 - ssim_metric: 0.4655
302/326 [==========================>...] - ETA: 19s - loss: 0.3910 - mae: 0.2420 - mse: 0.1213 - ssim_metric: 0.4653
303/326 [==========================>...] - ETA: 18s - loss: 0.3910 - mae: 0.2419 - mse: 0.1213 - ssim_metric: 0.4653
304/326 [==========================>...] - ETA: 17s - loss: 0.3911 - mae: 0.2420 - mse: 0.1214 - ssim_metric: 0.4652
305/326 [===========================>..] - ETA: 16s - loss: 0.3911 - mae: 0.2420 - mse: 0.1214 - ssim_metric: 0.4651
306/326 [===========================>..] - ETA: 15s - loss: 0.3911 - mae: 0.2420 - mse: 0.1214 - ssim_metric: 0.4650
307/326 [===========================>..] - ETA: 15s - loss: 0.3912 - mae: 0.2421 - mse: 0.1214 - ssim_metric: 0.4649
308/326 [===========================>..] - ETA: 14s - loss: 0.3910 - mae: 0.2420 - mse: 0.1213 - ssim_metric: 0.4650
309/326 [===========================>..] - ETA: 13s - loss: 0.3910 - mae: 0.2420 - mse: 0.1213 - ssim_metric: 0.4650
310/326 [===========================>..] - ETA: 12s - loss: 0.3910 - mae: 0.2420 - mse: 0.1213 - ssim_metric: 0.4649
311/326 [===========================>..] - ETA: 11s - loss: 0.3908 - mae: 0.2420 - mse: 0.1213 - ssim_metric: 0.4650
312/326 [===========================>..] - ETA: 11s - loss: 0.3907 - mae: 0.2419 - mse: 0.1213 - ssim_metric: 0.4649
313/326 [===========================>..] - ETA: 10s - loss: 0.3909 - mae: 0.2420 - mse: 0.1213 - ssim_metric: 0.4649
314/326 [===========================>..] - ETA: 9s - loss: 0.3911 - mae: 0.2420 - mse: 0.1214 - ssim_metric: 0.4652 
315/326 [===========================>..] - ETA: 8s - loss: 0.3913 - mae: 0.2421 - mse: 0.1214 - ssim_metric: 0.4649
316/326 [============================>.] - ETA: 7s - loss: 0.3912 - mae: 0.2420 - mse: 0.1214 - ssim_metric: 0.4648
317/326 [============================>.] - ETA: 7s - loss: 0.3911 - mae: 0.2420 - mse: 0.1214 - ssim_metric: 0.4650
318/326 [============================>.] - ETA: 6s - loss: 0.3909 - mae: 0.2419 - mse: 0.1213 - ssim_metric: 0.4650
319/326 [============================>.] - ETA: 5s - loss: 0.3914 - mae: 0.2421 - mse: 0.1215 - ssim_metric: 0.4647
320/326 [============================>.] - ETA: 4s - loss: 0.3914 - mae: 0.2421 - mse: 0.1215 - ssim_metric: 0.4646
321/326 [============================>.] - ETA: 3s - loss: 0.3914 - mae: 0.2422 - mse: 0.1215 - ssim_metric: 0.4644
322/326 [============================>.] - ETA: 3s - loss: 0.3913 - mae: 0.2422 - mse: 0.1214 - ssim_metric: 0.4643
323/326 [============================>.] - ETA: 2s - loss: 0.3912 - mae: 0.2422 - mse: 0.1214 - ssim_metric: 0.4643
324/326 [============================>.] - ETA: 1s - loss: 0.3917 - mae: 0.2424 - mse: 0.1216 - ssim_metric: 0.4641
325/326 [============================>.] - ETA: 0s - loss: 0.3917 - mae: 0.2424 - mse: 0.1216 - ssim_metric: 0.4640
326/326 [==============================] - ETA: 0s - loss: 0.3918 - mae: 0.2424 - mse: 0.1216 - ssim_metric: 0.4640
Epoch 10: saving model to C:\d_surucusu\visual_navigation\benchmark\models_pipeline\20260909_223425\bce_b32\_JOB_bce_b32_10_09_2026__11_08_model_f48_k4_epoch_00010_helu_osigmoid_(1, 1)_.h5

Epoch 10: val_loss improved from 0.35632 to 0.35499, saving model to C:\d_surucusu\visual_navigation\benchmark\models_pipeline\20260909_223425\bce_b32\_JOB_bce_b32_10_09_2026__11_08_best_val_loss_model_f48_k4.h5

Epoch 10: val_mae improved from 0.22617 to 0.22552, saving model to C:\d_surucusu\visual_navigation\benchmark\models_pipeline\20260909_223425\bce_b32\_JOB_bce_b32_10_09_2026__11_08_best_mae_model_f48_k4.h5

Epoch 10: val_ssim_metric did not improve from 0.59927

326/326 [==============================] - 276s 847ms/step - loss: 0.3918 - mae: 0.2424 - mse: 0.1216 - ssim_metric: 0.4640 - val_loss: 0.3550 - val_mae: 0.2255 - val_mse: 0.1080 - val_ssim_metric: 0.4803
Epoch 11/20

  1/326 [..............................] - ETA: 4:35 - loss: 0.4160 - mae: 0.2585 - mse: 0.1331 - ssim_metric: 0.4146
  2/326 [..............................] - ETA: 4:19 - loss: 0.4125 - mae: 0.2531 - mse: 0.1303 - ssim_metric: 0.4433
  3/326 [..............................] - ETA: 4:18 - loss: 0.4319 - mae: 0.2679 - mse: 0.1374 - ssim_metric: 0.4222
  4/326 [..............................] - ETA: 4:17 - loss: 0.4247 - mae: 0.2657 - mse: 0.1346 - ssim_metric: 0.4172
  5/326 [..............................] - ETA: 4:16 - loss: 0.4137 - mae: 0.2615 - mse: 0.1305 - ssim_metric: 0.4229
  6/326 [..............................] - ETA: 4:15 - loss: 0.4114 - mae: 0.2637 - mse: 0.1297 - ssim_metric: 0.4122
  7/326 [..............................] - ETA: 4:14 - loss: 0.4083 - mae: 0.2636 - mse: 0.1284 - ssim_metric: 0.4093
  8/326 [..............................] - ETA: 4:13 - loss: 0.3975 - mae: 0.2573 - mse: 0.1241 - ssim_metric: 0.4180
  9/326 [..............................] - ETA: 4:13 - loss: 0.3876 - mae: 0.2512 - mse: 0.1204 - ssim_metric: 0.4291
 10/326 [..............................] - ETA: 4:12 - loss: 0.3853 - mae: 0.2488 - mse: 0.1196 - ssim_metric: 0.4374
 11/326 [>.............................] - ETA: 4:11 - loss: 0.3883 - mae: 0.2490 - mse: 0.1211 - ssim_metric: 0.4420
 12/326 [>.............................] - ETA: 4:10 - loss: 0.3885 - mae: 0.2472 - mse: 0.1212 - ssim_metric: 0.4476
 13/326 [>.............................] - ETA: 4:09 - loss: 0.3937 - mae: 0.2472 - mse: 0.1230 - ssim_metric: 0.4510
 14/326 [>.............................] - ETA: 4:09 - loss: 0.4062 - mae: 0.2514 - mse: 0.1272 - ssim_metric: 0.4470
 15/326 [>.............................] - ETA: 4:08 - loss: 0.3965 - mae: 0.2460 - mse: 0.1238 - ssim_metric: 0.4576
 16/326 [>.............................] - ETA: 4:07 - loss: 0.4003 - mae: 0.2477 - mse: 0.1252 - ssim_metric: 0.4563
 17/326 [>.............................] - ETA: 4:06 - loss: 0.3993 - mae: 0.2478 - mse: 0.1248 - ssim_metric: 0.4562
 18/326 [>.............................] - ETA: 4:06 - loss: 0.4019 - mae: 0.2505 - mse: 0.1259 - ssim_metric: 0.4507
 19/326 [>.............................] - ETA: 4:05 - loss: 0.4024 - mae: 0.2519 - mse: 0.1261 - ssim_metric: 0.4477
 20/326 [>.............................] - ETA: 4:04 - loss: 0.3985 - mae: 0.2512 - mse: 0.1244 - ssim_metric: 0.4463
 21/326 [>.............................] - ETA: 4:03 - loss: 0.3939 - mae: 0.2492 - mse: 0.1226 - ssim_metric: 0.4481
 22/326 [=>............................] - ETA: 4:02 - loss: 0.3898 - mae: 0.2471 - mse: 0.1211 - ssim_metric: 0.4506
 23/326 [=>............................] - ETA: 4:01 - loss: 0.3859 - mae: 0.2444 - mse: 0.1197 - ssim_metric: 0.4572
 24/326 [=>............................] - ETA: 4:01 - loss: 0.3847 - mae: 0.2432 - mse: 0.1192 - ssim_metric: 0.4598
 25/326 [=>............................] - ETA: 4:00 - loss: 0.3886 - mae: 0.2441 - mse: 0.1207 - ssim_metric: 0.4586
 26/326 [=>............................] - ETA: 3:59 - loss: 0.3897 - mae: 0.2437 - mse: 0.1211 - ssim_metric: 0.4606
 27/326 [=>............................] - ETA: 3:58 - loss: 0.3884 - mae: 0.2423 - mse: 0.1206 - ssim_metric: 0.4637
 28/326 [=>............................] - ETA: 3:57 - loss: 0.3906 - mae: 0.2419 - mse: 0.1212 - ssim_metric: 0.4650
 29/326 [=>............................] - ETA: 3:57 - loss: 0.3894 - mae: 0.2410 - mse: 0.1208 - ssim_metric: 0.4659
 30/326 [=>............................] - ETA: 3:56 - loss: 0.3928 - mae: 0.2419 - mse: 0.1219 - ssim_metric: 0.4646
 31/326 [=>............................] - ETA: 3:55 - loss: 0.3932 - mae: 0.2422 - mse: 0.1221 - ssim_metric: 0.4624
 32/326 [=>............................] - ETA: 3:54 - loss: 0.3942 - mae: 0.2431 - mse: 0.1226 - ssim_metric: 0.4599
 33/326 [==>...........................] - ETA: 3:53 - loss: 0.3913 - mae: 0.2422 - mse: 0.1214 - ssim_metric: 0.4589
 34/326 [==>...........................] - ETA: 3:53 - loss: 0.3925 - mae: 0.2434 - mse: 0.1219 - ssim_metric: 0.4553
 35/326 [==>...........................] - ETA: 3:52 - loss: 0.3906 - mae: 0.2426 - mse: 0.1211 - ssim_metric: 0.4560
 36/326 [==>...........................] - ETA: 3:51 - loss: 0.3907 - mae: 0.2432 - mse: 0.1212 - ssim_metric: 0.4543
 37/326 [==>...........................] - ETA: 3:50 - loss: 0.3879 - mae: 0.2418 - mse: 0.1202 - ssim_metric: 0.4566
 38/326 [==>...........................] - ETA: 3:49 - loss: 0.3861 - mae: 0.2409 - mse: 0.1195 - ssim_metric: 0.4578
 39/326 [==>...........................] - ETA: 3:49 - loss: 0.3861 - mae: 0.2407 - mse: 0.1195 - ssim_metric: 0.4585
 40/326 [==>...........................] - ETA: 3:48 - loss: 0.3846 - mae: 0.2399 - mse: 0.1189 - ssim_metric: 0.4600
 41/326 [==>...........................] - ETA: 3:47 - loss: 0.3829 - mae: 0.2386 - mse: 0.1184 - ssim_metric: 0.4631
 42/326 [==>...........................] - ETA: 3:46 - loss: 0.3791 - mae: 0.2362 - mse: 0.1170 - ssim_metric: 0.4676
 43/326 [==>...........................] - ETA: 3:45 - loss: 0.3794 - mae: 0.2355 - mse: 0.1170 - ssim_metric: 0.4695
 44/326 [===>..........................] - ETA: 3:45 - loss: 0.3805 - mae: 0.2354 - mse: 0.1175 - ssim_metric: 0.4707
 45/326 [===>..........................] - ETA: 3:44 - loss: 0.3829 - mae: 0.2364 - mse: 0.1184 - ssim_metric: 0.4691
 46/326 [===>..........................] - ETA: 3:43 - loss: 0.3832 - mae: 0.2364 - mse: 0.1186 - ssim_metric: 0.4697
 47/326 [===>..........................] - ETA: 3:42 - loss: 0.3819 - mae: 0.2358 - mse: 0.1181 - ssim_metric: 0.4704
 48/326 [===>..........................] - ETA: 3:41 - loss: 0.3790 - mae: 0.2345 - mse: 0.1170 - ssim_metric: 0.4718
 49/326 [===>..........................] - ETA: 3:41 - loss: 0.3826 - mae: 0.2356 - mse: 0.1181 - ssim_metric: 0.4703
 50/326 [===>..........................] - ETA: 3:40 - loss: 0.3823 - mae: 0.2357 - mse: 0.1180 - ssim_metric: 0.4701
 51/326 [===>..........................] - ETA: 3:39 - loss: 0.3806 - mae: 0.2353 - mse: 0.1174 - ssim_metric: 0.4695
 52/326 [===>..........................] - ETA: 3:38 - loss: 0.3812 - mae: 0.2355 - mse: 0.1176 - ssim_metric: 0.4695
 53/326 [===>..........................] - ETA: 3:37 - loss: 0.3808 - mae: 0.2353 - mse: 0.1175 - ssim_metric: 0.4695
 54/326 [===>..........................] - ETA: 3:37 - loss: 0.3816 - mae: 0.2356 - mse: 0.1177 - ssim_metric: 0.4694
 55/326 [====>.........................] - ETA: 3:36 - loss: 0.3818 - mae: 0.2357 - mse: 0.1178 - ssim_metric: 0.4692
 56/326 [====>.........................] - ETA: 3:35 - loss: 0.3816 - mae: 0.2357 - mse: 0.1177 - ssim_metric: 0.4689
 57/326 [====>.........................] - ETA: 3:34 - loss: 0.3804 - mae: 0.2351 - mse: 0.1173 - ssim_metric: 0.4695
 58/326 [====>.........................] - ETA: 3:33 - loss: 0.3817 - mae: 0.2356 - mse: 0.1179 - ssim_metric: 0.4692
 59/326 [====>.........................] - ETA: 3:33 - loss: 0.3825 - mae: 0.2360 - mse: 0.1181 - ssim_metric: 0.4685
 60/326 [====>.........................] - ETA: 3:32 - loss: 0.3834 - mae: 0.2365 - mse: 0.1185 - ssim_metric: 0.4682
 61/326 [====>.........................] - ETA: 3:31 - loss: 0.3815 - mae: 0.2355 - mse: 0.1178 - ssim_metric: 0.4701
 62/326 [====>.........................] - ETA: 3:30 - loss: 0.3800 - mae: 0.2349 - mse: 0.1173 - ssim_metric: 0.4706
 63/326 [====>.........................] - ETA: 3:29 - loss: 0.3809 - mae: 0.2353 - mse: 0.1176 - ssim_metric: 0.4696
 64/326 [====>.........................] - ETA: 3:29 - loss: 0.3799 - mae: 0.2349 - mse: 0.1172 - ssim_metric: 0.4706
 65/326 [====>.........................] - ETA: 3:28 - loss: 0.3785 - mae: 0.2341 - mse: 0.1167 - ssim_metric: 0.4723
 66/326 [=====>........................] - ETA: 3:27 - loss: 0.3799 - mae: 0.2346 - mse: 0.1172 - ssim_metric: 0.4716
 67/326 [=====>........................] - ETA: 3:26 - loss: 0.3799 - mae: 0.2346 - mse: 0.1173 - ssim_metric: 0.4714
 68/326 [=====>........................] - ETA: 3:26 - loss: 0.3797 - mae: 0.2343 - mse: 0.1172 - ssim_metric: 0.4721
 69/326 [=====>........................] - ETA: 3:25 - loss: 0.3799 - mae: 0.2344 - mse: 0.1174 - ssim_metric: 0.4719
 70/326 [=====>........................] - ETA: 3:24 - loss: 0.3798 - mae: 0.2343 - mse: 0.1174 - ssim_metric: 0.4724
 71/326 [=====>........................] - ETA: 3:23 - loss: 0.3797 - mae: 0.2342 - mse: 0.1173 - ssim_metric: 0.4725
 72/326 [=====>........................] - ETA: 3:22 - loss: 0.3820 - mae: 0.2350 - mse: 0.1180 - ssim_metric: 0.4713
 73/326 [=====>........................] - ETA: 3:22 - loss: 0.3820 - mae: 0.2350 - mse: 0.1180 - ssim_metric: 0.4712
 74/326 [=====>........................] - ETA: 3:21 - loss: 0.3816 - mae: 0.2351 - mse: 0.1179 - ssim_metric: 0.4705
 75/326 [=====>........................] - ETA: 3:20 - loss: 0.3809 - mae: 0.2350 - mse: 0.1176 - ssim_metric: 0.4703
 76/326 [=====>........................] - ETA: 3:19 - loss: 0.3796 - mae: 0.2345 - mse: 0.1171 - ssim_metric: 0.4706
 77/326 [======>.......................] - ETA: 3:18 - loss: 0.3803 - mae: 0.2352 - mse: 0.1174 - ssim_metric: 0.4691
 78/326 [======>.......................] - ETA: 3:18 - loss: 0.3801 - mae: 0.2351 - mse: 0.1173 - ssim_metric: 0.4692
 79/326 [======>.......................] - ETA: 3:17 - loss: 0.3812 - mae: 0.2355 - mse: 0.1177 - ssim_metric: 0.4691
 80/326 [======>.......................] - ETA: 3:16 - loss: 0.3818 - mae: 0.2356 - mse: 0.1180 - ssim_metric: 0.4693
 81/326 [======>.......................] - ETA: 3:15 - loss: 0.3814 - mae: 0.2353 - mse: 0.1179 - ssim_metric: 0.4701
 82/326 [======>.......................] - ETA: 3:14 - loss: 0.3817 - mae: 0.2353 - mse: 0.1180 - ssim_metric: 0.4704
 83/326 [======>.......................] - ETA: 3:14 - loss: 0.3815 - mae: 0.2353 - mse: 0.1179 - ssim_metric: 0.4705
 84/326 [======>.......................] - ETA: 3:13 - loss: 0.3820 - mae: 0.2356 - mse: 0.1181 - ssim_metric: 0.4703
 85/326 [======>.......................] - ETA: 3:12 - loss: 0.3809 - mae: 0.2351 - mse: 0.1177 - ssim_metric: 0.4710
 86/326 [======>.......................] - ETA: 3:11 - loss: 0.3810 - mae: 0.2352 - mse: 0.1177 - ssim_metric: 0.4708
 87/326 [=======>......................] - ETA: 3:10 - loss: 0.3807 - mae: 0.2351 - mse: 0.1176 - ssim_metric: 0.4709
 88/326 [=======>......................] - ETA: 3:10 - loss: 0.3799 - mae: 0.2348 - mse: 0.1174 - ssim_metric: 0.4711
 89/326 [=======>......................] - ETA: 3:09 - loss: 0.3793 - mae: 0.2345 - mse: 0.1172 - ssim_metric: 0.4715
 90/326 [=======>......................] - ETA: 3:08 - loss: 0.3802 - mae: 0.2349 - mse: 0.1175 - ssim_metric: 0.4709
 91/326 [=======>......................] - ETA: 3:07 - loss: 0.3800 - mae: 0.2348 - mse: 0.1174 - ssim_metric: 0.4713
 92/326 [=======>......................] - ETA: 3:06 - loss: 0.3799 - mae: 0.2347 - mse: 0.1174 - ssim_metric: 0.4714
 93/326 [=======>......................] - ETA: 3:06 - loss: 0.3809 - mae: 0.2348 - mse: 0.1177 - ssim_metric: 0.4718
 94/326 [=======>......................] - ETA: 3:05 - loss: 0.3815 - mae: 0.2349 - mse: 0.1179 - ssim_metric: 0.4721
 95/326 [=======>......................] - ETA: 3:04 - loss: 0.3825 - mae: 0.2353 - mse: 0.1183 - ssim_metric: 0.4716
 96/326 [=======>......................] - ETA: 3:03 - loss: 0.3823 - mae: 0.2352 - mse: 0.1182 - ssim_metric: 0.4717
 97/326 [=======>......................] - ETA: 3:02 - loss: 0.3821 - mae: 0.2353 - mse: 0.1181 - ssim_metric: 0.4717
 98/326 [========>.....................] - ETA: 3:02 - loss: 0.3814 - mae: 0.2351 - mse: 0.1178 - ssim_metric: 0.4718
 99/326 [========>.....................] - ETA: 3:01 - loss: 0.3811 - mae: 0.2351 - mse: 0.1177 - ssim_metric: 0.4718
100/326 [========>.....................] - ETA: 3:00 - loss: 0.3811 - mae: 0.2352 - mse: 0.1177 - ssim_metric: 0.4715
101/326 [========>.....................] - ETA: 2:59 - loss: 0.3805 - mae: 0.2350 - mse: 0.1175 - ssim_metric: 0.4717
102/326 [========>.....................] - ETA: 2:58 - loss: 0.3798 - mae: 0.2348 - mse: 0.1172 - ssim_metric: 0.4719
103/326 [========>.....................] - ETA: 2:58 - loss: 0.3814 - mae: 0.2352 - mse: 0.1177 - ssim_metric: 0.4714
104/326 [========>.....................] - ETA: 2:57 - loss: 0.3813 - mae: 0.2352 - mse: 0.1177 - ssim_metric: 0.4717
105/326 [========>.....................] - ETA: 2:56 - loss: 0.3809 - mae: 0.2349 - mse: 0.1175 - ssim_metric: 0.4722
106/326 [========>.....................] - ETA: 2:55 - loss: 0.3800 - mae: 0.2344 - mse: 0.1172 - ssim_metric: 0.4730
107/326 [========>.....................] - ETA: 2:54 - loss: 0.3799 - mae: 0.2343 - mse: 0.1172 - ssim_metric: 0.4734
108/326 [========>.....................] - ETA: 2:54 - loss: 0.3819 - mae: 0.2349 - mse: 0.1178 - ssim_metric: 0.4729
109/326 [=========>....................] - ETA: 2:53 - loss: 0.3817 - mae: 0.2347 - mse: 0.1177 - ssim_metric: 0.4735
110/326 [=========>....................] - ETA: 2:52 - loss: 0.3822 - mae: 0.2350 - mse: 0.1179 - ssim_metric: 0.4731
111/326 [=========>....................] - ETA: 2:51 - loss: 0.3819 - mae: 0.2348 - mse: 0.1178 - ssim_metric: 0.4733
112/326 [=========>....................] - ETA: 2:50 - loss: 0.3819 - mae: 0.2349 - mse: 0.1178 - ssim_metric: 0.4731
113/326 [=========>....................] - ETA: 2:50 - loss: 0.3819 - mae: 0.2349 - mse: 0.1178 - ssim_metric: 0.4731
114/326 [=========>....................] - ETA: 2:49 - loss: 0.3816 - mae: 0.2350 - mse: 0.1177 - ssim_metric: 0.4730
115/326 [=========>....................] - ETA: 2:48 - loss: 0.3819 - mae: 0.2352 - mse: 0.1178 - ssim_metric: 0.4725
116/326 [=========>....................] - ETA: 2:47 - loss: 0.3821 - mae: 0.2354 - mse: 0.1179 - ssim_metric: 0.4720
117/326 [=========>....................] - ETA: 2:46 - loss: 0.3824 - mae: 0.2356 - mse: 0.1180 - ssim_metric: 0.4717
118/326 [=========>....................] - ETA: 2:46 - loss: 0.3819 - mae: 0.2353 - mse: 0.1178 - ssim_metric: 0.4726
119/326 [=========>....................] - ETA: 2:45 - loss: 0.3815 - mae: 0.2351 - mse: 0.1177 - ssim_metric: 0.4731
120/326 [==========>...................] - ETA: 2:44 - loss: 0.3813 - mae: 0.2350 - mse: 0.1176 - ssim_metric: 0.4734
121/326 [==========>...................] - ETA: 2:43 - loss: 0.3807 - mae: 0.2347 - mse: 0.1174 - ssim_metric: 0.4742
122/326 [==========>...................] - ETA: 2:42 - loss: 0.3812 - mae: 0.2347 - mse: 0.1176 - ssim_metric: 0.4746
123/326 [==========>...................] - ETA: 2:42 - loss: 0.3816 - mae: 0.2348 - mse: 0.1177 - ssim_metric: 0.4746
124/326 [==========>...................] - ETA: 2:41 - loss: 0.3821 - mae: 0.2350 - mse: 0.1179 - ssim_metric: 0.4741
125/326 [==========>...................] - ETA: 2:40 - loss: 0.3823 - mae: 0.2349 - mse: 0.1179 - ssim_metric: 0.4745
126/326 [==========>...................] - ETA: 2:39 - loss: 0.3818 - mae: 0.2347 - mse: 0.1178 - ssim_metric: 0.4744
127/326 [==========>...................] - ETA: 2:38 - loss: 0.3815 - mae: 0.2347 - mse: 0.1176 - ssim_metric: 0.4744
128/326 [==========>...................] - ETA: 2:38 - loss: 0.3810 - mae: 0.2345 - mse: 0.1175 - ssim_metric: 0.4744
129/326 [==========>...................] - ETA: 2:37 - loss: 0.3811 - mae: 0.2346 - mse: 0.1175 - ssim_metric: 0.4744
130/326 [==========>...................] - ETA: 2:36 - loss: 0.3821 - mae: 0.2352 - mse: 0.1179 - ssim_metric: 0.4735
131/326 [===========>..................] - ETA: 2:35 - loss: 0.3824 - mae: 0.2353 - mse: 0.1180 - ssim_metric: 0.4733
132/326 [===========>..................] - ETA: 2:34 - loss: 0.3825 - mae: 0.2353 - mse: 0.1180 - ssim_metric: 0.4734
133/326 [===========>..................] - ETA: 2:34 - loss: 0.3823 - mae: 0.2354 - mse: 0.1180 - ssim_metric: 0.4733
134/326 [===========>..................] - ETA: 2:33 - loss: 0.3828 - mae: 0.2356 - mse: 0.1181 - ssim_metric: 0.4729
135/326 [===========>..................] - ETA: 2:32 - loss: 0.3832 - mae: 0.2359 - mse: 0.1183 - ssim_metric: 0.4723
136/326 [===========>..................] - ETA: 2:31 - loss: 0.3833 - mae: 0.2362 - mse: 0.1184 - ssim_metric: 0.4718
137/326 [===========>..................] - ETA: 2:30 - loss: 0.3830 - mae: 0.2361 - mse: 0.1182 - ssim_metric: 0.4717
138/326 [===========>..................] - ETA: 2:30 - loss: 0.3833 - mae: 0.2364 - mse: 0.1184 - ssim_metric: 0.4710
139/326 [===========>..................] - ETA: 2:29 - loss: 0.3832 - mae: 0.2364 - mse: 0.1183 - ssim_metric: 0.4708
140/326 [===========>..................] - ETA: 2:28 - loss: 0.3833 - mae: 0.2364 - mse: 0.1184 - ssim_metric: 0.4709
141/326 [===========>..................] - ETA: 2:27 - loss: 0.3834 - mae: 0.2364 - mse: 0.1184 - ssim_metric: 0.4710
142/326 [============>.................] - ETA: 2:26 - loss: 0.3830 - mae: 0.2362 - mse: 0.1183 - ssim_metric: 0.4715
143/326 [============>.................] - ETA: 2:26 - loss: 0.3832 - mae: 0.2363 - mse: 0.1184 - ssim_metric: 0.4714
144/326 [============>.................] - ETA: 2:25 - loss: 0.3830 - mae: 0.2362 - mse: 0.1183 - ssim_metric: 0.4715
145/326 [============>.................] - ETA: 2:24 - loss: 0.3828 - mae: 0.2360 - mse: 0.1182 - ssim_metric: 0.4719
146/326 [============>.................] - ETA: 2:23 - loss: 0.3827 - mae: 0.2359 - mse: 0.1182 - ssim_metric: 0.4722
147/326 [============>.................] - ETA: 2:22 - loss: 0.3833 - mae: 0.2362 - mse: 0.1184 - ssim_metric: 0.4719
148/326 [============>.................] - ETA: 2:22 - loss: 0.3829 - mae: 0.2360 - mse: 0.1183 - ssim_metric: 0.4721
149/326 [============>.................] - ETA: 2:21 - loss: 0.3833 - mae: 0.2363 - mse: 0.1184 - ssim_metric: 0.4715
150/326 [============>.................] - ETA: 2:20 - loss: 0.3831 - mae: 0.2363 - mse: 0.1184 - ssim_metric: 0.4712
151/326 [============>.................] - ETA: 2:19 - loss: 0.3837 - mae: 0.2367 - mse: 0.1186 - ssim_metric: 0.4704
152/326 [============>.................] - ETA: 2:18 - loss: 0.3842 - mae: 0.2369 - mse: 0.1188 - ssim_metric: 0.4702
153/326 [=============>................] - ETA: 2:18 - loss: 0.3839 - mae: 0.2368 - mse: 0.1187 - ssim_metric: 0.4702
154/326 [=============>................] - ETA: 2:17 - loss: 0.3837 - mae: 0.2368 - mse: 0.1186 - ssim_metric: 0.4701
155/326 [=============>................] - ETA: 2:16 - loss: 0.3839 - mae: 0.2368 - mse: 0.1187 - ssim_metric: 0.4701
156/326 [=============>................] - ETA: 2:15 - loss: 0.3836 - mae: 0.2367 - mse: 0.1185 - ssim_metric: 0.4703
157/326 [=============>................] - ETA: 2:14 - loss: 0.3837 - mae: 0.2368 - mse: 0.1186 - ssim_metric: 0.4701
158/326 [=============>................] - ETA: 2:14 - loss: 0.3845 - mae: 0.2370 - mse: 0.1188 - ssim_metric: 0.4701
159/326 [=============>................] - ETA: 2:13 - loss: 0.3848 - mae: 0.2371 - mse: 0.1189 - ssim_metric: 0.4700
160/326 [=============>................] - ETA: 2:12 - loss: 0.3846 - mae: 0.2371 - mse: 0.1189 - ssim_metric: 0.4700
161/326 [=============>................] - ETA: 2:11 - loss: 0.3849 - mae: 0.2373 - mse: 0.1190 - ssim_metric: 0.4695
162/326 [=============>................] - ETA: 2:10 - loss: 0.3846 - mae: 0.2373 - mse: 0.1189 - ssim_metric: 0.4693
163/326 [==============>...............] - ETA: 2:10 - loss: 0.3843 - mae: 0.2372 - mse: 0.1188 - ssim_metric: 0.4694
164/326 [==============>...............] - ETA: 2:09 - loss: 0.3842 - mae: 0.2371 - mse: 0.1188 - ssim_metric: 0.4696
165/326 [==============>...............] - ETA: 2:08 - loss: 0.3843 - mae: 0.2372 - mse: 0.1188 - ssim_metric: 0.4696
166/326 [==============>...............] - ETA: 2:07 - loss: 0.3849 - mae: 0.2374 - mse: 0.1190 - ssim_metric: 0.4693
167/326 [==============>...............] - ETA: 2:06 - loss: 0.3848 - mae: 0.2374 - mse: 0.1190 - ssim_metric: 0.4692
168/326 [==============>...............] - ETA: 2:06 - loss: 0.3851 - mae: 0.2376 - mse: 0.1191 - ssim_metric: 0.4690
169/326 [==============>...............] - ETA: 2:05 - loss: 0.3848 - mae: 0.2375 - mse: 0.1190 - ssim_metric: 0.4694
170/326 [==============>...............] - ETA: 2:04 - loss: 0.3850 - mae: 0.2376 - mse: 0.1191 - ssim_metric: 0.4692
171/326 [==============>...............] - ETA: 2:03 - loss: 0.3849 - mae: 0.2376 - mse: 0.1191 - ssim_metric: 0.4692
172/326 [==============>...............] - ETA: 2:02 - loss: 0.3845 - mae: 0.2373 - mse: 0.1189 - ssim_metric: 0.4698
173/326 [==============>...............] - ETA: 2:02 - loss: 0.3847 - mae: 0.2374 - mse: 0.1190 - ssim_metric: 0.4696
174/326 [===============>..............] - ETA: 2:01 - loss: 0.3845 - mae: 0.2374 - mse: 0.1190 - ssim_metric: 0.4695
175/326 [===============>..............] - ETA: 2:00 - loss: 0.3847 - mae: 0.2375 - mse: 0.1190 - ssim_metric: 0.4693
176/326 [===============>..............] - ETA: 1:59 - loss: 0.3847 - mae: 0.2375 - mse: 0.1190 - ssim_metric: 0.4693
177/326 [===============>..............] - ETA: 1:58 - loss: 0.3849 - mae: 0.2375 - mse: 0.1191 - ssim_metric: 0.4695
178/326 [===============>..............] - ETA: 1:58 - loss: 0.3858 - mae: 0.2379 - mse: 0.1194 - ssim_metric: 0.4690
179/326 [===============>..............] - ETA: 1:57 - loss: 0.3859 - mae: 0.2380 - mse: 0.1195 - ssim_metric: 0.4689
180/326 [===============>..............] - ETA: 1:56 - loss: 0.3860 - mae: 0.2381 - mse: 0.1195 - ssim_metric: 0.4684
181/326 [===============>..............] - ETA: 1:55 - loss: 0.3865 - mae: 0.2386 - mse: 0.1197 - ssim_metric: 0.4674
182/326 [===============>..............] - ETA: 1:54 - loss: 0.3866 - mae: 0.2388 - mse: 0.1197 - ssim_metric: 0.4668
183/326 [===============>..............] - ETA: 1:54 - loss: 0.3865 - mae: 0.2389 - mse: 0.1197 - ssim_metric: 0.4664
184/326 [===============>..............] - ETA: 1:53 - loss: 0.3865 - mae: 0.2390 - mse: 0.1197 - ssim_metric: 0.4663
185/326 [================>.............] - ETA: 1:52 - loss: 0.3866 - mae: 0.2392 - mse: 0.1198 - ssim_metric: 0.4660
186/326 [================>.............] - ETA: 1:51 - loss: 0.3872 - mae: 0.2395 - mse: 0.1200 - ssim_metric: 0.4653
187/326 [================>.............] - ETA: 1:50 - loss: 0.3877 - mae: 0.2397 - mse: 0.1202 - ssim_metric: 0.4652
188/326 [================>.............] - ETA: 1:50 - loss: 0.3880 - mae: 0.2398 - mse: 0.1203 - ssim_metric: 0.4654
189/326 [================>.............] - ETA: 1:49 - loss: 0.3878 - mae: 0.2397 - mse: 0.1202 - ssim_metric: 0.4655
190/326 [================>.............] - ETA: 1:48 - loss: 0.3875 - mae: 0.2396 - mse: 0.1201 - ssim_metric: 0.4654
191/326 [================>.............] - ETA: 1:47 - loss: 0.3874 - mae: 0.2396 - mse: 0.1200 - ssim_metric: 0.4653
192/326 [================>.............] - ETA: 1:46 - loss: 0.3873 - mae: 0.2395 - mse: 0.1200 - ssim_metric: 0.4656
193/326 [================>.............] - ETA: 1:46 - loss: 0.3874 - mae: 0.2396 - mse: 0.1200 - ssim_metric: 0.4656
194/326 [================>.............] - ETA: 1:45 - loss: 0.3869 - mae: 0.2393 - mse: 0.1198 - ssim_metric: 0.4661
195/326 [================>.............] - ETA: 1:44 - loss: 0.3872 - mae: 0.2393 - mse: 0.1199 - ssim_metric: 0.4664
196/326 [=================>............] - ETA: 1:43 - loss: 0.3876 - mae: 0.2394 - mse: 0.1201 - ssim_metric: 0.4664
197/326 [=================>............] - ETA: 1:42 - loss: 0.3873 - mae: 0.2392 - mse: 0.1200 - ssim_metric: 0.4667
198/326 [=================>............] - ETA: 1:42 - loss: 0.3872 - mae: 0.2392 - mse: 0.1199 - ssim_metric: 0.4668
199/326 [=================>............] - ETA: 1:41 - loss: 0.3873 - mae: 0.2391 - mse: 0.1199 - ssim_metric: 0.4668
200/326 [=================>............] - ETA: 1:40 - loss: 0.3873 - mae: 0.2392 - mse: 0.1199 - ssim_metric: 0.4667
201/326 [=================>............] - ETA: 1:39 - loss: 0.3872 - mae: 0.2392 - mse: 0.1199 - ssim_metric: 0.4665
202/326 [=================>............] - ETA: 1:39 - loss: 0.3877 - mae: 0.2394 - mse: 0.1201 - ssim_metric: 0.4665
203/326 [=================>............] - ETA: 1:38 - loss: 0.3882 - mae: 0.2396 - mse: 0.1203 - ssim_metric: 0.4660
204/326 [=================>............] - ETA: 1:37 - loss: 0.3880 - mae: 0.2396 - mse: 0.1202 - ssim_metric: 0.4660
205/326 [=================>............] - ETA: 1:36 - loss: 0.3876 - mae: 0.2395 - mse: 0.1200 - ssim_metric: 0.4660
206/326 [=================>............] - ETA: 1:35 - loss: 0.3875 - mae: 0.2395 - mse: 0.1200 - ssim_metric: 0.4660
207/326 [==================>...........] - ETA: 1:35 - loss: 0.3874 - mae: 0.2395 - mse: 0.1200 - ssim_metric: 0.4661
208/326 [==================>...........] - ETA: 1:34 - loss: 0.3874 - mae: 0.2394 - mse: 0.1200 - ssim_metric: 0.4663
209/326 [==================>...........] - ETA: 1:33 - loss: 0.3874 - mae: 0.2394 - mse: 0.1200 - ssim_metric: 0.4664
210/326 [==================>...........] - ETA: 1:32 - loss: 0.3876 - mae: 0.2395 - mse: 0.1201 - ssim_metric: 0.4663
211/326 [==================>...........] - ETA: 1:31 - loss: 0.3876 - mae: 0.2394 - mse: 0.1200 - ssim_metric: 0.4668
212/326 [==================>...........] - ETA: 1:31 - loss: 0.3874 - mae: 0.2393 - mse: 0.1200 - ssim_metric: 0.4669
213/326 [==================>...........] - ETA: 1:30 - loss: 0.3872 - mae: 0.2392 - mse: 0.1199 - ssim_metric: 0.4672
214/326 [==================>...........] - ETA: 1:29 - loss: 0.3873 - mae: 0.2392 - mse: 0.1200 - ssim_metric: 0.4671
215/326 [==================>...........] - ETA: 1:28 - loss: 0.3872 - mae: 0.2392 - mse: 0.1199 - ssim_metric: 0.4669
216/326 [==================>...........] - ETA: 1:27 - loss: 0.3871 - mae: 0.2391 - mse: 0.1199 - ssim_metric: 0.4672
217/326 [==================>...........] - ETA: 1:27 - loss: 0.3872 - mae: 0.2392 - mse: 0.1199 - ssim_metric: 0.4671
218/326 [===================>..........] - ETA: 1:26 - loss: 0.3872 - mae: 0.2392 - mse: 0.1199 - ssim_metric: 0.4671
219/326 [===================>..........] - ETA: 1:25 - loss: 0.3872 - mae: 0.2392 - mse: 0.1199 - ssim_metric: 0.4671
220/326 [===================>..........] - ETA: 1:24 - loss: 0.3874 - mae: 0.2394 - mse: 0.1200 - ssim_metric: 0.4666
221/326 [===================>..........] - ETA: 1:23 - loss: 0.3877 - mae: 0.2396 - mse: 0.1201 - ssim_metric: 0.4662
222/326 [===================>..........] - ETA: 1:23 - loss: 0.3879 - mae: 0.2398 - mse: 0.1202 - ssim_metric: 0.4657
223/326 [===================>..........] - ETA: 1:22 - loss: 0.3877 - mae: 0.2398 - mse: 0.1202 - ssim_metric: 0.4657
224/326 [===================>..........] - ETA: 1:21 - loss: 0.3879 - mae: 0.2399 - mse: 0.1203 - ssim_metric: 0.4653
225/326 [===================>..........] - ETA: 1:20 - loss: 0.3881 - mae: 0.2400 - mse: 0.1203 - ssim_metric: 0.4652
226/326 [===================>..........] - ETA: 1:19 - loss: 0.3882 - mae: 0.2401 - mse: 0.1203 - ssim_metric: 0.4652
227/326 [===================>..........] - ETA: 1:19 - loss: 0.3880 - mae: 0.2399 - mse: 0.1202 - ssim_metric: 0.4656
228/326 [===================>..........] - ETA: 1:18 - loss: 0.3879 - mae: 0.2398 - mse: 0.1202 - ssim_metric: 0.4657
229/326 [====================>.........] - ETA: 1:17 - loss: 0.3883 - mae: 0.2400 - mse: 0.1204 - ssim_metric: 0.4654
230/326 [====================>.........] - ETA: 1:16 - loss: 0.3882 - mae: 0.2400 - mse: 0.1203 - ssim_metric: 0.4654
231/326 [====================>.........] - ETA: 1:15 - loss: 0.3881 - mae: 0.2399 - mse: 0.1203 - ssim_metric: 0.4655
232/326 [====================>.........] - ETA: 1:15 - loss: 0.3879 - mae: 0.2399 - mse: 0.1203 - ssim_metric: 0.4655
233/326 [====================>.........] - ETA: 1:14 - loss: 0.3881 - mae: 0.2399 - mse: 0.1203 - ssim_metric: 0.4656
234/326 [====================>.........] - ETA: 1:13 - loss: 0.3884 - mae: 0.2401 - mse: 0.1204 - ssim_metric: 0.4652
235/326 [====================>.........] - ETA: 1:12 - loss: 0.3883 - mae: 0.2401 - mse: 0.1204 - ssim_metric: 0.4652
236/326 [====================>.........] - ETA: 1:11 - loss: 0.3878 - mae: 0.2399 - mse: 0.1202 - ssim_metric: 0.4657
237/326 [====================>.........] - ETA: 1:11 - loss: 0.3876 - mae: 0.2397 - mse: 0.1201 - ssim_metric: 0.4660
238/326 [====================>.........] - ETA: 1:10 - loss: 0.3878 - mae: 0.2398 - mse: 0.1202 - ssim_metric: 0.4660
239/326 [====================>.........] - ETA: 1:09 - loss: 0.3873 - mae: 0.2394 - mse: 0.1200 - ssim_metric: 0.4666
240/326 [=====================>........] - ETA: 1:08 - loss: 0.3872 - mae: 0.2394 - mse: 0.1200 - ssim_metric: 0.4668
241/326 [=====================>........] - ETA: 1:07 - loss: 0.3871 - mae: 0.2393 - mse: 0.1200 - ssim_metric: 0.4670
242/326 [=====================>........] - ETA: 1:07 - loss: 0.3867 - mae: 0.2390 - mse: 0.1198 - ssim_metric: 0.4675
243/326 [=====================>........] - ETA: 1:06 - loss: 0.3866 - mae: 0.2389 - mse: 0.1198 - ssim_metric: 0.4679
244/326 [=====================>........] - ETA: 1:05 - loss: 0.3867 - mae: 0.2389 - mse: 0.1198 - ssim_metric: 0.4680
245/326 [=====================>........] - ETA: 1:04 - loss: 0.3868 - mae: 0.2390 - mse: 0.1199 - ssim_metric: 0.4679
246/326 [=====================>........] - ETA: 1:03 - loss: 0.3866 - mae: 0.2389 - mse: 0.1198 - ssim_metric: 0.4681
247/326 [=====================>........] - ETA: 1:03 - loss: 0.3866 - mae: 0.2389 - mse: 0.1198 - ssim_metric: 0.4681
248/326 [=====================>........] - ETA: 1:02 - loss: 0.3869 - mae: 0.2391 - mse: 0.1199 - ssim_metric: 0.4679
249/326 [=====================>........] - ETA: 1:01 - loss: 0.3872 - mae: 0.2393 - mse: 0.1200 - ssim_metric: 0.4676
250/326 [======================>.......] - ETA: 1:00 - loss: 0.3870 - mae: 0.2393 - mse: 0.1199 - ssim_metric: 0.4675
251/326 [======================>.......] - ETA: 59s - loss: 0.3868 - mae: 0.2392 - mse: 0.1199 - ssim_metric: 0.4675 
252/326 [======================>.......] - ETA: 59s - loss: 0.3864 - mae: 0.2391 - mse: 0.1197 - ssim_metric: 0.4677
253/326 [======================>.......] - ETA: 58s - loss: 0.3871 - mae: 0.2393 - mse: 0.1200 - ssim_metric: 0.4675
254/326 [======================>.......] - ETA: 57s - loss: 0.3870 - mae: 0.2393 - mse: 0.1200 - ssim_metric: 0.4675
255/326 [======================>.......] - ETA: 56s - loss: 0.3867 - mae: 0.2392 - mse: 0.1198 - ssim_metric: 0.4677
256/326 [======================>.......] - ETA: 55s - loss: 0.3870 - mae: 0.2393 - mse: 0.1199 - ssim_metric: 0.4676
257/326 [======================>.......] - ETA: 55s - loss: 0.3870 - mae: 0.2392 - mse: 0.1199 - ssim_metric: 0.4677
258/326 [======================>.......] - ETA: 54s - loss: 0.3872 - mae: 0.2393 - mse: 0.1200 - ssim_metric: 0.4676
259/326 [======================>.......] - ETA: 53s - loss: 0.3874 - mae: 0.2394 - mse: 0.1201 - ssim_metric: 0.4674
260/326 [======================>.......] - ETA: 52s - loss: 0.3871 - mae: 0.2392 - mse: 0.1200 - ssim_metric: 0.4676
261/326 [=======================>......] - ETA: 51s - loss: 0.3873 - mae: 0.2392 - mse: 0.1200 - ssim_metric: 0.4676
262/326 [=======================>......] - ETA: 51s - loss: 0.3869 - mae: 0.2391 - mse: 0.1199 - ssim_metric: 0.4676
263/326 [=======================>......] - ETA: 50s - loss: 0.3874 - mae: 0.2393 - mse: 0.1201 - ssim_metric: 0.4673
264/326 [=======================>......] - ETA: 49s - loss: 0.3874 - mae: 0.2393 - mse: 0.1201 - ssim_metric: 0.4673
265/326 [=======================>......] - ETA: 48s - loss: 0.3875 - mae: 0.2394 - mse: 0.1201 - ssim_metric: 0.4670
266/326 [=======================>......] - ETA: 47s - loss: 0.3876 - mae: 0.2396 - mse: 0.1202 - ssim_metric: 0.4666
267/326 [=======================>......] - ETA: 47s - loss: 0.3878 - mae: 0.2397 - mse: 0.1202 - ssim_metric: 0.4663
268/326 [=======================>......] - ETA: 46s - loss: 0.3878 - mae: 0.2399 - mse: 0.1202 - ssim_metric: 0.4659
269/326 [=======================>......] - ETA: 45s - loss: 0.3877 - mae: 0.2399 - mse: 0.1202 - ssim_metric: 0.4658
270/326 [=======================>......] - ETA: 44s - loss: 0.3880 - mae: 0.2400 - mse: 0.1203 - ssim_metric: 0.4656
271/326 [=======================>......] - ETA: 43s - loss: 0.3880 - mae: 0.2401 - mse: 0.1203 - ssim_metric: 0.4656
272/326 [========================>.....] - ETA: 43s - loss: 0.3880 - mae: 0.2400 - mse: 0.1203 - ssim_metric: 0.4657
273/326 [========================>.....] - ETA: 42s - loss: 0.3876 - mae: 0.2399 - mse: 0.1202 - ssim_metric: 0.4659
274/326 [========================>.....] - ETA: 41s - loss: 0.3878 - mae: 0.2399 - mse: 0.1202 - ssim_metric: 0.4659
275/326 [========================>.....] - ETA: 40s - loss: 0.3880 - mae: 0.2399 - mse: 0.1203 - ssim_metric: 0.4662
276/326 [========================>.....] - ETA: 39s - loss: 0.3880 - mae: 0.2399 - mse: 0.1203 - ssim_metric: 0.4662
277/326 [========================>.....] - ETA: 39s - loss: 0.3882 - mae: 0.2400 - mse: 0.1204 - ssim_metric: 0.4660
278/326 [========================>.....] - ETA: 38s - loss: 0.3881 - mae: 0.2400 - mse: 0.1204 - ssim_metric: 0.4661
279/326 [========================>.....] - ETA: 37s - loss: 0.3879 - mae: 0.2399 - mse: 0.1203 - ssim_metric: 0.4665
280/326 [========================>.....] - ETA: 36s - loss: 0.3878 - mae: 0.2398 - mse: 0.1202 - ssim_metric: 0.4665
281/326 [========================>.....] - ETA: 35s - loss: 0.3881 - mae: 0.2400 - mse: 0.1203 - ssim_metric: 0.4663
282/326 [========================>.....] - ETA: 35s - loss: 0.3883 - mae: 0.2400 - mse: 0.1204 - ssim_metric: 0.4663
283/326 [=========================>....] - ETA: 34s - loss: 0.3886 - mae: 0.2402 - mse: 0.1205 - ssim_metric: 0.4661
284/326 [=========================>....] - ETA: 33s - loss: 0.3885 - mae: 0.2403 - mse: 0.1205 - ssim_metric: 0.4660
285/326 [=========================>....] - ETA: 32s - loss: 0.3887 - mae: 0.2404 - mse: 0.1206 - ssim_metric: 0.4656
286/326 [=========================>....] - ETA: 31s - loss: 0.3888 - mae: 0.2405 - mse: 0.1206 - ssim_metric: 0.4654
287/326 [=========================>....] - ETA: 31s - loss: 0.3892 - mae: 0.2407 - mse: 0.1207 - ssim_metric: 0.4652
288/326 [=========================>....] - ETA: 30s - loss: 0.3896 - mae: 0.2409 - mse: 0.1209 - ssim_metric: 0.4649
289/326 [=========================>....] - ETA: 29s - loss: 0.3896 - mae: 0.2409 - mse: 0.1209 - ssim_metric: 0.4648
290/326 [=========================>....] - ETA: 28s - loss: 0.3899 - mae: 0.2411 - mse: 0.1210 - ssim_metric: 0.4647
291/326 [=========================>....] - ETA: 27s - loss: 0.3900 - mae: 0.2412 - mse: 0.1210 - ssim_metric: 0.4645
292/326 [=========================>....] - ETA: 27s - loss: 0.3898 - mae: 0.2411 - mse: 0.1209 - ssim_metric: 0.4645
293/326 [=========================>....] - ETA: 26s - loss: 0.3896 - mae: 0.2411 - mse: 0.1209 - ssim_metric: 0.4645
294/326 [==========================>...] - ETA: 25s - loss: 0.3899 - mae: 0.2413 - mse: 0.1210 - ssim_metric: 0.4642
295/326 [==========================>...] - ETA: 24s - loss: 0.3899 - mae: 0.2413 - mse: 0.1210 - ssim_metric: 0.4642
296/326 [==========================>...] - ETA: 23s - loss: 0.3896 - mae: 0.2412 - mse: 0.1209 - ssim_metric: 0.4644
297/326 [==========================>...] - ETA: 23s - loss: 0.3898 - mae: 0.2413 - mse: 0.1209 - ssim_metric: 0.4644
298/326 [==========================>...] - ETA: 22s - loss: 0.3894 - mae: 0.2410 - mse: 0.1208 - ssim_metric: 0.4648
299/326 [==========================>...] - ETA: 21s - loss: 0.3892 - mae: 0.2409 - mse: 0.1207 - ssim_metric: 0.4651
300/326 [==========================>...] - ETA: 20s - loss: 0.3892 - mae: 0.2408 - mse: 0.1207 - ssim_metric: 0.4652
301/326 [==========================>...] - ETA: 19s - loss: 0.3889 - mae: 0.2407 - mse: 0.1206 - ssim_metric: 0.4656
302/326 [==========================>...] - ETA: 19s - loss: 0.3892 - mae: 0.2408 - mse: 0.1207 - ssim_metric: 0.4654
303/326 [==========================>...] - ETA: 18s - loss: 0.3892 - mae: 0.2408 - mse: 0.1207 - ssim_metric: 0.4654
304/326 [==========================>...] - ETA: 17s - loss: 0.3893 - mae: 0.2408 - mse: 0.1208 - ssim_metric: 0.4653
305/326 [===========================>..] - ETA: 16s - loss: 0.3893 - mae: 0.2408 - mse: 0.1208 - ssim_metric: 0.4652
306/326 [===========================>..] - ETA: 15s - loss: 0.3893 - mae: 0.2408 - mse: 0.1208 - ssim_metric: 0.4651
307/326 [===========================>..] - ETA: 15s - loss: 0.3894 - mae: 0.2409 - mse: 0.1208 - ssim_metric: 0.4649
308/326 [===========================>..] - ETA: 14s - loss: 0.3893 - mae: 0.2408 - mse: 0.1207 - ssim_metric: 0.4651
309/326 [===========================>..] - ETA: 13s - loss: 0.3892 - mae: 0.2408 - mse: 0.1207 - ssim_metric: 0.4651
310/326 [===========================>..] - ETA: 12s - loss: 0.3892 - mae: 0.2409 - mse: 0.1207 - ssim_metric: 0.4650
311/326 [===========================>..] - ETA: 11s - loss: 0.3891 - mae: 0.2408 - mse: 0.1207 - ssim_metric: 0.4651
312/326 [===========================>..] - ETA: 11s - loss: 0.3890 - mae: 0.2408 - mse: 0.1207 - ssim_metric: 0.4650
313/326 [===========================>..] - ETA: 10s - loss: 0.3891 - mae: 0.2408 - mse: 0.1207 - ssim_metric: 0.4650
314/326 [===========================>..] - ETA: 9s - loss: 0.3894 - mae: 0.2408 - mse: 0.1208 - ssim_metric: 0.4653 
315/326 [===========================>..] - ETA: 8s - loss: 0.3896 - mae: 0.2409 - mse: 0.1209 - ssim_metric: 0.4650
316/326 [============================>.] - ETA: 7s - loss: 0.3895 - mae: 0.2409 - mse: 0.1208 - ssim_metric: 0.4649
317/326 [============================>.] - ETA: 7s - loss: 0.3893 - mae: 0.2408 - mse: 0.1208 - ssim_metric: 0.4651
318/326 [============================>.] - ETA: 6s - loss: 0.3892 - mae: 0.2408 - mse: 0.1207 - ssim_metric: 0.4651
319/326 [============================>.] - ETA: 5s - loss: 0.3897 - mae: 0.2410 - mse: 0.1209 - ssim_metric: 0.4649
320/326 [============================>.] - ETA: 4s - loss: 0.3896 - mae: 0.2410 - mse: 0.1209 - ssim_metric: 0.4647
321/326 [============================>.] - ETA: 3s - loss: 0.3897 - mae: 0.2411 - mse: 0.1209 - ssim_metric: 0.4645
322/326 [============================>.] - ETA: 3s - loss: 0.3895 - mae: 0.2411 - mse: 0.1208 - ssim_metric: 0.4645
323/326 [============================>.] - ETA: 2s - loss: 0.3895 - mae: 0.2410 - mse: 0.1208 - ssim_metric: 0.4645
324/326 [============================>.] - ETA: 1s - loss: 0.3900 - mae: 0.2412 - mse: 0.1210 - ssim_metric: 0.4642
325/326 [============================>.] - ETA: 0s - loss: 0.3900 - mae: 0.2412 - mse: 0.1210 - ssim_metric: 0.4641
326/326 [==============================] - ETA: 0s - loss: 0.3901 - mae: 0.2413 - mse: 0.1210 - ssim_metric: 0.4642
Epoch 11: saving model to C:\d_surucusu\visual_navigation\benchmark\models_pipeline\20260909_223425\bce_b32\_JOB_bce_b32_10_09_2026__11_08_model_f48_k4_epoch_00011_helu_osigmoid_(1, 1)_.h5

Epoch 11: val_loss improved from 0.35499 to 0.35368, saving model to C:\d_surucusu\visual_navigation\benchmark\models_pipeline\20260909_223425\bce_b32\_JOB_bce_b32_10_09_2026__11_08_best_val_loss_model_f48_k4.h5

Epoch 11: val_mae improved from 0.22552 to 0.22464, saving model to C:\d_surucusu\visual_navigation\benchmark\models_pipeline\20260909_223425\bce_b32\_JOB_bce_b32_10_09_2026__11_08_best_mae_model_f48_k4.h5

Epoch 11: val_ssim_metric did not improve from 0.59927

326/326 [==============================] - 276s 847ms/step - loss: 0.3901 - mae: 0.2413 - mse: 0.1210 - ssim_metric: 0.4642 - val_loss: 0.3537 - val_mae: 0.2246 - val_mse: 0.1076 - val_ssim_metric: 0.4807
Epoch 12/20

  1/326 [..............................] - ETA: 4:36 - loss: 0.4144 - mae: 0.2574 - mse: 0.1326 - ssim_metric: 0.4162
  2/326 [..............................] - ETA: 4:18 - loss: 0.4112 - mae: 0.2521 - mse: 0.1298 - ssim_metric: 0.4442
  3/326 [..............................] - ETA: 4:17 - loss: 0.4304 - mae: 0.2669 - mse: 0.1368 - ssim_metric: 0.4225
  4/326 [..............................] - ETA: 4:16 - loss: 0.4230 - mae: 0.2646 - mse: 0.1340 - ssim_metric: 0.4172
  5/326 [..............................] - ETA: 4:16 - loss: 0.4121 - mae: 0.2605 - mse: 0.1300 - ssim_metric: 0.4224
  6/326 [..............................] - ETA: 4:15 - loss: 0.4099 - mae: 0.2627 - mse: 0.1291 - ssim_metric: 0.4116
  7/326 [..............................] - ETA: 4:15 - loss: 0.4070 - mae: 0.2628 - mse: 0.1279 - ssim_metric: 0.4084
  8/326 [..............................] - ETA: 4:14 - loss: 0.3962 - mae: 0.2565 - mse: 0.1237 - ssim_metric: 0.4173
  9/326 [..............................] - ETA: 4:13 - loss: 0.3863 - mae: 0.2504 - mse: 0.1200 - ssim_metric: 0.4287
 10/326 [..............................] - ETA: 4:12 - loss: 0.3839 - mae: 0.2480 - mse: 0.1191 - ssim_metric: 0.4371
 11/326 [>.............................] - ETA: 4:11 - loss: 0.3869 - mae: 0.2482 - mse: 0.1206 - ssim_metric: 0.4418
 12/326 [>.............................] - ETA: 4:11 - loss: 0.3871 - mae: 0.2463 - mse: 0.1207 - ssim_metric: 0.4477
 13/326 [>.............................] - ETA: 4:10 - loss: 0.3923 - mae: 0.2464 - mse: 0.1225 - ssim_metric: 0.4511
 14/326 [>.............................] - ETA: 4:09 - loss: 0.4047 - mae: 0.2506 - mse: 0.1267 - ssim_metric: 0.4470
 15/326 [>.............................] - ETA: 4:08 - loss: 0.3951 - mae: 0.2452 - mse: 0.1233 - ssim_metric: 0.4578
 16/326 [>.............................] - ETA: 4:07 - loss: 0.3989 - mae: 0.2470 - mse: 0.1247 - ssim_metric: 0.4565
 17/326 [>.............................] - ETA: 4:07 - loss: 0.3978 - mae: 0.2470 - mse: 0.1243 - ssim_metric: 0.4564
 18/326 [>.............................] - ETA: 4:06 - loss: 0.4004 - mae: 0.2497 - mse: 0.1254 - ssim_metric: 0.4509
 19/326 [>.............................] - ETA: 4:05 - loss: 0.4010 - mae: 0.2511 - mse: 0.1256 - ssim_metric: 0.4480
 20/326 [>.............................] - ETA: 4:04 - loss: 0.3970 - mae: 0.2502 - mse: 0.1239 - ssim_metric: 0.4468
 21/326 [>.............................] - ETA: 4:03 - loss: 0.3923 - mae: 0.2482 - mse: 0.1221 - ssim_metric: 0.4487
 22/326 [=>............................] - ETA: 4:02 - loss: 0.3882 - mae: 0.2460 - mse: 0.1206 - ssim_metric: 0.4513
 23/326 [=>............................] - ETA: 4:02 - loss: 0.3844 - mae: 0.2433 - mse: 0.1192 - ssim_metric: 0.4579
 24/326 [=>............................] - ETA: 4:01 - loss: 0.3832 - mae: 0.2421 - mse: 0.1187 - ssim_metric: 0.4605
 25/326 [=>............................] - ETA: 4:00 - loss: 0.3871 - mae: 0.2430 - mse: 0.1202 - ssim_metric: 0.4594
 26/326 [=>............................] - ETA: 3:59 - loss: 0.3881 - mae: 0.2425 - mse: 0.1206 - ssim_metric: 0.4614
 27/326 [=>............................] - ETA: 3:58 - loss: 0.3868 - mae: 0.2412 - mse: 0.1201 - ssim_metric: 0.4643
 28/326 [=>............................] - ETA: 3:57 - loss: 0.3890 - mae: 0.2409 - mse: 0.1207 - ssim_metric: 0.4655
 29/326 [=>............................] - ETA: 3:57 - loss: 0.3878 - mae: 0.2400 - mse: 0.1203 - ssim_metric: 0.4663
 30/326 [=>............................] - ETA: 3:56 - loss: 0.3913 - mae: 0.2409 - mse: 0.1214 - ssim_metric: 0.4648
 31/326 [=>............................] - ETA: 3:55 - loss: 0.3917 - mae: 0.2413 - mse: 0.1216 - ssim_metric: 0.4626
 32/326 [=>............................] - ETA: 3:54 - loss: 0.3926 - mae: 0.2422 - mse: 0.1221 - ssim_metric: 0.4600
 33/326 [==>...........................] - ETA: 3:53 - loss: 0.3898 - mae: 0.2413 - mse: 0.1208 - ssim_metric: 0.4590
 34/326 [==>...........................] - ETA: 3:53 - loss: 0.3910 - mae: 0.2425 - mse: 0.1213 - ssim_metric: 0.4555
 35/326 [==>...........................] - ETA: 3:52 - loss: 0.3890 - mae: 0.2416 - mse: 0.1206 - ssim_metric: 0.4563
 36/326 [==>...........................] - ETA: 3:51 - loss: 0.3892 - mae: 0.2422 - mse: 0.1207 - ssim_metric: 0.4548
 37/326 [==>...........................] - ETA: 3:50 - loss: 0.3863 - mae: 0.2407 - mse: 0.1196 - ssim_metric: 0.4574
 38/326 [==>...........................] - ETA: 3:49 - loss: 0.3845 - mae: 0.2397 - mse: 0.1190 - ssim_metric: 0.4588
 39/326 [==>...........................] - ETA: 3:49 - loss: 0.3845 - mae: 0.2395 - mse: 0.1189 - ssim_metric: 0.4595
 40/326 [==>...........................] - ETA: 3:48 - loss: 0.3829 - mae: 0.2386 - mse: 0.1184 - ssim_metric: 0.4610
 41/326 [==>...........................] - ETA: 3:47 - loss: 0.3813 - mae: 0.2373 - mse: 0.1179 - ssim_metric: 0.4641
 42/326 [==>...........................] - ETA: 3:46 - loss: 0.3775 - mae: 0.2350 - mse: 0.1165 - ssim_metric: 0.4686
 43/326 [==>...........................] - ETA: 3:45 - loss: 0.3778 - mae: 0.2343 - mse: 0.1165 - ssim_metric: 0.4703
 44/326 [===>..........................] - ETA: 3:45 - loss: 0.3788 - mae: 0.2342 - mse: 0.1169 - ssim_metric: 0.4714
 45/326 [===>..........................] - ETA: 3:44 - loss: 0.3812 - mae: 0.2353 - mse: 0.1179 - ssim_metric: 0.4696
 46/326 [===>..........................] - ETA: 3:43 - loss: 0.3815 - mae: 0.2353 - mse: 0.1180 - ssim_metric: 0.4701
 47/326 [===>..........................] - ETA: 3:42 - loss: 0.3802 - mae: 0.2348 - mse: 0.1175 - ssim_metric: 0.4705
 48/326 [===>..........................] - ETA: 3:41 - loss: 0.3773 - mae: 0.2334 - mse: 0.1165 - ssim_metric: 0.4718
 49/326 [===>..........................] - ETA: 3:41 - loss: 0.3809 - mae: 0.2346 - mse: 0.1176 - ssim_metric: 0.4702
 50/326 [===>..........................] - ETA: 3:40 - loss: 0.3807 - mae: 0.2347 - mse: 0.1175 - ssim_metric: 0.4700
 51/326 [===>..........................] - ETA: 3:39 - loss: 0.3789 - mae: 0.2342 - mse: 0.1169 - ssim_metric: 0.4695
 52/326 [===>..........................] - ETA: 3:38 - loss: 0.3795 - mae: 0.2344 - mse: 0.1170 - ssim_metric: 0.4695
 53/326 [===>..........................] - ETA: 3:37 - loss: 0.3791 - mae: 0.2342 - mse: 0.1169 - ssim_metric: 0.4696
 54/326 [===>..........................] - ETA: 3:37 - loss: 0.3799 - mae: 0.2344 - mse: 0.1172 - ssim_metric: 0.4696
 55/326 [====>.........................] - ETA: 3:36 - loss: 0.3801 - mae: 0.2346 - mse: 0.1173 - ssim_metric: 0.4693
 56/326 [====>.........................] - ETA: 3:35 - loss: 0.3799 - mae: 0.2345 - mse: 0.1172 - ssim_metric: 0.4690
 57/326 [====>.........................] - ETA: 3:34 - loss: 0.3787 - mae: 0.2340 - mse: 0.1168 - ssim_metric: 0.4697
 58/326 [====>.........................] - ETA: 3:33 - loss: 0.3800 - mae: 0.2345 - mse: 0.1173 - ssim_metric: 0.4694
 59/326 [====>.........................] - ETA: 3:33 - loss: 0.3808 - mae: 0.2349 - mse: 0.1176 - ssim_metric: 0.4686
 60/326 [====>.........................] - ETA: 3:32 - loss: 0.3817 - mae: 0.2353 - mse: 0.1180 - ssim_metric: 0.4683
 61/326 [====>.........................] - ETA: 3:31 - loss: 0.3797 - mae: 0.2343 - mse: 0.1173 - ssim_metric: 0.4702
 62/326 [====>.........................] - ETA: 3:30 - loss: 0.3783 - mae: 0.2337 - mse: 0.1167 - ssim_metric: 0.4707
 63/326 [====>.........................] - ETA: 3:29 - loss: 0.3791 - mae: 0.2341 - mse: 0.1170 - ssim_metric: 0.4697
 64/326 [====>.........................] - ETA: 3:29 - loss: 0.3781 - mae: 0.2337 - mse: 0.1166 - ssim_metric: 0.4707
 65/326 [====>.........................] - ETA: 3:28 - loss: 0.3768 - mae: 0.2329 - mse: 0.1161 - ssim_metric: 0.4724
 66/326 [=====>........................] - ETA: 3:27 - loss: 0.3781 - mae: 0.2335 - mse: 0.1167 - ssim_metric: 0.4717
 67/326 [=====>........................] - ETA: 3:26 - loss: 0.3781 - mae: 0.2334 - mse: 0.1167 - ssim_metric: 0.4715
 68/326 [=====>........................] - ETA: 3:25 - loss: 0.3779 - mae: 0.2332 - mse: 0.1167 - ssim_metric: 0.4722
 69/326 [=====>........................] - ETA: 3:25 - loss: 0.3781 - mae: 0.2332 - mse: 0.1168 - ssim_metric: 0.4720
 70/326 [=====>........................] - ETA: 3:24 - loss: 0.3780 - mae: 0.2331 - mse: 0.1168 - ssim_metric: 0.4725
 71/326 [=====>........................] - ETA: 3:23 - loss: 0.3779 - mae: 0.2330 - mse: 0.1168 - ssim_metric: 0.4725
 72/326 [=====>........................] - ETA: 3:22 - loss: 0.3802 - mae: 0.2338 - mse: 0.1175 - ssim_metric: 0.4713
 73/326 [=====>........................] - ETA: 3:21 - loss: 0.3802 - mae: 0.2339 - mse: 0.1175 - ssim_metric: 0.4711
 74/326 [=====>........................] - ETA: 3:21 - loss: 0.3798 - mae: 0.2340 - mse: 0.1173 - ssim_metric: 0.4704
 75/326 [=====>........................] - ETA: 3:20 - loss: 0.3791 - mae: 0.2338 - mse: 0.1171 - ssim_metric: 0.4701
 76/326 [=====>........................] - ETA: 3:19 - loss: 0.3778 - mae: 0.2333 - mse: 0.1166 - ssim_metric: 0.4704
 77/326 [======>.......................] - ETA: 3:18 - loss: 0.3785 - mae: 0.2340 - mse: 0.1168 - ssim_metric: 0.4689
 78/326 [======>.......................] - ETA: 3:17 - loss: 0.3783 - mae: 0.2340 - mse: 0.1168 - ssim_metric: 0.4690
 79/326 [======>.......................] - ETA: 3:17 - loss: 0.3794 - mae: 0.2343 - mse: 0.1171 - ssim_metric: 0.4690
 80/326 [======>.......................] - ETA: 3:16 - loss: 0.3801 - mae: 0.2344 - mse: 0.1174 - ssim_metric: 0.4692
 81/326 [======>.......................] - ETA: 3:15 - loss: 0.3797 - mae: 0.2342 - mse: 0.1173 - ssim_metric: 0.4700
 82/326 [======>.......................] - ETA: 3:14 - loss: 0.3800 - mae: 0.2341 - mse: 0.1174 - ssim_metric: 0.4704
 83/326 [======>.......................] - ETA: 3:13 - loss: 0.3798 - mae: 0.2341 - mse: 0.1173 - ssim_metric: 0.4705
 84/326 [======>.......................] - ETA: 3:13 - loss: 0.3803 - mae: 0.2344 - mse: 0.1175 - ssim_metric: 0.4702
 85/326 [======>.......................] - ETA: 3:12 - loss: 0.3791 - mae: 0.2339 - mse: 0.1171 - ssim_metric: 0.4710
 86/326 [======>.......................] - ETA: 3:11 - loss: 0.3792 - mae: 0.2340 - mse: 0.1172 - ssim_metric: 0.4707
 87/326 [=======>......................] - ETA: 3:10 - loss: 0.3789 - mae: 0.2339 - mse: 0.1171 - ssim_metric: 0.4709
 88/326 [=======>......................] - ETA: 3:09 - loss: 0.3781 - mae: 0.2336 - mse: 0.1168 - ssim_metric: 0.4711
 89/326 [=======>......................] - ETA: 3:09 - loss: 0.3776 - mae: 0.2333 - mse: 0.1166 - ssim_metric: 0.4715
 90/326 [=======>......................] - ETA: 3:08 - loss: 0.3785 - mae: 0.2337 - mse: 0.1170 - ssim_metric: 0.4709
 91/326 [=======>......................] - ETA: 3:07 - loss: 0.3783 - mae: 0.2336 - mse: 0.1169 - ssim_metric: 0.4713
 92/326 [=======>......................] - ETA: 3:06 - loss: 0.3782 - mae: 0.2335 - mse: 0.1168 - ssim_metric: 0.4714
 93/326 [=======>......................] - ETA: 3:05 - loss: 0.3792 - mae: 0.2337 - mse: 0.1171 - ssim_metric: 0.4717
 94/326 [=======>......................] - ETA: 3:05 - loss: 0.3798 - mae: 0.2337 - mse: 0.1173 - ssim_metric: 0.4720
 95/326 [=======>......................] - ETA: 3:04 - loss: 0.3809 - mae: 0.2342 - mse: 0.1177 - ssim_metric: 0.4715
 96/326 [=======>......................] - ETA: 3:03 - loss: 0.3806 - mae: 0.2341 - mse: 0.1176 - ssim_metric: 0.4716
 97/326 [=======>......................] - ETA: 3:02 - loss: 0.3804 - mae: 0.2342 - mse: 0.1175 - ssim_metric: 0.4715
 98/326 [========>.....................] - ETA: 3:01 - loss: 0.3798 - mae: 0.2340 - mse: 0.1173 - ssim_metric: 0.4715
 99/326 [========>.....................] - ETA: 3:01 - loss: 0.3794 - mae: 0.2340 - mse: 0.1172 - ssim_metric: 0.4715
100/326 [========>.....................] - ETA: 3:00 - loss: 0.3794 - mae: 0.2342 - mse: 0.1172 - ssim_metric: 0.4712
101/326 [========>.....................] - ETA: 2:59 - loss: 0.3788 - mae: 0.2340 - mse: 0.1170 - ssim_metric: 0.4713
102/326 [========>.....................] - ETA: 2:58 - loss: 0.3782 - mae: 0.2338 - mse: 0.1167 - ssim_metric: 0.4715
103/326 [========>.....................] - ETA: 2:57 - loss: 0.3798 - mae: 0.2341 - mse: 0.1172 - ssim_metric: 0.4711
104/326 [========>.....................] - ETA: 2:57 - loss: 0.3797 - mae: 0.2340 - mse: 0.1171 - ssim_metric: 0.4715
105/326 [========>.....................] - ETA: 2:56 - loss: 0.3793 - mae: 0.2338 - mse: 0.1170 - ssim_metric: 0.4720
106/326 [========>.....................] - ETA: 2:55 - loss: 0.3784 - mae: 0.2333 - mse: 0.1167 - ssim_metric: 0.4728
107/326 [========>.....................] - ETA: 2:54 - loss: 0.3783 - mae: 0.2332 - mse: 0.1166 - ssim_metric: 0.4732
108/326 [========>.....................] - ETA: 2:53 - loss: 0.3803 - mae: 0.2338 - mse: 0.1173 - ssim_metric: 0.4727
109/326 [=========>....................] - ETA: 2:53 - loss: 0.3800 - mae: 0.2336 - mse: 0.1172 - ssim_metric: 0.4733
110/326 [=========>....................] - ETA: 2:52 - loss: 0.3806 - mae: 0.2338 - mse: 0.1174 - ssim_metric: 0.4730
111/326 [=========>....................] - ETA: 2:51 - loss: 0.3802 - mae: 0.2337 - mse: 0.1172 - ssim_metric: 0.4732
112/326 [=========>....................] - ETA: 2:50 - loss: 0.3803 - mae: 0.2338 - mse: 0.1173 - ssim_metric: 0.4729
113/326 [=========>....................] - ETA: 2:49 - loss: 0.3803 - mae: 0.2338 - mse: 0.1173 - ssim_metric: 0.4729
114/326 [=========>....................] - ETA: 2:49 - loss: 0.3800 - mae: 0.2339 - mse: 0.1172 - ssim_metric: 0.4727
115/326 [=========>....................] - ETA: 2:48 - loss: 0.3803 - mae: 0.2341 - mse: 0.1173 - ssim_metric: 0.4721
116/326 [=========>....................] - ETA: 2:47 - loss: 0.3804 - mae: 0.2343 - mse: 0.1174 - ssim_metric: 0.4717
117/326 [=========>....................] - ETA: 2:46 - loss: 0.3808 - mae: 0.2346 - mse: 0.1175 - ssim_metric: 0.4714
118/326 [=========>....................] - ETA: 2:46 - loss: 0.3802 - mae: 0.2343 - mse: 0.1173 - ssim_metric: 0.4723
119/326 [=========>....................] - ETA: 2:45 - loss: 0.3799 - mae: 0.2340 - mse: 0.1172 - ssim_metric: 0.4728
120/326 [==========>...................] - ETA: 2:44 - loss: 0.3797 - mae: 0.2339 - mse: 0.1171 - ssim_metric: 0.4732
121/326 [==========>...................] - ETA: 2:43 - loss: 0.3791 - mae: 0.2336 - mse: 0.1169 - ssim_metric: 0.4740
122/326 [==========>...................] - ETA: 2:42 - loss: 0.3796 - mae: 0.2336 - mse: 0.1170 - ssim_metric: 0.4744
123/326 [==========>...................] - ETA: 2:42 - loss: 0.3800 - mae: 0.2336 - mse: 0.1172 - ssim_metric: 0.4744
124/326 [==========>...................] - ETA: 2:41 - loss: 0.3805 - mae: 0.2338 - mse: 0.1174 - ssim_metric: 0.4740
125/326 [==========>...................] - ETA: 2:40 - loss: 0.3806 - mae: 0.2338 - mse: 0.1174 - ssim_metric: 0.4743
126/326 [==========>...................] - ETA: 2:39 - loss: 0.3802 - mae: 0.2336 - mse: 0.1172 - ssim_metric: 0.4742
127/326 [==========>...................] - ETA: 2:38 - loss: 0.3799 - mae: 0.2336 - mse: 0.1171 - ssim_metric: 0.4741
128/326 [==========>...................] - ETA: 2:38 - loss: 0.3794 - mae: 0.2334 - mse: 0.1169 - ssim_metric: 0.4741
129/326 [==========>...................] - ETA: 2:37 - loss: 0.3794 - mae: 0.2335 - mse: 0.1169 - ssim_metric: 0.4741
130/326 [==========>...................] - ETA: 2:36 - loss: 0.3805 - mae: 0.2340 - mse: 0.1173 - ssim_metric: 0.4732
131/326 [===========>..................] - ETA: 2:35 - loss: 0.3808 - mae: 0.2342 - mse: 0.1174 - ssim_metric: 0.4730
132/326 [===========>..................] - ETA: 2:34 - loss: 0.3808 - mae: 0.2342 - mse: 0.1174 - ssim_metric: 0.4731
133/326 [===========>..................] - ETA: 2:34 - loss: 0.3807 - mae: 0.2343 - mse: 0.1174 - ssim_metric: 0.4729
134/326 [===========>..................] - ETA: 2:33 - loss: 0.3811 - mae: 0.2346 - mse: 0.1176 - ssim_metric: 0.4726
135/326 [===========>..................] - ETA: 2:32 - loss: 0.3815 - mae: 0.2348 - mse: 0.1177 - ssim_metric: 0.4720
136/326 [===========>..................] - ETA: 2:31 - loss: 0.3816 - mae: 0.2350 - mse: 0.1178 - ssim_metric: 0.4715
137/326 [===========>..................] - ETA: 2:30 - loss: 0.3813 - mae: 0.2350 - mse: 0.1177 - ssim_metric: 0.4714
138/326 [===========>..................] - ETA: 2:30 - loss: 0.3816 - mae: 0.2352 - mse: 0.1178 - ssim_metric: 0.4707
139/326 [===========>..................] - ETA: 2:29 - loss: 0.3815 - mae: 0.2353 - mse: 0.1178 - ssim_metric: 0.4706
140/326 [===========>..................] - ETA: 2:28 - loss: 0.3816 - mae: 0.2353 - mse: 0.1178 - ssim_metric: 0.4707
141/326 [===========>..................] - ETA: 2:27 - loss: 0.3816 - mae: 0.2353 - mse: 0.1179 - ssim_metric: 0.4708
142/326 [============>.................] - ETA: 2:26 - loss: 0.3813 - mae: 0.2351 - mse: 0.1177 - ssim_metric: 0.4714
143/326 [============>.................] - ETA: 2:26 - loss: 0.3815 - mae: 0.2351 - mse: 0.1178 - ssim_metric: 0.4712
144/326 [============>.................] - ETA: 2:25 - loss: 0.3813 - mae: 0.2350 - mse: 0.1178 - ssim_metric: 0.4713
145/326 [============>.................] - ETA: 2:24 - loss: 0.3811 - mae: 0.2349 - mse: 0.1177 - ssim_metric: 0.4717
146/326 [============>.................] - ETA: 2:23 - loss: 0.3809 - mae: 0.2347 - mse: 0.1176 - ssim_metric: 0.4720
147/326 [============>.................] - ETA: 2:22 - loss: 0.3816 - mae: 0.2350 - mse: 0.1179 - ssim_metric: 0.4716
148/326 [============>.................] - ETA: 2:22 - loss: 0.3812 - mae: 0.2349 - mse: 0.1177 - ssim_metric: 0.4718
149/326 [============>.................] - ETA: 2:21 - loss: 0.3816 - mae: 0.2352 - mse: 0.1179 - ssim_metric: 0.4711
150/326 [============>.................] - ETA: 2:20 - loss: 0.3813 - mae: 0.2352 - mse: 0.1178 - ssim_metric: 0.4709
151/326 [============>.................] - ETA: 2:19 - loss: 0.3819 - mae: 0.2356 - mse: 0.1180 - ssim_metric: 0.4701
152/326 [============>.................] - ETA: 2:18 - loss: 0.3825 - mae: 0.2358 - mse: 0.1182 - ssim_metric: 0.4698
153/326 [=============>................] - ETA: 2:18 - loss: 0.3821 - mae: 0.2357 - mse: 0.1181 - ssim_metric: 0.4699
154/326 [=============>................] - ETA: 2:17 - loss: 0.3820 - mae: 0.2356 - mse: 0.1180 - ssim_metric: 0.4698
155/326 [=============>................] - ETA: 2:16 - loss: 0.3822 - mae: 0.2357 - mse: 0.1181 - ssim_metric: 0.4697
156/326 [=============>................] - ETA: 2:15 - loss: 0.3819 - mae: 0.2355 - mse: 0.1180 - ssim_metric: 0.4699
157/326 [=============>................] - ETA: 2:14 - loss: 0.3819 - mae: 0.2356 - mse: 0.1180 - ssim_metric: 0.4697
158/326 [=============>................] - ETA: 2:14 - loss: 0.3828 - mae: 0.2358 - mse: 0.1183 - ssim_metric: 0.4697
159/326 [=============>................] - ETA: 2:13 - loss: 0.3830 - mae: 0.2359 - mse: 0.1184 - ssim_metric: 0.4696
160/326 [=============>................] - ETA: 2:12 - loss: 0.3829 - mae: 0.2359 - mse: 0.1183 - ssim_metric: 0.4696
161/326 [=============>................] - ETA: 2:11 - loss: 0.3832 - mae: 0.2362 - mse: 0.1184 - ssim_metric: 0.4691
162/326 [=============>................] - ETA: 2:10 - loss: 0.3829 - mae: 0.2362 - mse: 0.1183 - ssim_metric: 0.4689
163/326 [==============>...............] - ETA: 2:10 - loss: 0.3826 - mae: 0.2361 - mse: 0.1182 - ssim_metric: 0.4689
164/326 [==============>...............] - ETA: 2:09 - loss: 0.3825 - mae: 0.2360 - mse: 0.1182 - ssim_metric: 0.4691
165/326 [==============>...............] - ETA: 2:08 - loss: 0.3826 - mae: 0.2360 - mse: 0.1182 - ssim_metric: 0.4692
166/326 [==============>...............] - ETA: 2:07 - loss: 0.3832 - mae: 0.2363 - mse: 0.1184 - ssim_metric: 0.4689
167/326 [==============>...............] - ETA: 2:06 - loss: 0.3831 - mae: 0.2363 - mse: 0.1184 - ssim_metric: 0.4688
168/326 [==============>...............] - ETA: 2:06 - loss: 0.3834 - mae: 0.2365 - mse: 0.1186 - ssim_metric: 0.4687
169/326 [==============>...............] - ETA: 2:05 - loss: 0.3831 - mae: 0.2364 - mse: 0.1185 - ssim_metric: 0.4690
170/326 [==============>...............] - ETA: 2:04 - loss: 0.3833 - mae: 0.2365 - mse: 0.1185 - ssim_metric: 0.4688
171/326 [==============>...............] - ETA: 2:03 - loss: 0.3832 - mae: 0.2364 - mse: 0.1185 - ssim_metric: 0.4689
172/326 [==============>...............] - ETA: 2:02 - loss: 0.3828 - mae: 0.2362 - mse: 0.1184 - ssim_metric: 0.4695
173/326 [==============>...............] - ETA: 2:02 - loss: 0.3831 - mae: 0.2363 - mse: 0.1185 - ssim_metric: 0.4692
174/326 [===============>..............] - ETA: 2:01 - loss: 0.3829 - mae: 0.2363 - mse: 0.1184 - ssim_metric: 0.4691
175/326 [===============>..............] - ETA: 2:00 - loss: 0.3830 - mae: 0.2364 - mse: 0.1185 - ssim_metric: 0.4689
176/326 [===============>..............] - ETA: 1:59 - loss: 0.3830 - mae: 0.2364 - mse: 0.1185 - ssim_metric: 0.4689
177/326 [===============>..............] - ETA: 1:58 - loss: 0.3832 - mae: 0.2364 - mse: 0.1186 - ssim_metric: 0.4690
178/326 [===============>..............] - ETA: 1:58 - loss: 0.3841 - mae: 0.2368 - mse: 0.1189 - ssim_metric: 0.4686
179/326 [===============>..............] - ETA: 1:57 - loss: 0.3843 - mae: 0.2369 - mse: 0.1189 - ssim_metric: 0.4684
180/326 [===============>..............] - ETA: 1:56 - loss: 0.3844 - mae: 0.2370 - mse: 0.1190 - ssim_metric: 0.4679
181/326 [===============>..............] - ETA: 1:55 - loss: 0.3849 - mae: 0.2375 - mse: 0.1192 - ssim_metric: 0.4670
182/326 [===============>..............] - ETA: 1:54 - loss: 0.3849 - mae: 0.2377 - mse: 0.1192 - ssim_metric: 0.4664
183/326 [===============>..............] - ETA: 1:54 - loss: 0.3848 - mae: 0.2378 - mse: 0.1191 - ssim_metric: 0.4660
184/326 [===============>..............] - ETA: 1:53 - loss: 0.3848 - mae: 0.2379 - mse: 0.1191 - ssim_metric: 0.4660
185/326 [================>.............] - ETA: 1:52 - loss: 0.3849 - mae: 0.2380 - mse: 0.1192 - ssim_metric: 0.4657
186/326 [================>.............] - ETA: 1:51 - loss: 0.3856 - mae: 0.2384 - mse: 0.1194 - ssim_metric: 0.4650
187/326 [================>.............] - ETA: 1:50 - loss: 0.3860 - mae: 0.2386 - mse: 0.1196 - ssim_metric: 0.4649
188/326 [================>.............] - ETA: 1:50 - loss: 0.3864 - mae: 0.2386 - mse: 0.1197 - ssim_metric: 0.4651
189/326 [================>.............] - ETA: 1:49 - loss: 0.3862 - mae: 0.2386 - mse: 0.1196 - ssim_metric: 0.4652
190/326 [================>.............] - ETA: 1:48 - loss: 0.3859 - mae: 0.2385 - mse: 0.1195 - ssim_metric: 0.4651
191/326 [================>.............] - ETA: 1:47 - loss: 0.3858 - mae: 0.2385 - mse: 0.1195 - ssim_metric: 0.4650
192/326 [================>.............] - ETA: 1:46 - loss: 0.3857 - mae: 0.2384 - mse: 0.1194 - ssim_metric: 0.4653
193/326 [================>.............] - ETA: 1:46 - loss: 0.3857 - mae: 0.2384 - mse: 0.1195 - ssim_metric: 0.4654
194/326 [================>.............] - ETA: 1:45 - loss: 0.3853 - mae: 0.2382 - mse: 0.1193 - ssim_metric: 0.4659
195/326 [================>.............] - ETA: 1:44 - loss: 0.3855 - mae: 0.2382 - mse: 0.1194 - ssim_metric: 0.4661
196/326 [=================>............] - ETA: 1:43 - loss: 0.3859 - mae: 0.2383 - mse: 0.1195 - ssim_metric: 0.4661
197/326 [=================>............] - ETA: 1:42 - loss: 0.3857 - mae: 0.2381 - mse: 0.1194 - ssim_metric: 0.4664
198/326 [=================>............] - ETA: 1:42 - loss: 0.3856 - mae: 0.2381 - mse: 0.1194 - ssim_metric: 0.4666
199/326 [=================>............] - ETA: 1:41 - loss: 0.3856 - mae: 0.2381 - mse: 0.1194 - ssim_metric: 0.4666
200/326 [=================>............] - ETA: 1:40 - loss: 0.3857 - mae: 0.2381 - mse: 0.1194 - ssim_metric: 0.4664
201/326 [=================>............] - ETA: 1:39 - loss: 0.3856 - mae: 0.2381 - mse: 0.1194 - ssim_metric: 0.4662
202/326 [=================>............] - ETA: 1:39 - loss: 0.3861 - mae: 0.2383 - mse: 0.1195 - ssim_metric: 0.4663
203/326 [=================>............] - ETA: 1:38 - loss: 0.3866 - mae: 0.2386 - mse: 0.1197 - ssim_metric: 0.4658
204/326 [=================>............] - ETA: 1:37 - loss: 0.3864 - mae: 0.2386 - mse: 0.1196 - ssim_metric: 0.4657
205/326 [=================>............] - ETA: 1:36 - loss: 0.3860 - mae: 0.2384 - mse: 0.1195 - ssim_metric: 0.4657
206/326 [=================>............] - ETA: 1:35 - loss: 0.3859 - mae: 0.2384 - mse: 0.1195 - ssim_metric: 0.4658
207/326 [==================>...........] - ETA: 1:35 - loss: 0.3859 - mae: 0.2384 - mse: 0.1194 - ssim_metric: 0.4658
208/326 [==================>...........] - ETA: 1:34 - loss: 0.3858 - mae: 0.2384 - mse: 0.1194 - ssim_metric: 0.4660
209/326 [==================>...........] - ETA: 1:33 - loss: 0.3858 - mae: 0.2384 - mse: 0.1194 - ssim_metric: 0.4661
210/326 [==================>...........] - ETA: 1:32 - loss: 0.3860 - mae: 0.2385 - mse: 0.1195 - ssim_metric: 0.4660
211/326 [==================>...........] - ETA: 1:31 - loss: 0.3860 - mae: 0.2383 - mse: 0.1195 - ssim_metric: 0.4665
212/326 [==================>...........] - ETA: 1:31 - loss: 0.3859 - mae: 0.2383 - mse: 0.1195 - ssim_metric: 0.4667
213/326 [==================>...........] - ETA: 1:30 - loss: 0.3856 - mae: 0.2382 - mse: 0.1194 - ssim_metric: 0.4669
214/326 [==================>...........] - ETA: 1:29 - loss: 0.3857 - mae: 0.2382 - mse: 0.1194 - ssim_metric: 0.4668
215/326 [==================>...........] - ETA: 1:28 - loss: 0.3857 - mae: 0.2382 - mse: 0.1194 - ssim_metric: 0.4667
216/326 [==================>...........] - ETA: 1:27 - loss: 0.3855 - mae: 0.2381 - mse: 0.1193 - ssim_metric: 0.4670
217/326 [==================>...........] - ETA: 1:27 - loss: 0.3856 - mae: 0.2381 - mse: 0.1194 - ssim_metric: 0.4669
218/326 [===================>..........] - ETA: 1:26 - loss: 0.3857 - mae: 0.2382 - mse: 0.1194 - ssim_metric: 0.4668
219/326 [===================>..........] - ETA: 1:25 - loss: 0.3856 - mae: 0.2381 - mse: 0.1194 - ssim_metric: 0.4668
220/326 [===================>..........] - ETA: 1:24 - loss: 0.3859 - mae: 0.2384 - mse: 0.1195 - ssim_metric: 0.4664
221/326 [===================>..........] - ETA: 1:23 - loss: 0.3861 - mae: 0.2386 - mse: 0.1196 - ssim_metric: 0.4660
222/326 [===================>..........] - ETA: 1:23 - loss: 0.3864 - mae: 0.2388 - mse: 0.1197 - ssim_metric: 0.4655
223/326 [===================>..........] - ETA: 1:22 - loss: 0.3862 - mae: 0.2388 - mse: 0.1196 - ssim_metric: 0.4655
224/326 [===================>..........] - ETA: 1:21 - loss: 0.3864 - mae: 0.2389 - mse: 0.1197 - ssim_metric: 0.4651
225/326 [===================>..........] - ETA: 1:20 - loss: 0.3866 - mae: 0.2390 - mse: 0.1198 - ssim_metric: 0.4650
226/326 [===================>..........] - ETA: 1:19 - loss: 0.3867 - mae: 0.2390 - mse: 0.1198 - ssim_metric: 0.4650
227/326 [===================>..........] - ETA: 1:19 - loss: 0.3864 - mae: 0.2389 - mse: 0.1197 - ssim_metric: 0.4654
228/326 [===================>..........] - ETA: 1:18 - loss: 0.3864 - mae: 0.2388 - mse: 0.1197 - ssim_metric: 0.4656
229/326 [====================>.........] - ETA: 1:17 - loss: 0.3867 - mae: 0.2390 - mse: 0.1198 - ssim_metric: 0.4652
230/326 [====================>.........] - ETA: 1:16 - loss: 0.3867 - mae: 0.2390 - mse: 0.1198 - ssim_metric: 0.4652
231/326 [====================>.........] - ETA: 1:15 - loss: 0.3866 - mae: 0.2389 - mse: 0.1198 - ssim_metric: 0.4653
232/326 [====================>.........] - ETA: 1:15 - loss: 0.3864 - mae: 0.2389 - mse: 0.1197 - ssim_metric: 0.4654
233/326 [====================>.........] - ETA: 1:14 - loss: 0.3866 - mae: 0.2389 - mse: 0.1198 - ssim_metric: 0.4655
234/326 [====================>.........] - ETA: 1:13 - loss: 0.3868 - mae: 0.2391 - mse: 0.1199 - ssim_metric: 0.4651
235/326 [====================>.........] - ETA: 1:12 - loss: 0.3868 - mae: 0.2391 - mse: 0.1199 - ssim_metric: 0.4651
236/326 [====================>.........] - ETA: 1:11 - loss: 0.3863 - mae: 0.2388 - mse: 0.1197 - ssim_metric: 0.4655
237/326 [====================>.........] - ETA: 1:11 - loss: 0.3861 - mae: 0.2387 - mse: 0.1196 - ssim_metric: 0.4659
238/326 [====================>.........] - ETA: 1:10 - loss: 0.3863 - mae: 0.2387 - mse: 0.1197 - ssim_metric: 0.4659
239/326 [====================>.........] - ETA: 1:09 - loss: 0.3858 - mae: 0.2384 - mse: 0.1195 - ssim_metric: 0.4664
240/326 [=====================>........] - ETA: 1:08 - loss: 0.3857 - mae: 0.2384 - mse: 0.1195 - ssim_metric: 0.4667
241/326 [=====================>........] - ETA: 1:07 - loss: 0.3856 - mae: 0.2383 - mse: 0.1195 - ssim_metric: 0.4668
242/326 [=====================>........] - ETA: 1:07 - loss: 0.3852 - mae: 0.2380 - mse: 0.1193 - ssim_metric: 0.4673
243/326 [=====================>........] - ETA: 1:06 - loss: 0.3851 - mae: 0.2379 - mse: 0.1193 - ssim_metric: 0.4677
244/326 [=====================>........] - ETA: 1:05 - loss: 0.3852 - mae: 0.2379 - mse: 0.1193 - ssim_metric: 0.4678
245/326 [=====================>........] - ETA: 1:04 - loss: 0.3853 - mae: 0.2380 - mse: 0.1194 - ssim_metric: 0.4677
246/326 [=====================>........] - ETA: 1:03 - loss: 0.3852 - mae: 0.2379 - mse: 0.1193 - ssim_metric: 0.4679
247/326 [=====================>........] - ETA: 1:03 - loss: 0.3852 - mae: 0.2379 - mse: 0.1193 - ssim_metric: 0.4679
248/326 [=====================>........] - ETA: 1:02 - loss: 0.3855 - mae: 0.2381 - mse: 0.1194 - ssim_metric: 0.4677
249/326 [=====================>........] - ETA: 1:01 - loss: 0.3857 - mae: 0.2383 - mse: 0.1195 - ssim_metric: 0.4674
250/326 [======================>.......] - ETA: 1:00 - loss: 0.3855 - mae: 0.2383 - mse: 0.1194 - ssim_metric: 0.4673
251/326 [======================>.......] - ETA: 59s - loss: 0.3854 - mae: 0.2382 - mse: 0.1194 - ssim_metric: 0.4673 
252/326 [======================>.......] - ETA: 59s - loss: 0.3850 - mae: 0.2381 - mse: 0.1192 - ssim_metric: 0.4675
253/326 [======================>.......] - ETA: 58s - loss: 0.3856 - mae: 0.2383 - mse: 0.1195 - ssim_metric: 0.4673
254/326 [======================>.......] - ETA: 57s - loss: 0.3856 - mae: 0.2383 - mse: 0.1195 - ssim_metric: 0.4674
255/326 [======================>.......] - ETA: 56s - loss: 0.3853 - mae: 0.2382 - mse: 0.1193 - ssim_metric: 0.4675
256/326 [======================>.......] - ETA: 55s - loss: 0.3855 - mae: 0.2382 - mse: 0.1194 - ssim_metric: 0.4674
257/326 [======================>.......] - ETA: 55s - loss: 0.3855 - mae: 0.2382 - mse: 0.1194 - ssim_metric: 0.4675
258/326 [======================>.......] - ETA: 54s - loss: 0.3857 - mae: 0.2383 - mse: 0.1195 - ssim_metric: 0.4675
259/326 [======================>.......] - ETA: 53s - loss: 0.3859 - mae: 0.2384 - mse: 0.1196 - ssim_metric: 0.4672
260/326 [======================>.......] - ETA: 52s - loss: 0.3856 - mae: 0.2382 - mse: 0.1195 - ssim_metric: 0.4674
261/326 [=======================>......] - ETA: 51s - loss: 0.3858 - mae: 0.2382 - mse: 0.1195 - ssim_metric: 0.4674
262/326 [=======================>......] - ETA: 51s - loss: 0.3855 - mae: 0.2381 - mse: 0.1194 - ssim_metric: 0.4675
263/326 [=======================>......] - ETA: 50s - loss: 0.3859 - mae: 0.2383 - mse: 0.1195 - ssim_metric: 0.4672
264/326 [=======================>......] - ETA: 49s - loss: 0.3860 - mae: 0.2383 - mse: 0.1196 - ssim_metric: 0.4672
265/326 [=======================>......] - ETA: 48s - loss: 0.3860 - mae: 0.2384 - mse: 0.1196 - ssim_metric: 0.4669
266/326 [=======================>......] - ETA: 47s - loss: 0.3862 - mae: 0.2386 - mse: 0.1196 - ssim_metric: 0.4665
267/326 [=======================>......] - ETA: 47s - loss: 0.3863 - mae: 0.2387 - mse: 0.1197 - ssim_metric: 0.4662
268/326 [=======================>......] - ETA: 46s - loss: 0.3863 - mae: 0.2389 - mse: 0.1197 - ssim_metric: 0.4658
269/326 [=======================>......] - ETA: 45s - loss: 0.3862 - mae: 0.2389 - mse: 0.1197 - ssim_metric: 0.4657
270/326 [=======================>......] - ETA: 44s - loss: 0.3865 - mae: 0.2390 - mse: 0.1198 - ssim_metric: 0.4655
271/326 [=======================>......] - ETA: 43s - loss: 0.3865 - mae: 0.2390 - mse: 0.1198 - ssim_metric: 0.4655
272/326 [========================>.....] - ETA: 43s - loss: 0.3865 - mae: 0.2390 - mse: 0.1198 - ssim_metric: 0.4655
273/326 [========================>.....] - ETA: 42s - loss: 0.3861 - mae: 0.2389 - mse: 0.1197 - ssim_metric: 0.4658
274/326 [========================>.....] - ETA: 41s - loss: 0.3863 - mae: 0.2389 - mse: 0.1197 - ssim_metric: 0.4658
275/326 [========================>.....] - ETA: 40s - loss: 0.3865 - mae: 0.2389 - mse: 0.1198 - ssim_metric: 0.4661
276/326 [========================>.....] - ETA: 39s - loss: 0.3865 - mae: 0.2389 - mse: 0.1198 - ssim_metric: 0.4661
277/326 [========================>.....] - ETA: 39s - loss: 0.3867 - mae: 0.2390 - mse: 0.1199 - ssim_metric: 0.4659
278/326 [========================>.....] - ETA: 38s - loss: 0.3866 - mae: 0.2390 - mse: 0.1198 - ssim_metric: 0.4660
279/326 [========================>.....] - ETA: 37s - loss: 0.3864 - mae: 0.2389 - mse: 0.1198 - ssim_metric: 0.4664
280/326 [========================>.....] - ETA: 36s - loss: 0.3863 - mae: 0.2388 - mse: 0.1197 - ssim_metric: 0.4664
281/326 [========================>.....] - ETA: 35s - loss: 0.3866 - mae: 0.2389 - mse: 0.1198 - ssim_metric: 0.4662
282/326 [========================>.....] - ETA: 35s - loss: 0.3867 - mae: 0.2390 - mse: 0.1199 - ssim_metric: 0.4662
283/326 [=========================>....] - ETA: 34s - loss: 0.3871 - mae: 0.2392 - mse: 0.1200 - ssim_metric: 0.4660
284/326 [=========================>....] - ETA: 33s - loss: 0.3870 - mae: 0.2392 - mse: 0.1200 - ssim_metric: 0.4659
285/326 [=========================>....] - ETA: 32s - loss: 0.3872 - mae: 0.2394 - mse: 0.1200 - ssim_metric: 0.4655
286/326 [=========================>....] - ETA: 31s - loss: 0.3873 - mae: 0.2395 - mse: 0.1201 - ssim_metric: 0.4653
287/326 [=========================>....] - ETA: 31s - loss: 0.3877 - mae: 0.2397 - mse: 0.1202 - ssim_metric: 0.4651
288/326 [=========================>....] - ETA: 30s - loss: 0.3880 - mae: 0.2399 - mse: 0.1203 - ssim_metric: 0.4648
289/326 [=========================>....] - ETA: 29s - loss: 0.3881 - mae: 0.2399 - mse: 0.1203 - ssim_metric: 0.4646
290/326 [=========================>....] - ETA: 28s - loss: 0.3884 - mae: 0.2401 - mse: 0.1205 - ssim_metric: 0.4645
291/326 [=========================>....] - ETA: 27s - loss: 0.3885 - mae: 0.2402 - mse: 0.1205 - ssim_metric: 0.4643
292/326 [=========================>....] - ETA: 27s - loss: 0.3883 - mae: 0.2401 - mse: 0.1204 - ssim_metric: 0.4643
293/326 [=========================>....] - ETA: 26s - loss: 0.3881 - mae: 0.2401 - mse: 0.1203 - ssim_metric: 0.4643
294/326 [==========================>...] - ETA: 25s - loss: 0.3884 - mae: 0.2403 - mse: 0.1204 - ssim_metric: 0.4640
295/326 [==========================>...] - ETA: 24s - loss: 0.3884 - mae: 0.2403 - mse: 0.1204 - ssim_metric: 0.4639
296/326 [==========================>...] - ETA: 23s - loss: 0.3881 - mae: 0.2402 - mse: 0.1204 - ssim_metric: 0.4641
297/326 [==========================>...] - ETA: 23s - loss: 0.3883 - mae: 0.2402 - mse: 0.1204 - ssim_metric: 0.4642
298/326 [==========================>...] - ETA: 22s - loss: 0.3879 - mae: 0.2400 - mse: 0.1202 - ssim_metric: 0.4646
299/326 [==========================>...] - ETA: 21s - loss: 0.3877 - mae: 0.2399 - mse: 0.1202 - ssim_metric: 0.4649
300/326 [==========================>...] - ETA: 20s - loss: 0.3877 - mae: 0.2398 - mse: 0.1202 - ssim_metric: 0.4650
301/326 [==========================>...] - ETA: 19s - loss: 0.3874 - mae: 0.2396 - mse: 0.1201 - ssim_metric: 0.4655
302/326 [==========================>...] - ETA: 19s - loss: 0.3877 - mae: 0.2398 - mse: 0.1202 - ssim_metric: 0.4652
303/326 [==========================>...] - ETA: 18s - loss: 0.3878 - mae: 0.2397 - mse: 0.1202 - ssim_metric: 0.4652
304/326 [==========================>...] - ETA: 17s - loss: 0.3878 - mae: 0.2398 - mse: 0.1202 - ssim_metric: 0.4652
305/326 [===========================>..] - ETA: 16s - loss: 0.3878 - mae: 0.2398 - mse: 0.1202 - ssim_metric: 0.4651
306/326 [===========================>..] - ETA: 15s - loss: 0.3878 - mae: 0.2398 - mse: 0.1202 - ssim_metric: 0.4650
307/326 [===========================>..] - ETA: 15s - loss: 0.3879 - mae: 0.2399 - mse: 0.1203 - ssim_metric: 0.4648
308/326 [===========================>..] - ETA: 14s - loss: 0.3878 - mae: 0.2398 - mse: 0.1202 - ssim_metric: 0.4650
309/326 [===========================>..] - ETA: 13s - loss: 0.3878 - mae: 0.2398 - mse: 0.1202 - ssim_metric: 0.4650
310/326 [===========================>..] - ETA: 12s - loss: 0.3877 - mae: 0.2398 - mse: 0.1202 - ssim_metric: 0.4649
311/326 [===========================>..] - ETA: 11s - loss: 0.3876 - mae: 0.2398 - mse: 0.1202 - ssim_metric: 0.4650
312/326 [===========================>..] - ETA: 11s - loss: 0.3875 - mae: 0.2398 - mse: 0.1201 - ssim_metric: 0.4650
313/326 [===========================>..] - ETA: 10s - loss: 0.3877 - mae: 0.2398 - mse: 0.1202 - ssim_metric: 0.4650
314/326 [===========================>..] - ETA: 9s - loss: 0.3879 - mae: 0.2398 - mse: 0.1203 - ssim_metric: 0.4652 
315/326 [===========================>..] - ETA: 8s - loss: 0.3881 - mae: 0.2399 - mse: 0.1203 - ssim_metric: 0.4650
316/326 [============================>.] - ETA: 7s - loss: 0.3880 - mae: 0.2399 - mse: 0.1203 - ssim_metric: 0.4649
317/326 [============================>.] - ETA: 7s - loss: 0.3879 - mae: 0.2398 - mse: 0.1203 - ssim_metric: 0.4651
318/326 [============================>.] - ETA: 6s - loss: 0.3877 - mae: 0.2397 - mse: 0.1202 - ssim_metric: 0.4651
319/326 [============================>.] - ETA: 5s - loss: 0.3882 - mae: 0.2400 - mse: 0.1204 - ssim_metric: 0.4649
320/326 [============================>.] - ETA: 4s - loss: 0.3881 - mae: 0.2400 - mse: 0.1204 - ssim_metric: 0.4647
321/326 [============================>.] - ETA: 3s - loss: 0.3882 - mae: 0.2401 - mse: 0.1204 - ssim_metric: 0.4645
322/326 [============================>.] - ETA: 3s - loss: 0.3881 - mae: 0.2401 - mse: 0.1203 - ssim_metric: 0.4645
323/326 [============================>.] - ETA: 2s - loss: 0.3880 - mae: 0.2400 - mse: 0.1203 - ssim_metric: 0.4645
324/326 [============================>.] - ETA: 1s - loss: 0.3885 - mae: 0.2402 - mse: 0.1205 - ssim_metric: 0.4642
325/326 [============================>.] - ETA: 0s - loss: 0.3885 - mae: 0.2402 - mse: 0.1205 - ssim_metric: 0.4642
326/326 [==============================] - ETA: 0s - loss: 0.3886 - mae: 0.2403 - mse: 0.1205 - ssim_metric: 0.4642
Epoch 12: saving model to C:\d_surucusu\visual_navigation\benchmark\models_pipeline\20260909_223425\bce_b32\_JOB_bce_b32_10_09_2026__11_08_model_f48_k4_epoch_00012_helu_osigmoid_(1, 1)_.h5

Epoch 12: val_loss improved from 0.35368 to 0.35293, saving model to C:\d_surucusu\visual_navigation\benchmark\models_pipeline\20260909_223425\bce_b32\_JOB_bce_b32_10_09_2026__11_08_best_val_loss_model_f48_k4.h5

Epoch 12: val_mae improved from 0.22464 to 0.22403, saving model to C:\d_surucusu\visual_navigation\benchmark\models_pipeline\20260909_223425\bce_b32\_JOB_bce_b32_10_09_2026__11_08_best_mae_model_f48_k4.h5

Epoch 12: val_ssim_metric did not improve from 0.59927

326/326 [==============================] - 276s 847ms/step - loss: 0.3886 - mae: 0.2403 - mse: 0.1205 - ssim_metric: 0.4642 - val_loss: 0.3529 - val_mae: 0.2240 - val_mse: 0.1073 - val_ssim_metric: 0.4793
Epoch 13/20

  1/326 [..............................] - ETA: 4:36 - loss: 0.4138 - mae: 0.2566 - mse: 0.1325 - ssim_metric: 0.4161
  2/326 [..............................] - ETA: 4:18 - loss: 0.4110 - mae: 0.2517 - mse: 0.1298 - ssim_metric: 0.4432
  3/326 [..............................] - ETA: 4:17 - loss: 0.4299 - mae: 0.2665 - mse: 0.1366 - ssim_metric: 0.4209
  4/326 [..............................] - ETA: 4:16 - loss: 0.4223 - mae: 0.2641 - mse: 0.1337 - ssim_metric: 0.4150
  5/326 [..............................] - ETA: 4:16 - loss: 0.4113 - mae: 0.2600 - mse: 0.1297 - ssim_metric: 0.4201
  6/326 [..............................] - ETA: 4:15 - loss: 0.4092 - mae: 0.2622 - mse: 0.1289 - ssim_metric: 0.4094
  7/326 [..............................] - ETA: 4:14 - loss: 0.4063 - mae: 0.2623 - mse: 0.1277 - ssim_metric: 0.4062
  8/326 [..............................] - ETA: 4:13 - loss: 0.3955 - mae: 0.2558 - mse: 0.1234 - ssim_metric: 0.4158
  9/326 [..............................] - ETA: 4:13 - loss: 0.3854 - mae: 0.2496 - mse: 0.1197 - ssim_metric: 0.4277
 10/326 [..............................] - ETA: 4:12 - loss: 0.3830 - mae: 0.2472 - mse: 0.1188 - ssim_metric: 0.4363
 11/326 [>.............................] - ETA: 4:11 - loss: 0.3860 - mae: 0.2475 - mse: 0.1203 - ssim_metric: 0.4413
 12/326 [>.............................] - ETA: 4:10 - loss: 0.3862 - mae: 0.2456 - mse: 0.1204 - ssim_metric: 0.4473
 13/326 [>.............................] - ETA: 4:09 - loss: 0.3913 - mae: 0.2457 - mse: 0.1222 - ssim_metric: 0.4507
 14/326 [>.............................] - ETA: 4:08 - loss: 0.4037 - mae: 0.2499 - mse: 0.1264 - ssim_metric: 0.4466
 15/326 [>.............................] - ETA: 4:08 - loss: 0.3941 - mae: 0.2445 - mse: 0.1229 - ssim_metric: 0.4574
 16/326 [>.............................] - ETA: 4:07 - loss: 0.3979 - mae: 0.2462 - mse: 0.1244 - ssim_metric: 0.4560
 17/326 [>.............................] - ETA: 4:06 - loss: 0.3968 - mae: 0.2463 - mse: 0.1240 - ssim_metric: 0.4559
 18/326 [>.............................] - ETA: 4:05 - loss: 0.3995 - mae: 0.2490 - mse: 0.1251 - ssim_metric: 0.4503
 19/326 [>.............................] - ETA: 4:04 - loss: 0.4000 - mae: 0.2504 - mse: 0.1253 - ssim_metric: 0.4474
 20/326 [>.............................] - ETA: 4:04 - loss: 0.3959 - mae: 0.2494 - mse: 0.1236 - ssim_metric: 0.4463
 21/326 [>.............................] - ETA: 4:03 - loss: 0.3912 - mae: 0.2473 - mse: 0.1218 - ssim_metric: 0.4483
 22/326 [=>............................] - ETA: 4:02 - loss: 0.3871 - mae: 0.2451 - mse: 0.1202 - ssim_metric: 0.4510
 23/326 [=>............................] - ETA: 4:01 - loss: 0.3834 - mae: 0.2423 - mse: 0.1189 - ssim_metric: 0.4578
 24/326 [=>............................] - ETA: 4:00 - loss: 0.3821 - mae: 0.2411 - mse: 0.1184 - ssim_metric: 0.4604
 25/326 [=>............................] - ETA: 4:00 - loss: 0.3860 - mae: 0.2420 - mse: 0.1199 - ssim_metric: 0.4592
 26/326 [=>............................] - ETA: 3:59 - loss: 0.3869 - mae: 0.2415 - mse: 0.1202 - ssim_metric: 0.4611
 27/326 [=>............................] - ETA: 3:58 - loss: 0.3856 - mae: 0.2403 - mse: 0.1198 - ssim_metric: 0.4640
 28/326 [=>............................] - ETA: 3:57 - loss: 0.3878 - mae: 0.2400 - mse: 0.1203 - ssim_metric: 0.4650
 29/326 [=>............................] - ETA: 3:56 - loss: 0.3866 - mae: 0.2391 - mse: 0.1199 - ssim_metric: 0.4658
 30/326 [=>............................] - ETA: 3:56 - loss: 0.3902 - mae: 0.2401 - mse: 0.1210 - ssim_metric: 0.4643
 31/326 [=>............................] - ETA: 3:55 - loss: 0.3905 - mae: 0.2404 - mse: 0.1212 - ssim_metric: 0.4621
 32/326 [=>............................] - ETA: 3:54 - loss: 0.3914 - mae: 0.2413 - mse: 0.1217 - ssim_metric: 0.4596
 33/326 [==>...........................] - ETA: 3:53 - loss: 0.3886 - mae: 0.2405 - mse: 0.1205 - ssim_metric: 0.4587
 34/326 [==>...........................] - ETA: 3:52 - loss: 0.3898 - mae: 0.2416 - mse: 0.1210 - ssim_metric: 0.4552
 35/326 [==>...........................] - ETA: 3:52 - loss: 0.3878 - mae: 0.2407 - mse: 0.1202 - ssim_metric: 0.4562
 36/326 [==>...........................] - ETA: 3:51 - loss: 0.3880 - mae: 0.2413 - mse: 0.1203 - ssim_metric: 0.4547
 37/326 [==>...........................] - ETA: 3:50 - loss: 0.3851 - mae: 0.2398 - mse: 0.1193 - ssim_metric: 0.4574
 38/326 [==>...........................] - ETA: 3:49 - loss: 0.3833 - mae: 0.2388 - mse: 0.1186 - ssim_metric: 0.4589
 39/326 [==>...........................] - ETA: 3:48 - loss: 0.3833 - mae: 0.2385 - mse: 0.1186 - ssim_metric: 0.4597
 40/326 [==>...........................] - ETA: 3:48 - loss: 0.3818 - mae: 0.2376 - mse: 0.1181 - ssim_metric: 0.4612
 41/326 [==>...........................] - ETA: 3:47 - loss: 0.3801 - mae: 0.2363 - mse: 0.1175 - ssim_metric: 0.4643
 42/326 [==>...........................] - ETA: 3:46 - loss: 0.3763 - mae: 0.2339 - mse: 0.1161 - ssim_metric: 0.4688
 43/326 [==>...........................] - ETA: 3:45 - loss: 0.3765 - mae: 0.2333 - mse: 0.1161 - ssim_metric: 0.4705
 44/326 [===>..........................] - ETA: 3:44 - loss: 0.3776 - mae: 0.2332 - mse: 0.1166 - ssim_metric: 0.4715
 45/326 [===>..........................] - ETA: 3:44 - loss: 0.3799 - mae: 0.2342 - mse: 0.1175 - ssim_metric: 0.4696
 46/326 [===>..........................] - ETA: 3:43 - loss: 0.3802 - mae: 0.2342 - mse: 0.1176 - ssim_metric: 0.4699
 47/326 [===>..........................] - ETA: 3:42 - loss: 0.3789 - mae: 0.2338 - mse: 0.1172 - ssim_metric: 0.4701
 48/326 [===>..........................] - ETA: 3:41 - loss: 0.3761 - mae: 0.2324 - mse: 0.1161 - ssim_metric: 0.4712
 49/326 [===>..........................] - ETA: 3:41 - loss: 0.3797 - mae: 0.2336 - mse: 0.1172 - ssim_metric: 0.4696
 50/326 [===>..........................] - ETA: 3:40 - loss: 0.3794 - mae: 0.2336 - mse: 0.1171 - ssim_metric: 0.4694
 51/326 [===>..........................] - ETA: 3:39 - loss: 0.3777 - mae: 0.2331 - mse: 0.1165 - ssim_metric: 0.4690
 52/326 [===>..........................] - ETA: 3:38 - loss: 0.3782 - mae: 0.2334 - mse: 0.1167 - ssim_metric: 0.4690
 53/326 [===>..........................] - ETA: 3:37 - loss: 0.3779 - mae: 0.2331 - mse: 0.1165 - ssim_metric: 0.4689
 54/326 [===>..........................] - ETA: 3:37 - loss: 0.3787 - mae: 0.2334 - mse: 0.1168 - ssim_metric: 0.4689
 55/326 [====>.........................] - ETA: 3:36 - loss: 0.3789 - mae: 0.2336 - mse: 0.1169 - ssim_metric: 0.4686
 56/326 [====>.........................] - ETA: 3:35 - loss: 0.3786 - mae: 0.2336 - mse: 0.1168 - ssim_metric: 0.4682
 57/326 [====>.........................] - ETA: 3:34 - loss: 0.3774 - mae: 0.2330 - mse: 0.1164 - ssim_metric: 0.4688
 58/326 [====>.........................] - ETA: 3:33 - loss: 0.3787 - mae: 0.2336 - mse: 0.1169 - ssim_metric: 0.4685
 59/326 [====>.........................] - ETA: 3:33 - loss: 0.3796 - mae: 0.2340 - mse: 0.1172 - ssim_metric: 0.4677
 60/326 [====>.........................] - ETA: 3:32 - loss: 0.3804 - mae: 0.2344 - mse: 0.1176 - ssim_metric: 0.4674
 61/326 [====>.........................] - ETA: 3:31 - loss: 0.3784 - mae: 0.2334 - mse: 0.1169 - ssim_metric: 0.4693
 62/326 [====>.........................] - ETA: 3:30 - loss: 0.3770 - mae: 0.2328 - mse: 0.1163 - ssim_metric: 0.4699
 63/326 [====>.........................] - ETA: 3:29 - loss: 0.3778 - mae: 0.2332 - mse: 0.1166 - ssim_metric: 0.4690
 64/326 [====>.........................] - ETA: 3:29 - loss: 0.3768 - mae: 0.2328 - mse: 0.1162 - ssim_metric: 0.4701
 65/326 [====>.........................] - ETA: 3:28 - loss: 0.3755 - mae: 0.2319 - mse: 0.1157 - ssim_metric: 0.4719
 66/326 [=====>........................] - ETA: 3:27 - loss: 0.3768 - mae: 0.2325 - mse: 0.1163 - ssim_metric: 0.4713
 67/326 [=====>........................] - ETA: 3:26 - loss: 0.3768 - mae: 0.2325 - mse: 0.1163 - ssim_metric: 0.4711
 68/326 [=====>........................] - ETA: 3:25 - loss: 0.3766 - mae: 0.2322 - mse: 0.1162 - ssim_metric: 0.4719
 69/326 [=====>........................] - ETA: 3:25 - loss: 0.3768 - mae: 0.2322 - mse: 0.1164 - ssim_metric: 0.4716
 70/326 [=====>........................] - ETA: 3:24 - loss: 0.3767 - mae: 0.2321 - mse: 0.1164 - ssim_metric: 0.4721
 71/326 [=====>........................] - ETA: 3:23 - loss: 0.3765 - mae: 0.2320 - mse: 0.1163 - ssim_metric: 0.4721
 72/326 [=====>........................] - ETA: 3:22 - loss: 0.3789 - mae: 0.2329 - mse: 0.1171 - ssim_metric: 0.4709
 73/326 [=====>........................] - ETA: 3:21 - loss: 0.3789 - mae: 0.2329 - mse: 0.1170 - ssim_metric: 0.4707
 74/326 [=====>........................] - ETA: 3:21 - loss: 0.3785 - mae: 0.2331 - mse: 0.1169 - ssim_metric: 0.4699
 75/326 [=====>........................] - ETA: 3:20 - loss: 0.3778 - mae: 0.2329 - mse: 0.1166 - ssim_metric: 0.4696
 76/326 [=====>........................] - ETA: 3:19 - loss: 0.3765 - mae: 0.2324 - mse: 0.1161 - ssim_metric: 0.4700
 77/326 [======>.......................] - ETA: 3:18 - loss: 0.3772 - mae: 0.2330 - mse: 0.1164 - ssim_metric: 0.4686
 78/326 [======>.......................] - ETA: 3:17 - loss: 0.3769 - mae: 0.2329 - mse: 0.1163 - ssim_metric: 0.4688
 79/326 [======>.......................] - ETA: 3:17 - loss: 0.3781 - mae: 0.2332 - mse: 0.1167 - ssim_metric: 0.4688
 80/326 [======>.......................] - ETA: 3:16 - loss: 0.3787 - mae: 0.2334 - mse: 0.1170 - ssim_metric: 0.4690
 81/326 [======>.......................] - ETA: 3:15 - loss: 0.3784 - mae: 0.2331 - mse: 0.1169 - ssim_metric: 0.4699
 82/326 [======>.......................] - ETA: 3:14 - loss: 0.3786 - mae: 0.2331 - mse: 0.1170 - ssim_metric: 0.4702
 83/326 [======>.......................] - ETA: 3:13 - loss: 0.3784 - mae: 0.2331 - mse: 0.1169 - ssim_metric: 0.4702
 84/326 [======>.......................] - ETA: 3:13 - loss: 0.3790 - mae: 0.2334 - mse: 0.1171 - ssim_metric: 0.4700
 85/326 [======>.......................] - ETA: 3:12 - loss: 0.3779 - mae: 0.2330 - mse: 0.1167 - ssim_metric: 0.4706
 86/326 [======>.......................] - ETA: 3:11 - loss: 0.3779 - mae: 0.2331 - mse: 0.1168 - ssim_metric: 0.4703
 87/326 [=======>......................] - ETA: 3:10 - loss: 0.3777 - mae: 0.2330 - mse: 0.1167 - ssim_metric: 0.4704
 88/326 [=======>......................] - ETA: 3:09 - loss: 0.3769 - mae: 0.2327 - mse: 0.1164 - ssim_metric: 0.4706
 89/326 [=======>......................] - ETA: 3:09 - loss: 0.3763 - mae: 0.2324 - mse: 0.1162 - ssim_metric: 0.4710
 90/326 [=======>......................] - ETA: 3:08 - loss: 0.3772 - mae: 0.2328 - mse: 0.1165 - ssim_metric: 0.4704
 91/326 [=======>......................] - ETA: 3:07 - loss: 0.3771 - mae: 0.2327 - mse: 0.1165 - ssim_metric: 0.4709
 92/326 [=======>......................] - ETA: 3:06 - loss: 0.3769 - mae: 0.2326 - mse: 0.1164 - ssim_metric: 0.4710
 93/326 [=======>......................] - ETA: 3:06 - loss: 0.3779 - mae: 0.2327 - mse: 0.1167 - ssim_metric: 0.4714
 94/326 [=======>......................] - ETA: 3:05 - loss: 0.3786 - mae: 0.2328 - mse: 0.1169 - ssim_metric: 0.4716
 95/326 [=======>......................] - ETA: 3:04 - loss: 0.3796 - mae: 0.2333 - mse: 0.1173 - ssim_metric: 0.4711
 96/326 [=======>......................] - ETA: 3:03 - loss: 0.3793 - mae: 0.2331 - mse: 0.1172 - ssim_metric: 0.4712
 97/326 [=======>......................] - ETA: 3:02 - loss: 0.3792 - mae: 0.2332 - mse: 0.1171 - ssim_metric: 0.4711
 98/326 [========>.....................] - ETA: 3:02 - loss: 0.3785 - mae: 0.2331 - mse: 0.1169 - ssim_metric: 0.4711
 99/326 [========>.....................] - ETA: 3:01 - loss: 0.3781 - mae: 0.2331 - mse: 0.1167 - ssim_metric: 0.4710
100/326 [========>.....................] - ETA: 3:00 - loss: 0.3782 - mae: 0.2332 - mse: 0.1168 - ssim_metric: 0.4707
101/326 [========>.....................] - ETA: 2:59 - loss: 0.3776 - mae: 0.2330 - mse: 0.1165 - ssim_metric: 0.4708
102/326 [========>.....................] - ETA: 2:58 - loss: 0.3769 - mae: 0.2328 - mse: 0.1163 - ssim_metric: 0.4711
103/326 [========>.....................] - ETA: 2:58 - loss: 0.3785 - mae: 0.2332 - mse: 0.1167 - ssim_metric: 0.4707
104/326 [========>.....................] - ETA: 2:57 - loss: 0.3785 - mae: 0.2331 - mse: 0.1167 - ssim_metric: 0.4710
105/326 [========>.....................] - ETA: 2:56 - loss: 0.3780 - mae: 0.2328 - mse: 0.1166 - ssim_metric: 0.4715
106/326 [========>.....................] - ETA: 2:55 - loss: 0.3771 - mae: 0.2323 - mse: 0.1162 - ssim_metric: 0.4724
107/326 [========>.....................] - ETA: 2:54 - loss: 0.3770 - mae: 0.2322 - mse: 0.1162 - ssim_metric: 0.4728
108/326 [========>.....................] - ETA: 2:54 - loss: 0.3790 - mae: 0.2328 - mse: 0.1168 - ssim_metric: 0.4723
109/326 [=========>....................] - ETA: 2:53 - loss: 0.3788 - mae: 0.2326 - mse: 0.1167 - ssim_metric: 0.4730
110/326 [=========>....................] - ETA: 2:52 - loss: 0.3793 - mae: 0.2329 - mse: 0.1170 - ssim_metric: 0.4726
111/326 [=========>....................] - ETA: 2:51 - loss: 0.3790 - mae: 0.2327 - mse: 0.1168 - ssim_metric: 0.4728
112/326 [=========>....................] - ETA: 2:50 - loss: 0.3791 - mae: 0.2329 - mse: 0.1169 - ssim_metric: 0.4725
113/326 [=========>....................] - ETA: 2:50 - loss: 0.3790 - mae: 0.2329 - mse: 0.1168 - ssim_metric: 0.4725
114/326 [=========>....................] - ETA: 2:49 - loss: 0.3787 - mae: 0.2329 - mse: 0.1168 - ssim_metric: 0.4723
115/326 [=========>....................] - ETA: 2:48 - loss: 0.3790 - mae: 0.2332 - mse: 0.1169 - ssim_metric: 0.4718
116/326 [=========>....................] - ETA: 2:47 - loss: 0.3792 - mae: 0.2334 - mse: 0.1169 - ssim_metric: 0.4713
117/326 [=========>....................] - ETA: 2:46 - loss: 0.3795 - mae: 0.2336 - mse: 0.1171 - ssim_metric: 0.4710
118/326 [=========>....................] - ETA: 2:46 - loss: 0.3790 - mae: 0.2333 - mse: 0.1169 - ssim_metric: 0.4719
119/326 [=========>....................] - ETA: 2:45 - loss: 0.3786 - mae: 0.2331 - mse: 0.1167 - ssim_metric: 0.4724
120/326 [==========>...................] - ETA: 2:44 - loss: 0.3784 - mae: 0.2330 - mse: 0.1167 - ssim_metric: 0.4728
121/326 [==========>...................] - ETA: 2:43 - loss: 0.3778 - mae: 0.2326 - mse: 0.1164 - ssim_metric: 0.4736
122/326 [==========>...................] - ETA: 2:42 - loss: 0.3783 - mae: 0.2326 - mse: 0.1166 - ssim_metric: 0.4740
123/326 [==========>...................] - ETA: 2:42 - loss: 0.3787 - mae: 0.2327 - mse: 0.1167 - ssim_metric: 0.4740
124/326 [==========>...................] - ETA: 2:41 - loss: 0.3792 - mae: 0.2329 - mse: 0.1169 - ssim_metric: 0.4736
125/326 [==========>...................] - ETA: 2:40 - loss: 0.3793 - mae: 0.2328 - mse: 0.1169 - ssim_metric: 0.4738
126/326 [==========>...................] - ETA: 2:39 - loss: 0.3789 - mae: 0.2327 - mse: 0.1168 - ssim_metric: 0.4736
127/326 [==========>...................] - ETA: 2:38 - loss: 0.3786 - mae: 0.2327 - mse: 0.1167 - ssim_metric: 0.4734
128/326 [==========>...................] - ETA: 2:38 - loss: 0.3781 - mae: 0.2325 - mse: 0.1165 - ssim_metric: 0.4734
129/326 [==========>...................] - ETA: 2:37 - loss: 0.3782 - mae: 0.2326 - mse: 0.1165 - ssim_metric: 0.4733
130/326 [==========>...................] - ETA: 2:36 - loss: 0.3792 - mae: 0.2332 - mse: 0.1169 - ssim_metric: 0.4724
131/326 [===========>..................] - ETA: 2:35 - loss: 0.3795 - mae: 0.2333 - mse: 0.1170 - ssim_metric: 0.4722
132/326 [===========>..................] - ETA: 2:34 - loss: 0.3795 - mae: 0.2333 - mse: 0.1170 - ssim_metric: 0.4724
133/326 [===========>..................] - ETA: 2:34 - loss: 0.3794 - mae: 0.2334 - mse: 0.1170 - ssim_metric: 0.4723
134/326 [===========>..................] - ETA: 2:33 - loss: 0.3798 - mae: 0.2336 - mse: 0.1171 - ssim_metric: 0.4719
135/326 [===========>..................] - ETA: 2:32 - loss: 0.3802 - mae: 0.2339 - mse: 0.1173 - ssim_metric: 0.4714
136/326 [===========>..................] - ETA: 2:31 - loss: 0.3803 - mae: 0.2341 - mse: 0.1174 - ssim_metric: 0.4709
137/326 [===========>..................] - ETA: 2:30 - loss: 0.3800 - mae: 0.2341 - mse: 0.1172 - ssim_metric: 0.4709
138/326 [===========>..................] - ETA: 2:30 - loss: 0.3803 - mae: 0.2343 - mse: 0.1174 - ssim_metric: 0.4702
139/326 [===========>..................] - ETA: 2:29 - loss: 0.3802 - mae: 0.2343 - mse: 0.1173 - ssim_metric: 0.4701
140/326 [===========>..................] - ETA: 2:28 - loss: 0.3802 - mae: 0.2343 - mse: 0.1174 - ssim_metric: 0.4702
141/326 [===========>..................] - ETA: 2:27 - loss: 0.3803 - mae: 0.2343 - mse: 0.1174 - ssim_metric: 0.4704
142/326 [============>.................] - ETA: 2:26 - loss: 0.3799 - mae: 0.2341 - mse: 0.1173 - ssim_metric: 0.4709
143/326 [============>.................] - ETA: 2:26 - loss: 0.3802 - mae: 0.2342 - mse: 0.1174 - ssim_metric: 0.4708
144/326 [============>.................] - ETA: 2:25 - loss: 0.3800 - mae: 0.2341 - mse: 0.1173 - ssim_metric: 0.4709
145/326 [============>.................] - ETA: 2:24 - loss: 0.3797 - mae: 0.2339 - mse: 0.1172 - ssim_metric: 0.4713
146/326 [============>.................] - ETA: 2:23 - loss: 0.3796 - mae: 0.2338 - mse: 0.1172 - ssim_metric: 0.4716
147/326 [============>.................] - ETA: 2:22 - loss: 0.3803 - mae: 0.2340 - mse: 0.1174 - ssim_metric: 0.4712
148/326 [============>.................] - ETA: 2:22 - loss: 0.3799 - mae: 0.2339 - mse: 0.1173 - ssim_metric: 0.4714
149/326 [============>.................] - ETA: 2:21 - loss: 0.3802 - mae: 0.2342 - mse: 0.1174 - ssim_metric: 0.4707
150/326 [============>.................] - ETA: 2:20 - loss: 0.3800 - mae: 0.2342 - mse: 0.1173 - ssim_metric: 0.4704
151/326 [============>.................] - ETA: 2:19 - loss: 0.3806 - mae: 0.2346 - mse: 0.1176 - ssim_metric: 0.4696
152/326 [============>.................] - ETA: 2:18 - loss: 0.3811 - mae: 0.2348 - mse: 0.1177 - ssim_metric: 0.4693
153/326 [=============>................] - ETA: 2:18 - loss: 0.3808 - mae: 0.2347 - mse: 0.1176 - ssim_metric: 0.4694
154/326 [=============>................] - ETA: 2:17 - loss: 0.3806 - mae: 0.2347 - mse: 0.1176 - ssim_metric: 0.4693
155/326 [=============>................] - ETA: 2:16 - loss: 0.3808 - mae: 0.2347 - mse: 0.1176 - ssim_metric: 0.4692
156/326 [=============>................] - ETA: 2:15 - loss: 0.3805 - mae: 0.2346 - mse: 0.1175 - ssim_metric: 0.4694
157/326 [=============>................] - ETA: 2:14 - loss: 0.3806 - mae: 0.2346 - mse: 0.1176 - ssim_metric: 0.4692
158/326 [=============>................] - ETA: 2:14 - loss: 0.3815 - mae: 0.2349 - mse: 0.1178 - ssim_metric: 0.4692
159/326 [=============>................] - ETA: 2:13 - loss: 0.3817 - mae: 0.2350 - mse: 0.1179 - ssim_metric: 0.4691
160/326 [=============>................] - ETA: 2:12 - loss: 0.3816 - mae: 0.2350 - mse: 0.1179 - ssim_metric: 0.4691
161/326 [=============>................] - ETA: 2:11 - loss: 0.3818 - mae: 0.2352 - mse: 0.1180 - ssim_metric: 0.4686
162/326 [=============>................] - ETA: 2:10 - loss: 0.3816 - mae: 0.2352 - mse: 0.1179 - ssim_metric: 0.4684
163/326 [==============>...............] - ETA: 2:10 - loss: 0.3813 - mae: 0.2351 - mse: 0.1178 - ssim_metric: 0.4684
164/326 [==============>...............] - ETA: 2:09 - loss: 0.3812 - mae: 0.2351 - mse: 0.1177 - ssim_metric: 0.4686
165/326 [==============>...............] - ETA: 2:08 - loss: 0.3813 - mae: 0.2351 - mse: 0.1178 - ssim_metric: 0.4687
166/326 [==============>...............] - ETA: 2:07 - loss: 0.3819 - mae: 0.2353 - mse: 0.1180 - ssim_metric: 0.4684
167/326 [==============>...............] - ETA: 2:06 - loss: 0.3818 - mae: 0.2353 - mse: 0.1180 - ssim_metric: 0.4683
168/326 [==============>...............] - ETA: 2:06 - loss: 0.3821 - mae: 0.2355 - mse: 0.1181 - ssim_metric: 0.4682
169/326 [==============>...............] - ETA: 2:05 - loss: 0.3818 - mae: 0.2354 - mse: 0.1180 - ssim_metric: 0.4685
170/326 [==============>...............] - ETA: 2:04 - loss: 0.3820 - mae: 0.2355 - mse: 0.1181 - ssim_metric: 0.4683
171/326 [==============>...............] - ETA: 2:03 - loss: 0.3819 - mae: 0.2355 - mse: 0.1181 - ssim_metric: 0.4684
172/326 [==============>...............] - ETA: 2:02 - loss: 0.3815 - mae: 0.2352 - mse: 0.1179 - ssim_metric: 0.4690
173/326 [==============>...............] - ETA: 2:02 - loss: 0.3817 - mae: 0.2354 - mse: 0.1180 - ssim_metric: 0.4688
174/326 [===============>..............] - ETA: 2:01 - loss: 0.3816 - mae: 0.2353 - mse: 0.1180 - ssim_metric: 0.4686
175/326 [===============>..............] - ETA: 2:00 - loss: 0.3817 - mae: 0.2354 - mse: 0.1180 - ssim_metric: 0.4684
176/326 [===============>..............] - ETA: 1:59 - loss: 0.3817 - mae: 0.2354 - mse: 0.1180 - ssim_metric: 0.4685
177/326 [===============>..............] - ETA: 1:58 - loss: 0.3819 - mae: 0.2355 - mse: 0.1181 - ssim_metric: 0.4686
178/326 [===============>..............] - ETA: 1:58 - loss: 0.3828 - mae: 0.2358 - mse: 0.1184 - ssim_metric: 0.4681
179/326 [===============>..............] - ETA: 1:57 - loss: 0.3830 - mae: 0.2359 - mse: 0.1185 - ssim_metric: 0.4680
180/326 [===============>..............] - ETA: 1:56 - loss: 0.3830 - mae: 0.2361 - mse: 0.1185 - ssim_metric: 0.4676
181/326 [===============>..............] - ETA: 1:55 - loss: 0.3836 - mae: 0.2365 - mse: 0.1187 - ssim_metric: 0.4667
182/326 [===============>..............] - ETA: 1:54 - loss: 0.3836 - mae: 0.2367 - mse: 0.1187 - ssim_metric: 0.4661
183/326 [===============>..............] - ETA: 1:54 - loss: 0.3835 - mae: 0.2368 - mse: 0.1187 - ssim_metric: 0.4657
184/326 [===============>..............] - ETA: 1:53 - loss: 0.3835 - mae: 0.2369 - mse: 0.1187 - ssim_metric: 0.4656
185/326 [================>.............] - ETA: 1:52 - loss: 0.3836 - mae: 0.2371 - mse: 0.1188 - ssim_metric: 0.4654
186/326 [================>.............] - ETA: 1:51 - loss: 0.3843 - mae: 0.2374 - mse: 0.1190 - ssim_metric: 0.4646
187/326 [================>.............] - ETA: 1:50 - loss: 0.3847 - mae: 0.2376 - mse: 0.1192 - ssim_metric: 0.4645
188/326 [================>.............] - ETA: 1:50 - loss: 0.3851 - mae: 0.2377 - mse: 0.1193 - ssim_metric: 0.4647
189/326 [================>.............] - ETA: 1:49 - loss: 0.3849 - mae: 0.2376 - mse: 0.1192 - ssim_metric: 0.4648
190/326 [================>.............] - ETA: 1:48 - loss: 0.3846 - mae: 0.2376 - mse: 0.1191 - ssim_metric: 0.4648
191/326 [================>.............] - ETA: 1:47 - loss: 0.3845 - mae: 0.2375 - mse: 0.1190 - ssim_metric: 0.4647
192/326 [================>.............] - ETA: 1:46 - loss: 0.3843 - mae: 0.2375 - mse: 0.1190 - ssim_metric: 0.4650
193/326 [================>.............] - ETA: 1:46 - loss: 0.3844 - mae: 0.2375 - mse: 0.1190 - ssim_metric: 0.4651
194/326 [================>.............] - ETA: 1:45 - loss: 0.3839 - mae: 0.2372 - mse: 0.1188 - ssim_metric: 0.4656
195/326 [================>.............] - ETA: 1:44 - loss: 0.3842 - mae: 0.2372 - mse: 0.1189 - ssim_metric: 0.4659
196/326 [=================>............] - ETA: 1:43 - loss: 0.3846 - mae: 0.2373 - mse: 0.1191 - ssim_metric: 0.4659
197/326 [=================>............] - ETA: 1:42 - loss: 0.3844 - mae: 0.2371 - mse: 0.1190 - ssim_metric: 0.4662
198/326 [=================>............] - ETA: 1:42 - loss: 0.3843 - mae: 0.2371 - mse: 0.1189 - ssim_metric: 0.4663
199/326 [=================>............] - ETA: 1:41 - loss: 0.3843 - mae: 0.2371 - mse: 0.1189 - ssim_metric: 0.4663
200/326 [=================>............] - ETA: 1:40 - loss: 0.3843 - mae: 0.2372 - mse: 0.1190 - ssim_metric: 0.4662
201/326 [=================>............] - ETA: 1:39 - loss: 0.3843 - mae: 0.2372 - mse: 0.1189 - ssim_metric: 0.4660
202/326 [=================>............] - ETA: 1:38 - loss: 0.3847 - mae: 0.2373 - mse: 0.1191 - ssim_metric: 0.4660
203/326 [=================>............] - ETA: 1:38 - loss: 0.3852 - mae: 0.2376 - mse: 0.1193 - ssim_metric: 0.4656
204/326 [=================>............] - ETA: 1:37 - loss: 0.3851 - mae: 0.2376 - mse: 0.1192 - ssim_metric: 0.4655
205/326 [=================>............] - ETA: 1:36 - loss: 0.3847 - mae: 0.2375 - mse: 0.1191 - ssim_metric: 0.4656
206/326 [=================>............] - ETA: 1:35 - loss: 0.3846 - mae: 0.2375 - mse: 0.1190 - ssim_metric: 0.4656
207/326 [==================>...........] - ETA: 1:34 - loss: 0.3845 - mae: 0.2375 - mse: 0.1190 - ssim_metric: 0.4657
208/326 [==================>...........] - ETA: 1:34 - loss: 0.3845 - mae: 0.2374 - mse: 0.1190 - ssim_metric: 0.4658
209/326 [==================>...........] - ETA: 1:33 - loss: 0.3845 - mae: 0.2374 - mse: 0.1190 - ssim_metric: 0.4660
210/326 [==================>...........] - ETA: 1:32 - loss: 0.3847 - mae: 0.2375 - mse: 0.1191 - ssim_metric: 0.4659
211/326 [==================>...........] - ETA: 1:31 - loss: 0.3847 - mae: 0.2374 - mse: 0.1190 - ssim_metric: 0.4664
212/326 [==================>...........] - ETA: 1:31 - loss: 0.3845 - mae: 0.2374 - mse: 0.1190 - ssim_metric: 0.4665
213/326 [==================>...........] - ETA: 1:30 - loss: 0.3843 - mae: 0.2372 - mse: 0.1189 - ssim_metric: 0.4667
214/326 [==================>...........] - ETA: 1:29 - loss: 0.3844 - mae: 0.2373 - mse: 0.1190 - ssim_metric: 0.4666
215/326 [==================>...........] - ETA: 1:28 - loss: 0.3843 - mae: 0.2372 - mse: 0.1190 - ssim_metric: 0.4665
216/326 [==================>...........] - ETA: 1:27 - loss: 0.3842 - mae: 0.2371 - mse: 0.1189 - ssim_metric: 0.4668
217/326 [==================>...........] - ETA: 1:27 - loss: 0.3843 - mae: 0.2372 - mse: 0.1189 - ssim_metric: 0.4667
218/326 [===================>..........] - ETA: 1:26 - loss: 0.3843 - mae: 0.2372 - mse: 0.1189 - ssim_metric: 0.4667
219/326 [===================>..........] - ETA: 1:25 - loss: 0.3843 - mae: 0.2372 - mse: 0.1189 - ssim_metric: 0.4667
220/326 [===================>..........] - ETA: 1:24 - loss: 0.3845 - mae: 0.2374 - mse: 0.1190 - ssim_metric: 0.4662
221/326 [===================>..........] - ETA: 1:23 - loss: 0.3848 - mae: 0.2376 - mse: 0.1191 - ssim_metric: 0.4658
222/326 [===================>..........] - ETA: 1:23 - loss: 0.3850 - mae: 0.2378 - mse: 0.1192 - ssim_metric: 0.4653
223/326 [===================>..........] - ETA: 1:22 - loss: 0.3849 - mae: 0.2378 - mse: 0.1192 - ssim_metric: 0.4653
224/326 [===================>..........] - ETA: 1:21 - loss: 0.3851 - mae: 0.2379 - mse: 0.1193 - ssim_metric: 0.4650
225/326 [===================>..........] - ETA: 1:20 - loss: 0.3853 - mae: 0.2381 - mse: 0.1193 - ssim_metric: 0.4648
226/326 [===================>..........] - ETA: 1:19 - loss: 0.3853 - mae: 0.2381 - mse: 0.1194 - ssim_metric: 0.4649
227/326 [===================>..........] - ETA: 1:19 - loss: 0.3851 - mae: 0.2379 - mse: 0.1193 - ssim_metric: 0.4652
228/326 [===================>..........] - ETA: 1:18 - loss: 0.3850 - mae: 0.2378 - mse: 0.1192 - ssim_metric: 0.4653
229/326 [====================>.........] - ETA: 1:17 - loss: 0.3854 - mae: 0.2380 - mse: 0.1194 - ssim_metric: 0.4650
230/326 [====================>.........] - ETA: 1:16 - loss: 0.3853 - mae: 0.2380 - mse: 0.1194 - ssim_metric: 0.4650
231/326 [====================>.........] - ETA: 1:15 - loss: 0.3852 - mae: 0.2380 - mse: 0.1193 - ssim_metric: 0.4651
232/326 [====================>.........] - ETA: 1:15 - loss: 0.3851 - mae: 0.2379 - mse: 0.1193 - ssim_metric: 0.4652
233/326 [====================>.........] - ETA: 1:14 - loss: 0.3852 - mae: 0.2380 - mse: 0.1193 - ssim_metric: 0.4653
234/326 [====================>.........] - ETA: 1:13 - loss: 0.3855 - mae: 0.2381 - mse: 0.1194 - ssim_metric: 0.4649
235/326 [====================>.........] - ETA: 1:12 - loss: 0.3855 - mae: 0.2381 - mse: 0.1194 - ssim_metric: 0.4649
236/326 [====================>.........] - ETA: 1:11 - loss: 0.3850 - mae: 0.2379 - mse: 0.1192 - ssim_metric: 0.4653
237/326 [====================>.........] - ETA: 1:11 - loss: 0.3847 - mae: 0.2377 - mse: 0.1192 - ssim_metric: 0.4657
238/326 [====================>.........] - ETA: 1:10 - loss: 0.3849 - mae: 0.2378 - mse: 0.1192 - ssim_metric: 0.4657
239/326 [====================>.........] - ETA: 1:09 - loss: 0.3844 - mae: 0.2375 - mse: 0.1190 - ssim_metric: 0.4663
240/326 [=====================>........] - ETA: 1:08 - loss: 0.3844 - mae: 0.2374 - mse: 0.1191 - ssim_metric: 0.4665
241/326 [=====================>........] - ETA: 1:07 - loss: 0.3843 - mae: 0.2373 - mse: 0.1190 - ssim_metric: 0.4667
242/326 [=====================>........] - ETA: 1:07 - loss: 0.3838 - mae: 0.2371 - mse: 0.1189 - ssim_metric: 0.4672
243/326 [=====================>........] - ETA: 1:06 - loss: 0.3838 - mae: 0.2369 - mse: 0.1188 - ssim_metric: 0.4676
244/326 [=====================>........] - ETA: 1:05 - loss: 0.3838 - mae: 0.2370 - mse: 0.1189 - ssim_metric: 0.4677
245/326 [=====================>........] - ETA: 1:04 - loss: 0.3839 - mae: 0.2370 - mse: 0.1189 - ssim_metric: 0.4675
246/326 [=====================>........] - ETA: 1:03 - loss: 0.3838 - mae: 0.2369 - mse: 0.1188 - ssim_metric: 0.4678
247/326 [=====================>........] - ETA: 1:03 - loss: 0.3838 - mae: 0.2370 - mse: 0.1188 - ssim_metric: 0.4677
248/326 [=====================>........] - ETA: 1:02 - loss: 0.3841 - mae: 0.2371 - mse: 0.1190 - ssim_metric: 0.4676
249/326 [=====================>........] - ETA: 1:01 - loss: 0.3843 - mae: 0.2373 - mse: 0.1190 - ssim_metric: 0.4673
250/326 [======================>.......] - ETA: 1:00 - loss: 0.3842 - mae: 0.2373 - mse: 0.1190 - ssim_metric: 0.4672
251/326 [======================>.......] - ETA: 59s - loss: 0.3840 - mae: 0.2373 - mse: 0.1189 - ssim_metric: 0.4671 
252/326 [======================>.......] - ETA: 59s - loss: 0.3836 - mae: 0.2371 - mse: 0.1188 - ssim_metric: 0.4673
253/326 [======================>.......] - ETA: 58s - loss: 0.3842 - mae: 0.2373 - mse: 0.1190 - ssim_metric: 0.4671
254/326 [======================>.......] - ETA: 57s - loss: 0.3842 - mae: 0.2373 - mse: 0.1190 - ssim_metric: 0.4672
255/326 [======================>.......] - ETA: 56s - loss: 0.3839 - mae: 0.2372 - mse: 0.1189 - ssim_metric: 0.4673
256/326 [======================>.......] - ETA: 55s - loss: 0.3841 - mae: 0.2373 - mse: 0.1189 - ssim_metric: 0.4673
257/326 [======================>.......] - ETA: 55s - loss: 0.3841 - mae: 0.2373 - mse: 0.1189 - ssim_metric: 0.4673
258/326 [======================>.......] - ETA: 54s - loss: 0.3844 - mae: 0.2373 - mse: 0.1190 - ssim_metric: 0.4673
259/326 [======================>.......] - ETA: 53s - loss: 0.3845 - mae: 0.2374 - mse: 0.1191 - ssim_metric: 0.4670
260/326 [======================>.......] - ETA: 52s - loss: 0.3842 - mae: 0.2373 - mse: 0.1190 - ssim_metric: 0.4673
261/326 [=======================>......] - ETA: 51s - loss: 0.3844 - mae: 0.2373 - mse: 0.1190 - ssim_metric: 0.4673
262/326 [=======================>......] - ETA: 51s - loss: 0.3841 - mae: 0.2371 - mse: 0.1189 - ssim_metric: 0.4673
263/326 [=======================>......] - ETA: 50s - loss: 0.3845 - mae: 0.2373 - mse: 0.1191 - ssim_metric: 0.4671
264/326 [=======================>......] - ETA: 49s - loss: 0.3846 - mae: 0.2374 - mse: 0.1191 - ssim_metric: 0.4670
265/326 [=======================>......] - ETA: 48s - loss: 0.3847 - mae: 0.2375 - mse: 0.1191 - ssim_metric: 0.4668
266/326 [=======================>......] - ETA: 47s - loss: 0.3848 - mae: 0.2376 - mse: 0.1192 - ssim_metric: 0.4663
267/326 [=======================>......] - ETA: 47s - loss: 0.3849 - mae: 0.2378 - mse: 0.1192 - ssim_metric: 0.4660
268/326 [=======================>......] - ETA: 46s - loss: 0.3850 - mae: 0.2379 - mse: 0.1192 - ssim_metric: 0.4656
269/326 [=======================>......] - ETA: 45s - loss: 0.3849 - mae: 0.2379 - mse: 0.1192 - ssim_metric: 0.4655
270/326 [=======================>......] - ETA: 44s - loss: 0.3851 - mae: 0.2380 - mse: 0.1193 - ssim_metric: 0.4653
271/326 [=======================>......] - ETA: 43s - loss: 0.3852 - mae: 0.2381 - mse: 0.1193 - ssim_metric: 0.4653
272/326 [========================>.....] - ETA: 43s - loss: 0.3851 - mae: 0.2381 - mse: 0.1193 - ssim_metric: 0.4654
273/326 [========================>.....] - ETA: 42s - loss: 0.3848 - mae: 0.2379 - mse: 0.1192 - ssim_metric: 0.4656
274/326 [========================>.....] - ETA: 41s - loss: 0.3849 - mae: 0.2380 - mse: 0.1192 - ssim_metric: 0.4656
275/326 [========================>.....] - ETA: 40s - loss: 0.3851 - mae: 0.2380 - mse: 0.1193 - ssim_metric: 0.4659
276/326 [========================>.....] - ETA: 39s - loss: 0.3851 - mae: 0.2380 - mse: 0.1193 - ssim_metric: 0.4659
277/326 [========================>.....] - ETA: 39s - loss: 0.3853 - mae: 0.2381 - mse: 0.1194 - ssim_metric: 0.4657
278/326 [========================>.....] - ETA: 38s - loss: 0.3852 - mae: 0.2380 - mse: 0.1194 - ssim_metric: 0.4658
279/326 [========================>.....] - ETA: 37s - loss: 0.3850 - mae: 0.2379 - mse: 0.1193 - ssim_metric: 0.4662
280/326 [========================>.....] - ETA: 36s - loss: 0.3849 - mae: 0.2379 - mse: 0.1192 - ssim_metric: 0.4662
281/326 [========================>.....] - ETA: 35s - loss: 0.3852 - mae: 0.2380 - mse: 0.1193 - ssim_metric: 0.4660
282/326 [========================>.....] - ETA: 35s - loss: 0.3854 - mae: 0.2380 - mse: 0.1194 - ssim_metric: 0.4661
283/326 [=========================>....] - ETA: 34s - loss: 0.3858 - mae: 0.2382 - mse: 0.1195 - ssim_metric: 0.4659
284/326 [=========================>....] - ETA: 33s - loss: 0.3856 - mae: 0.2383 - mse: 0.1195 - ssim_metric: 0.4657
285/326 [=========================>....] - ETA: 32s - loss: 0.3858 - mae: 0.2384 - mse: 0.1196 - ssim_metric: 0.4654
286/326 [=========================>....] - ETA: 31s - loss: 0.3859 - mae: 0.2385 - mse: 0.1196 - ssim_metric: 0.4651
287/326 [=========================>....] - ETA: 31s - loss: 0.3863 - mae: 0.2387 - mse: 0.1197 - ssim_metric: 0.4649
288/326 [=========================>....] - ETA: 30s - loss: 0.3867 - mae: 0.2389 - mse: 0.1199 - ssim_metric: 0.4646
289/326 [=========================>....] - ETA: 29s - loss: 0.3867 - mae: 0.2390 - mse: 0.1199 - ssim_metric: 0.4645
290/326 [=========================>....] - ETA: 28s - loss: 0.3870 - mae: 0.2391 - mse: 0.1200 - ssim_metric: 0.4643
291/326 [=========================>....] - ETA: 27s - loss: 0.3871 - mae: 0.2392 - mse: 0.1200 - ssim_metric: 0.4642
292/326 [=========================>....] - ETA: 27s - loss: 0.3869 - mae: 0.2392 - mse: 0.1199 - ssim_metric: 0.4641
293/326 [=========================>....] - ETA: 26s - loss: 0.3868 - mae: 0.2391 - mse: 0.1199 - ssim_metric: 0.4641
294/326 [==========================>...] - ETA: 25s - loss: 0.3870 - mae: 0.2393 - mse: 0.1200 - ssim_metric: 0.4638
295/326 [==========================>...] - ETA: 24s - loss: 0.3870 - mae: 0.2394 - mse: 0.1200 - ssim_metric: 0.4638
296/326 [==========================>...] - ETA: 23s - loss: 0.3868 - mae: 0.2392 - mse: 0.1199 - ssim_metric: 0.4640
297/326 [==========================>...] - ETA: 23s - loss: 0.3869 - mae: 0.2393 - mse: 0.1199 - ssim_metric: 0.4640
298/326 [==========================>...] - ETA: 22s - loss: 0.3865 - mae: 0.2390 - mse: 0.1198 - ssim_metric: 0.4645
299/326 [==========================>...] - ETA: 21s - loss: 0.3863 - mae: 0.2389 - mse: 0.1197 - ssim_metric: 0.4647
300/326 [==========================>...] - ETA: 20s - loss: 0.3863 - mae: 0.2389 - mse: 0.1197 - ssim_metric: 0.4649
301/326 [==========================>...] - ETA: 19s - loss: 0.3860 - mae: 0.2387 - mse: 0.1196 - ssim_metric: 0.4653
302/326 [==========================>...] - ETA: 19s - loss: 0.3864 - mae: 0.2388 - mse: 0.1197 - ssim_metric: 0.4651
303/326 [==========================>...] - ETA: 18s - loss: 0.3864 - mae: 0.2388 - mse: 0.1197 - ssim_metric: 0.4651
304/326 [==========================>...] - ETA: 17s - loss: 0.3865 - mae: 0.2388 - mse: 0.1198 - ssim_metric: 0.4651
305/326 [===========================>..] - ETA: 16s - loss: 0.3865 - mae: 0.2389 - mse: 0.1198 - ssim_metric: 0.4650
306/326 [===========================>..] - ETA: 15s - loss: 0.3865 - mae: 0.2389 - mse: 0.1198 - ssim_metric: 0.4648
307/326 [===========================>..] - ETA: 15s - loss: 0.3865 - mae: 0.2390 - mse: 0.1198 - ssim_metric: 0.4647
308/326 [===========================>..] - ETA: 14s - loss: 0.3864 - mae: 0.2389 - mse: 0.1198 - ssim_metric: 0.4649
309/326 [===========================>..] - ETA: 13s - loss: 0.3864 - mae: 0.2389 - mse: 0.1197 - ssim_metric: 0.4649
310/326 [===========================>..] - ETA: 12s - loss: 0.3864 - mae: 0.2389 - mse: 0.1197 - ssim_metric: 0.4648
311/326 [===========================>..] - ETA: 11s - loss: 0.3862 - mae: 0.2388 - mse: 0.1197 - ssim_metric: 0.4649
312/326 [===========================>..] - ETA: 11s - loss: 0.3861 - mae: 0.2388 - mse: 0.1197 - ssim_metric: 0.4648
313/326 [===========================>..] - ETA: 10s - loss: 0.3863 - mae: 0.2389 - mse: 0.1197 - ssim_metric: 0.4648
314/326 [===========================>..] - ETA: 9s - loss: 0.3865 - mae: 0.2388 - mse: 0.1198 - ssim_metric: 0.4651 
315/326 [===========================>..] - ETA: 8s - loss: 0.3867 - mae: 0.2389 - mse: 0.1199 - ssim_metric: 0.4649
316/326 [============================>.] - ETA: 7s - loss: 0.3866 - mae: 0.2389 - mse: 0.1198 - ssim_metric: 0.4648
317/326 [============================>.] - ETA: 7s - loss: 0.3865 - mae: 0.2389 - mse: 0.1198 - ssim_metric: 0.4649
318/326 [============================>.] - ETA: 6s - loss: 0.3863 - mae: 0.2388 - mse: 0.1197 - ssim_metric: 0.4650
319/326 [============================>.] - ETA: 5s - loss: 0.3868 - mae: 0.2390 - mse: 0.1199 - ssim_metric: 0.4647
320/326 [============================>.] - ETA: 4s - loss: 0.3868 - mae: 0.2390 - mse: 0.1199 - ssim_metric: 0.4646
321/326 [============================>.] - ETA: 3s - loss: 0.3869 - mae: 0.2391 - mse: 0.1199 - ssim_metric: 0.4644
322/326 [============================>.] - ETA: 3s - loss: 0.3867 - mae: 0.2391 - mse: 0.1199 - ssim_metric: 0.4644
323/326 [============================>.] - ETA: 2s - loss: 0.3866 - mae: 0.2391 - mse: 0.1198 - ssim_metric: 0.4644
324/326 [============================>.] - ETA: 1s - loss: 0.3871 - mae: 0.2393 - mse: 0.1200 - ssim_metric: 0.4641
325/326 [============================>.] - ETA: 0s - loss: 0.3871 - mae: 0.2393 - mse: 0.1200 - ssim_metric: 0.4640
326/326 [==============================] - ETA: 0s - loss: 0.3873 - mae: 0.2393 - mse: 0.1200 - ssim_metric: 0.4641
Epoch 13: saving model to C:\d_surucusu\visual_navigation\benchmark\models_pipeline\20260909_223425\bce_b32\_JOB_bce_b32_10_09_2026__11_08_model_f48_k4_epoch_00013_helu_osigmoid_(1, 1)_.h5

Epoch 13: val_loss improved from 0.35293 to 0.35198, saving model to C:\d_surucusu\visual_navigation\benchmark\models_pipeline\20260909_223425\bce_b32\_JOB_bce_b32_10_09_2026__11_08_best_val_loss_model_f48_k4.h5

Epoch 13: val_mae improved from 0.22403 to 0.22337, saving model to C:\d_surucusu\visual_navigation\benchmark\models_pipeline\20260909_223425\bce_b32\_JOB_bce_b32_10_09_2026__11_08_best_mae_model_f48_k4.h5

Epoch 13: val_ssim_metric did not improve from 0.59927

326/326 [==============================] - 276s 847ms/step - loss: 0.3873 - mae: 0.2393 - mse: 0.1200 - ssim_metric: 0.4641 - val_loss: 0.3520 - val_mae: 0.2234 - val_mse: 0.1070 - val_ssim_metric: 0.4810
Epoch 14/20

  1/326 [..............................] - ETA: 4:38 - loss: 0.4119 - mae: 0.2554 - mse: 0.1317 - ssim_metric: 0.4184
  2/326 [..............................] - ETA: 4:18 - loss: 0.4094 - mae: 0.2506 - mse: 0.1292 - ssim_metric: 0.4455
  3/326 [..............................] - ETA: 4:17 - loss: 0.4284 - mae: 0.2653 - mse: 0.1361 - ssim_metric: 0.4232
  4/326 [..............................] - ETA: 4:16 - loss: 0.4207 - mae: 0.2627 - mse: 0.1331 - ssim_metric: 0.4178
  5/326 [..............................] - ETA: 4:16 - loss: 0.4097 - mae: 0.2586 - mse: 0.1291 - ssim_metric: 0.4235
  6/326 [..............................] - ETA: 4:15 - loss: 0.4075 - mae: 0.2607 - mse: 0.1283 - ssim_metric: 0.4127
  7/326 [..............................] - ETA: 4:14 - loss: 0.4047 - mae: 0.2608 - mse: 0.1271 - ssim_metric: 0.4095
  8/326 [..............................] - ETA: 4:13 - loss: 0.3939 - mae: 0.2544 - mse: 0.1229 - ssim_metric: 0.4189
  9/326 [..............................] - ETA: 4:13 - loss: 0.3839 - mae: 0.2483 - mse: 0.1192 - ssim_metric: 0.4306
 10/326 [..............................] - ETA: 4:12 - loss: 0.3815 - mae: 0.2459 - mse: 0.1183 - ssim_metric: 0.4390
 11/326 [>.............................] - ETA: 4:11 - loss: 0.3845 - mae: 0.2462 - mse: 0.1198 - ssim_metric: 0.4438
 12/326 [>.............................] - ETA: 4:10 - loss: 0.3846 - mae: 0.2444 - mse: 0.1199 - ssim_metric: 0.4496
 13/326 [>.............................] - ETA: 4:09 - loss: 0.3897 - mae: 0.2446 - mse: 0.1217 - ssim_metric: 0.4528
 14/326 [>.............................] - ETA: 4:09 - loss: 0.4022 - mae: 0.2488 - mse: 0.1258 - ssim_metric: 0.4486
 15/326 [>.............................] - ETA: 4:08 - loss: 0.3925 - mae: 0.2434 - mse: 0.1224 - ssim_metric: 0.4595
 16/326 [>.............................] - ETA: 4:07 - loss: 0.3964 - mae: 0.2451 - mse: 0.1239 - ssim_metric: 0.4582
 17/326 [>.............................] - ETA: 4:06 - loss: 0.3953 - mae: 0.2451 - mse: 0.1235 - ssim_metric: 0.4582
 18/326 [>.............................] - ETA: 4:05 - loss: 0.3980 - mae: 0.2478 - mse: 0.1246 - ssim_metric: 0.4526
 19/326 [>.............................] - ETA: 4:05 - loss: 0.3986 - mae: 0.2492 - mse: 0.1248 - ssim_metric: 0.4497
 20/326 [>.............................] - ETA: 4:04 - loss: 0.3945 - mae: 0.2483 - mse: 0.1231 - ssim_metric: 0.4486
 21/326 [>.............................] - ETA: 4:03 - loss: 0.3898 - mae: 0.2461 - mse: 0.1213 - ssim_metric: 0.4505
 22/326 [=>............................] - ETA: 4:02 - loss: 0.3857 - mae: 0.2440 - mse: 0.1198 - ssim_metric: 0.4531
 23/326 [=>............................] - ETA: 4:02 - loss: 0.3820 - mae: 0.2413 - mse: 0.1184 - ssim_metric: 0.4596
 24/326 [=>............................] - ETA: 4:01 - loss: 0.3807 - mae: 0.2402 - mse: 0.1180 - ssim_metric: 0.4620
 25/326 [=>............................] - ETA: 4:00 - loss: 0.3845 - mae: 0.2412 - mse: 0.1194 - ssim_metric: 0.4607
 26/326 [=>............................] - ETA: 3:59 - loss: 0.3854 - mae: 0.2408 - mse: 0.1197 - ssim_metric: 0.4625
 27/326 [=>............................] - ETA: 3:58 - loss: 0.3841 - mae: 0.2395 - mse: 0.1193 - ssim_metric: 0.4653
 28/326 [=>............................] - ETA: 3:58 - loss: 0.3863 - mae: 0.2392 - mse: 0.1198 - ssim_metric: 0.4664
 29/326 [=>............................] - ETA: 3:57 - loss: 0.3851 - mae: 0.2384 - mse: 0.1195 - ssim_metric: 0.4673
 30/326 [=>............................] - ETA: 3:56 - loss: 0.3887 - mae: 0.2393 - mse: 0.1206 - ssim_metric: 0.4659
 31/326 [=>............................] - ETA: 3:55 - loss: 0.3889 - mae: 0.2396 - mse: 0.1207 - ssim_metric: 0.4639
 32/326 [=>............................] - ETA: 3:54 - loss: 0.3899 - mae: 0.2406 - mse: 0.1212 - ssim_metric: 0.4614
 33/326 [==>...........................] - ETA: 3:54 - loss: 0.3871 - mae: 0.2397 - mse: 0.1200 - ssim_metric: 0.4604
 34/326 [==>...........................] - ETA: 3:53 - loss: 0.3884 - mae: 0.2409 - mse: 0.1205 - ssim_metric: 0.4569
 35/326 [==>...........................] - ETA: 3:52 - loss: 0.3864 - mae: 0.2400 - mse: 0.1198 - ssim_metric: 0.4577
 36/326 [==>...........................] - ETA: 3:51 - loss: 0.3865 - mae: 0.2406 - mse: 0.1198 - ssim_metric: 0.4563
 37/326 [==>...........................] - ETA: 3:50 - loss: 0.3836 - mae: 0.2390 - mse: 0.1188 - ssim_metric: 0.4589
 38/326 [==>...........................] - ETA: 3:50 - loss: 0.3818 - mae: 0.2380 - mse: 0.1181 - ssim_metric: 0.4604
 39/326 [==>...........................] - ETA: 3:49 - loss: 0.3818 - mae: 0.2377 - mse: 0.1181 - ssim_metric: 0.4611
 40/326 [==>...........................] - ETA: 3:48 - loss: 0.3802 - mae: 0.2368 - mse: 0.1176 - ssim_metric: 0.4627
 41/326 [==>...........................] - ETA: 3:47 - loss: 0.3786 - mae: 0.2355 - mse: 0.1170 - ssim_metric: 0.4658
 42/326 [==>...........................] - ETA: 3:46 - loss: 0.3748 - mae: 0.2331 - mse: 0.1156 - ssim_metric: 0.4702
 43/326 [==>...........................] - ETA: 3:46 - loss: 0.3750 - mae: 0.2325 - mse: 0.1156 - ssim_metric: 0.4718
 44/326 [===>..........................] - ETA: 3:45 - loss: 0.3760 - mae: 0.2324 - mse: 0.1160 - ssim_metric: 0.4728
 45/326 [===>..........................] - ETA: 3:44 - loss: 0.3783 - mae: 0.2334 - mse: 0.1169 - ssim_metric: 0.4707
 46/326 [===>..........................] - ETA: 3:43 - loss: 0.3786 - mae: 0.2334 - mse: 0.1171 - ssim_metric: 0.4709
 47/326 [===>..........................] - ETA: 3:42 - loss: 0.3773 - mae: 0.2330 - mse: 0.1166 - ssim_metric: 0.4709
 48/326 [===>..........................] - ETA: 3:42 - loss: 0.3745 - mae: 0.2316 - mse: 0.1156 - ssim_metric: 0.4719
 49/326 [===>..........................] - ETA: 3:41 - loss: 0.3782 - mae: 0.2327 - mse: 0.1167 - ssim_metric: 0.4703
 50/326 [===>..........................] - ETA: 3:40 - loss: 0.3779 - mae: 0.2328 - mse: 0.1166 - ssim_metric: 0.4701
 51/326 [===>..........................] - ETA: 3:39 - loss: 0.3761 - mae: 0.2322 - mse: 0.1159 - ssim_metric: 0.4697
 52/326 [===>..........................] - ETA: 3:38 - loss: 0.3767 - mae: 0.2324 - mse: 0.1161 - ssim_metric: 0.4697
 53/326 [===>..........................] - ETA: 3:38 - loss: 0.3763 - mae: 0.2322 - mse: 0.1160 - ssim_metric: 0.4697
 54/326 [===>..........................] - ETA: 3:37 - loss: 0.3772 - mae: 0.2324 - mse: 0.1163 - ssim_metric: 0.4697
 55/326 [====>.........................] - ETA: 3:36 - loss: 0.3774 - mae: 0.2326 - mse: 0.1164 - ssim_metric: 0.4694
 56/326 [====>.........................] - ETA: 3:35 - loss: 0.3772 - mae: 0.2326 - mse: 0.1163 - ssim_metric: 0.4690
 57/326 [====>.........................] - ETA: 3:34 - loss: 0.3759 - mae: 0.2321 - mse: 0.1159 - ssim_metric: 0.4696
 58/326 [====>.........................] - ETA: 3:34 - loss: 0.3772 - mae: 0.2326 - mse: 0.1164 - ssim_metric: 0.4692
 59/326 [====>.........................] - ETA: 3:33 - loss: 0.3781 - mae: 0.2331 - mse: 0.1167 - ssim_metric: 0.4684
 60/326 [====>.........................] - ETA: 3:32 - loss: 0.3789 - mae: 0.2335 - mse: 0.1170 - ssim_metric: 0.4680
 61/326 [====>.........................] - ETA: 3:31 - loss: 0.3769 - mae: 0.2326 - mse: 0.1163 - ssim_metric: 0.4699
 62/326 [====>.........................] - ETA: 3:30 - loss: 0.3755 - mae: 0.2319 - mse: 0.1158 - ssim_metric: 0.4705
 63/326 [====>.........................] - ETA: 3:30 - loss: 0.3763 - mae: 0.2324 - mse: 0.1161 - ssim_metric: 0.4697
 64/326 [====>.........................] - ETA: 3:29 - loss: 0.3753 - mae: 0.2319 - mse: 0.1157 - ssim_metric: 0.4708
 65/326 [====>.........................] - ETA: 3:28 - loss: 0.3739 - mae: 0.2311 - mse: 0.1152 - ssim_metric: 0.4727
 66/326 [=====>........................] - ETA: 3:27 - loss: 0.3753 - mae: 0.2316 - mse: 0.1157 - ssim_metric: 0.4720
 67/326 [=====>........................] - ETA: 3:26 - loss: 0.3752 - mae: 0.2316 - mse: 0.1157 - ssim_metric: 0.4718
 68/326 [=====>........................] - ETA: 3:26 - loss: 0.3750 - mae: 0.2313 - mse: 0.1157 - ssim_metric: 0.4726
 69/326 [=====>........................] - ETA: 3:25 - loss: 0.3752 - mae: 0.2313 - mse: 0.1158 - ssim_metric: 0.4724
 70/326 [=====>........................] - ETA: 3:24 - loss: 0.3751 - mae: 0.2312 - mse: 0.1158 - ssim_metric: 0.4728
 71/326 [=====>........................] - ETA: 3:23 - loss: 0.3750 - mae: 0.2311 - mse: 0.1158 - ssim_metric: 0.4728
 72/326 [=====>........................] - ETA: 3:22 - loss: 0.3774 - mae: 0.2320 - mse: 0.1165 - ssim_metric: 0.4716
 73/326 [=====>........................] - ETA: 3:22 - loss: 0.3774 - mae: 0.2320 - mse: 0.1165 - ssim_metric: 0.4714
 74/326 [=====>........................] - ETA: 3:21 - loss: 0.3770 - mae: 0.2321 - mse: 0.1164 - ssim_metric: 0.4706
 75/326 [=====>........................] - ETA: 3:20 - loss: 0.3763 - mae: 0.2319 - mse: 0.1161 - ssim_metric: 0.4703
 76/326 [=====>........................] - ETA: 3:19 - loss: 0.3749 - mae: 0.2314 - mse: 0.1156 - ssim_metric: 0.4706
 77/326 [======>.......................] - ETA: 3:18 - loss: 0.3757 - mae: 0.2320 - mse: 0.1159 - ssim_metric: 0.4693
 78/326 [======>.......................] - ETA: 3:18 - loss: 0.3754 - mae: 0.2319 - mse: 0.1158 - ssim_metric: 0.4695
 79/326 [======>.......................] - ETA: 3:17 - loss: 0.3766 - mae: 0.2322 - mse: 0.1162 - ssim_metric: 0.4696
 80/326 [======>.......................] - ETA: 3:16 - loss: 0.3772 - mae: 0.2324 - mse: 0.1165 - ssim_metric: 0.4698
 81/326 [======>.......................] - ETA: 3:15 - loss: 0.3769 - mae: 0.2321 - mse: 0.1164 - ssim_metric: 0.4706
 82/326 [======>.......................] - ETA: 3:14 - loss: 0.3771 - mae: 0.2321 - mse: 0.1165 - ssim_metric: 0.4708
 83/326 [======>.......................] - ETA: 3:14 - loss: 0.3769 - mae: 0.2321 - mse: 0.1164 - ssim_metric: 0.4708
 84/326 [======>.......................] - ETA: 3:13 - loss: 0.3774 - mae: 0.2324 - mse: 0.1166 - ssim_metric: 0.4705
 85/326 [======>.......................] - ETA: 3:12 - loss: 0.3763 - mae: 0.2320 - mse: 0.1162 - ssim_metric: 0.4712
 86/326 [======>.......................] - ETA: 3:11 - loss: 0.3764 - mae: 0.2321 - mse: 0.1162 - ssim_metric: 0.4708
 87/326 [=======>......................] - ETA: 3:10 - loss: 0.3762 - mae: 0.2321 - mse: 0.1161 - ssim_metric: 0.4709
 88/326 [=======>......................] - ETA: 3:10 - loss: 0.3754 - mae: 0.2317 - mse: 0.1159 - ssim_metric: 0.4712
 89/326 [=======>......................] - ETA: 3:09 - loss: 0.3748 - mae: 0.2314 - mse: 0.1157 - ssim_metric: 0.4716
 90/326 [=======>......................] - ETA: 3:08 - loss: 0.3758 - mae: 0.2318 - mse: 0.1160 - ssim_metric: 0.4710
 91/326 [=======>......................] - ETA: 3:07 - loss: 0.3756 - mae: 0.2317 - mse: 0.1160 - ssim_metric: 0.4714
 92/326 [=======>......................] - ETA: 3:06 - loss: 0.3754 - mae: 0.2316 - mse: 0.1159 - ssim_metric: 0.4715
 93/326 [=======>......................] - ETA: 3:06 - loss: 0.3764 - mae: 0.2317 - mse: 0.1162 - ssim_metric: 0.4719
 94/326 [=======>......................] - ETA: 3:05 - loss: 0.3772 - mae: 0.2318 - mse: 0.1164 - ssim_metric: 0.4722
 95/326 [=======>......................] - ETA: 3:04 - loss: 0.3782 - mae: 0.2323 - mse: 0.1168 - ssim_metric: 0.4716
 96/326 [=======>......................] - ETA: 3:03 - loss: 0.3779 - mae: 0.2321 - mse: 0.1167 - ssim_metric: 0.4717
 97/326 [=======>......................] - ETA: 3:02 - loss: 0.3777 - mae: 0.2323 - mse: 0.1166 - ssim_metric: 0.4715
 98/326 [========>.....................] - ETA: 3:02 - loss: 0.3771 - mae: 0.2321 - mse: 0.1164 - ssim_metric: 0.4714
 99/326 [========>.....................] - ETA: 3:01 - loss: 0.3767 - mae: 0.2321 - mse: 0.1163 - ssim_metric: 0.4713
100/326 [========>.....................] - ETA: 3:00 - loss: 0.3767 - mae: 0.2323 - mse: 0.1163 - ssim_metric: 0.4710
101/326 [========>.....................] - ETA: 2:59 - loss: 0.3761 - mae: 0.2321 - mse: 0.1160 - ssim_metric: 0.4711
102/326 [========>.....................] - ETA: 2:58 - loss: 0.3755 - mae: 0.2319 - mse: 0.1158 - ssim_metric: 0.4714
103/326 [========>.....................] - ETA: 2:58 - loss: 0.3771 - mae: 0.2322 - mse: 0.1162 - ssim_metric: 0.4710
104/326 [========>.....................] - ETA: 2:57 - loss: 0.3771 - mae: 0.2321 - mse: 0.1162 - ssim_metric: 0.4714
105/326 [========>.....................] - ETA: 2:56 - loss: 0.3766 - mae: 0.2318 - mse: 0.1161 - ssim_metric: 0.4720
106/326 [========>.....................] - ETA: 2:55 - loss: 0.3757 - mae: 0.2314 - mse: 0.1158 - ssim_metric: 0.4729
107/326 [========>.....................] - ETA: 2:54 - loss: 0.3756 - mae: 0.2313 - mse: 0.1157 - ssim_metric: 0.4733
108/326 [========>.....................] - ETA: 2:54 - loss: 0.3776 - mae: 0.2319 - mse: 0.1164 - ssim_metric: 0.4728
109/326 [=========>....................] - ETA: 2:53 - loss: 0.3774 - mae: 0.2317 - mse: 0.1163 - ssim_metric: 0.4734
110/326 [=========>....................] - ETA: 2:52 - loss: 0.3779 - mae: 0.2319 - mse: 0.1165 - ssim_metric: 0.4730
111/326 [=========>....................] - ETA: 2:51 - loss: 0.3776 - mae: 0.2318 - mse: 0.1163 - ssim_metric: 0.4731
112/326 [=========>....................] - ETA: 2:50 - loss: 0.3777 - mae: 0.2320 - mse: 0.1164 - ssim_metric: 0.4728
113/326 [=========>....................] - ETA: 2:50 - loss: 0.3776 - mae: 0.2320 - mse: 0.1164 - ssim_metric: 0.4727
114/326 [=========>....................] - ETA: 2:49 - loss: 0.3774 - mae: 0.2320 - mse: 0.1163 - ssim_metric: 0.4726
115/326 [=========>....................] - ETA: 2:48 - loss: 0.3776 - mae: 0.2323 - mse: 0.1164 - ssim_metric: 0.4720
116/326 [=========>....................] - ETA: 2:47 - loss: 0.3778 - mae: 0.2325 - mse: 0.1165 - ssim_metric: 0.4717
117/326 [=========>....................] - ETA: 2:46 - loss: 0.3782 - mae: 0.2327 - mse: 0.1166 - ssim_metric: 0.4714
118/326 [=========>....................] - ETA: 2:46 - loss: 0.3776 - mae: 0.2324 - mse: 0.1164 - ssim_metric: 0.4723
119/326 [=========>....................] - ETA: 2:45 - loss: 0.3772 - mae: 0.2321 - mse: 0.1163 - ssim_metric: 0.4729
120/326 [==========>...................] - ETA: 2:44 - loss: 0.3770 - mae: 0.2320 - mse: 0.1162 - ssim_metric: 0.4732
121/326 [==========>...................] - ETA: 2:43 - loss: 0.3765 - mae: 0.2317 - mse: 0.1160 - ssim_metric: 0.4741
122/326 [==========>...................] - ETA: 2:42 - loss: 0.3769 - mae: 0.2317 - mse: 0.1161 - ssim_metric: 0.4744
123/326 [==========>...................] - ETA: 2:42 - loss: 0.3773 - mae: 0.2317 - mse: 0.1163 - ssim_metric: 0.4744
124/326 [==========>...................] - ETA: 2:41 - loss: 0.3778 - mae: 0.2319 - mse: 0.1165 - ssim_metric: 0.4740
125/326 [==========>...................] - ETA: 2:40 - loss: 0.3779 - mae: 0.2319 - mse: 0.1165 - ssim_metric: 0.4743
126/326 [==========>...................] - ETA: 2:39 - loss: 0.3775 - mae: 0.2318 - mse: 0.1163 - ssim_metric: 0.4740
127/326 [==========>...................] - ETA: 2:38 - loss: 0.3772 - mae: 0.2317 - mse: 0.1162 - ssim_metric: 0.4738
128/326 [==========>...................] - ETA: 2:38 - loss: 0.3768 - mae: 0.2316 - mse: 0.1160 - ssim_metric: 0.4738
129/326 [==========>...................] - ETA: 2:37 - loss: 0.3768 - mae: 0.2317 - mse: 0.1160 - ssim_metric: 0.4738
130/326 [==========>...................] - ETA: 2:36 - loss: 0.3778 - mae: 0.2322 - mse: 0.1164 - ssim_metric: 0.4729
131/326 [===========>..................] - ETA: 2:35 - loss: 0.3781 - mae: 0.2324 - mse: 0.1165 - ssim_metric: 0.4727
132/326 [===========>..................] - ETA: 2:34 - loss: 0.3782 - mae: 0.2324 - mse: 0.1165 - ssim_metric: 0.4728
133/326 [===========>..................] - ETA: 2:34 - loss: 0.3780 - mae: 0.2325 - mse: 0.1165 - ssim_metric: 0.4728
134/326 [===========>..................] - ETA: 2:33 - loss: 0.3785 - mae: 0.2327 - mse: 0.1167 - ssim_metric: 0.4724
135/326 [===========>..................] - ETA: 2:32 - loss: 0.3788 - mae: 0.2330 - mse: 0.1168 - ssim_metric: 0.4719
136/326 [===========>..................] - ETA: 2:31 - loss: 0.3789 - mae: 0.2332 - mse: 0.1169 - ssim_metric: 0.4714
137/326 [===========>..................] - ETA: 2:30 - loss: 0.3786 - mae: 0.2331 - mse: 0.1168 - ssim_metric: 0.4713
138/326 [===========>..................] - ETA: 2:30 - loss: 0.3789 - mae: 0.2334 - mse: 0.1169 - ssim_metric: 0.4707
139/326 [===========>..................] - ETA: 2:29 - loss: 0.3788 - mae: 0.2334 - mse: 0.1169 - ssim_metric: 0.4706
140/326 [===========>..................] - ETA: 2:28 - loss: 0.3789 - mae: 0.2334 - mse: 0.1169 - ssim_metric: 0.4706
141/326 [===========>..................] - ETA: 2:27 - loss: 0.3789 - mae: 0.2334 - mse: 0.1169 - ssim_metric: 0.4708
142/326 [============>.................] - ETA: 2:26 - loss: 0.3785 - mae: 0.2332 - mse: 0.1168 - ssim_metric: 0.4714
143/326 [============>.................] - ETA: 2:26 - loss: 0.3788 - mae: 0.2333 - mse: 0.1169 - ssim_metric: 0.4712
144/326 [============>.................] - ETA: 2:25 - loss: 0.3786 - mae: 0.2331 - mse: 0.1168 - ssim_metric: 0.4713
145/326 [============>.................] - ETA: 2:24 - loss: 0.3783 - mae: 0.2330 - mse: 0.1167 - ssim_metric: 0.4717
146/326 [============>.................] - ETA: 2:23 - loss: 0.3782 - mae: 0.2329 - mse: 0.1167 - ssim_metric: 0.4720
147/326 [============>.................] - ETA: 2:23 - loss: 0.3789 - mae: 0.2331 - mse: 0.1169 - ssim_metric: 0.4717
148/326 [============>.................] - ETA: 2:22 - loss: 0.3785 - mae: 0.2330 - mse: 0.1168 - ssim_metric: 0.4718
149/326 [============>.................] - ETA: 2:21 - loss: 0.3788 - mae: 0.2333 - mse: 0.1169 - ssim_metric: 0.4711
150/326 [============>.................] - ETA: 2:20 - loss: 0.3786 - mae: 0.2333 - mse: 0.1168 - ssim_metric: 0.4709
151/326 [============>.................] - ETA: 2:19 - loss: 0.3792 - mae: 0.2337 - mse: 0.1171 - ssim_metric: 0.4700
152/326 [============>.................] - ETA: 2:19 - loss: 0.3797 - mae: 0.2339 - mse: 0.1173 - ssim_metric: 0.4697
153/326 [=============>................] - ETA: 2:18 - loss: 0.3794 - mae: 0.2338 - mse: 0.1171 - ssim_metric: 0.4698
154/326 [=============>................] - ETA: 2:17 - loss: 0.3792 - mae: 0.2337 - mse: 0.1171 - ssim_metric: 0.4696
155/326 [=============>................] - ETA: 2:16 - loss: 0.3794 - mae: 0.2338 - mse: 0.1172 - ssim_metric: 0.4696
156/326 [=============>................] - ETA: 2:15 - loss: 0.3791 - mae: 0.2337 - mse: 0.1170 - ssim_metric: 0.4698
157/326 [=============>................] - ETA: 2:15 - loss: 0.3792 - mae: 0.2337 - mse: 0.1171 - ssim_metric: 0.4696
158/326 [=============>................] - ETA: 2:14 - loss: 0.3802 - mae: 0.2339 - mse: 0.1174 - ssim_metric: 0.4695
159/326 [=============>................] - ETA: 2:13 - loss: 0.3804 - mae: 0.2341 - mse: 0.1174 - ssim_metric: 0.4694
160/326 [=============>................] - ETA: 2:12 - loss: 0.3802 - mae: 0.2341 - mse: 0.1174 - ssim_metric: 0.4695
161/326 [=============>................] - ETA: 2:11 - loss: 0.3805 - mae: 0.2343 - mse: 0.1175 - ssim_metric: 0.4690
162/326 [=============>................] - ETA: 2:11 - loss: 0.3802 - mae: 0.2343 - mse: 0.1174 - ssim_metric: 0.4688
163/326 [==============>...............] - ETA: 2:10 - loss: 0.3799 - mae: 0.2342 - mse: 0.1173 - ssim_metric: 0.4688
164/326 [==============>...............] - ETA: 2:09 - loss: 0.3798 - mae: 0.2342 - mse: 0.1173 - ssim_metric: 0.4690
165/326 [==============>...............] - ETA: 2:08 - loss: 0.3799 - mae: 0.2342 - mse: 0.1173 - ssim_metric: 0.4690
166/326 [==============>...............] - ETA: 2:07 - loss: 0.3805 - mae: 0.2344 - mse: 0.1175 - ssim_metric: 0.4687
167/326 [==============>...............] - ETA: 2:07 - loss: 0.3804 - mae: 0.2344 - mse: 0.1175 - ssim_metric: 0.4687
168/326 [==============>...............] - ETA: 2:06 - loss: 0.3808 - mae: 0.2346 - mse: 0.1177 - ssim_metric: 0.4685
169/326 [==============>...............] - ETA: 2:05 - loss: 0.3805 - mae: 0.2345 - mse: 0.1175 - ssim_metric: 0.4688
170/326 [==============>...............] - ETA: 2:04 - loss: 0.3807 - mae: 0.2347 - mse: 0.1176 - ssim_metric: 0.4686
171/326 [==============>...............] - ETA: 2:03 - loss: 0.3805 - mae: 0.2346 - mse: 0.1176 - ssim_metric: 0.4687
172/326 [==============>...............] - ETA: 2:03 - loss: 0.3802 - mae: 0.2343 - mse: 0.1175 - ssim_metric: 0.4693
173/326 [==============>...............] - ETA: 2:02 - loss: 0.3804 - mae: 0.2345 - mse: 0.1175 - ssim_metric: 0.4691
174/326 [===============>..............] - ETA: 2:01 - loss: 0.3802 - mae: 0.2344 - mse: 0.1175 - ssim_metric: 0.4689
175/326 [===============>..............] - ETA: 2:00 - loss: 0.3803 - mae: 0.2345 - mse: 0.1176 - ssim_metric: 0.4687
176/326 [===============>..............] - ETA: 1:59 - loss: 0.3803 - mae: 0.2345 - mse: 0.1176 - ssim_metric: 0.4688
177/326 [===============>..............] - ETA: 1:59 - loss: 0.3805 - mae: 0.2346 - mse: 0.1176 - ssim_metric: 0.4689
178/326 [===============>..............] - ETA: 1:58 - loss: 0.3815 - mae: 0.2349 - mse: 0.1179 - ssim_metric: 0.4684
179/326 [===============>..............] - ETA: 1:57 - loss: 0.3816 - mae: 0.2350 - mse: 0.1180 - ssim_metric: 0.4683
180/326 [===============>..............] - ETA: 1:56 - loss: 0.3817 - mae: 0.2352 - mse: 0.1181 - ssim_metric: 0.4678
181/326 [===============>..............] - ETA: 1:55 - loss: 0.3822 - mae: 0.2356 - mse: 0.1183 - ssim_metric: 0.4669
182/326 [===============>..............] - ETA: 1:55 - loss: 0.3822 - mae: 0.2358 - mse: 0.1183 - ssim_metric: 0.4663
183/326 [===============>..............] - ETA: 1:54 - loss: 0.3821 - mae: 0.2359 - mse: 0.1182 - ssim_metric: 0.4660
184/326 [===============>..............] - ETA: 1:53 - loss: 0.3822 - mae: 0.2360 - mse: 0.1182 - ssim_metric: 0.4659
185/326 [================>.............] - ETA: 1:52 - loss: 0.3823 - mae: 0.2361 - mse: 0.1183 - ssim_metric: 0.4657
186/326 [================>.............] - ETA: 1:51 - loss: 0.3829 - mae: 0.2365 - mse: 0.1185 - ssim_metric: 0.4649
187/326 [================>.............] - ETA: 1:51 - loss: 0.3834 - mae: 0.2367 - mse: 0.1187 - ssim_metric: 0.4648
188/326 [================>.............] - ETA: 1:50 - loss: 0.3838 - mae: 0.2368 - mse: 0.1188 - ssim_metric: 0.4650
189/326 [================>.............] - ETA: 1:49 - loss: 0.3835 - mae: 0.2368 - mse: 0.1187 - ssim_metric: 0.4651
190/326 [================>.............] - ETA: 1:48 - loss: 0.3833 - mae: 0.2367 - mse: 0.1186 - ssim_metric: 0.4651
191/326 [================>.............] - ETA: 1:47 - loss: 0.3832 - mae: 0.2367 - mse: 0.1186 - ssim_metric: 0.4651
192/326 [================>.............] - ETA: 1:47 - loss: 0.3830 - mae: 0.2366 - mse: 0.1185 - ssim_metric: 0.4654
193/326 [================>.............] - ETA: 1:46 - loss: 0.3831 - mae: 0.2366 - mse: 0.1186 - ssim_metric: 0.4654
194/326 [================>.............] - ETA: 1:45 - loss: 0.3826 - mae: 0.2363 - mse: 0.1184 - ssim_metric: 0.4659
195/326 [================>.............] - ETA: 1:44 - loss: 0.3829 - mae: 0.2363 - mse: 0.1185 - ssim_metric: 0.4662
196/326 [=================>............] - ETA: 1:43 - loss: 0.3833 - mae: 0.2364 - mse: 0.1186 - ssim_metric: 0.4662
197/326 [=================>............] - ETA: 1:43 - loss: 0.3831 - mae: 0.2363 - mse: 0.1185 - ssim_metric: 0.4665
198/326 [=================>............] - ETA: 1:42 - loss: 0.3830 - mae: 0.2362 - mse: 0.1185 - ssim_metric: 0.4666
199/326 [=================>............] - ETA: 1:41 - loss: 0.3830 - mae: 0.2362 - mse: 0.1185 - ssim_metric: 0.4666
200/326 [=================>............] - ETA: 1:40 - loss: 0.3831 - mae: 0.2363 - mse: 0.1185 - ssim_metric: 0.4664
201/326 [=================>............] - ETA: 1:39 - loss: 0.3830 - mae: 0.2363 - mse: 0.1185 - ssim_metric: 0.4663
202/326 [=================>............] - ETA: 1:39 - loss: 0.3835 - mae: 0.2365 - mse: 0.1186 - ssim_metric: 0.4663
203/326 [=================>............] - ETA: 1:38 - loss: 0.3840 - mae: 0.2368 - mse: 0.1188 - ssim_metric: 0.4658
204/326 [=================>............] - ETA: 1:37 - loss: 0.3838 - mae: 0.2368 - mse: 0.1188 - ssim_metric: 0.4658
205/326 [=================>............] - ETA: 1:36 - loss: 0.3834 - mae: 0.2366 - mse: 0.1186 - ssim_metric: 0.4659
206/326 [=================>............] - ETA: 1:35 - loss: 0.3833 - mae: 0.2366 - mse: 0.1186 - ssim_metric: 0.4659
207/326 [==================>...........] - ETA: 1:35 - loss: 0.3833 - mae: 0.2366 - mse: 0.1186 - ssim_metric: 0.4660
208/326 [==================>...........] - ETA: 1:34 - loss: 0.3832 - mae: 0.2366 - mse: 0.1185 - ssim_metric: 0.4661
209/326 [==================>...........] - ETA: 1:33 - loss: 0.3832 - mae: 0.2366 - mse: 0.1185 - ssim_metric: 0.4663
210/326 [==================>...........] - ETA: 1:32 - loss: 0.3834 - mae: 0.2367 - mse: 0.1186 - ssim_metric: 0.4662
211/326 [==================>...........] - ETA: 1:31 - loss: 0.3834 - mae: 0.2365 - mse: 0.1186 - ssim_metric: 0.4667
212/326 [==================>...........] - ETA: 1:31 - loss: 0.3833 - mae: 0.2365 - mse: 0.1186 - ssim_metric: 0.4668
213/326 [==================>...........] - ETA: 1:30 - loss: 0.3830 - mae: 0.2363 - mse: 0.1185 - ssim_metric: 0.4671
214/326 [==================>...........] - ETA: 1:29 - loss: 0.3831 - mae: 0.2364 - mse: 0.1185 - ssim_metric: 0.4670
215/326 [==================>...........] - ETA: 1:28 - loss: 0.3831 - mae: 0.2364 - mse: 0.1185 - ssim_metric: 0.4669
216/326 [==================>...........] - ETA: 1:27 - loss: 0.3829 - mae: 0.2363 - mse: 0.1184 - ssim_metric: 0.4672
217/326 [==================>...........] - ETA: 1:27 - loss: 0.3830 - mae: 0.2363 - mse: 0.1185 - ssim_metric: 0.4671
218/326 [===================>..........] - ETA: 1:26 - loss: 0.3830 - mae: 0.2363 - mse: 0.1185 - ssim_metric: 0.4671
219/326 [===================>..........] - ETA: 1:25 - loss: 0.3830 - mae: 0.2363 - mse: 0.1185 - ssim_metric: 0.4671
220/326 [===================>..........] - ETA: 1:24 - loss: 0.3833 - mae: 0.2365 - mse: 0.1186 - ssim_metric: 0.4666
221/326 [===================>..........] - ETA: 1:23 - loss: 0.3835 - mae: 0.2367 - mse: 0.1187 - ssim_metric: 0.4662
222/326 [===================>..........] - ETA: 1:23 - loss: 0.3837 - mae: 0.2369 - mse: 0.1188 - ssim_metric: 0.4656
223/326 [===================>..........] - ETA: 1:22 - loss: 0.3836 - mae: 0.2369 - mse: 0.1187 - ssim_metric: 0.4657
224/326 [===================>..........] - ETA: 1:21 - loss: 0.3838 - mae: 0.2371 - mse: 0.1188 - ssim_metric: 0.4653
225/326 [===================>..........] - ETA: 1:20 - loss: 0.3840 - mae: 0.2372 - mse: 0.1189 - ssim_metric: 0.4652
226/326 [===================>..........] - ETA: 1:19 - loss: 0.3840 - mae: 0.2372 - mse: 0.1189 - ssim_metric: 0.4652
227/326 [===================>..........] - ETA: 1:19 - loss: 0.3838 - mae: 0.2371 - mse: 0.1188 - ssim_metric: 0.4656
228/326 [===================>..........] - ETA: 1:18 - loss: 0.3838 - mae: 0.2370 - mse: 0.1188 - ssim_metric: 0.4657
229/326 [====================>.........] - ETA: 1:17 - loss: 0.3841 - mae: 0.2372 - mse: 0.1189 - ssim_metric: 0.4654
230/326 [====================>.........] - ETA: 1:16 - loss: 0.3840 - mae: 0.2372 - mse: 0.1189 - ssim_metric: 0.4654
231/326 [====================>.........] - ETA: 1:15 - loss: 0.3839 - mae: 0.2371 - mse: 0.1189 - ssim_metric: 0.4655
232/326 [====================>.........] - ETA: 1:15 - loss: 0.3838 - mae: 0.2371 - mse: 0.1188 - ssim_metric: 0.4656
233/326 [====================>.........] - ETA: 1:14 - loss: 0.3840 - mae: 0.2371 - mse: 0.1189 - ssim_metric: 0.4657
234/326 [====================>.........] - ETA: 1:13 - loss: 0.3842 - mae: 0.2373 - mse: 0.1190 - ssim_metric: 0.4653
235/326 [====================>.........] - ETA: 1:12 - loss: 0.3842 - mae: 0.2373 - mse: 0.1190 - ssim_metric: 0.4653
236/326 [====================>.........] - ETA: 1:11 - loss: 0.3837 - mae: 0.2370 - mse: 0.1188 - ssim_metric: 0.4658
237/326 [====================>.........] - ETA: 1:11 - loss: 0.3835 - mae: 0.2369 - mse: 0.1187 - ssim_metric: 0.4661
238/326 [====================>.........] - ETA: 1:10 - loss: 0.3837 - mae: 0.2369 - mse: 0.1188 - ssim_metric: 0.4661
239/326 [====================>.........] - ETA: 1:09 - loss: 0.3831 - mae: 0.2366 - mse: 0.1186 - ssim_metric: 0.4667
240/326 [=====================>........] - ETA: 1:08 - loss: 0.3831 - mae: 0.2366 - mse: 0.1186 - ssim_metric: 0.4669
241/326 [=====================>........] - ETA: 1:07 - loss: 0.3830 - mae: 0.2365 - mse: 0.1186 - ssim_metric: 0.4671
242/326 [=====================>........] - ETA: 1:07 - loss: 0.3826 - mae: 0.2362 - mse: 0.1184 - ssim_metric: 0.4676
243/326 [=====================>........] - ETA: 1:06 - loss: 0.3825 - mae: 0.2361 - mse: 0.1184 - ssim_metric: 0.4680
244/326 [=====================>........] - ETA: 1:05 - loss: 0.3826 - mae: 0.2361 - mse: 0.1184 - ssim_metric: 0.4681
245/326 [=====================>........] - ETA: 1:04 - loss: 0.3827 - mae: 0.2362 - mse: 0.1185 - ssim_metric: 0.4680
246/326 [=====================>........] - ETA: 1:03 - loss: 0.3825 - mae: 0.2361 - mse: 0.1184 - ssim_metric: 0.4682
247/326 [=====================>........] - ETA: 1:03 - loss: 0.3825 - mae: 0.2361 - mse: 0.1184 - ssim_metric: 0.4682
248/326 [=====================>........] - ETA: 1:02 - loss: 0.3828 - mae: 0.2363 - mse: 0.1185 - ssim_metric: 0.4680
249/326 [=====================>........] - ETA: 1:01 - loss: 0.3831 - mae: 0.2365 - mse: 0.1186 - ssim_metric: 0.4677
250/326 [======================>.......] - ETA: 1:00 - loss: 0.3829 - mae: 0.2365 - mse: 0.1186 - ssim_metric: 0.4676
251/326 [======================>.......] - ETA: 59s - loss: 0.3828 - mae: 0.2364 - mse: 0.1185 - ssim_metric: 0.4676 
252/326 [======================>.......] - ETA: 59s - loss: 0.3824 - mae: 0.2363 - mse: 0.1184 - ssim_metric: 0.4677
253/326 [======================>.......] - ETA: 58s - loss: 0.3830 - mae: 0.2365 - mse: 0.1186 - ssim_metric: 0.4676
254/326 [======================>.......] - ETA: 57s - loss: 0.3829 - mae: 0.2365 - mse: 0.1186 - ssim_metric: 0.4676
255/326 [======================>.......] - ETA: 56s - loss: 0.3827 - mae: 0.2364 - mse: 0.1184 - ssim_metric: 0.4678
256/326 [======================>.......] - ETA: 55s - loss: 0.3829 - mae: 0.2365 - mse: 0.1185 - ssim_metric: 0.4677
257/326 [======================>.......] - ETA: 55s - loss: 0.3829 - mae: 0.2364 - mse: 0.1185 - ssim_metric: 0.4678
258/326 [======================>.......] - ETA: 54s - loss: 0.3831 - mae: 0.2365 - mse: 0.1186 - ssim_metric: 0.4677
259/326 [======================>.......] - ETA: 53s - loss: 0.3833 - mae: 0.2366 - mse: 0.1187 - ssim_metric: 0.4675
260/326 [======================>.......] - ETA: 52s - loss: 0.3830 - mae: 0.2364 - mse: 0.1186 - ssim_metric: 0.4677
261/326 [=======================>......] - ETA: 51s - loss: 0.3832 - mae: 0.2364 - mse: 0.1186 - ssim_metric: 0.4677
262/326 [=======================>......] - ETA: 51s - loss: 0.3828 - mae: 0.2363 - mse: 0.1185 - ssim_metric: 0.4678
263/326 [=======================>......] - ETA: 50s - loss: 0.3833 - mae: 0.2365 - mse: 0.1186 - ssim_metric: 0.4675
264/326 [=======================>......] - ETA: 49s - loss: 0.3833 - mae: 0.2365 - mse: 0.1187 - ssim_metric: 0.4674
265/326 [=======================>......] - ETA: 48s - loss: 0.3834 - mae: 0.2366 - mse: 0.1187 - ssim_metric: 0.4672
266/326 [=======================>......] - ETA: 47s - loss: 0.3835 - mae: 0.2368 - mse: 0.1187 - ssim_metric: 0.4668
267/326 [=======================>......] - ETA: 47s - loss: 0.3836 - mae: 0.2369 - mse: 0.1188 - ssim_metric: 0.4664
268/326 [=======================>......] - ETA: 46s - loss: 0.3837 - mae: 0.2371 - mse: 0.1188 - ssim_metric: 0.4660
269/326 [=======================>......] - ETA: 45s - loss: 0.3836 - mae: 0.2371 - mse: 0.1188 - ssim_metric: 0.4659
270/326 [=======================>......] - ETA: 44s - loss: 0.3838 - mae: 0.2372 - mse: 0.1189 - ssim_metric: 0.4657
271/326 [=======================>......] - ETA: 43s - loss: 0.3839 - mae: 0.2372 - mse: 0.1189 - ssim_metric: 0.4657
272/326 [========================>.....] - ETA: 43s - loss: 0.3838 - mae: 0.2372 - mse: 0.1189 - ssim_metric: 0.4658
273/326 [========================>.....] - ETA: 42s - loss: 0.3835 - mae: 0.2371 - mse: 0.1188 - ssim_metric: 0.4660
274/326 [========================>.....] - ETA: 41s - loss: 0.3836 - mae: 0.2371 - mse: 0.1188 - ssim_metric: 0.4660
275/326 [========================>.....] - ETA: 40s - loss: 0.3838 - mae: 0.2371 - mse: 0.1189 - ssim_metric: 0.4663
276/326 [========================>.....] - ETA: 39s - loss: 0.3838 - mae: 0.2371 - mse: 0.1189 - ssim_metric: 0.4663
277/326 [========================>.....] - ETA: 39s - loss: 0.3841 - mae: 0.2372 - mse: 0.1190 - ssim_metric: 0.4661
278/326 [========================>.....] - ETA: 38s - loss: 0.3840 - mae: 0.2372 - mse: 0.1189 - ssim_metric: 0.4662
279/326 [========================>.....] - ETA: 37s - loss: 0.3837 - mae: 0.2371 - mse: 0.1188 - ssim_metric: 0.4666
280/326 [========================>.....] - ETA: 36s - loss: 0.3836 - mae: 0.2370 - mse: 0.1188 - ssim_metric: 0.4666
281/326 [========================>.....] - ETA: 35s - loss: 0.3840 - mae: 0.2371 - mse: 0.1189 - ssim_metric: 0.4665
282/326 [========================>.....] - ETA: 35s - loss: 0.3841 - mae: 0.2372 - mse: 0.1190 - ssim_metric: 0.4665
283/326 [=========================>....] - ETA: 34s - loss: 0.3845 - mae: 0.2374 - mse: 0.1191 - ssim_metric: 0.4663
284/326 [=========================>....] - ETA: 33s - loss: 0.3844 - mae: 0.2374 - mse: 0.1190 - ssim_metric: 0.4662
285/326 [=========================>....] - ETA: 32s - loss: 0.3846 - mae: 0.2376 - mse: 0.1191 - ssim_metric: 0.4658
286/326 [=========================>....] - ETA: 31s - loss: 0.3847 - mae: 0.2377 - mse: 0.1192 - ssim_metric: 0.4656
287/326 [=========================>....] - ETA: 31s - loss: 0.3850 - mae: 0.2379 - mse: 0.1193 - ssim_metric: 0.4653
288/326 [=========================>....] - ETA: 30s - loss: 0.3854 - mae: 0.2381 - mse: 0.1194 - ssim_metric: 0.4650
289/326 [=========================>....] - ETA: 29s - loss: 0.3854 - mae: 0.2381 - mse: 0.1194 - ssim_metric: 0.4649
290/326 [=========================>....] - ETA: 28s - loss: 0.3858 - mae: 0.2383 - mse: 0.1195 - ssim_metric: 0.4647
291/326 [=========================>....] - ETA: 27s - loss: 0.3859 - mae: 0.2384 - mse: 0.1196 - ssim_metric: 0.4646
292/326 [=========================>....] - ETA: 27s - loss: 0.3856 - mae: 0.2383 - mse: 0.1195 - ssim_metric: 0.4645
293/326 [=========================>....] - ETA: 26s - loss: 0.3855 - mae: 0.2383 - mse: 0.1194 - ssim_metric: 0.4645
294/326 [==========================>...] - ETA: 25s - loss: 0.3857 - mae: 0.2385 - mse: 0.1195 - ssim_metric: 0.4643
295/326 [==========================>...] - ETA: 24s - loss: 0.3858 - mae: 0.2385 - mse: 0.1195 - ssim_metric: 0.4642
296/326 [==========================>...] - ETA: 23s - loss: 0.3855 - mae: 0.2384 - mse: 0.1194 - ssim_metric: 0.4644
297/326 [==========================>...] - ETA: 23s - loss: 0.3857 - mae: 0.2384 - mse: 0.1195 - ssim_metric: 0.4645
298/326 [==========================>...] - ETA: 22s - loss: 0.3852 - mae: 0.2382 - mse: 0.1193 - ssim_metric: 0.4649
299/326 [==========================>...] - ETA: 21s - loss: 0.3850 - mae: 0.2381 - mse: 0.1193 - ssim_metric: 0.4652
300/326 [==========================>...] - ETA: 20s - loss: 0.3850 - mae: 0.2380 - mse: 0.1193 - ssim_metric: 0.4653
301/326 [==========================>...] - ETA: 19s - loss: 0.3848 - mae: 0.2378 - mse: 0.1192 - ssim_metric: 0.4658
302/326 [==========================>...] - ETA: 19s - loss: 0.3851 - mae: 0.2380 - mse: 0.1193 - ssim_metric: 0.4655
303/326 [==========================>...] - ETA: 18s - loss: 0.3851 - mae: 0.2380 - mse: 0.1193 - ssim_metric: 0.4656
304/326 [==========================>...] - ETA: 17s - loss: 0.3852 - mae: 0.2380 - mse: 0.1193 - ssim_metric: 0.4655
305/326 [===========================>..] - ETA: 16s - loss: 0.3852 - mae: 0.2380 - mse: 0.1193 - ssim_metric: 0.4655
306/326 [===========================>..] - ETA: 15s - loss: 0.3852 - mae: 0.2380 - mse: 0.1193 - ssim_metric: 0.4653
307/326 [===========================>..] - ETA: 15s - loss: 0.3853 - mae: 0.2381 - mse: 0.1194 - ssim_metric: 0.4652
308/326 [===========================>..] - ETA: 14s - loss: 0.3852 - mae: 0.2381 - mse: 0.1193 - ssim_metric: 0.4653
309/326 [===========================>..] - ETA: 13s - loss: 0.3851 - mae: 0.2381 - mse: 0.1193 - ssim_metric: 0.4653
310/326 [===========================>..] - ETA: 12s - loss: 0.3851 - mae: 0.2381 - mse: 0.1193 - ssim_metric: 0.4652
311/326 [===========================>..] - ETA: 11s - loss: 0.3850 - mae: 0.2380 - mse: 0.1193 - ssim_metric: 0.4654
312/326 [===========================>..] - ETA: 11s - loss: 0.3849 - mae: 0.2380 - mse: 0.1192 - ssim_metric: 0.4653
313/326 [===========================>..] - ETA: 10s - loss: 0.3850 - mae: 0.2380 - mse: 0.1193 - ssim_metric: 0.4653
314/326 [===========================>..] - ETA: 9s - loss: 0.3853 - mae: 0.2380 - mse: 0.1194 - ssim_metric: 0.4655 
315/326 [===========================>..] - ETA: 8s - loss: 0.3855 - mae: 0.2381 - mse: 0.1194 - ssim_metric: 0.4653
316/326 [============================>.] - ETA: 7s - loss: 0.3854 - mae: 0.2381 - mse: 0.1194 - ssim_metric: 0.4652
317/326 [============================>.] - ETA: 7s - loss: 0.3853 - mae: 0.2380 - mse: 0.1194 - ssim_metric: 0.4654
318/326 [============================>.] - ETA: 6s - loss: 0.3851 - mae: 0.2380 - mse: 0.1193 - ssim_metric: 0.4655
319/326 [============================>.] - ETA: 5s - loss: 0.3856 - mae: 0.2382 - mse: 0.1195 - ssim_metric: 0.4652
320/326 [============================>.] - ETA: 4s - loss: 0.3855 - mae: 0.2382 - mse: 0.1195 - ssim_metric: 0.4651
321/326 [============================>.] - ETA: 3s - loss: 0.3856 - mae: 0.2383 - mse: 0.1195 - ssim_metric: 0.4649
322/326 [============================>.] - ETA: 3s - loss: 0.3855 - mae: 0.2383 - mse: 0.1194 - ssim_metric: 0.4649
323/326 [============================>.] - ETA: 2s - loss: 0.3854 - mae: 0.2383 - mse: 0.1194 - ssim_metric: 0.4649
324/326 [============================>.] - ETA: 1s - loss: 0.3859 - mae: 0.2385 - mse: 0.1196 - ssim_metric: 0.4646
325/326 [============================>.] - ETA: 0s - loss: 0.3859 - mae: 0.2385 - mse: 0.1196 - ssim_metric: 0.4645
326/326 [==============================] - ETA: 0s - loss: 0.3860 - mae: 0.2385 - mse: 0.1196 - ssim_metric: 0.4645
Epoch 14: saving model to C:\d_surucusu\visual_navigation\benchmark\models_pipeline\20260909_223425\bce_b32\_JOB_bce_b32_10_09_2026__11_08_model_f48_k4_epoch_00014_helu_osigmoid_(1, 1)_.h5

Epoch 14: val_loss improved from 0.35198 to 0.35107, saving model to C:\d_surucusu\visual_navigation\benchmark\models_pipeline\20260909_223425\bce_b32\_JOB_bce_b32_10_09_2026__11_08_best_val_loss_model_f48_k4.h5

Epoch 14: val_mae improved from 0.22337 to 0.22258, saving model to C:\d_surucusu\visual_navigation\benchmark\models_pipeline\20260909_223425\bce_b32\_JOB_bce_b32_10_09_2026__11_08_best_mae_model_f48_k4.h5

Epoch 14: val_ssim_metric did not improve from 0.59927

326/326 [==============================] - 276s 848ms/step - loss: 0.3860 - mae: 0.2385 - mse: 0.1196 - ssim_metric: 0.4645 - val_loss: 0.3511 - val_mae: 0.2226 - val_mse: 0.1067 - val_ssim_metric: 0.4805
Epoch 15/20

  1/326 [..............................] - ETA: 4:35 - loss: 0.4109 - mae: 0.2545 - mse: 0.1314 - ssim_metric: 0.4185
  2/326 [..............................] - ETA: 4:18 - loss: 0.4085 - mae: 0.2497 - mse: 0.1289 - ssim_metric: 0.4455
  3/326 [..............................] - ETA: 4:18 - loss: 0.4274 - mae: 0.2645 - mse: 0.1357 - ssim_metric: 0.4226
  4/326 [..............................] - ETA: 4:17 - loss: 0.4196 - mae: 0.2620 - mse: 0.1328 - ssim_metric: 0.4165
  5/326 [..............................] - ETA: 4:16 - loss: 0.4089 - mae: 0.2580 - mse: 0.1288 - ssim_metric: 0.4216
  6/326 [..............................] - ETA: 4:15 - loss: 0.4068 - mae: 0.2602 - mse: 0.1280 - ssim_metric: 0.4109
  7/326 [..............................] - ETA: 4:15 - loss: 0.4041 - mae: 0.2603 - mse: 0.1269 - ssim_metric: 0.4077
  8/326 [..............................] - ETA: 4:14 - loss: 0.3932 - mae: 0.2538 - mse: 0.1227 - ssim_metric: 0.4175
  9/326 [..............................] - ETA: 4:13 - loss: 0.3831 - mae: 0.2476 - mse: 0.1189 - ssim_metric: 0.4297
 10/326 [..............................] - ETA: 4:12 - loss: 0.3806 - mae: 0.2451 - mse: 0.1180 - ssim_metric: 0.4384
 11/326 [>.............................] - ETA: 4:11 - loss: 0.3838 - mae: 0.2455 - mse: 0.1196 - ssim_metric: 0.4433
 12/326 [>.............................] - ETA: 4:11 - loss: 0.3839 - mae: 0.2436 - mse: 0.1196 - ssim_metric: 0.4493
 13/326 [>.............................] - ETA: 4:10 - loss: 0.3890 - mae: 0.2438 - mse: 0.1214 - ssim_metric: 0.4525
 14/326 [>.............................] - ETA: 4:09 - loss: 0.4015 - mae: 0.2481 - mse: 0.1256 - ssim_metric: 0.4482
 15/326 [>.............................] - ETA: 4:08 - loss: 0.3919 - mae: 0.2428 - mse: 0.1222 - ssim_metric: 0.4590
 16/326 [>.............................] - ETA: 4:07 - loss: 0.3957 - mae: 0.2445 - mse: 0.1237 - ssim_metric: 0.4574
 17/326 [>.............................] - ETA: 4:06 - loss: 0.3946 - mae: 0.2446 - mse: 0.1233 - ssim_metric: 0.4572
 18/326 [>.............................] - ETA: 4:06 - loss: 0.3973 - mae: 0.2472 - mse: 0.1244 - ssim_metric: 0.4515
 19/326 [>.............................] - ETA: 4:05 - loss: 0.3979 - mae: 0.2486 - mse: 0.1245 - ssim_metric: 0.4485
 20/326 [>.............................] - ETA: 4:04 - loss: 0.3937 - mae: 0.2476 - mse: 0.1228 - ssim_metric: 0.4474
 21/326 [>.............................] - ETA: 4:03 - loss: 0.3890 - mae: 0.2455 - mse: 0.1210 - ssim_metric: 0.4494
 22/326 [=>............................] - ETA: 4:02 - loss: 0.3849 - mae: 0.2434 - mse: 0.1195 - ssim_metric: 0.4520
 23/326 [=>............................] - ETA: 4:02 - loss: 0.3812 - mae: 0.2407 - mse: 0.1182 - ssim_metric: 0.4587
 24/326 [=>............................] - ETA: 4:01 - loss: 0.3800 - mae: 0.2395 - mse: 0.1177 - ssim_metric: 0.4611
 25/326 [=>............................] - ETA: 4:00 - loss: 0.3837 - mae: 0.2406 - mse: 0.1191 - ssim_metric: 0.4599
 26/326 [=>............................] - ETA: 3:59 - loss: 0.3846 - mae: 0.2401 - mse: 0.1195 - ssim_metric: 0.4618
 27/326 [=>............................] - ETA: 3:58 - loss: 0.3833 - mae: 0.2389 - mse: 0.1190 - ssim_metric: 0.4646
 28/326 [=>............................] - ETA: 3:58 - loss: 0.3855 - mae: 0.2386 - mse: 0.1195 - ssim_metric: 0.4658
 29/326 [=>............................] - ETA: 3:57 - loss: 0.3843 - mae: 0.2377 - mse: 0.1192 - ssim_metric: 0.4668
 30/326 [=>............................] - ETA: 3:56 - loss: 0.3879 - mae: 0.2387 - mse: 0.1203 - ssim_metric: 0.4655
 31/326 [=>............................] - ETA: 3:55 - loss: 0.3881 - mae: 0.2389 - mse: 0.1204 - ssim_metric: 0.4637
 32/326 [=>............................] - ETA: 3:54 - loss: 0.3891 - mae: 0.2399 - mse: 0.1209 - ssim_metric: 0.4613
 33/326 [==>...........................] - ETA: 3:54 - loss: 0.3862 - mae: 0.2390 - mse: 0.1197 - ssim_metric: 0.4605
 34/326 [==>...........................] - ETA: 3:53 - loss: 0.3875 - mae: 0.2401 - mse: 0.1202 - ssim_metric: 0.4570
 35/326 [==>...........................] - ETA: 3:52 - loss: 0.3855 - mae: 0.2393 - mse: 0.1195 - ssim_metric: 0.4579
 36/326 [==>...........................] - ETA: 3:51 - loss: 0.3856 - mae: 0.2398 - mse: 0.1195 - ssim_metric: 0.4565
 37/326 [==>...........................] - ETA: 3:50 - loss: 0.3828 - mae: 0.2383 - mse: 0.1185 - ssim_metric: 0.4591
 38/326 [==>...........................] - ETA: 3:50 - loss: 0.3809 - mae: 0.2373 - mse: 0.1178 - ssim_metric: 0.4606
 39/326 [==>...........................] - ETA: 3:49 - loss: 0.3809 - mae: 0.2370 - mse: 0.1178 - ssim_metric: 0.4613
 40/326 [==>...........................] - ETA: 3:48 - loss: 0.3794 - mae: 0.2361 - mse: 0.1173 - ssim_metric: 0.4628
 41/326 [==>...........................] - ETA: 3:47 - loss: 0.3777 - mae: 0.2348 - mse: 0.1167 - ssim_metric: 0.4659
 42/326 [==>...........................] - ETA: 3:46 - loss: 0.3739 - mae: 0.2324 - mse: 0.1153 - ssim_metric: 0.4703
 43/326 [==>...........................] - ETA: 3:46 - loss: 0.3741 - mae: 0.2318 - mse: 0.1153 - ssim_metric: 0.4720
 44/326 [===>..........................] - ETA: 3:45 - loss: 0.3751 - mae: 0.2317 - mse: 0.1157 - ssim_metric: 0.4729
 45/326 [===>..........................] - ETA: 3:44 - loss: 0.3774 - mae: 0.2327 - mse: 0.1166 - ssim_metric: 0.4708
 46/326 [===>..........................] - ETA: 3:43 - loss: 0.3777 - mae: 0.2328 - mse: 0.1168 - ssim_metric: 0.4709
 47/326 [===>..........................] - ETA: 3:42 - loss: 0.3764 - mae: 0.2323 - mse: 0.1163 - ssim_metric: 0.4708
 48/326 [===>..........................] - ETA: 3:42 - loss: 0.3736 - mae: 0.2310 - mse: 0.1153 - ssim_metric: 0.4718
 49/326 [===>..........................] - ETA: 3:41 - loss: 0.3773 - mae: 0.2321 - mse: 0.1164 - ssim_metric: 0.4703
 50/326 [===>..........................] - ETA: 3:40 - loss: 0.3770 - mae: 0.2321 - mse: 0.1163 - ssim_metric: 0.4701
 51/326 [===>..........................] - ETA: 3:39 - loss: 0.3752 - mae: 0.2315 - mse: 0.1156 - ssim_metric: 0.4698
 52/326 [===>..........................] - ETA: 3:38 - loss: 0.3758 - mae: 0.2317 - mse: 0.1158 - ssim_metric: 0.4699
 53/326 [===>..........................] - ETA: 3:38 - loss: 0.3754 - mae: 0.2315 - mse: 0.1157 - ssim_metric: 0.4701
 54/326 [===>..........................] - ETA: 3:37 - loss: 0.3763 - mae: 0.2317 - mse: 0.1160 - ssim_metric: 0.4701
 55/326 [====>.........................] - ETA: 3:36 - loss: 0.3765 - mae: 0.2319 - mse: 0.1161 - ssim_metric: 0.4699
 56/326 [====>.........................] - ETA: 3:35 - loss: 0.3763 - mae: 0.2319 - mse: 0.1160 - ssim_metric: 0.4695
 57/326 [====>.........................] - ETA: 3:34 - loss: 0.3750 - mae: 0.2313 - mse: 0.1156 - ssim_metric: 0.4701
 58/326 [====>.........................] - ETA: 3:34 - loss: 0.3763 - mae: 0.2319 - mse: 0.1161 - ssim_metric: 0.4697
 59/326 [====>.........................] - ETA: 3:33 - loss: 0.3771 - mae: 0.2323 - mse: 0.1164 - ssim_metric: 0.4689
 60/326 [====>.........................] - ETA: 3:32 - loss: 0.3779 - mae: 0.2328 - mse: 0.1167 - ssim_metric: 0.4685
 61/326 [====>.........................] - ETA: 3:31 - loss: 0.3760 - mae: 0.2318 - mse: 0.1160 - ssim_metric: 0.4704
 62/326 [====>.........................] - ETA: 3:30 - loss: 0.3745 - mae: 0.2312 - mse: 0.1155 - ssim_metric: 0.4710
 63/326 [====>.........................] - ETA: 3:30 - loss: 0.3753 - mae: 0.2317 - mse: 0.1158 - ssim_metric: 0.4701
 64/326 [====>.........................] - ETA: 3:29 - loss: 0.3743 - mae: 0.2312 - mse: 0.1154 - ssim_metric: 0.4713
 65/326 [====>.........................] - ETA: 3:28 - loss: 0.3730 - mae: 0.2303 - mse: 0.1149 - ssim_metric: 0.4732
 66/326 [=====>........................] - ETA: 3:27 - loss: 0.3743 - mae: 0.2309 - mse: 0.1154 - ssim_metric: 0.4726
 67/326 [=====>........................] - ETA: 3:26 - loss: 0.3742 - mae: 0.2308 - mse: 0.1154 - ssim_metric: 0.4725
 68/326 [=====>........................] - ETA: 3:26 - loss: 0.3740 - mae: 0.2306 - mse: 0.1154 - ssim_metric: 0.4732
 69/326 [=====>........................] - ETA: 3:25 - loss: 0.3742 - mae: 0.2306 - mse: 0.1155 - ssim_metric: 0.4730
 70/326 [=====>........................] - ETA: 3:24 - loss: 0.3741 - mae: 0.2305 - mse: 0.1155 - ssim_metric: 0.4735
 71/326 [=====>........................] - ETA: 3:23 - loss: 0.3740 - mae: 0.2304 - mse: 0.1155 - ssim_metric: 0.4735
 72/326 [=====>........................] - ETA: 3:22 - loss: 0.3765 - mae: 0.2313 - mse: 0.1162 - ssim_metric: 0.4722
 73/326 [=====>........................] - ETA: 3:22 - loss: 0.3764 - mae: 0.2313 - mse: 0.1162 - ssim_metric: 0.4720
 74/326 [=====>........................] - ETA: 3:21 - loss: 0.3760 - mae: 0.2314 - mse: 0.1161 - ssim_metric: 0.4712
 75/326 [=====>........................] - ETA: 3:20 - loss: 0.3753 - mae: 0.2313 - mse: 0.1158 - ssim_metric: 0.4709
 76/326 [=====>........................] - ETA: 3:19 - loss: 0.3740 - mae: 0.2307 - mse: 0.1153 - ssim_metric: 0.4712
 77/326 [======>.......................] - ETA: 3:18 - loss: 0.3747 - mae: 0.2313 - mse: 0.1155 - ssim_metric: 0.4698
 78/326 [======>.......................] - ETA: 3:18 - loss: 0.3745 - mae: 0.2313 - mse: 0.1155 - ssim_metric: 0.4700
 79/326 [======>.......................] - ETA: 3:17 - loss: 0.3756 - mae: 0.2316 - mse: 0.1159 - ssim_metric: 0.4701
 80/326 [======>.......................] - ETA: 3:16 - loss: 0.3763 - mae: 0.2317 - mse: 0.1161 - ssim_metric: 0.4702
 81/326 [======>.......................] - ETA: 3:15 - loss: 0.3759 - mae: 0.2315 - mse: 0.1160 - ssim_metric: 0.4711
 82/326 [======>.......................] - ETA: 3:14 - loss: 0.3761 - mae: 0.2315 - mse: 0.1161 - ssim_metric: 0.4713
 83/326 [======>.......................] - ETA: 3:14 - loss: 0.3759 - mae: 0.2314 - mse: 0.1161 - ssim_metric: 0.4713
 84/326 [======>.......................] - ETA: 3:13 - loss: 0.3764 - mae: 0.2318 - mse: 0.1163 - ssim_metric: 0.4710
 85/326 [======>.......................] - ETA: 3:12 - loss: 0.3753 - mae: 0.2313 - mse: 0.1158 - ssim_metric: 0.4716
 86/326 [======>.......................] - ETA: 3:11 - loss: 0.3754 - mae: 0.2315 - mse: 0.1159 - ssim_metric: 0.4712
 87/326 [=======>......................] - ETA: 3:10 - loss: 0.3752 - mae: 0.2314 - mse: 0.1158 - ssim_metric: 0.4714
 88/326 [=======>......................] - ETA: 3:10 - loss: 0.3744 - mae: 0.2310 - mse: 0.1155 - ssim_metric: 0.4716
 89/326 [=======>......................] - ETA: 3:09 - loss: 0.3738 - mae: 0.2307 - mse: 0.1153 - ssim_metric: 0.4720
 90/326 [=======>......................] - ETA: 3:08 - loss: 0.3748 - mae: 0.2311 - mse: 0.1157 - ssim_metric: 0.4715
 91/326 [=======>......................] - ETA: 3:07 - loss: 0.3746 - mae: 0.2310 - mse: 0.1156 - ssim_metric: 0.4719
 92/326 [=======>......................] - ETA: 3:06 - loss: 0.3744 - mae: 0.2309 - mse: 0.1156 - ssim_metric: 0.4720
 93/326 [=======>......................] - ETA: 3:06 - loss: 0.3755 - mae: 0.2310 - mse: 0.1159 - ssim_metric: 0.4724
 94/326 [=======>......................] - ETA: 3:05 - loss: 0.3762 - mae: 0.2311 - mse: 0.1161 - ssim_metric: 0.4726
 95/326 [=======>......................] - ETA: 3:04 - loss: 0.3772 - mae: 0.2316 - mse: 0.1165 - ssim_metric: 0.4720
 96/326 [=======>......................] - ETA: 3:03 - loss: 0.3769 - mae: 0.2315 - mse: 0.1164 - ssim_metric: 0.4721
 97/326 [=======>......................] - ETA: 3:02 - loss: 0.3768 - mae: 0.2316 - mse: 0.1163 - ssim_metric: 0.4719
 98/326 [========>.....................] - ETA: 3:02 - loss: 0.3761 - mae: 0.2315 - mse: 0.1161 - ssim_metric: 0.4718
 99/326 [========>.....................] - ETA: 3:01 - loss: 0.3758 - mae: 0.2315 - mse: 0.1159 - ssim_metric: 0.4717
100/326 [========>.....................] - ETA: 3:00 - loss: 0.3758 - mae: 0.2316 - mse: 0.1159 - ssim_metric: 0.4714
101/326 [========>.....................] - ETA: 2:59 - loss: 0.3752 - mae: 0.2314 - mse: 0.1157 - ssim_metric: 0.4715
102/326 [========>.....................] - ETA: 2:58 - loss: 0.3745 - mae: 0.2312 - mse: 0.1154 - ssim_metric: 0.4718
103/326 [========>.....................] - ETA: 2:58 - loss: 0.3762 - mae: 0.2316 - mse: 0.1159 - ssim_metric: 0.4715
104/326 [========>.....................] - ETA: 2:57 - loss: 0.3761 - mae: 0.2315 - mse: 0.1159 - ssim_metric: 0.4719
105/326 [========>.....................] - ETA: 2:56 - loss: 0.3756 - mae: 0.2312 - mse: 0.1157 - ssim_metric: 0.4725
106/326 [========>.....................] - ETA: 2:55 - loss: 0.3747 - mae: 0.2307 - mse: 0.1154 - ssim_metric: 0.4734
107/326 [========>.....................] - ETA: 2:54 - loss: 0.3746 - mae: 0.2306 - mse: 0.1154 - ssim_metric: 0.4738
108/326 [========>.....................] - ETA: 2:54 - loss: 0.3766 - mae: 0.2312 - mse: 0.1160 - ssim_metric: 0.4733
109/326 [=========>....................] - ETA: 2:53 - loss: 0.3764 - mae: 0.2310 - mse: 0.1159 - ssim_metric: 0.4739
110/326 [=========>....................] - ETA: 2:52 - loss: 0.3769 - mae: 0.2313 - mse: 0.1161 - ssim_metric: 0.4735
111/326 [=========>....................] - ETA: 2:51 - loss: 0.3766 - mae: 0.2311 - mse: 0.1160 - ssim_metric: 0.4736
112/326 [=========>....................] - ETA: 2:50 - loss: 0.3767 - mae: 0.2313 - mse: 0.1161 - ssim_metric: 0.4732
113/326 [=========>....................] - ETA: 2:50 - loss: 0.3766 - mae: 0.2313 - mse: 0.1160 - ssim_metric: 0.4732
114/326 [=========>....................] - ETA: 2:49 - loss: 0.3764 - mae: 0.2314 - mse: 0.1159 - ssim_metric: 0.4730
115/326 [=========>....................] - ETA: 2:48 - loss: 0.3766 - mae: 0.2316 - mse: 0.1160 - ssim_metric: 0.4725
116/326 [=========>....................] - ETA: 2:47 - loss: 0.3768 - mae: 0.2318 - mse: 0.1161 - ssim_metric: 0.4721
117/326 [=========>....................] - ETA: 2:46 - loss: 0.3772 - mae: 0.2320 - mse: 0.1163 - ssim_metric: 0.4718
118/326 [=========>....................] - ETA: 2:46 - loss: 0.3766 - mae: 0.2317 - mse: 0.1160 - ssim_metric: 0.4727
119/326 [=========>....................] - ETA: 2:45 - loss: 0.3763 - mae: 0.2315 - mse: 0.1159 - ssim_metric: 0.4733
120/326 [==========>...................] - ETA: 2:44 - loss: 0.3760 - mae: 0.2313 - mse: 0.1158 - ssim_metric: 0.4737
121/326 [==========>...................] - ETA: 2:43 - loss: 0.3755 - mae: 0.2310 - mse: 0.1156 - ssim_metric: 0.4746
122/326 [==========>...................] - ETA: 2:42 - loss: 0.3759 - mae: 0.2310 - mse: 0.1158 - ssim_metric: 0.4749
123/326 [==========>...................] - ETA: 2:42 - loss: 0.3763 - mae: 0.2311 - mse: 0.1159 - ssim_metric: 0.4749
124/326 [==========>...................] - ETA: 2:41 - loss: 0.3768 - mae: 0.2313 - mse: 0.1161 - ssim_metric: 0.4745
125/326 [==========>...................] - ETA: 2:40 - loss: 0.3769 - mae: 0.2312 - mse: 0.1161 - ssim_metric: 0.4748
126/326 [==========>...................] - ETA: 2:39 - loss: 0.3765 - mae: 0.2311 - mse: 0.1160 - ssim_metric: 0.4745
127/326 [==========>...................] - ETA: 2:38 - loss: 0.3762 - mae: 0.2311 - mse: 0.1159 - ssim_metric: 0.4743
128/326 [==========>...................] - ETA: 2:38 - loss: 0.3758 - mae: 0.2309 - mse: 0.1157 - ssim_metric: 0.4743
129/326 [==========>...................] - ETA: 2:37 - loss: 0.3758 - mae: 0.2310 - mse: 0.1157 - ssim_metric: 0.4742
130/326 [==========>...................] - ETA: 2:36 - loss: 0.3768 - mae: 0.2316 - mse: 0.1161 - ssim_metric: 0.4732
131/326 [===========>..................] - ETA: 2:35 - loss: 0.3771 - mae: 0.2317 - mse: 0.1162 - ssim_metric: 0.4731
132/326 [===========>..................] - ETA: 2:34 - loss: 0.3771 - mae: 0.2318 - mse: 0.1162 - ssim_metric: 0.4732
133/326 [===========>..................] - ETA: 2:34 - loss: 0.3770 - mae: 0.2318 - mse: 0.1161 - ssim_metric: 0.4731
134/326 [===========>..................] - ETA: 2:33 - loss: 0.3774 - mae: 0.2320 - mse: 0.1163 - ssim_metric: 0.4728
135/326 [===========>..................] - ETA: 2:32 - loss: 0.3778 - mae: 0.2323 - mse: 0.1165 - ssim_metric: 0.4723
136/326 [===========>..................] - ETA: 2:31 - loss: 0.3779 - mae: 0.2325 - mse: 0.1165 - ssim_metric: 0.4718
137/326 [===========>..................] - ETA: 2:30 - loss: 0.3775 - mae: 0.2324 - mse: 0.1164 - ssim_metric: 0.4718
138/326 [===========>..................] - ETA: 2:30 - loss: 0.3778 - mae: 0.2327 - mse: 0.1165 - ssim_metric: 0.4712
139/326 [===========>..................] - ETA: 2:29 - loss: 0.3777 - mae: 0.2327 - mse: 0.1165 - ssim_metric: 0.4711
140/326 [===========>..................] - ETA: 2:28 - loss: 0.3778 - mae: 0.2327 - mse: 0.1165 - ssim_metric: 0.4711
141/326 [===========>..................] - ETA: 2:27 - loss: 0.3778 - mae: 0.2327 - mse: 0.1166 - ssim_metric: 0.4713
142/326 [============>.................] - ETA: 2:26 - loss: 0.3774 - mae: 0.2325 - mse: 0.1164 - ssim_metric: 0.4718
143/326 [============>.................] - ETA: 2:26 - loss: 0.3777 - mae: 0.2325 - mse: 0.1165 - ssim_metric: 0.4717
144/326 [============>.................] - ETA: 2:25 - loss: 0.3775 - mae: 0.2324 - mse: 0.1164 - ssim_metric: 0.4718
145/326 [============>.................] - ETA: 2:24 - loss: 0.3773 - mae: 0.2323 - mse: 0.1164 - ssim_metric: 0.4722
146/326 [============>.................] - ETA: 2:23 - loss: 0.3771 - mae: 0.2321 - mse: 0.1163 - ssim_metric: 0.4725
147/326 [============>.................] - ETA: 2:22 - loss: 0.3778 - mae: 0.2324 - mse: 0.1166 - ssim_metric: 0.4721
148/326 [============>.................] - ETA: 2:22 - loss: 0.3774 - mae: 0.2323 - mse: 0.1164 - ssim_metric: 0.4723
149/326 [============>.................] - ETA: 2:21 - loss: 0.3777 - mae: 0.2325 - mse: 0.1166 - ssim_metric: 0.4716
150/326 [============>.................] - ETA: 2:20 - loss: 0.3775 - mae: 0.2325 - mse: 0.1165 - ssim_metric: 0.4713
151/326 [============>.................] - ETA: 2:19 - loss: 0.3781 - mae: 0.2329 - mse: 0.1167 - ssim_metric: 0.4705
152/326 [============>.................] - ETA: 2:18 - loss: 0.3787 - mae: 0.2331 - mse: 0.1169 - ssim_metric: 0.4702
153/326 [=============>................] - ETA: 2:18 - loss: 0.3783 - mae: 0.2330 - mse: 0.1168 - ssim_metric: 0.4702
154/326 [=============>................] - ETA: 2:17 - loss: 0.3781 - mae: 0.2330 - mse: 0.1167 - ssim_metric: 0.4701
155/326 [=============>................] - ETA: 2:16 - loss: 0.3784 - mae: 0.2330 - mse: 0.1168 - ssim_metric: 0.4701
156/326 [=============>................] - ETA: 2:15 - loss: 0.3781 - mae: 0.2329 - mse: 0.1167 - ssim_metric: 0.4702
157/326 [=============>................] - ETA: 2:15 - loss: 0.3782 - mae: 0.2330 - mse: 0.1167 - ssim_metric: 0.4700
158/326 [=============>................] - ETA: 2:14 - loss: 0.3791 - mae: 0.2332 - mse: 0.1170 - ssim_metric: 0.4700
159/326 [=============>................] - ETA: 2:13 - loss: 0.3793 - mae: 0.2333 - mse: 0.1171 - ssim_metric: 0.4699
160/326 [=============>................] - ETA: 2:12 - loss: 0.3792 - mae: 0.2333 - mse: 0.1170 - ssim_metric: 0.4699
161/326 [=============>................] - ETA: 2:11 - loss: 0.3794 - mae: 0.2336 - mse: 0.1171 - ssim_metric: 0.4695
162/326 [=============>................] - ETA: 2:11 - loss: 0.3791 - mae: 0.2335 - mse: 0.1170 - ssim_metric: 0.4693
163/326 [==============>...............] - ETA: 2:10 - loss: 0.3788 - mae: 0.2335 - mse: 0.1169 - ssim_metric: 0.4693
164/326 [==============>...............] - ETA: 2:09 - loss: 0.3787 - mae: 0.2334 - mse: 0.1169 - ssim_metric: 0.4695
165/326 [==============>...............] - ETA: 2:08 - loss: 0.3788 - mae: 0.2335 - mse: 0.1169 - ssim_metric: 0.4695
166/326 [==============>...............] - ETA: 2:07 - loss: 0.3795 - mae: 0.2337 - mse: 0.1171 - ssim_metric: 0.4691
167/326 [==============>...............] - ETA: 2:07 - loss: 0.3793 - mae: 0.2337 - mse: 0.1171 - ssim_metric: 0.4691
168/326 [==============>...............] - ETA: 2:06 - loss: 0.3797 - mae: 0.2339 - mse: 0.1173 - ssim_metric: 0.4688
169/326 [==============>...............] - ETA: 2:05 - loss: 0.3794 - mae: 0.2338 - mse: 0.1172 - ssim_metric: 0.4691
170/326 [==============>...............] - ETA: 2:04 - loss: 0.3796 - mae: 0.2339 - mse: 0.1172 - ssim_metric: 0.4690
171/326 [==============>...............] - ETA: 2:03 - loss: 0.3794 - mae: 0.2339 - mse: 0.1172 - ssim_metric: 0.4691
172/326 [==============>...............] - ETA: 2:03 - loss: 0.3791 - mae: 0.2336 - mse: 0.1171 - ssim_metric: 0.4697
173/326 [==============>...............] - ETA: 2:02 - loss: 0.3793 - mae: 0.2337 - mse: 0.1172 - ssim_metric: 0.4695
174/326 [===============>..............] - ETA: 2:01 - loss: 0.3791 - mae: 0.2337 - mse: 0.1171 - ssim_metric: 0.4693
175/326 [===============>..............] - ETA: 2:00 - loss: 0.3793 - mae: 0.2338 - mse: 0.1172 - ssim_metric: 0.4692
176/326 [===============>..............] - ETA: 1:59 - loss: 0.3793 - mae: 0.2338 - mse: 0.1172 - ssim_metric: 0.4692
177/326 [===============>..............] - ETA: 1:59 - loss: 0.3795 - mae: 0.2338 - mse: 0.1173 - ssim_metric: 0.4693
178/326 [===============>..............] - ETA: 1:58 - loss: 0.3804 - mae: 0.2342 - mse: 0.1176 - ssim_metric: 0.4688
179/326 [===============>..............] - ETA: 1:57 - loss: 0.3806 - mae: 0.2343 - mse: 0.1176 - ssim_metric: 0.4687
180/326 [===============>..............] - ETA: 1:56 - loss: 0.3806 - mae: 0.2344 - mse: 0.1177 - ssim_metric: 0.4682
181/326 [===============>..............] - ETA: 1:55 - loss: 0.3812 - mae: 0.2349 - mse: 0.1179 - ssim_metric: 0.4673
182/326 [===============>..............] - ETA: 1:55 - loss: 0.3812 - mae: 0.2351 - mse: 0.1179 - ssim_metric: 0.4668
183/326 [===============>..............] - ETA: 1:54 - loss: 0.3810 - mae: 0.2351 - mse: 0.1178 - ssim_metric: 0.4664
184/326 [===============>..............] - ETA: 1:53 - loss: 0.3811 - mae: 0.2353 - mse: 0.1178 - ssim_metric: 0.4664
185/326 [================>.............] - ETA: 1:52 - loss: 0.3812 - mae: 0.2354 - mse: 0.1179 - ssim_metric: 0.4661
186/326 [================>.............] - ETA: 1:51 - loss: 0.3818 - mae: 0.2358 - mse: 0.1181 - ssim_metric: 0.4654
187/326 [================>.............] - ETA: 1:51 - loss: 0.3823 - mae: 0.2360 - mse: 0.1183 - ssim_metric: 0.4653
188/326 [================>.............] - ETA: 1:50 - loss: 0.3827 - mae: 0.2360 - mse: 0.1184 - ssim_metric: 0.4655
189/326 [================>.............] - ETA: 1:49 - loss: 0.3824 - mae: 0.2360 - mse: 0.1183 - ssim_metric: 0.4656
190/326 [================>.............] - ETA: 1:48 - loss: 0.3822 - mae: 0.2359 - mse: 0.1182 - ssim_metric: 0.4656
191/326 [================>.............] - ETA: 1:47 - loss: 0.3821 - mae: 0.2359 - mse: 0.1182 - ssim_metric: 0.4655
192/326 [================>.............] - ETA: 1:47 - loss: 0.3820 - mae: 0.2358 - mse: 0.1181 - ssim_metric: 0.4658
193/326 [================>.............] - ETA: 1:46 - loss: 0.3821 - mae: 0.2359 - mse: 0.1182 - ssim_metric: 0.4659
194/326 [================>.............] - ETA: 1:45 - loss: 0.3816 - mae: 0.2356 - mse: 0.1180 - ssim_metric: 0.4664
195/326 [================>.............] - ETA: 1:44 - loss: 0.3819 - mae: 0.2356 - mse: 0.1181 - ssim_metric: 0.4666
196/326 [=================>............] - ETA: 1:43 - loss: 0.3823 - mae: 0.2357 - mse: 0.1182 - ssim_metric: 0.4666
197/326 [=================>............] - ETA: 1:43 - loss: 0.3820 - mae: 0.2355 - mse: 0.1181 - ssim_metric: 0.4669
198/326 [=================>............] - ETA: 1:42 - loss: 0.3819 - mae: 0.2355 - mse: 0.1181 - ssim_metric: 0.4670
199/326 [=================>............] - ETA: 1:41 - loss: 0.3820 - mae: 0.2355 - mse: 0.1181 - ssim_metric: 0.4670
200/326 [=================>............] - ETA: 1:40 - loss: 0.3820 - mae: 0.2356 - mse: 0.1181 - ssim_metric: 0.4669
201/326 [=================>............] - ETA: 1:39 - loss: 0.3819 - mae: 0.2356 - mse: 0.1181 - ssim_metric: 0.4667
202/326 [=================>............] - ETA: 1:39 - loss: 0.3824 - mae: 0.2357 - mse: 0.1183 - ssim_metric: 0.4667
203/326 [=================>............] - ETA: 1:38 - loss: 0.3829 - mae: 0.2360 - mse: 0.1184 - ssim_metric: 0.4663
204/326 [=================>............] - ETA: 1:37 - loss: 0.3827 - mae: 0.2360 - mse: 0.1184 - ssim_metric: 0.4662
205/326 [=================>............] - ETA: 1:36 - loss: 0.3824 - mae: 0.2359 - mse: 0.1182 - ssim_metric: 0.4663
206/326 [=================>............] - ETA: 1:35 - loss: 0.3823 - mae: 0.2359 - mse: 0.1182 - ssim_metric: 0.4663
207/326 [==================>...........] - ETA: 1:35 - loss: 0.3822 - mae: 0.2359 - mse: 0.1182 - ssim_metric: 0.4664
208/326 [==================>...........] - ETA: 1:34 - loss: 0.3821 - mae: 0.2358 - mse: 0.1182 - ssim_metric: 0.4666
209/326 [==================>...........] - ETA: 1:33 - loss: 0.3821 - mae: 0.2358 - mse: 0.1182 - ssim_metric: 0.4667
210/326 [==================>...........] - ETA: 1:32 - loss: 0.3823 - mae: 0.2359 - mse: 0.1182 - ssim_metric: 0.4666
211/326 [==================>...........] - ETA: 1:31 - loss: 0.3823 - mae: 0.2358 - mse: 0.1182 - ssim_metric: 0.4671
212/326 [==================>...........] - ETA: 1:31 - loss: 0.3822 - mae: 0.2358 - mse: 0.1182 - ssim_metric: 0.4672
213/326 [==================>...........] - ETA: 1:30 - loss: 0.3819 - mae: 0.2356 - mse: 0.1181 - ssim_metric: 0.4675
214/326 [==================>...........] - ETA: 1:29 - loss: 0.3820 - mae: 0.2357 - mse: 0.1181 - ssim_metric: 0.4674
215/326 [==================>...........] - ETA: 1:28 - loss: 0.3820 - mae: 0.2356 - mse: 0.1181 - ssim_metric: 0.4673
216/326 [==================>...........] - ETA: 1:27 - loss: 0.3818 - mae: 0.2355 - mse: 0.1181 - ssim_metric: 0.4676
217/326 [==================>...........] - ETA: 1:27 - loss: 0.3819 - mae: 0.2355 - mse: 0.1181 - ssim_metric: 0.4675
218/326 [===================>..........] - ETA: 1:26 - loss: 0.3819 - mae: 0.2356 - mse: 0.1181 - ssim_metric: 0.4675
219/326 [===================>..........] - ETA: 1:25 - loss: 0.3819 - mae: 0.2355 - mse: 0.1181 - ssim_metric: 0.4676
220/326 [===================>..........] - ETA: 1:24 - loss: 0.3822 - mae: 0.2357 - mse: 0.1182 - ssim_metric: 0.4671
221/326 [===================>..........] - ETA: 1:23 - loss: 0.3824 - mae: 0.2359 - mse: 0.1183 - ssim_metric: 0.4667
222/326 [===================>..........] - ETA: 1:23 - loss: 0.3826 - mae: 0.2361 - mse: 0.1184 - ssim_metric: 0.4662
223/326 [===================>..........] - ETA: 1:22 - loss: 0.3825 - mae: 0.2361 - mse: 0.1183 - ssim_metric: 0.4662
224/326 [===================>..........] - ETA: 1:21 - loss: 0.3827 - mae: 0.2363 - mse: 0.1184 - ssim_metric: 0.4658
225/326 [===================>..........] - ETA: 1:20 - loss: 0.3829 - mae: 0.2364 - mse: 0.1185 - ssim_metric: 0.4656
226/326 [===================>..........] - ETA: 1:19 - loss: 0.3829 - mae: 0.2364 - mse: 0.1185 - ssim_metric: 0.4657
227/326 [===================>..........] - ETA: 1:19 - loss: 0.3827 - mae: 0.2363 - mse: 0.1184 - ssim_metric: 0.4660
228/326 [===================>..........] - ETA: 1:18 - loss: 0.3826 - mae: 0.2362 - mse: 0.1184 - ssim_metric: 0.4661
229/326 [====================>.........] - ETA: 1:17 - loss: 0.3830 - mae: 0.2364 - mse: 0.1185 - ssim_metric: 0.4658
230/326 [====================>.........] - ETA: 1:16 - loss: 0.3829 - mae: 0.2364 - mse: 0.1185 - ssim_metric: 0.4658
231/326 [====================>.........] - ETA: 1:15 - loss: 0.3828 - mae: 0.2363 - mse: 0.1185 - ssim_metric: 0.4658
232/326 [====================>.........] - ETA: 1:15 - loss: 0.3827 - mae: 0.2363 - mse: 0.1184 - ssim_metric: 0.4659
233/326 [====================>.........] - ETA: 1:14 - loss: 0.3828 - mae: 0.2364 - mse: 0.1185 - ssim_metric: 0.4660
234/326 [====================>.........] - ETA: 1:13 - loss: 0.3831 - mae: 0.2365 - mse: 0.1186 - ssim_metric: 0.4656
235/326 [====================>.........] - ETA: 1:12 - loss: 0.3831 - mae: 0.2365 - mse: 0.1186 - ssim_metric: 0.4656
236/326 [====================>.........] - ETA: 1:11 - loss: 0.3825 - mae: 0.2362 - mse: 0.1184 - ssim_metric: 0.4661
237/326 [====================>.........] - ETA: 1:11 - loss: 0.3823 - mae: 0.2361 - mse: 0.1183 - ssim_metric: 0.4665
238/326 [====================>.........] - ETA: 1:10 - loss: 0.3825 - mae: 0.2361 - mse: 0.1184 - ssim_metric: 0.4665
239/326 [====================>.........] - ETA: 1:09 - loss: 0.3820 - mae: 0.2358 - mse: 0.1182 - ssim_metric: 0.4671
240/326 [=====================>........] - ETA: 1:08 - loss: 0.3820 - mae: 0.2358 - mse: 0.1182 - ssim_metric: 0.4673
241/326 [=====================>........] - ETA: 1:07 - loss: 0.3819 - mae: 0.2357 - mse: 0.1182 - ssim_metric: 0.4675
242/326 [=====================>........] - ETA: 1:07 - loss: 0.3814 - mae: 0.2354 - mse: 0.1180 - ssim_metric: 0.4680
243/326 [=====================>........] - ETA: 1:06 - loss: 0.3814 - mae: 0.2353 - mse: 0.1180 - ssim_metric: 0.4684
244/326 [=====================>........] - ETA: 1:05 - loss: 0.3814 - mae: 0.2353 - mse: 0.1180 - ssim_metric: 0.4685
245/326 [=====================>........] - ETA: 1:04 - loss: 0.3815 - mae: 0.2354 - mse: 0.1181 - ssim_metric: 0.4683
246/326 [=====================>........] - ETA: 1:03 - loss: 0.3814 - mae: 0.2353 - mse: 0.1180 - ssim_metric: 0.4686
247/326 [=====================>........] - ETA: 1:03 - loss: 0.3814 - mae: 0.2354 - mse: 0.1180 - ssim_metric: 0.4685
248/326 [=====================>........] - ETA: 1:02 - loss: 0.3817 - mae: 0.2355 - mse: 0.1181 - ssim_metric: 0.4684
249/326 [=====================>........] - ETA: 1:01 - loss: 0.3819 - mae: 0.2357 - mse: 0.1182 - ssim_metric: 0.4681
250/326 [======================>.......] - ETA: 1:00 - loss: 0.3818 - mae: 0.2357 - mse: 0.1182 - ssim_metric: 0.4680
251/326 [======================>.......] - ETA: 59s - loss: 0.3816 - mae: 0.2356 - mse: 0.1181 - ssim_metric: 0.4679 
252/326 [======================>.......] - ETA: 59s - loss: 0.3812 - mae: 0.2355 - mse: 0.1180 - ssim_metric: 0.4681
253/326 [======================>.......] - ETA: 58s - loss: 0.3818 - mae: 0.2357 - mse: 0.1182 - ssim_metric: 0.4679
254/326 [======================>.......] - ETA: 57s - loss: 0.3818 - mae: 0.2357 - mse: 0.1182 - ssim_metric: 0.4680
255/326 [======================>.......] - ETA: 56s - loss: 0.3815 - mae: 0.2356 - mse: 0.1180 - ssim_metric: 0.4681
256/326 [======================>.......] - ETA: 55s - loss: 0.3817 - mae: 0.2357 - mse: 0.1181 - ssim_metric: 0.4680
257/326 [======================>.......] - ETA: 55s - loss: 0.3817 - mae: 0.2357 - mse: 0.1181 - ssim_metric: 0.4681
258/326 [======================>.......] - ETA: 54s - loss: 0.3819 - mae: 0.2357 - mse: 0.1182 - ssim_metric: 0.4681
259/326 [======================>.......] - ETA: 53s - loss: 0.3821 - mae: 0.2358 - mse: 0.1183 - ssim_metric: 0.4678
260/326 [======================>.......] - ETA: 52s - loss: 0.3818 - mae: 0.2356 - mse: 0.1182 - ssim_metric: 0.4681
261/326 [=======================>......] - ETA: 51s - loss: 0.3820 - mae: 0.2356 - mse: 0.1182 - ssim_metric: 0.4681
262/326 [=======================>......] - ETA: 51s - loss: 0.3817 - mae: 0.2355 - mse: 0.1181 - ssim_metric: 0.4681
263/326 [=======================>......] - ETA: 50s - loss: 0.3821 - mae: 0.2357 - mse: 0.1182 - ssim_metric: 0.4679
264/326 [=======================>......] - ETA: 49s - loss: 0.3822 - mae: 0.2357 - mse: 0.1183 - ssim_metric: 0.4678
265/326 [=======================>......] - ETA: 48s - loss: 0.3822 - mae: 0.2358 - mse: 0.1183 - ssim_metric: 0.4675
266/326 [=======================>......] - ETA: 47s - loss: 0.3824 - mae: 0.2360 - mse: 0.1183 - ssim_metric: 0.4671
267/326 [=======================>......] - ETA: 47s - loss: 0.3825 - mae: 0.2361 - mse: 0.1184 - ssim_metric: 0.4667
268/326 [=======================>......] - ETA: 46s - loss: 0.3825 - mae: 0.2363 - mse: 0.1184 - ssim_metric: 0.4664
269/326 [=======================>......] - ETA: 45s - loss: 0.3824 - mae: 0.2363 - mse: 0.1184 - ssim_metric: 0.4662
270/326 [=======================>......] - ETA: 44s - loss: 0.3827 - mae: 0.2364 - mse: 0.1184 - ssim_metric: 0.4660
271/326 [=======================>......] - ETA: 43s - loss: 0.3827 - mae: 0.2365 - mse: 0.1185 - ssim_metric: 0.4660
272/326 [========================>.....] - ETA: 43s - loss: 0.3827 - mae: 0.2364 - mse: 0.1185 - ssim_metric: 0.4661
273/326 [========================>.....] - ETA: 42s - loss: 0.3823 - mae: 0.2363 - mse: 0.1183 - ssim_metric: 0.4663
274/326 [========================>.....] - ETA: 41s - loss: 0.3825 - mae: 0.2363 - mse: 0.1184 - ssim_metric: 0.4663
275/326 [========================>.....] - ETA: 40s - loss: 0.3827 - mae: 0.2363 - mse: 0.1185 - ssim_metric: 0.4666
276/326 [========================>.....] - ETA: 39s - loss: 0.3827 - mae: 0.2363 - mse: 0.1185 - ssim_metric: 0.4666
277/326 [========================>.....] - ETA: 39s - loss: 0.3829 - mae: 0.2365 - mse: 0.1186 - ssim_metric: 0.4664
278/326 [========================>.....] - ETA: 38s - loss: 0.3828 - mae: 0.2364 - mse: 0.1185 - ssim_metric: 0.4665
279/326 [========================>.....] - ETA: 37s - loss: 0.3826 - mae: 0.2363 - mse: 0.1184 - ssim_metric: 0.4669
280/326 [========================>.....] - ETA: 36s - loss: 0.3825 - mae: 0.2362 - mse: 0.1184 - ssim_metric: 0.4669
281/326 [========================>.....] - ETA: 35s - loss: 0.3828 - mae: 0.2363 - mse: 0.1185 - ssim_metric: 0.4667
282/326 [========================>.....] - ETA: 35s - loss: 0.3830 - mae: 0.2364 - mse: 0.1186 - ssim_metric: 0.4668
283/326 [=========================>....] - ETA: 34s - loss: 0.3833 - mae: 0.2366 - mse: 0.1187 - ssim_metric: 0.4666
284/326 [=========================>....] - ETA: 33s - loss: 0.3832 - mae: 0.2366 - mse: 0.1186 - ssim_metric: 0.4664
285/326 [=========================>....] - ETA: 32s - loss: 0.3834 - mae: 0.2368 - mse: 0.1187 - ssim_metric: 0.4661
286/326 [=========================>....] - ETA: 31s - loss: 0.3835 - mae: 0.2369 - mse: 0.1187 - ssim_metric: 0.4658
287/326 [=========================>....] - ETA: 31s - loss: 0.3839 - mae: 0.2371 - mse: 0.1189 - ssim_metric: 0.4656
288/326 [=========================>....] - ETA: 30s - loss: 0.3842 - mae: 0.2373 - mse: 0.1190 - ssim_metric: 0.4653
289/326 [=========================>....] - ETA: 29s - loss: 0.3843 - mae: 0.2373 - mse: 0.1190 - ssim_metric: 0.4651
290/326 [=========================>....] - ETA: 28s - loss: 0.3846 - mae: 0.2375 - mse: 0.1191 - ssim_metric: 0.4649
291/326 [=========================>....] - ETA: 27s - loss: 0.3847 - mae: 0.2376 - mse: 0.1192 - ssim_metric: 0.4648
292/326 [=========================>....] - ETA: 27s - loss: 0.3845 - mae: 0.2375 - mse: 0.1191 - ssim_metric: 0.4647
293/326 [=========================>....] - ETA: 26s - loss: 0.3844 - mae: 0.2375 - mse: 0.1190 - ssim_metric: 0.4647
294/326 [==========================>...] - ETA: 25s - loss: 0.3846 - mae: 0.2377 - mse: 0.1191 - ssim_metric: 0.4644
295/326 [==========================>...] - ETA: 24s - loss: 0.3846 - mae: 0.2377 - mse: 0.1191 - ssim_metric: 0.4644
296/326 [==========================>...] - ETA: 23s - loss: 0.3844 - mae: 0.2376 - mse: 0.1190 - ssim_metric: 0.4646
297/326 [==========================>...] - ETA: 23s - loss: 0.3845 - mae: 0.2377 - mse: 0.1191 - ssim_metric: 0.4647
298/326 [==========================>...] - ETA: 22s - loss: 0.3841 - mae: 0.2374 - mse: 0.1189 - ssim_metric: 0.4651
299/326 [==========================>...] - ETA: 21s - loss: 0.3839 - mae: 0.2373 - mse: 0.1189 - ssim_metric: 0.4654
300/326 [==========================>...] - ETA: 20s - loss: 0.3839 - mae: 0.2372 - mse: 0.1189 - ssim_metric: 0.4655
301/326 [==========================>...] - ETA: 19s - loss: 0.3836 - mae: 0.2371 - mse: 0.1188 - ssim_metric: 0.4659
302/326 [==========================>...] - ETA: 19s - loss: 0.3840 - mae: 0.2372 - mse: 0.1189 - ssim_metric: 0.4657
303/326 [==========================>...] - ETA: 18s - loss: 0.3840 - mae: 0.2372 - mse: 0.1189 - ssim_metric: 0.4657
304/326 [==========================>...] - ETA: 17s - loss: 0.3841 - mae: 0.2372 - mse: 0.1189 - ssim_metric: 0.4657
305/326 [===========================>..] - ETA: 16s - loss: 0.3841 - mae: 0.2373 - mse: 0.1189 - ssim_metric: 0.4656
306/326 [===========================>..] - ETA: 15s - loss: 0.3841 - mae: 0.2373 - mse: 0.1189 - ssim_metric: 0.4655
307/326 [===========================>..] - ETA: 15s - loss: 0.3842 - mae: 0.2374 - mse: 0.1190 - ssim_metric: 0.4653
308/326 [===========================>..] - ETA: 14s - loss: 0.3841 - mae: 0.2373 - mse: 0.1189 - ssim_metric: 0.4655
309/326 [===========================>..] - ETA: 13s - loss: 0.3840 - mae: 0.2373 - mse: 0.1189 - ssim_metric: 0.4655
310/326 [===========================>..] - ETA: 12s - loss: 0.3840 - mae: 0.2373 - mse: 0.1189 - ssim_metric: 0.4654
311/326 [===========================>..] - ETA: 11s - loss: 0.3839 - mae: 0.2372 - mse: 0.1189 - ssim_metric: 0.4655
312/326 [===========================>..] - ETA: 11s - loss: 0.3838 - mae: 0.2372 - mse: 0.1188 - ssim_metric: 0.4655
313/326 [===========================>..] - ETA: 10s - loss: 0.3839 - mae: 0.2373 - mse: 0.1189 - ssim_metric: 0.4655
314/326 [===========================>..] - ETA: 9s - loss: 0.3842 - mae: 0.2372 - mse: 0.1190 - ssim_metric: 0.4657 
315/326 [===========================>..] - ETA: 8s - loss: 0.3844 - mae: 0.2374 - mse: 0.1190 - ssim_metric: 0.4654
316/326 [============================>.] - ETA: 7s - loss: 0.3843 - mae: 0.2373 - mse: 0.1190 - ssim_metric: 0.4654
317/326 [============================>.] - ETA: 7s - loss: 0.3841 - mae: 0.2373 - mse: 0.1190 - ssim_metric: 0.4655
318/326 [============================>.] - ETA: 6s - loss: 0.3840 - mae: 0.2372 - mse: 0.1189 - ssim_metric: 0.4656
319/326 [============================>.] - ETA: 5s - loss: 0.3845 - mae: 0.2374 - mse: 0.1191 - ssim_metric: 0.4653
320/326 [============================>.] - ETA: 4s - loss: 0.3844 - mae: 0.2374 - mse: 0.1191 - ssim_metric: 0.4652
321/326 [============================>.] - ETA: 3s - loss: 0.3845 - mae: 0.2375 - mse: 0.1191 - ssim_metric: 0.4650
322/326 [============================>.] - ETA: 3s - loss: 0.3843 - mae: 0.2375 - mse: 0.1190 - ssim_metric: 0.4650
323/326 [============================>.] - ETA: 2s - loss: 0.3843 - mae: 0.2375 - mse: 0.1190 - ssim_metric: 0.4650
324/326 [============================>.] - ETA: 1s - loss: 0.3848 - mae: 0.2377 - mse: 0.1192 - ssim_metric: 0.4647
325/326 [============================>.] - ETA: 0s - loss: 0.3848 - mae: 0.2377 - mse: 0.1192 - ssim_metric: 0.4647
326/326 [==============================] - ETA: 0s - loss: 0.3849 - mae: 0.2377 - mse: 0.1192 - ssim_metric: 0.4647
Epoch 15: saving model to C:\d_surucusu\visual_navigation\benchmark\models_pipeline\20260909_223425\bce_b32\_JOB_bce_b32_10_09_2026__11_08_model_f48_k4_epoch_00015_helu_osigmoid_(1, 1)_.h5

Epoch 15: val_loss improved from 0.35107 to 0.35040, saving model to C:\d_surucusu\visual_navigation\benchmark\models_pipeline\20260909_223425\bce_b32\_JOB_bce_b32_10_09_2026__11_08_best_val_loss_model_f48_k4.h5

Epoch 15: val_mae improved from 0.22258 to 0.22200, saving model to C:\d_surucusu\visual_navigation\benchmark\models_pipeline\20260909_223425\bce_b32\_JOB_bce_b32_10_09_2026__11_08_best_mae_model_f48_k4.h5

Epoch 15: val_ssim_metric did not improve from 0.59927

326/326 [==============================] - 276s 848ms/step - loss: 0.3849 - mae: 0.2377 - mse: 0.1192 - ssim_metric: 0.4647 - val_loss: 0.3504 - val_mae: 0.2220 - val_mse: 0.1065 - val_ssim_metric: 0.4798
Epoch 16/20

  1/326 [..............................] - ETA: 4:35 - loss: 0.4102 - mae: 0.2537 - mse: 0.1312 - ssim_metric: 0.4185
  2/326 [..............................] - ETA: 4:17 - loss: 0.4078 - mae: 0.2490 - mse: 0.1287 - ssim_metric: 0.4452
  3/326 [..............................] - ETA: 4:17 - loss: 0.4265 - mae: 0.2639 - mse: 0.1354 - ssim_metric: 0.4216
  4/326 [..............................] - ETA: 4:17 - loss: 0.4188 - mae: 0.2617 - mse: 0.1325 - ssim_metric: 0.4149
  5/326 [..............................] - ETA: 4:16 - loss: 0.4083 - mae: 0.2580 - mse: 0.1286 - ssim_metric: 0.4197
  6/326 [..............................] - ETA: 4:15 - loss: 0.4063 - mae: 0.2603 - mse: 0.1279 - ssim_metric: 0.4091
  7/326 [..............................] - ETA: 4:14 - loss: 0.4035 - mae: 0.2603 - mse: 0.1267 - ssim_metric: 0.4062
  8/326 [..............................] - ETA: 4:14 - loss: 0.3926 - mae: 0.2537 - mse: 0.1224 - ssim_metric: 0.4165
  9/326 [..............................] - ETA: 4:13 - loss: 0.3825 - mae: 0.2474 - mse: 0.1187 - ssim_metric: 0.4292
 10/326 [..............................] - ETA: 4:12 - loss: 0.3799 - mae: 0.2448 - mse: 0.1178 - ssim_metric: 0.4383
 11/326 [>.............................] - ETA: 4:11 - loss: 0.3832 - mae: 0.2451 - mse: 0.1194 - ssim_metric: 0.4435
 12/326 [>.............................] - ETA: 4:11 - loss: 0.3832 - mae: 0.2432 - mse: 0.1194 - ssim_metric: 0.4497
 13/326 [>.............................] - ETA: 4:10 - loss: 0.3883 - mae: 0.2434 - mse: 0.1212 - ssim_metric: 0.4530
 14/326 [>.............................] - ETA: 4:09 - loss: 0.4010 - mae: 0.2477 - mse: 0.1254 - ssim_metric: 0.4487
 15/326 [>.............................] - ETA: 4:08 - loss: 0.3913 - mae: 0.2423 - mse: 0.1220 - ssim_metric: 0.4596
 16/326 [>.............................] - ETA: 4:07 - loss: 0.3952 - mae: 0.2441 - mse: 0.1235 - ssim_metric: 0.4579
 17/326 [>.............................] - ETA: 4:07 - loss: 0.3941 - mae: 0.2442 - mse: 0.1230 - ssim_metric: 0.4575
 18/326 [>.............................] - ETA: 4:06 - loss: 0.3967 - mae: 0.2469 - mse: 0.1241 - ssim_metric: 0.4516
 19/326 [>.............................] - ETA: 4:05 - loss: 0.3973 - mae: 0.2483 - mse: 0.1243 - ssim_metric: 0.4484
 20/326 [>.............................] - ETA: 4:04 - loss: 0.3931 - mae: 0.2473 - mse: 0.1226 - ssim_metric: 0.4473
 21/326 [>.............................] - ETA: 4:03 - loss: 0.3883 - mae: 0.2452 - mse: 0.1208 - ssim_metric: 0.4494
 22/326 [=>............................] - ETA: 4:03 - loss: 0.3842 - mae: 0.2430 - mse: 0.1192 - ssim_metric: 0.4520
 23/326 [=>............................] - ETA: 4:02 - loss: 0.3805 - mae: 0.2403 - mse: 0.1179 - ssim_metric: 0.4587
 24/326 [=>............................] - ETA: 4:01 - loss: 0.3793 - mae: 0.2391 - mse: 0.1175 - ssim_metric: 0.4611
 25/326 [=>............................] - ETA: 4:00 - loss: 0.3830 - mae: 0.2401 - mse: 0.1189 - ssim_metric: 0.4598
 26/326 [=>............................] - ETA: 3:59 - loss: 0.3839 - mae: 0.2397 - mse: 0.1192 - ssim_metric: 0.4615
 27/326 [=>............................] - ETA: 3:58 - loss: 0.3826 - mae: 0.2386 - mse: 0.1187 - ssim_metric: 0.4643
 28/326 [=>............................] - ETA: 3:58 - loss: 0.3848 - mae: 0.2383 - mse: 0.1193 - ssim_metric: 0.4653
 29/326 [=>............................] - ETA: 3:57 - loss: 0.3836 - mae: 0.2375 - mse: 0.1189 - ssim_metric: 0.4661
 30/326 [=>............................] - ETA: 3:56 - loss: 0.3871 - mae: 0.2385 - mse: 0.1200 - ssim_metric: 0.4645
 31/326 [=>............................] - ETA: 3:55 - loss: 0.3873 - mae: 0.2389 - mse: 0.1201 - ssim_metric: 0.4624
 32/326 [=>............................] - ETA: 3:54 - loss: 0.3884 - mae: 0.2399 - mse: 0.1207 - ssim_metric: 0.4598
 33/326 [==>...........................] - ETA: 3:54 - loss: 0.3856 - mae: 0.2390 - mse: 0.1195 - ssim_metric: 0.4590
 34/326 [==>...........................] - ETA: 3:53 - loss: 0.3868 - mae: 0.2402 - mse: 0.1200 - ssim_metric: 0.4556
 35/326 [==>...........................] - ETA: 3:52 - loss: 0.3849 - mae: 0.2393 - mse: 0.1192 - ssim_metric: 0.4568
 36/326 [==>...........................] - ETA: 3:51 - loss: 0.3849 - mae: 0.2397 - mse: 0.1193 - ssim_metric: 0.4557
 37/326 [==>...........................] - ETA: 3:51 - loss: 0.3820 - mae: 0.2381 - mse: 0.1182 - ssim_metric: 0.4587
 38/326 [==>...........................] - ETA: 3:50 - loss: 0.3802 - mae: 0.2369 - mse: 0.1176 - ssim_metric: 0.4606
 39/326 [==>...........................] - ETA: 3:49 - loss: 0.3802 - mae: 0.2365 - mse: 0.1175 - ssim_metric: 0.4616
 40/326 [==>...........................] - ETA: 3:48 - loss: 0.3786 - mae: 0.2356 - mse: 0.1170 - ssim_metric: 0.4634
 41/326 [==>...........................] - ETA: 3:47 - loss: 0.3770 - mae: 0.2342 - mse: 0.1164 - ssim_metric: 0.4667
 42/326 [==>...........................] - ETA: 3:46 - loss: 0.3731 - mae: 0.2318 - mse: 0.1151 - ssim_metric: 0.4710
 43/326 [==>...........................] - ETA: 3:46 - loss: 0.3732 - mae: 0.2312 - mse: 0.1151 - ssim_metric: 0.4725
 44/326 [===>..........................] - ETA: 3:45 - loss: 0.3742 - mae: 0.2311 - mse: 0.1154 - ssim_metric: 0.4731
 45/326 [===>..........................] - ETA: 3:44 - loss: 0.3764 - mae: 0.2322 - mse: 0.1163 - ssim_metric: 0.4708
 46/326 [===>..........................] - ETA: 3:43 - loss: 0.3767 - mae: 0.2323 - mse: 0.1165 - ssim_metric: 0.4706
 47/326 [===>..........................] - ETA: 3:42 - loss: 0.3756 - mae: 0.2319 - mse: 0.1161 - ssim_metric: 0.4703
 48/326 [===>..........................] - ETA: 3:42 - loss: 0.3727 - mae: 0.2305 - mse: 0.1150 - ssim_metric: 0.4712
 49/326 [===>..........................] - ETA: 3:41 - loss: 0.3765 - mae: 0.2316 - mse: 0.1161 - ssim_metric: 0.4697
 50/326 [===>..........................] - ETA: 3:40 - loss: 0.3762 - mae: 0.2316 - mse: 0.1160 - ssim_metric: 0.4697
 51/326 [===>..........................] - ETA: 3:39 - loss: 0.3743 - mae: 0.2309 - mse: 0.1153 - ssim_metric: 0.4697
 52/326 [===>..........................] - ETA: 3:38 - loss: 0.3749 - mae: 0.2311 - mse: 0.1155 - ssim_metric: 0.4699
 53/326 [===>..........................] - ETA: 3:38 - loss: 0.3744 - mae: 0.2308 - mse: 0.1154 - ssim_metric: 0.4701
 54/326 [===>..........................] - ETA: 3:37 - loss: 0.3755 - mae: 0.2310 - mse: 0.1157 - ssim_metric: 0.4703
 55/326 [====>.........................] - ETA: 3:36 - loss: 0.3757 - mae: 0.2312 - mse: 0.1158 - ssim_metric: 0.4699
 56/326 [====>.........................] - ETA: 3:35 - loss: 0.3754 - mae: 0.2312 - mse: 0.1157 - ssim_metric: 0.4694
 57/326 [====>.........................] - ETA: 3:34 - loss: 0.3742 - mae: 0.2307 - mse: 0.1153 - ssim_metric: 0.4699
 58/326 [====>.........................] - ETA: 3:34 - loss: 0.3755 - mae: 0.2313 - mse: 0.1158 - ssim_metric: 0.4693
 59/326 [====>.........................] - ETA: 3:33 - loss: 0.3763 - mae: 0.2318 - mse: 0.1161 - ssim_metric: 0.4684
 60/326 [====>.........................] - ETA: 3:32 - loss: 0.3771 - mae: 0.2323 - mse: 0.1164 - ssim_metric: 0.4679
 61/326 [====>.........................] - ETA: 3:31 - loss: 0.3751 - mae: 0.2313 - mse: 0.1157 - ssim_metric: 0.4697
 62/326 [====>.........................] - ETA: 3:30 - loss: 0.3737 - mae: 0.2307 - mse: 0.1152 - ssim_metric: 0.4704
 63/326 [====>.........................] - ETA: 3:30 - loss: 0.3745 - mae: 0.2312 - mse: 0.1155 - ssim_metric: 0.4695
 64/326 [====>.........................] - ETA: 3:29 - loss: 0.3734 - mae: 0.2307 - mse: 0.1151 - ssim_metric: 0.4707
 65/326 [====>.........................] - ETA: 3:28 - loss: 0.3721 - mae: 0.2298 - mse: 0.1146 - ssim_metric: 0.4727
 66/326 [=====>........................] - ETA: 3:27 - loss: 0.3735 - mae: 0.2304 - mse: 0.1151 - ssim_metric: 0.4721
 67/326 [=====>........................] - ETA: 3:26 - loss: 0.3734 - mae: 0.2303 - mse: 0.1151 - ssim_metric: 0.4720
 68/326 [=====>........................] - ETA: 3:26 - loss: 0.3732 - mae: 0.2300 - mse: 0.1151 - ssim_metric: 0.4728
 69/326 [=====>........................] - ETA: 3:25 - loss: 0.3734 - mae: 0.2301 - mse: 0.1152 - ssim_metric: 0.4726
 70/326 [=====>........................] - ETA: 3:24 - loss: 0.3733 - mae: 0.2299 - mse: 0.1152 - ssim_metric: 0.4731
 71/326 [=====>........................] - ETA: 3:23 - loss: 0.3731 - mae: 0.2298 - mse: 0.1152 - ssim_metric: 0.4731
 72/326 [=====>........................] - ETA: 3:22 - loss: 0.3756 - mae: 0.2307 - mse: 0.1159 - ssim_metric: 0.4718
 73/326 [=====>........................] - ETA: 3:22 - loss: 0.3755 - mae: 0.2307 - mse: 0.1159 - ssim_metric: 0.4716
 74/326 [=====>........................] - ETA: 3:21 - loss: 0.3752 - mae: 0.2309 - mse: 0.1158 - ssim_metric: 0.4707
 75/326 [=====>........................] - ETA: 3:20 - loss: 0.3744 - mae: 0.2307 - mse: 0.1155 - ssim_metric: 0.4704
 76/326 [=====>........................] - ETA: 3:19 - loss: 0.3731 - mae: 0.2302 - mse: 0.1150 - ssim_metric: 0.4707
 77/326 [======>.......................] - ETA: 3:18 - loss: 0.3738 - mae: 0.2308 - mse: 0.1153 - ssim_metric: 0.4693
 78/326 [======>.......................] - ETA: 3:18 - loss: 0.3736 - mae: 0.2307 - mse: 0.1152 - ssim_metric: 0.4695
 79/326 [======>.......................] - ETA: 3:17 - loss: 0.3747 - mae: 0.2310 - mse: 0.1156 - ssim_metric: 0.4696
 80/326 [======>.......................] - ETA: 3:16 - loss: 0.3754 - mae: 0.2312 - mse: 0.1158 - ssim_metric: 0.4698
 81/326 [======>.......................] - ETA: 3:15 - loss: 0.3750 - mae: 0.2309 - mse: 0.1157 - ssim_metric: 0.4707
 82/326 [======>.......................] - ETA: 3:14 - loss: 0.3752 - mae: 0.2309 - mse: 0.1158 - ssim_metric: 0.4710
 83/326 [======>.......................] - ETA: 3:14 - loss: 0.3750 - mae: 0.2308 - mse: 0.1158 - ssim_metric: 0.4710
 84/326 [======>.......................] - ETA: 3:13 - loss: 0.3755 - mae: 0.2311 - mse: 0.1160 - ssim_metric: 0.4707
 85/326 [======>.......................] - ETA: 3:12 - loss: 0.3745 - mae: 0.2307 - mse: 0.1156 - ssim_metric: 0.4713
 86/326 [======>.......................] - ETA: 3:11 - loss: 0.3745 - mae: 0.2308 - mse: 0.1156 - ssim_metric: 0.4709
 87/326 [=======>......................] - ETA: 3:10 - loss: 0.3743 - mae: 0.2308 - mse: 0.1155 - ssim_metric: 0.4710
 88/326 [=======>......................] - ETA: 3:10 - loss: 0.3735 - mae: 0.2304 - mse: 0.1152 - ssim_metric: 0.4712
 89/326 [=======>......................] - ETA: 3:09 - loss: 0.3729 - mae: 0.2301 - mse: 0.1151 - ssim_metric: 0.4716
 90/326 [=======>......................] - ETA: 3:08 - loss: 0.3739 - mae: 0.2305 - mse: 0.1154 - ssim_metric: 0.4710
 91/326 [=======>......................] - ETA: 3:07 - loss: 0.3737 - mae: 0.2304 - mse: 0.1153 - ssim_metric: 0.4714
 92/326 [=======>......................] - ETA: 3:06 - loss: 0.3735 - mae: 0.2303 - mse: 0.1153 - ssim_metric: 0.4715
 93/326 [=======>......................] - ETA: 3:06 - loss: 0.3746 - mae: 0.2304 - mse: 0.1156 - ssim_metric: 0.4719
 94/326 [=======>......................] - ETA: 3:05 - loss: 0.3753 - mae: 0.2305 - mse: 0.1158 - ssim_metric: 0.4721
 95/326 [=======>......................] - ETA: 3:04 - loss: 0.3763 - mae: 0.2310 - mse: 0.1162 - ssim_metric: 0.4715
 96/326 [=======>......................] - ETA: 3:03 - loss: 0.3760 - mae: 0.2309 - mse: 0.1161 - ssim_metric: 0.4716
 97/326 [=======>......................] - ETA: 3:02 - loss: 0.3759 - mae: 0.2310 - mse: 0.1160 - ssim_metric: 0.4714
 98/326 [========>.....................] - ETA: 3:02 - loss: 0.3752 - mae: 0.2309 - mse: 0.1158 - ssim_metric: 0.4714
 99/326 [========>.....................] - ETA: 3:01 - loss: 0.3749 - mae: 0.2308 - mse: 0.1156 - ssim_metric: 0.4712
100/326 [========>.....................] - ETA: 3:00 - loss: 0.3748 - mae: 0.2310 - mse: 0.1156 - ssim_metric: 0.4709
101/326 [========>.....................] - ETA: 2:59 - loss: 0.3742 - mae: 0.2308 - mse: 0.1154 - ssim_metric: 0.4710
102/326 [========>.....................] - ETA: 2:58 - loss: 0.3736 - mae: 0.2306 - mse: 0.1151 - ssim_metric: 0.4713
103/326 [========>.....................] - ETA: 2:58 - loss: 0.3753 - mae: 0.2309 - mse: 0.1156 - ssim_metric: 0.4709
104/326 [========>.....................] - ETA: 2:57 - loss: 0.3752 - mae: 0.2308 - mse: 0.1156 - ssim_metric: 0.4714
105/326 [========>.....................] - ETA: 2:56 - loss: 0.3747 - mae: 0.2305 - mse: 0.1154 - ssim_metric: 0.4719
106/326 [========>.....................] - ETA: 2:55 - loss: 0.3738 - mae: 0.2301 - mse: 0.1151 - ssim_metric: 0.4728
107/326 [========>.....................] - ETA: 2:54 - loss: 0.3737 - mae: 0.2299 - mse: 0.1151 - ssim_metric: 0.4732
108/326 [========>.....................] - ETA: 2:54 - loss: 0.3757 - mae: 0.2306 - mse: 0.1157 - ssim_metric: 0.4727
109/326 [=========>....................] - ETA: 2:53 - loss: 0.3755 - mae: 0.2304 - mse: 0.1156 - ssim_metric: 0.4733
110/326 [=========>....................] - ETA: 2:52 - loss: 0.3760 - mae: 0.2306 - mse: 0.1158 - ssim_metric: 0.4729
111/326 [=========>....................] - ETA: 2:51 - loss: 0.3757 - mae: 0.2305 - mse: 0.1157 - ssim_metric: 0.4731
112/326 [=========>....................] - ETA: 2:50 - loss: 0.3758 - mae: 0.2306 - mse: 0.1158 - ssim_metric: 0.4728
113/326 [=========>....................] - ETA: 2:50 - loss: 0.3757 - mae: 0.2307 - mse: 0.1157 - ssim_metric: 0.4727
114/326 [=========>....................] - ETA: 2:49 - loss: 0.3755 - mae: 0.2307 - mse: 0.1156 - ssim_metric: 0.4726
115/326 [=========>....................] - ETA: 2:48 - loss: 0.3757 - mae: 0.2310 - mse: 0.1157 - ssim_metric: 0.4721
116/326 [=========>....................] - ETA: 2:47 - loss: 0.3759 - mae: 0.2311 - mse: 0.1158 - ssim_metric: 0.4717
117/326 [=========>....................] - ETA: 2:46 - loss: 0.3762 - mae: 0.2314 - mse: 0.1160 - ssim_metric: 0.4714
118/326 [=========>....................] - ETA: 2:46 - loss: 0.3757 - mae: 0.2311 - mse: 0.1157 - ssim_metric: 0.4722
119/326 [=========>....................] - ETA: 2:45 - loss: 0.3753 - mae: 0.2309 - mse: 0.1156 - ssim_metric: 0.4728
120/326 [==========>...................] - ETA: 2:44 - loss: 0.3751 - mae: 0.2308 - mse: 0.1155 - ssim_metric: 0.4731
121/326 [==========>...................] - ETA: 2:43 - loss: 0.3746 - mae: 0.2304 - mse: 0.1153 - ssim_metric: 0.4740
122/326 [==========>...................] - ETA: 2:42 - loss: 0.3750 - mae: 0.2304 - mse: 0.1155 - ssim_metric: 0.4744
123/326 [==========>...................] - ETA: 2:42 - loss: 0.3754 - mae: 0.2305 - mse: 0.1156 - ssim_metric: 0.4744
124/326 [==========>...................] - ETA: 2:41 - loss: 0.3759 - mae: 0.2307 - mse: 0.1158 - ssim_metric: 0.4741
125/326 [==========>...................] - ETA: 2:40 - loss: 0.3760 - mae: 0.2306 - mse: 0.1158 - ssim_metric: 0.4744
126/326 [==========>...................] - ETA: 2:39 - loss: 0.3757 - mae: 0.2305 - mse: 0.1157 - ssim_metric: 0.4743
127/326 [==========>...................] - ETA: 2:38 - loss: 0.3753 - mae: 0.2304 - mse: 0.1156 - ssim_metric: 0.4742
128/326 [==========>...................] - ETA: 2:38 - loss: 0.3749 - mae: 0.2303 - mse: 0.1154 - ssim_metric: 0.4742
129/326 [==========>...................] - ETA: 2:37 - loss: 0.3749 - mae: 0.2304 - mse: 0.1154 - ssim_metric: 0.4742
130/326 [==========>...................] - ETA: 2:36 - loss: 0.3759 - mae: 0.2309 - mse: 0.1158 - ssim_metric: 0.4733
131/326 [===========>..................] - ETA: 2:35 - loss: 0.3762 - mae: 0.2311 - mse: 0.1159 - ssim_metric: 0.4731
132/326 [===========>..................] - ETA: 2:34 - loss: 0.3762 - mae: 0.2311 - mse: 0.1159 - ssim_metric: 0.4732
133/326 [===========>..................] - ETA: 2:34 - loss: 0.3761 - mae: 0.2312 - mse: 0.1159 - ssim_metric: 0.4732
134/326 [===========>..................] - ETA: 2:33 - loss: 0.3765 - mae: 0.2314 - mse: 0.1160 - ssim_metric: 0.4728
135/326 [===========>..................] - ETA: 2:32 - loss: 0.3769 - mae: 0.2317 - mse: 0.1162 - ssim_metric: 0.4723
136/326 [===========>..................] - ETA: 2:31 - loss: 0.3770 - mae: 0.2319 - mse: 0.1162 - ssim_metric: 0.4719
137/326 [===========>..................] - ETA: 2:30 - loss: 0.3767 - mae: 0.2318 - mse: 0.1161 - ssim_metric: 0.4719
138/326 [===========>..................] - ETA: 2:30 - loss: 0.3769 - mae: 0.2321 - mse: 0.1162 - ssim_metric: 0.4713
139/326 [===========>..................] - ETA: 2:29 - loss: 0.3768 - mae: 0.2321 - mse: 0.1162 - ssim_metric: 0.4712
140/326 [===========>..................] - ETA: 2:28 - loss: 0.3769 - mae: 0.2321 - mse: 0.1162 - ssim_metric: 0.4712
141/326 [===========>..................] - ETA: 2:27 - loss: 0.3769 - mae: 0.2321 - mse: 0.1162 - ssim_metric: 0.4714
142/326 [============>.................] - ETA: 2:26 - loss: 0.3765 - mae: 0.2319 - mse: 0.1161 - ssim_metric: 0.4720
143/326 [============>.................] - ETA: 2:26 - loss: 0.3768 - mae: 0.2319 - mse: 0.1162 - ssim_metric: 0.4718
144/326 [============>.................] - ETA: 2:25 - loss: 0.3766 - mae: 0.2318 - mse: 0.1161 - ssim_metric: 0.4719
145/326 [============>.................] - ETA: 2:24 - loss: 0.3764 - mae: 0.2317 - mse: 0.1161 - ssim_metric: 0.4723
146/326 [============>.................] - ETA: 2:23 - loss: 0.3762 - mae: 0.2315 - mse: 0.1160 - ssim_metric: 0.4727
147/326 [============>.................] - ETA: 2:22 - loss: 0.3769 - mae: 0.2318 - mse: 0.1163 - ssim_metric: 0.4723
148/326 [============>.................] - ETA: 2:22 - loss: 0.3765 - mae: 0.2316 - mse: 0.1161 - ssim_metric: 0.4724
149/326 [============>.................] - ETA: 2:21 - loss: 0.3768 - mae: 0.2319 - mse: 0.1163 - ssim_metric: 0.4718
150/326 [============>.................] - ETA: 2:20 - loss: 0.3766 - mae: 0.2319 - mse: 0.1162 - ssim_metric: 0.4715
151/326 [============>.................] - ETA: 2:19 - loss: 0.3772 - mae: 0.2323 - mse: 0.1164 - ssim_metric: 0.4706
152/326 [============>.................] - ETA: 2:18 - loss: 0.3778 - mae: 0.2325 - mse: 0.1166 - ssim_metric: 0.4703
153/326 [=============>................] - ETA: 2:18 - loss: 0.3774 - mae: 0.2324 - mse: 0.1165 - ssim_metric: 0.4703
154/326 [=============>................] - ETA: 2:17 - loss: 0.3772 - mae: 0.2324 - mse: 0.1164 - ssim_metric: 0.4702
155/326 [=============>................] - ETA: 2:16 - loss: 0.3775 - mae: 0.2324 - mse: 0.1165 - ssim_metric: 0.4702
156/326 [=============>................] - ETA: 2:15 - loss: 0.3772 - mae: 0.2323 - mse: 0.1164 - ssim_metric: 0.4704
157/326 [=============>................] - ETA: 2:14 - loss: 0.3772 - mae: 0.2324 - mse: 0.1164 - ssim_metric: 0.4703
158/326 [=============>................] - ETA: 2:14 - loss: 0.3782 - mae: 0.2326 - mse: 0.1167 - ssim_metric: 0.4703
159/326 [=============>................] - ETA: 2:13 - loss: 0.3784 - mae: 0.2327 - mse: 0.1167 - ssim_metric: 0.4702
160/326 [=============>................] - ETA: 2:12 - loss: 0.3782 - mae: 0.2327 - mse: 0.1167 - ssim_metric: 0.4702
161/326 [=============>................] - ETA: 2:11 - loss: 0.3785 - mae: 0.2329 - mse: 0.1168 - ssim_metric: 0.4697
162/326 [=============>................] - ETA: 2:10 - loss: 0.3782 - mae: 0.2329 - mse: 0.1167 - ssim_metric: 0.4695
163/326 [==============>...............] - ETA: 2:10 - loss: 0.3779 - mae: 0.2328 - mse: 0.1166 - ssim_metric: 0.4696
164/326 [==============>...............] - ETA: 2:09 - loss: 0.3778 - mae: 0.2328 - mse: 0.1166 - ssim_metric: 0.4697
165/326 [==============>...............] - ETA: 2:08 - loss: 0.3779 - mae: 0.2328 - mse: 0.1166 - ssim_metric: 0.4697
166/326 [==============>...............] - ETA: 2:07 - loss: 0.3785 - mae: 0.2331 - mse: 0.1168 - ssim_metric: 0.4694
167/326 [==============>...............] - ETA: 2:06 - loss: 0.3784 - mae: 0.2331 - mse: 0.1168 - ssim_metric: 0.4693
168/326 [==============>...............] - ETA: 2:06 - loss: 0.3788 - mae: 0.2333 - mse: 0.1169 - ssim_metric: 0.4691
169/326 [==============>...............] - ETA: 2:05 - loss: 0.3785 - mae: 0.2332 - mse: 0.1169 - ssim_metric: 0.4694
170/326 [==============>...............] - ETA: 2:04 - loss: 0.3787 - mae: 0.2333 - mse: 0.1169 - ssim_metric: 0.4692
171/326 [==============>...............] - ETA: 2:03 - loss: 0.3785 - mae: 0.2333 - mse: 0.1169 - ssim_metric: 0.4693
172/326 [==============>...............] - ETA: 2:02 - loss: 0.3782 - mae: 0.2330 - mse: 0.1167 - ssim_metric: 0.4699
173/326 [==============>...............] - ETA: 2:02 - loss: 0.3784 - mae: 0.2331 - mse: 0.1168 - ssim_metric: 0.4697
174/326 [===============>..............] - ETA: 2:01 - loss: 0.3782 - mae: 0.2331 - mse: 0.1168 - ssim_metric: 0.4696
175/326 [===============>..............] - ETA: 2:00 - loss: 0.3783 - mae: 0.2331 - mse: 0.1169 - ssim_metric: 0.4694
176/326 [===============>..............] - ETA: 1:59 - loss: 0.3783 - mae: 0.2331 - mse: 0.1169 - ssim_metric: 0.4694
177/326 [===============>..............] - ETA: 1:58 - loss: 0.3786 - mae: 0.2332 - mse: 0.1169 - ssim_metric: 0.4696
178/326 [===============>..............] - ETA: 1:58 - loss: 0.3795 - mae: 0.2335 - mse: 0.1172 - ssim_metric: 0.4691
179/326 [===============>..............] - ETA: 1:57 - loss: 0.3797 - mae: 0.2336 - mse: 0.1173 - ssim_metric: 0.4690
180/326 [===============>..............] - ETA: 1:56 - loss: 0.3797 - mae: 0.2338 - mse: 0.1174 - ssim_metric: 0.4685
181/326 [===============>..............] - ETA: 1:55 - loss: 0.3802 - mae: 0.2342 - mse: 0.1176 - ssim_metric: 0.4676
182/326 [===============>..............] - ETA: 1:54 - loss: 0.3802 - mae: 0.2344 - mse: 0.1176 - ssim_metric: 0.4670
183/326 [===============>..............] - ETA: 1:54 - loss: 0.3801 - mae: 0.2345 - mse: 0.1175 - ssim_metric: 0.4667
184/326 [===============>..............] - ETA: 1:53 - loss: 0.3802 - mae: 0.2346 - mse: 0.1175 - ssim_metric: 0.4666
185/326 [================>.............] - ETA: 1:52 - loss: 0.3803 - mae: 0.2348 - mse: 0.1176 - ssim_metric: 0.4663
186/326 [================>.............] - ETA: 1:51 - loss: 0.3809 - mae: 0.2351 - mse: 0.1178 - ssim_metric: 0.4656
187/326 [================>.............] - ETA: 1:50 - loss: 0.3814 - mae: 0.2354 - mse: 0.1180 - ssim_metric: 0.4655
188/326 [================>.............] - ETA: 1:50 - loss: 0.3818 - mae: 0.2354 - mse: 0.1181 - ssim_metric: 0.4657
189/326 [================>.............] - ETA: 1:49 - loss: 0.3815 - mae: 0.2354 - mse: 0.1180 - ssim_metric: 0.4658
190/326 [================>.............] - ETA: 1:48 - loss: 0.3813 - mae: 0.2353 - mse: 0.1179 - ssim_metric: 0.4659
191/326 [================>.............] - ETA: 1:47 - loss: 0.3812 - mae: 0.2353 - mse: 0.1179 - ssim_metric: 0.4658
192/326 [================>.............] - ETA: 1:46 - loss: 0.3810 - mae: 0.2352 - mse: 0.1178 - ssim_metric: 0.4661
193/326 [================>.............] - ETA: 1:46 - loss: 0.3811 - mae: 0.2352 - mse: 0.1179 - ssim_metric: 0.4662
194/326 [================>.............] - ETA: 1:45 - loss: 0.3807 - mae: 0.2349 - mse: 0.1177 - ssim_metric: 0.4667
195/326 [================>.............] - ETA: 1:44 - loss: 0.3809 - mae: 0.2349 - mse: 0.1178 - ssim_metric: 0.4670
196/326 [=================>............] - ETA: 1:43 - loss: 0.3814 - mae: 0.2350 - mse: 0.1179 - ssim_metric: 0.4669
197/326 [=================>............] - ETA: 1:43 - loss: 0.3811 - mae: 0.2349 - mse: 0.1178 - ssim_metric: 0.4673
198/326 [=================>............] - ETA: 1:42 - loss: 0.3810 - mae: 0.2348 - mse: 0.1178 - ssim_metric: 0.4673
199/326 [=================>............] - ETA: 1:41 - loss: 0.3811 - mae: 0.2348 - mse: 0.1178 - ssim_metric: 0.4673
200/326 [=================>............] - ETA: 1:40 - loss: 0.3811 - mae: 0.2349 - mse: 0.1178 - ssim_metric: 0.4671
201/326 [=================>............] - ETA: 1:39 - loss: 0.3810 - mae: 0.2349 - mse: 0.1178 - ssim_metric: 0.4669
202/326 [=================>............] - ETA: 1:39 - loss: 0.3815 - mae: 0.2351 - mse: 0.1179 - ssim_metric: 0.4670
203/326 [=================>............] - ETA: 1:38 - loss: 0.3820 - mae: 0.2354 - mse: 0.1181 - ssim_metric: 0.4665
204/326 [=================>............] - ETA: 1:37 - loss: 0.3818 - mae: 0.2354 - mse: 0.1181 - ssim_metric: 0.4664
205/326 [=================>............] - ETA: 1:36 - loss: 0.3814 - mae: 0.2352 - mse: 0.1179 - ssim_metric: 0.4665
206/326 [=================>............] - ETA: 1:35 - loss: 0.3813 - mae: 0.2352 - mse: 0.1179 - ssim_metric: 0.4665
207/326 [==================>...........] - ETA: 1:35 - loss: 0.3813 - mae: 0.2353 - mse: 0.1179 - ssim_metric: 0.4666
208/326 [==================>...........] - ETA: 1:34 - loss: 0.3812 - mae: 0.2352 - mse: 0.1178 - ssim_metric: 0.4668
209/326 [==================>...........] - ETA: 1:33 - loss: 0.3812 - mae: 0.2352 - mse: 0.1178 - ssim_metric: 0.4669
210/326 [==================>...........] - ETA: 1:32 - loss: 0.3814 - mae: 0.2353 - mse: 0.1179 - ssim_metric: 0.4668
211/326 [==================>...........] - ETA: 1:31 - loss: 0.3814 - mae: 0.2352 - mse: 0.1179 - ssim_metric: 0.4673
212/326 [==================>...........] - ETA: 1:31 - loss: 0.3813 - mae: 0.2351 - mse: 0.1179 - ssim_metric: 0.4674
213/326 [==================>...........] - ETA: 1:30 - loss: 0.3810 - mae: 0.2350 - mse: 0.1178 - ssim_metric: 0.4677
214/326 [==================>...........] - ETA: 1:29 - loss: 0.3811 - mae: 0.2350 - mse: 0.1178 - ssim_metric: 0.4676
215/326 [==================>...........] - ETA: 1:28 - loss: 0.3810 - mae: 0.2350 - mse: 0.1178 - ssim_metric: 0.4675
216/326 [==================>...........] - ETA: 1:27 - loss: 0.3809 - mae: 0.2349 - mse: 0.1177 - ssim_metric: 0.4678
217/326 [==================>...........] - ETA: 1:27 - loss: 0.3810 - mae: 0.2349 - mse: 0.1178 - ssim_metric: 0.4677
218/326 [===================>..........] - ETA: 1:26 - loss: 0.3810 - mae: 0.2349 - mse: 0.1178 - ssim_metric: 0.4677
219/326 [===================>..........] - ETA: 1:25 - loss: 0.3810 - mae: 0.2349 - mse: 0.1178 - ssim_metric: 0.4677
220/326 [===================>..........] - ETA: 1:24 - loss: 0.3812 - mae: 0.2351 - mse: 0.1179 - ssim_metric: 0.4672
221/326 [===================>..........] - ETA: 1:23 - loss: 0.3815 - mae: 0.2353 - mse: 0.1180 - ssim_metric: 0.4668
222/326 [===================>..........] - ETA: 1:23 - loss: 0.3817 - mae: 0.2355 - mse: 0.1181 - ssim_metric: 0.4663
223/326 [===================>..........] - ETA: 1:22 - loss: 0.3815 - mae: 0.2355 - mse: 0.1180 - ssim_metric: 0.4663
224/326 [===================>..........] - ETA: 1:21 - loss: 0.3817 - mae: 0.2356 - mse: 0.1181 - ssim_metric: 0.4660
225/326 [===================>..........] - ETA: 1:20 - loss: 0.3819 - mae: 0.2357 - mse: 0.1182 - ssim_metric: 0.4658
226/326 [===================>..........] - ETA: 1:19 - loss: 0.3820 - mae: 0.2358 - mse: 0.1182 - ssim_metric: 0.4658
227/326 [===================>..........] - ETA: 1:19 - loss: 0.3817 - mae: 0.2356 - mse: 0.1181 - ssim_metric: 0.4661
228/326 [===================>..........] - ETA: 1:18 - loss: 0.3817 - mae: 0.2356 - mse: 0.1181 - ssim_metric: 0.4663
229/326 [====================>.........] - ETA: 1:17 - loss: 0.3820 - mae: 0.2358 - mse: 0.1182 - ssim_metric: 0.4659
230/326 [====================>.........] - ETA: 1:16 - loss: 0.3820 - mae: 0.2358 - mse: 0.1182 - ssim_metric: 0.4659
231/326 [====================>.........] - ETA: 1:15 - loss: 0.3819 - mae: 0.2357 - mse: 0.1182 - ssim_metric: 0.4659
232/326 [====================>.........] - ETA: 1:15 - loss: 0.3817 - mae: 0.2357 - mse: 0.1181 - ssim_metric: 0.4660
233/326 [====================>.........] - ETA: 1:14 - loss: 0.3819 - mae: 0.2357 - mse: 0.1182 - ssim_metric: 0.4661
234/326 [====================>.........] - ETA: 1:13 - loss: 0.3821 - mae: 0.2359 - mse: 0.1183 - ssim_metric: 0.4657
235/326 [====================>.........] - ETA: 1:12 - loss: 0.3821 - mae: 0.2359 - mse: 0.1183 - ssim_metric: 0.4657
236/326 [====================>.........] - ETA: 1:11 - loss: 0.3816 - mae: 0.2356 - mse: 0.1181 - ssim_metric: 0.4662
237/326 [====================>.........] - ETA: 1:11 - loss: 0.3814 - mae: 0.2354 - mse: 0.1180 - ssim_metric: 0.4666
238/326 [====================>.........] - ETA: 1:10 - loss: 0.3816 - mae: 0.2355 - mse: 0.1181 - ssim_metric: 0.4666
239/326 [====================>.........] - ETA: 1:09 - loss: 0.3811 - mae: 0.2352 - mse: 0.1179 - ssim_metric: 0.4672
240/326 [=====================>........] - ETA: 1:08 - loss: 0.3810 - mae: 0.2351 - mse: 0.1179 - ssim_metric: 0.4675
241/326 [=====================>........] - ETA: 1:07 - loss: 0.3809 - mae: 0.2350 - mse: 0.1179 - ssim_metric: 0.4677
242/326 [=====================>........] - ETA: 1:07 - loss: 0.3805 - mae: 0.2348 - mse: 0.1177 - ssim_metric: 0.4681
243/326 [=====================>........] - ETA: 1:06 - loss: 0.3804 - mae: 0.2347 - mse: 0.1177 - ssim_metric: 0.4685
244/326 [=====================>........] - ETA: 1:05 - loss: 0.3805 - mae: 0.2347 - mse: 0.1177 - ssim_metric: 0.4686
245/326 [=====================>........] - ETA: 1:04 - loss: 0.3806 - mae: 0.2348 - mse: 0.1177 - ssim_metric: 0.4685
246/326 [=====================>........] - ETA: 1:03 - loss: 0.3805 - mae: 0.2347 - mse: 0.1177 - ssim_metric: 0.4687
247/326 [=====================>........] - ETA: 1:03 - loss: 0.3804 - mae: 0.2347 - mse: 0.1177 - ssim_metric: 0.4686
248/326 [=====================>........] - ETA: 1:02 - loss: 0.3808 - mae: 0.2349 - mse: 0.1178 - ssim_metric: 0.4685
249/326 [=====================>........] - ETA: 1:01 - loss: 0.3810 - mae: 0.2350 - mse: 0.1179 - ssim_metric: 0.4682
250/326 [======================>.......] - ETA: 1:00 - loss: 0.3808 - mae: 0.2350 - mse: 0.1178 - ssim_metric: 0.4681
251/326 [======================>.......] - ETA: 59s - loss: 0.3807 - mae: 0.2350 - mse: 0.1178 - ssim_metric: 0.4680 
252/326 [======================>.......] - ETA: 59s - loss: 0.3803 - mae: 0.2349 - mse: 0.1176 - ssim_metric: 0.4682
253/326 [======================>.......] - ETA: 58s - loss: 0.3809 - mae: 0.2351 - mse: 0.1178 - ssim_metric: 0.4681
254/326 [======================>.......] - ETA: 57s - loss: 0.3809 - mae: 0.2351 - mse: 0.1178 - ssim_metric: 0.4681
255/326 [======================>.......] - ETA: 56s - loss: 0.3806 - mae: 0.2350 - mse: 0.1177 - ssim_metric: 0.4683
256/326 [======================>.......] - ETA: 55s - loss: 0.3808 - mae: 0.2350 - mse: 0.1178 - ssim_metric: 0.4682
257/326 [======================>.......] - ETA: 55s - loss: 0.3808 - mae: 0.2350 - mse: 0.1178 - ssim_metric: 0.4683
258/326 [======================>.......] - ETA: 54s - loss: 0.3810 - mae: 0.2351 - mse: 0.1179 - ssim_metric: 0.4682
259/326 [======================>.......] - ETA: 53s - loss: 0.3812 - mae: 0.2352 - mse: 0.1179 - ssim_metric: 0.4680
260/326 [======================>.......] - ETA: 52s - loss: 0.3809 - mae: 0.2350 - mse: 0.1178 - ssim_metric: 0.4682
261/326 [=======================>......] - ETA: 51s - loss: 0.3811 - mae: 0.2350 - mse: 0.1179 - ssim_metric: 0.4682
262/326 [=======================>......] - ETA: 51s - loss: 0.3807 - mae: 0.2348 - mse: 0.1177 - ssim_metric: 0.4683
263/326 [=======================>......] - ETA: 50s - loss: 0.3812 - mae: 0.2350 - mse: 0.1179 - ssim_metric: 0.4680
264/326 [=======================>......] - ETA: 49s - loss: 0.3812 - mae: 0.2351 - mse: 0.1179 - ssim_metric: 0.4680
265/326 [=======================>......] - ETA: 48s - loss: 0.3813 - mae: 0.2352 - mse: 0.1180 - ssim_metric: 0.4677
266/326 [=======================>......] - ETA: 47s - loss: 0.3814 - mae: 0.2353 - mse: 0.1180 - ssim_metric: 0.4673
267/326 [=======================>......] - ETA: 47s - loss: 0.3815 - mae: 0.2355 - mse: 0.1180 - ssim_metric: 0.4669
268/326 [=======================>......] - ETA: 46s - loss: 0.3816 - mae: 0.2356 - mse: 0.1181 - ssim_metric: 0.4665
269/326 [=======================>......] - ETA: 45s - loss: 0.3815 - mae: 0.2356 - mse: 0.1180 - ssim_metric: 0.4664
270/326 [=======================>......] - ETA: 44s - loss: 0.3817 - mae: 0.2357 - mse: 0.1181 - ssim_metric: 0.4662
271/326 [=======================>......] - ETA: 43s - loss: 0.3818 - mae: 0.2358 - mse: 0.1181 - ssim_metric: 0.4661
272/326 [========================>.....] - ETA: 43s - loss: 0.3817 - mae: 0.2358 - mse: 0.1181 - ssim_metric: 0.4662
273/326 [========================>.....] - ETA: 42s - loss: 0.3814 - mae: 0.2356 - mse: 0.1180 - ssim_metric: 0.4665
274/326 [========================>.....] - ETA: 41s - loss: 0.3815 - mae: 0.2357 - mse: 0.1181 - ssim_metric: 0.4664
275/326 [========================>.....] - ETA: 40s - loss: 0.3817 - mae: 0.2357 - mse: 0.1181 - ssim_metric: 0.4667
276/326 [========================>.....] - ETA: 39s - loss: 0.3817 - mae: 0.2357 - mse: 0.1181 - ssim_metric: 0.4667
277/326 [========================>.....] - ETA: 39s - loss: 0.3820 - mae: 0.2358 - mse: 0.1182 - ssim_metric: 0.4665
278/326 [========================>.....] - ETA: 38s - loss: 0.3819 - mae: 0.2358 - mse: 0.1182 - ssim_metric: 0.4666
279/326 [========================>.....] - ETA: 37s - loss: 0.3816 - mae: 0.2356 - mse: 0.1181 - ssim_metric: 0.4670
280/326 [========================>.....] - ETA: 36s - loss: 0.3815 - mae: 0.2356 - mse: 0.1181 - ssim_metric: 0.4670
281/326 [========================>.....] - ETA: 35s - loss: 0.3819 - mae: 0.2357 - mse: 0.1182 - ssim_metric: 0.4669
282/326 [========================>.....] - ETA: 35s - loss: 0.3820 - mae: 0.2358 - mse: 0.1182 - ssim_metric: 0.4669
283/326 [=========================>....] - ETA: 34s - loss: 0.3824 - mae: 0.2359 - mse: 0.1184 - ssim_metric: 0.4667
284/326 [=========================>....] - ETA: 33s - loss: 0.3823 - mae: 0.2360 - mse: 0.1183 - ssim_metric: 0.4666
285/326 [=========================>....] - ETA: 32s - loss: 0.3825 - mae: 0.2362 - mse: 0.1184 - ssim_metric: 0.4662
286/326 [=========================>....] - ETA: 31s - loss: 0.3825 - mae: 0.2363 - mse: 0.1184 - ssim_metric: 0.4660
287/326 [=========================>....] - ETA: 31s - loss: 0.3829 - mae: 0.2364 - mse: 0.1185 - ssim_metric: 0.4658
288/326 [=========================>....] - ETA: 30s - loss: 0.3833 - mae: 0.2366 - mse: 0.1187 - ssim_metric: 0.4654
289/326 [=========================>....] - ETA: 29s - loss: 0.3833 - mae: 0.2367 - mse: 0.1187 - ssim_metric: 0.4653
290/326 [=========================>....] - ETA: 28s - loss: 0.3836 - mae: 0.2368 - mse: 0.1188 - ssim_metric: 0.4651
291/326 [=========================>....] - ETA: 27s - loss: 0.3838 - mae: 0.2370 - mse: 0.1189 - ssim_metric: 0.4649
292/326 [=========================>....] - ETA: 27s - loss: 0.3835 - mae: 0.2369 - mse: 0.1188 - ssim_metric: 0.4648
293/326 [=========================>....] - ETA: 26s - loss: 0.3834 - mae: 0.2369 - mse: 0.1187 - ssim_metric: 0.4648
294/326 [==========================>...] - ETA: 25s - loss: 0.3837 - mae: 0.2370 - mse: 0.1188 - ssim_metric: 0.4645
295/326 [==========================>...] - ETA: 24s - loss: 0.3837 - mae: 0.2371 - mse: 0.1188 - ssim_metric: 0.4645
296/326 [==========================>...] - ETA: 23s - loss: 0.3834 - mae: 0.2370 - mse: 0.1187 - ssim_metric: 0.4647
297/326 [==========================>...] - ETA: 23s - loss: 0.3836 - mae: 0.2370 - mse: 0.1188 - ssim_metric: 0.4648
298/326 [==========================>...] - ETA: 22s - loss: 0.3832 - mae: 0.2368 - mse: 0.1186 - ssim_metric: 0.4652
299/326 [==========================>...] - ETA: 21s - loss: 0.3830 - mae: 0.2366 - mse: 0.1185 - ssim_metric: 0.4655
300/326 [==========================>...] - ETA: 20s - loss: 0.3830 - mae: 0.2366 - mse: 0.1185 - ssim_metric: 0.4657
301/326 [==========================>...] - ETA: 19s - loss: 0.3827 - mae: 0.2364 - mse: 0.1185 - ssim_metric: 0.4661
302/326 [==========================>...] - ETA: 19s - loss: 0.3831 - mae: 0.2366 - mse: 0.1186 - ssim_metric: 0.4658
303/326 [==========================>...] - ETA: 18s - loss: 0.3831 - mae: 0.2365 - mse: 0.1186 - ssim_metric: 0.4659
304/326 [==========================>...] - ETA: 17s - loss: 0.3832 - mae: 0.2366 - mse: 0.1186 - ssim_metric: 0.4658
305/326 [===========================>..] - ETA: 16s - loss: 0.3832 - mae: 0.2366 - mse: 0.1186 - ssim_metric: 0.4658
306/326 [===========================>..] - ETA: 15s - loss: 0.3831 - mae: 0.2366 - mse: 0.1186 - ssim_metric: 0.4656
307/326 [===========================>..] - ETA: 15s - loss: 0.3832 - mae: 0.2367 - mse: 0.1187 - ssim_metric: 0.4654
308/326 [===========================>..] - ETA: 14s - loss: 0.3831 - mae: 0.2366 - mse: 0.1186 - ssim_metric: 0.4656
309/326 [===========================>..] - ETA: 13s - loss: 0.3831 - mae: 0.2366 - mse: 0.1186 - ssim_metric: 0.4656
310/326 [===========================>..] - ETA: 12s - loss: 0.3831 - mae: 0.2367 - mse: 0.1186 - ssim_metric: 0.4655
311/326 [===========================>..] - ETA: 11s - loss: 0.3830 - mae: 0.2366 - mse: 0.1186 - ssim_metric: 0.4656
312/326 [===========================>..] - ETA: 11s - loss: 0.3829 - mae: 0.2366 - mse: 0.1185 - ssim_metric: 0.4655
313/326 [===========================>..] - ETA: 10s - loss: 0.3830 - mae: 0.2366 - mse: 0.1186 - ssim_metric: 0.4655
314/326 [===========================>..] - ETA: 9s - loss: 0.3833 - mae: 0.2366 - mse: 0.1187 - ssim_metric: 0.4657 
315/326 [===========================>..] - ETA: 8s - loss: 0.3835 - mae: 0.2367 - mse: 0.1187 - ssim_metric: 0.4655
316/326 [============================>.] - ETA: 7s - loss: 0.3834 - mae: 0.2367 - mse: 0.1187 - ssim_metric: 0.4654
317/326 [============================>.] - ETA: 7s - loss: 0.3832 - mae: 0.2366 - mse: 0.1186 - ssim_metric: 0.4656
318/326 [============================>.] - ETA: 6s - loss: 0.3830 - mae: 0.2366 - mse: 0.1186 - ssim_metric: 0.4656
319/326 [============================>.] - ETA: 5s - loss: 0.3836 - mae: 0.2368 - mse: 0.1188 - ssim_metric: 0.4654
320/326 [============================>.] - ETA: 4s - loss: 0.3835 - mae: 0.2368 - mse: 0.1187 - ssim_metric: 0.4652
321/326 [============================>.] - ETA: 3s - loss: 0.3836 - mae: 0.2369 - mse: 0.1188 - ssim_metric: 0.4650
322/326 [============================>.] - ETA: 3s - loss: 0.3834 - mae: 0.2369 - mse: 0.1187 - ssim_metric: 0.4650
323/326 [============================>.] - ETA: 2s - loss: 0.3834 - mae: 0.2368 - mse: 0.1187 - ssim_metric: 0.4651
324/326 [============================>.] - ETA: 1s - loss: 0.3838 - mae: 0.2370 - mse: 0.1188 - ssim_metric: 0.4648
325/326 [============================>.] - ETA: 0s - loss: 0.3838 - mae: 0.2370 - mse: 0.1188 - ssim_metric: 0.4647
326/326 [==============================] - ETA: 0s - loss: 0.3840 - mae: 0.2371 - mse: 0.1189 - ssim_metric: 0.4647
Epoch 16: saving model to C:\d_surucusu\visual_navigation\benchmark\models_pipeline\20260909_223425\bce_b32\_JOB_bce_b32_10_09_2026__11_08_model_f48_k4_epoch_00016_helu_osigmoid_(1, 1)_.h5

Epoch 16: val_loss improved from 0.35040 to 0.34910, saving model to C:\d_surucusu\visual_navigation\benchmark\models_pipeline\20260909_223425\bce_b32\_JOB_bce_b32_10_09_2026__11_08_best_val_loss_model_f48_k4.h5

Epoch 16: val_mae improved from 0.22200 to 0.22077, saving model to C:\d_surucusu\visual_navigation\benchmark\models_pipeline\20260909_223425\bce_b32\_JOB_bce_b32_10_09_2026__11_08_best_mae_model_f48_k4.h5

Epoch 16: val_ssim_metric did not improve from 0.59927

326/326 [==============================] - 276s 847ms/step - loss: 0.3840 - mae: 0.2371 - mse: 0.1189 - ssim_metric: 0.4647 - val_loss: 0.3491 - val_mae: 0.2208 - val_mse: 0.1061 - val_ssim_metric: 0.4835
Epoch 17/20

  1/326 [..............................] - ETA: 4:38 - loss: 0.4084 - mae: 0.2524 - mse: 0.1306 - ssim_metric: 0.4213
  2/326 [..............................] - ETA: 4:18 - loss: 0.4056 - mae: 0.2471 - mse: 0.1280 - ssim_metric: 0.4500
  3/326 [..............................] - ETA: 4:18 - loss: 0.4242 - mae: 0.2620 - mse: 0.1346 - ssim_metric: 0.4266
  4/326 [..............................] - ETA: 4:17 - loss: 0.4164 - mae: 0.2598 - mse: 0.1317 - ssim_metric: 0.4201
  5/326 [..............................] - ETA: 4:16 - loss: 0.4065 - mae: 0.2565 - mse: 0.1281 - ssim_metric: 0.4241
  6/326 [..............................] - ETA: 4:15 - loss: 0.4048 - mae: 0.2591 - mse: 0.1274 - ssim_metric: 0.4125
  7/326 [..............................] - ETA: 4:14 - loss: 0.4023 - mae: 0.2594 - mse: 0.1263 - ssim_metric: 0.4089
  8/326 [..............................] - ETA: 4:13 - loss: 0.3915 - mae: 0.2530 - mse: 0.1221 - ssim_metric: 0.4186
  9/326 [..............................] - ETA: 4:13 - loss: 0.3814 - mae: 0.2468 - mse: 0.1184 - ssim_metric: 0.4310
 10/326 [..............................] - ETA: 4:12 - loss: 0.3789 - mae: 0.2442 - mse: 0.1175 - ssim_metric: 0.4400
 11/326 [>.............................] - ETA: 4:11 - loss: 0.3823 - mae: 0.2446 - mse: 0.1191 - ssim_metric: 0.4450
 12/326 [>.............................] - ETA: 4:10 - loss: 0.3824 - mae: 0.2427 - mse: 0.1192 - ssim_metric: 0.4512
 13/326 [>.............................] - ETA: 4:09 - loss: 0.3876 - mae: 0.2428 - mse: 0.1210 - ssim_metric: 0.4546
 14/326 [>.............................] - ETA: 4:08 - loss: 0.4004 - mae: 0.2472 - mse: 0.1252 - ssim_metric: 0.4501
 15/326 [>.............................] - ETA: 4:08 - loss: 0.3907 - mae: 0.2418 - mse: 0.1218 - ssim_metric: 0.4609
 16/326 [>.............................] - ETA: 4:07 - loss: 0.3945 - mae: 0.2436 - mse: 0.1232 - ssim_metric: 0.4592
 17/326 [>.............................] - ETA: 4:06 - loss: 0.3934 - mae: 0.2437 - mse: 0.1228 - ssim_metric: 0.4587
 18/326 [>.............................] - ETA: 4:05 - loss: 0.3960 - mae: 0.2464 - mse: 0.1239 - ssim_metric: 0.4528
 19/326 [>.............................] - ETA: 4:04 - loss: 0.3966 - mae: 0.2478 - mse: 0.1241 - ssim_metric: 0.4498
 20/326 [>.............................] - ETA: 4:04 - loss: 0.3924 - mae: 0.2468 - mse: 0.1224 - ssim_metric: 0.4485
 21/326 [>.............................] - ETA: 4:03 - loss: 0.3876 - mae: 0.2447 - mse: 0.1205 - ssim_metric: 0.4505
 22/326 [=>............................] - ETA: 4:02 - loss: 0.3835 - mae: 0.2425 - mse: 0.1190 - ssim_metric: 0.4530
 23/326 [=>............................] - ETA: 4:01 - loss: 0.3799 - mae: 0.2399 - mse: 0.1177 - ssim_metric: 0.4595
 24/326 [=>............................] - ETA: 4:00 - loss: 0.3786 - mae: 0.2387 - mse: 0.1172 - ssim_metric: 0.4618
 25/326 [=>............................] - ETA: 4:00 - loss: 0.3824 - mae: 0.2397 - mse: 0.1186 - ssim_metric: 0.4603
 26/326 [=>............................] - ETA: 3:59 - loss: 0.3832 - mae: 0.2393 - mse: 0.1190 - ssim_metric: 0.4620
 27/326 [=>............................] - ETA: 3:58 - loss: 0.3820 - mae: 0.2382 - mse: 0.1185 - ssim_metric: 0.4647
 28/326 [=>............................] - ETA: 3:57 - loss: 0.3842 - mae: 0.2379 - mse: 0.1191 - ssim_metric: 0.4657
 29/326 [=>............................] - ETA: 3:56 - loss: 0.3830 - mae: 0.2371 - mse: 0.1187 - ssim_metric: 0.4666
 30/326 [=>............................] - ETA: 3:56 - loss: 0.3866 - mae: 0.2381 - mse: 0.1198 - ssim_metric: 0.4652
 31/326 [=>............................] - ETA: 3:55 - loss: 0.3867 - mae: 0.2384 - mse: 0.1199 - ssim_metric: 0.4632
 32/326 [=>............................] - ETA: 3:54 - loss: 0.3878 - mae: 0.2394 - mse: 0.1205 - ssim_metric: 0.4606
 33/326 [==>...........................] - ETA: 3:53 - loss: 0.3849 - mae: 0.2385 - mse: 0.1192 - ssim_metric: 0.4598
 34/326 [==>...........................] - ETA: 3:52 - loss: 0.3862 - mae: 0.2396 - mse: 0.1198 - ssim_metric: 0.4563
 35/326 [==>...........................] - ETA: 3:52 - loss: 0.3843 - mae: 0.2388 - mse: 0.1190 - ssim_metric: 0.4572
 36/326 [==>...........................] - ETA: 3:51 - loss: 0.3843 - mae: 0.2393 - mse: 0.1191 - ssim_metric: 0.4558
 37/326 [==>...........................] - ETA: 3:50 - loss: 0.3814 - mae: 0.2377 - mse: 0.1180 - ssim_metric: 0.4586
 38/326 [==>...........................] - ETA: 3:49 - loss: 0.3795 - mae: 0.2366 - mse: 0.1173 - ssim_metric: 0.4603
 39/326 [==>...........................] - ETA: 3:49 - loss: 0.3795 - mae: 0.2362 - mse: 0.1173 - ssim_metric: 0.4615
 40/326 [==>...........................] - ETA: 3:48 - loss: 0.3780 - mae: 0.2353 - mse: 0.1168 - ssim_metric: 0.4633
 41/326 [==>...........................] - ETA: 3:47 - loss: 0.3763 - mae: 0.2338 - mse: 0.1162 - ssim_metric: 0.4668
 42/326 [==>...........................] - ETA: 3:46 - loss: 0.3724 - mae: 0.2314 - mse: 0.1148 - ssim_metric: 0.4714
 43/326 [==>...........................] - ETA: 3:45 - loss: 0.3726 - mae: 0.2308 - mse: 0.1148 - ssim_metric: 0.4731
 44/326 [===>..........................] - ETA: 3:45 - loss: 0.3735 - mae: 0.2307 - mse: 0.1152 - ssim_metric: 0.4740
 45/326 [===>..........................] - ETA: 3:44 - loss: 0.3758 - mae: 0.2317 - mse: 0.1161 - ssim_metric: 0.4719
 46/326 [===>..........................] - ETA: 3:43 - loss: 0.3761 - mae: 0.2317 - mse: 0.1162 - ssim_metric: 0.4720
 47/326 [===>..........................] - ETA: 3:42 - loss: 0.3749 - mae: 0.2313 - mse: 0.1158 - ssim_metric: 0.4719
 48/326 [===>..........................] - ETA: 3:41 - loss: 0.3721 - mae: 0.2300 - mse: 0.1147 - ssim_metric: 0.4728
 49/326 [===>..........................] - ETA: 3:41 - loss: 0.3757 - mae: 0.2311 - mse: 0.1158 - ssim_metric: 0.4713
 50/326 [===>..........................] - ETA: 3:40 - loss: 0.3754 - mae: 0.2311 - mse: 0.1158 - ssim_metric: 0.4712
 51/326 [===>..........................] - ETA: 3:39 - loss: 0.3736 - mae: 0.2305 - mse: 0.1151 - ssim_metric: 0.4710
 52/326 [===>..........................] - ETA: 3:38 - loss: 0.3742 - mae: 0.2307 - mse: 0.1153 - ssim_metric: 0.4711
 53/326 [===>..........................] - ETA: 3:37 - loss: 0.3737 - mae: 0.2305 - mse: 0.1151 - ssim_metric: 0.4712
 54/326 [===>..........................] - ETA: 3:37 - loss: 0.3747 - mae: 0.2307 - mse: 0.1155 - ssim_metric: 0.4713
 55/326 [====>.........................] - ETA: 3:36 - loss: 0.3750 - mae: 0.2309 - mse: 0.1156 - ssim_metric: 0.4710
 56/326 [====>.........................] - ETA: 3:35 - loss: 0.3747 - mae: 0.2309 - mse: 0.1155 - ssim_metric: 0.4705
 57/326 [====>.........................] - ETA: 3:34 - loss: 0.3735 - mae: 0.2304 - mse: 0.1150 - ssim_metric: 0.4710
 58/326 [====>.........................] - ETA: 3:33 - loss: 0.3747 - mae: 0.2310 - mse: 0.1156 - ssim_metric: 0.4705
 59/326 [====>.........................] - ETA: 3:33 - loss: 0.3756 - mae: 0.2314 - mse: 0.1158 - ssim_metric: 0.4697
 60/326 [====>.........................] - ETA: 3:32 - loss: 0.3763 - mae: 0.2319 - mse: 0.1162 - ssim_metric: 0.4693
 61/326 [====>.........................] - ETA: 3:31 - loss: 0.3743 - mae: 0.2309 - mse: 0.1155 - ssim_metric: 0.4713
 62/326 [====>.........................] - ETA: 3:30 - loss: 0.3728 - mae: 0.2302 - mse: 0.1149 - ssim_metric: 0.4721
 63/326 [====>.........................] - ETA: 3:29 - loss: 0.3736 - mae: 0.2307 - mse: 0.1152 - ssim_metric: 0.4712
 64/326 [====>.........................] - ETA: 3:29 - loss: 0.3726 - mae: 0.2301 - mse: 0.1148 - ssim_metric: 0.4724
 65/326 [====>.........................] - ETA: 3:28 - loss: 0.3713 - mae: 0.2293 - mse: 0.1143 - ssim_metric: 0.4743
 66/326 [=====>........................] - ETA: 3:27 - loss: 0.3726 - mae: 0.2299 - mse: 0.1148 - ssim_metric: 0.4737
 67/326 [=====>........................] - ETA: 3:26 - loss: 0.3725 - mae: 0.2298 - mse: 0.1148 - ssim_metric: 0.4734
 68/326 [=====>........................] - ETA: 3:25 - loss: 0.3723 - mae: 0.2295 - mse: 0.1148 - ssim_metric: 0.4742
 69/326 [=====>........................] - ETA: 3:25 - loss: 0.3725 - mae: 0.2296 - mse: 0.1149 - ssim_metric: 0.4739
 70/326 [=====>........................] - ETA: 3:24 - loss: 0.3724 - mae: 0.2295 - mse: 0.1149 - ssim_metric: 0.4744
 71/326 [=====>........................] - ETA: 3:23 - loss: 0.3722 - mae: 0.2294 - mse: 0.1149 - ssim_metric: 0.4744
 72/326 [=====>........................] - ETA: 3:22 - loss: 0.3747 - mae: 0.2302 - mse: 0.1156 - ssim_metric: 0.4732
 73/326 [=====>........................] - ETA: 3:21 - loss: 0.3746 - mae: 0.2302 - mse: 0.1156 - ssim_metric: 0.4730
 74/326 [=====>........................] - ETA: 3:21 - loss: 0.3743 - mae: 0.2303 - mse: 0.1155 - ssim_metric: 0.4722
 75/326 [=====>........................] - ETA: 3:20 - loss: 0.3735 - mae: 0.2301 - mse: 0.1152 - ssim_metric: 0.4719
 76/326 [=====>........................] - ETA: 3:19 - loss: 0.3722 - mae: 0.2296 - mse: 0.1147 - ssim_metric: 0.4721
 77/326 [======>.......................] - ETA: 3:18 - loss: 0.3729 - mae: 0.2302 - mse: 0.1149 - ssim_metric: 0.4707
 78/326 [======>.......................] - ETA: 3:17 - loss: 0.3726 - mae: 0.2302 - mse: 0.1149 - ssim_metric: 0.4709
 79/326 [======>.......................] - ETA: 3:17 - loss: 0.3738 - mae: 0.2305 - mse: 0.1152 - ssim_metric: 0.4709
 80/326 [======>.......................] - ETA: 3:16 - loss: 0.3744 - mae: 0.2306 - mse: 0.1155 - ssim_metric: 0.4710
 81/326 [======>.......................] - ETA: 3:15 - loss: 0.3740 - mae: 0.2304 - mse: 0.1154 - ssim_metric: 0.4719
 82/326 [======>.......................] - ETA: 3:14 - loss: 0.3743 - mae: 0.2304 - mse: 0.1155 - ssim_metric: 0.4722
 83/326 [======>.......................] - ETA: 3:13 - loss: 0.3740 - mae: 0.2303 - mse: 0.1154 - ssim_metric: 0.4722
 84/326 [======>.......................] - ETA: 3:13 - loss: 0.3745 - mae: 0.2306 - mse: 0.1156 - ssim_metric: 0.4719
 85/326 [======>.......................] - ETA: 3:12 - loss: 0.3734 - mae: 0.2301 - mse: 0.1152 - ssim_metric: 0.4726
 86/326 [======>.......................] - ETA: 3:11 - loss: 0.3735 - mae: 0.2303 - mse: 0.1153 - ssim_metric: 0.4722
 87/326 [=======>......................] - ETA: 3:10 - loss: 0.3733 - mae: 0.2302 - mse: 0.1152 - ssim_metric: 0.4723
 88/326 [=======>......................] - ETA: 3:09 - loss: 0.3724 - mae: 0.2298 - mse: 0.1149 - ssim_metric: 0.4725
 89/326 [=======>......................] - ETA: 3:09 - loss: 0.3719 - mae: 0.2295 - mse: 0.1147 - ssim_metric: 0.4729
 90/326 [=======>......................] - ETA: 3:08 - loss: 0.3728 - mae: 0.2299 - mse: 0.1150 - ssim_metric: 0.4723
 91/326 [=======>......................] - ETA: 3:07 - loss: 0.3727 - mae: 0.2298 - mse: 0.1150 - ssim_metric: 0.4727
 92/326 [=======>......................] - ETA: 3:06 - loss: 0.3725 - mae: 0.2297 - mse: 0.1149 - ssim_metric: 0.4728
 93/326 [=======>......................] - ETA: 3:05 - loss: 0.3735 - mae: 0.2299 - mse: 0.1152 - ssim_metric: 0.4732
 94/326 [=======>......................] - ETA: 3:05 - loss: 0.3743 - mae: 0.2300 - mse: 0.1154 - ssim_metric: 0.4734
 95/326 [=======>......................] - ETA: 3:04 - loss: 0.3753 - mae: 0.2304 - mse: 0.1158 - ssim_metric: 0.4728
 96/326 [=======>......................] - ETA: 3:03 - loss: 0.3750 - mae: 0.2303 - mse: 0.1157 - ssim_metric: 0.4728
 97/326 [=======>......................] - ETA: 3:02 - loss: 0.3748 - mae: 0.2304 - mse: 0.1156 - ssim_metric: 0.4726
 98/326 [========>.....................] - ETA: 3:01 - loss: 0.3742 - mae: 0.2303 - mse: 0.1154 - ssim_metric: 0.4726
 99/326 [========>.....................] - ETA: 3:01 - loss: 0.3738 - mae: 0.2303 - mse: 0.1153 - ssim_metric: 0.4724
100/326 [========>.....................] - ETA: 3:00 - loss: 0.3738 - mae: 0.2304 - mse: 0.1153 - ssim_metric: 0.4721
101/326 [========>.....................] - ETA: 2:59 - loss: 0.3732 - mae: 0.2302 - mse: 0.1150 - ssim_metric: 0.4723
102/326 [========>.....................] - ETA: 2:58 - loss: 0.3725 - mae: 0.2299 - mse: 0.1148 - ssim_metric: 0.4726
103/326 [========>.....................] - ETA: 2:58 - loss: 0.3742 - mae: 0.2303 - mse: 0.1152 - ssim_metric: 0.4723
104/326 [========>.....................] - ETA: 2:57 - loss: 0.3741 - mae: 0.2302 - mse: 0.1152 - ssim_metric: 0.4727
105/326 [========>.....................] - ETA: 2:56 - loss: 0.3737 - mae: 0.2299 - mse: 0.1151 - ssim_metric: 0.4732
106/326 [========>.....................] - ETA: 2:55 - loss: 0.3728 - mae: 0.2294 - mse: 0.1148 - ssim_metric: 0.4741
107/326 [========>.....................] - ETA: 2:54 - loss: 0.3727 - mae: 0.2293 - mse: 0.1147 - ssim_metric: 0.4745
108/326 [========>.....................] - ETA: 2:54 - loss: 0.3747 - mae: 0.2299 - mse: 0.1153 - ssim_metric: 0.4740
109/326 [=========>....................] - ETA: 2:53 - loss: 0.3744 - mae: 0.2297 - mse: 0.1152 - ssim_metric: 0.4746
110/326 [=========>....................] - ETA: 2:52 - loss: 0.3750 - mae: 0.2300 - mse: 0.1155 - ssim_metric: 0.4742
111/326 [=========>....................] - ETA: 2:51 - loss: 0.3746 - mae: 0.2299 - mse: 0.1153 - ssim_metric: 0.4743
112/326 [=========>....................] - ETA: 2:50 - loss: 0.3747 - mae: 0.2300 - mse: 0.1154 - ssim_metric: 0.4739
113/326 [=========>....................] - ETA: 2:50 - loss: 0.3747 - mae: 0.2301 - mse: 0.1154 - ssim_metric: 0.4739
114/326 [=========>....................] - ETA: 2:49 - loss: 0.3744 - mae: 0.2301 - mse: 0.1153 - ssim_metric: 0.4737
115/326 [=========>....................] - ETA: 2:48 - loss: 0.3747 - mae: 0.2303 - mse: 0.1154 - ssim_metric: 0.4731
116/326 [=========>....................] - ETA: 2:47 - loss: 0.3748 - mae: 0.2305 - mse: 0.1154 - ssim_metric: 0.4727
117/326 [=========>....................] - ETA: 2:46 - loss: 0.3752 - mae: 0.2308 - mse: 0.1156 - ssim_metric: 0.4724
118/326 [=========>....................] - ETA: 2:46 - loss: 0.3746 - mae: 0.2305 - mse: 0.1154 - ssim_metric: 0.4732
119/326 [=========>....................] - ETA: 2:45 - loss: 0.3743 - mae: 0.2303 - mse: 0.1152 - ssim_metric: 0.4738
120/326 [==========>...................] - ETA: 2:44 - loss: 0.3740 - mae: 0.2301 - mse: 0.1152 - ssim_metric: 0.4741
121/326 [==========>...................] - ETA: 2:43 - loss: 0.3735 - mae: 0.2298 - mse: 0.1150 - ssim_metric: 0.4750
122/326 [==========>...................] - ETA: 2:42 - loss: 0.3739 - mae: 0.2298 - mse: 0.1151 - ssim_metric: 0.4754
123/326 [==========>...................] - ETA: 2:42 - loss: 0.3743 - mae: 0.2298 - mse: 0.1152 - ssim_metric: 0.4754
124/326 [==========>...................] - ETA: 2:41 - loss: 0.3748 - mae: 0.2300 - mse: 0.1154 - ssim_metric: 0.4751
125/326 [==========>...................] - ETA: 2:40 - loss: 0.3750 - mae: 0.2300 - mse: 0.1155 - ssim_metric: 0.4754
126/326 [==========>...................] - ETA: 2:39 - loss: 0.3746 - mae: 0.2298 - mse: 0.1153 - ssim_metric: 0.4751
127/326 [==========>...................] - ETA: 2:38 - loss: 0.3743 - mae: 0.2298 - mse: 0.1152 - ssim_metric: 0.4750
128/326 [==========>...................] - ETA: 2:38 - loss: 0.3738 - mae: 0.2297 - mse: 0.1150 - ssim_metric: 0.4750
129/326 [==========>...................] - ETA: 2:37 - loss: 0.3739 - mae: 0.2298 - mse: 0.1150 - ssim_metric: 0.4749
130/326 [==========>...................] - ETA: 2:36 - loss: 0.3748 - mae: 0.2303 - mse: 0.1154 - ssim_metric: 0.4740
131/326 [===========>..................] - ETA: 2:35 - loss: 0.3751 - mae: 0.2305 - mse: 0.1155 - ssim_metric: 0.4738
132/326 [===========>..................] - ETA: 2:34 - loss: 0.3752 - mae: 0.2305 - mse: 0.1155 - ssim_metric: 0.4739
133/326 [===========>..................] - ETA: 2:34 - loss: 0.3751 - mae: 0.2305 - mse: 0.1155 - ssim_metric: 0.4739
134/326 [===========>..................] - ETA: 2:33 - loss: 0.3755 - mae: 0.2308 - mse: 0.1156 - ssim_metric: 0.4735
135/326 [===========>..................] - ETA: 2:32 - loss: 0.3758 - mae: 0.2311 - mse: 0.1158 - ssim_metric: 0.4730
136/326 [===========>..................] - ETA: 2:31 - loss: 0.3760 - mae: 0.2313 - mse: 0.1159 - ssim_metric: 0.4726
137/326 [===========>..................] - ETA: 2:30 - loss: 0.3756 - mae: 0.2312 - mse: 0.1157 - ssim_metric: 0.4726
138/326 [===========>..................] - ETA: 2:30 - loss: 0.3759 - mae: 0.2314 - mse: 0.1158 - ssim_metric: 0.4720
139/326 [===========>..................] - ETA: 2:29 - loss: 0.3757 - mae: 0.2314 - mse: 0.1158 - ssim_metric: 0.4719
140/326 [===========>..................] - ETA: 2:28 - loss: 0.3758 - mae: 0.2314 - mse: 0.1159 - ssim_metric: 0.4719
141/326 [===========>..................] - ETA: 2:27 - loss: 0.3758 - mae: 0.2314 - mse: 0.1159 - ssim_metric: 0.4721
142/326 [============>.................] - ETA: 2:26 - loss: 0.3755 - mae: 0.2312 - mse: 0.1158 - ssim_metric: 0.4727
143/326 [============>.................] - ETA: 2:26 - loss: 0.3757 - mae: 0.2313 - mse: 0.1158 - ssim_metric: 0.4725
144/326 [============>.................] - ETA: 2:25 - loss: 0.3755 - mae: 0.2312 - mse: 0.1158 - ssim_metric: 0.4726
145/326 [============>.................] - ETA: 2:24 - loss: 0.3753 - mae: 0.2310 - mse: 0.1157 - ssim_metric: 0.4730
146/326 [============>.................] - ETA: 2:23 - loss: 0.3751 - mae: 0.2309 - mse: 0.1156 - ssim_metric: 0.4733
147/326 [============>.................] - ETA: 2:22 - loss: 0.3758 - mae: 0.2311 - mse: 0.1159 - ssim_metric: 0.4729
148/326 [============>.................] - ETA: 2:22 - loss: 0.3754 - mae: 0.2310 - mse: 0.1157 - ssim_metric: 0.4731
149/326 [============>.................] - ETA: 2:21 - loss: 0.3757 - mae: 0.2313 - mse: 0.1159 - ssim_metric: 0.4724
150/326 [============>.................] - ETA: 2:20 - loss: 0.3755 - mae: 0.2312 - mse: 0.1158 - ssim_metric: 0.4722
151/326 [============>.................] - ETA: 2:19 - loss: 0.3761 - mae: 0.2317 - mse: 0.1160 - ssim_metric: 0.4713
152/326 [============>.................] - ETA: 2:18 - loss: 0.3767 - mae: 0.2319 - mse: 0.1162 - ssim_metric: 0.4710
153/326 [=============>................] - ETA: 2:18 - loss: 0.3763 - mae: 0.2318 - mse: 0.1161 - ssim_metric: 0.4710
154/326 [=============>................] - ETA: 2:17 - loss: 0.3762 - mae: 0.2317 - mse: 0.1160 - ssim_metric: 0.4709
155/326 [=============>................] - ETA: 2:16 - loss: 0.3764 - mae: 0.2318 - mse: 0.1161 - ssim_metric: 0.4709
156/326 [=============>................] - ETA: 2:15 - loss: 0.3761 - mae: 0.2316 - mse: 0.1160 - ssim_metric: 0.4711
157/326 [=============>................] - ETA: 2:14 - loss: 0.3762 - mae: 0.2317 - mse: 0.1160 - ssim_metric: 0.4709
158/326 [=============>................] - ETA: 2:14 - loss: 0.3771 - mae: 0.2319 - mse: 0.1163 - ssim_metric: 0.4709
159/326 [=============>................] - ETA: 2:13 - loss: 0.3773 - mae: 0.2320 - mse: 0.1164 - ssim_metric: 0.4708
160/326 [=============>................] - ETA: 2:12 - loss: 0.3772 - mae: 0.2320 - mse: 0.1163 - ssim_metric: 0.4709
161/326 [=============>................] - ETA: 2:11 - loss: 0.3774 - mae: 0.2323 - mse: 0.1165 - ssim_metric: 0.4704
162/326 [=============>................] - ETA: 2:10 - loss: 0.3771 - mae: 0.2322 - mse: 0.1164 - ssim_metric: 0.4702
163/326 [==============>...............] - ETA: 2:10 - loss: 0.3768 - mae: 0.2322 - mse: 0.1162 - ssim_metric: 0.4702
164/326 [==============>...............] - ETA: 2:09 - loss: 0.3767 - mae: 0.2321 - mse: 0.1162 - ssim_metric: 0.4703
165/326 [==============>...............] - ETA: 2:08 - loss: 0.3768 - mae: 0.2322 - mse: 0.1162 - ssim_metric: 0.4704
166/326 [==============>...............] - ETA: 2:07 - loss: 0.3775 - mae: 0.2324 - mse: 0.1165 - ssim_metric: 0.4700
167/326 [==============>...............] - ETA: 2:06 - loss: 0.3773 - mae: 0.2324 - mse: 0.1164 - ssim_metric: 0.4699
168/326 [==============>...............] - ETA: 2:06 - loss: 0.3777 - mae: 0.2327 - mse: 0.1166 - ssim_metric: 0.4697
169/326 [==============>...............] - ETA: 2:05 - loss: 0.3774 - mae: 0.2325 - mse: 0.1165 - ssim_metric: 0.4699
170/326 [==============>...............] - ETA: 2:04 - loss: 0.3776 - mae: 0.2327 - mse: 0.1166 - ssim_metric: 0.4697
171/326 [==============>...............] - ETA: 2:03 - loss: 0.3775 - mae: 0.2326 - mse: 0.1165 - ssim_metric: 0.4699
172/326 [==============>...............] - ETA: 2:02 - loss: 0.3771 - mae: 0.2323 - mse: 0.1164 - ssim_metric: 0.4705
173/326 [==============>...............] - ETA: 2:02 - loss: 0.3773 - mae: 0.2325 - mse: 0.1165 - ssim_metric: 0.4703
174/326 [===============>..............] - ETA: 2:01 - loss: 0.3772 - mae: 0.2324 - mse: 0.1164 - ssim_metric: 0.4702
175/326 [===============>..............] - ETA: 2:00 - loss: 0.3773 - mae: 0.2325 - mse: 0.1165 - ssim_metric: 0.4700
176/326 [===============>..............] - ETA: 1:59 - loss: 0.3773 - mae: 0.2325 - mse: 0.1165 - ssim_metric: 0.4700
177/326 [===============>..............] - ETA: 1:58 - loss: 0.3775 - mae: 0.2325 - mse: 0.1166 - ssim_metric: 0.4702
178/326 [===============>..............] - ETA: 1:58 - loss: 0.3785 - mae: 0.2329 - mse: 0.1169 - ssim_metric: 0.4697
179/326 [===============>..............] - ETA: 1:57 - loss: 0.3787 - mae: 0.2330 - mse: 0.1170 - ssim_metric: 0.4696
180/326 [===============>..............] - ETA: 1:56 - loss: 0.3787 - mae: 0.2331 - mse: 0.1170 - ssim_metric: 0.4691
181/326 [===============>..............] - ETA: 1:55 - loss: 0.3792 - mae: 0.2336 - mse: 0.1172 - ssim_metric: 0.4682
182/326 [===============>..............] - ETA: 1:54 - loss: 0.3792 - mae: 0.2337 - mse: 0.1172 - ssim_metric: 0.4677
183/326 [===============>..............] - ETA: 1:54 - loss: 0.3791 - mae: 0.2338 - mse: 0.1171 - ssim_metric: 0.4673
184/326 [===============>..............] - ETA: 1:53 - loss: 0.3791 - mae: 0.2339 - mse: 0.1172 - ssim_metric: 0.4672
185/326 [================>.............] - ETA: 1:52 - loss: 0.3793 - mae: 0.2341 - mse: 0.1172 - ssim_metric: 0.4670
186/326 [================>.............] - ETA: 1:51 - loss: 0.3799 - mae: 0.2345 - mse: 0.1175 - ssim_metric: 0.4662
187/326 [================>.............] - ETA: 1:50 - loss: 0.3803 - mae: 0.2347 - mse: 0.1176 - ssim_metric: 0.4661
188/326 [================>.............] - ETA: 1:50 - loss: 0.3807 - mae: 0.2348 - mse: 0.1177 - ssim_metric: 0.4664
189/326 [================>.............] - ETA: 1:49 - loss: 0.3805 - mae: 0.2347 - mse: 0.1176 - ssim_metric: 0.4665
190/326 [================>.............] - ETA: 1:48 - loss: 0.3802 - mae: 0.2346 - mse: 0.1175 - ssim_metric: 0.4665
191/326 [================>.............] - ETA: 1:47 - loss: 0.3801 - mae: 0.2346 - mse: 0.1175 - ssim_metric: 0.4665
192/326 [================>.............] - ETA: 1:46 - loss: 0.3800 - mae: 0.2345 - mse: 0.1174 - ssim_metric: 0.4668
193/326 [================>.............] - ETA: 1:46 - loss: 0.3801 - mae: 0.2346 - mse: 0.1175 - ssim_metric: 0.4669
194/326 [================>.............] - ETA: 1:45 - loss: 0.3796 - mae: 0.2343 - mse: 0.1173 - ssim_metric: 0.4674
195/326 [================>.............] - ETA: 1:44 - loss: 0.3799 - mae: 0.2342 - mse: 0.1174 - ssim_metric: 0.4677
196/326 [=================>............] - ETA: 1:43 - loss: 0.3803 - mae: 0.2343 - mse: 0.1175 - ssim_metric: 0.4677
197/326 [=================>............] - ETA: 1:42 - loss: 0.3800 - mae: 0.2342 - mse: 0.1175 - ssim_metric: 0.4680
198/326 [=================>............] - ETA: 1:42 - loss: 0.3799 - mae: 0.2341 - mse: 0.1174 - ssim_metric: 0.4680
199/326 [=================>............] - ETA: 1:41 - loss: 0.3800 - mae: 0.2342 - mse: 0.1174 - ssim_metric: 0.4680
200/326 [=================>............] - ETA: 1:40 - loss: 0.3800 - mae: 0.2343 - mse: 0.1174 - ssim_metric: 0.4678
201/326 [=================>............] - ETA: 1:39 - loss: 0.3800 - mae: 0.2343 - mse: 0.1174 - ssim_metric: 0.4676
202/326 [=================>............] - ETA: 1:38 - loss: 0.3804 - mae: 0.2344 - mse: 0.1176 - ssim_metric: 0.4677
203/326 [=================>............] - ETA: 1:38 - loss: 0.3809 - mae: 0.2347 - mse: 0.1178 - ssim_metric: 0.4672
204/326 [=================>............] - ETA: 1:37 - loss: 0.3807 - mae: 0.2347 - mse: 0.1177 - ssim_metric: 0.4671
205/326 [=================>............] - ETA: 1:36 - loss: 0.3804 - mae: 0.2346 - mse: 0.1175 - ssim_metric: 0.4672
206/326 [=================>............] - ETA: 1:35 - loss: 0.3803 - mae: 0.2346 - mse: 0.1175 - ssim_metric: 0.4672
207/326 [==================>...........] - ETA: 1:34 - loss: 0.3802 - mae: 0.2346 - mse: 0.1175 - ssim_metric: 0.4673
208/326 [==================>...........] - ETA: 1:34 - loss: 0.3801 - mae: 0.2345 - mse: 0.1175 - ssim_metric: 0.4675
209/326 [==================>...........] - ETA: 1:33 - loss: 0.3801 - mae: 0.2345 - mse: 0.1175 - ssim_metric: 0.4676
210/326 [==================>...........] - ETA: 1:32 - loss: 0.3803 - mae: 0.2346 - mse: 0.1175 - ssim_metric: 0.4675
211/326 [==================>...........] - ETA: 1:31 - loss: 0.3804 - mae: 0.2345 - mse: 0.1175 - ssim_metric: 0.4680
212/326 [==================>...........] - ETA: 1:30 - loss: 0.3802 - mae: 0.2345 - mse: 0.1175 - ssim_metric: 0.4681
213/326 [==================>...........] - ETA: 1:30 - loss: 0.3799 - mae: 0.2343 - mse: 0.1174 - ssim_metric: 0.4684
214/326 [==================>...........] - ETA: 1:29 - loss: 0.3800 - mae: 0.2343 - mse: 0.1174 - ssim_metric: 0.4683
215/326 [==================>...........] - ETA: 1:28 - loss: 0.3800 - mae: 0.2343 - mse: 0.1174 - ssim_metric: 0.4682
216/326 [==================>...........] - ETA: 1:27 - loss: 0.3798 - mae: 0.2342 - mse: 0.1174 - ssim_metric: 0.4684
217/326 [==================>...........] - ETA: 1:27 - loss: 0.3799 - mae: 0.2342 - mse: 0.1174 - ssim_metric: 0.4684
218/326 [===================>..........] - ETA: 1:26 - loss: 0.3799 - mae: 0.2343 - mse: 0.1174 - ssim_metric: 0.4683
219/326 [===================>..........] - ETA: 1:25 - loss: 0.3799 - mae: 0.2342 - mse: 0.1174 - ssim_metric: 0.4684
220/326 [===================>..........] - ETA: 1:24 - loss: 0.3802 - mae: 0.2344 - mse: 0.1175 - ssim_metric: 0.4679
221/326 [===================>..........] - ETA: 1:23 - loss: 0.3804 - mae: 0.2346 - mse: 0.1176 - ssim_metric: 0.4674
222/326 [===================>..........] - ETA: 1:23 - loss: 0.3806 - mae: 0.2348 - mse: 0.1177 - ssim_metric: 0.4669
223/326 [===================>..........] - ETA: 1:22 - loss: 0.3804 - mae: 0.2348 - mse: 0.1176 - ssim_metric: 0.4669
224/326 [===================>..........] - ETA: 1:21 - loss: 0.3806 - mae: 0.2349 - mse: 0.1177 - ssim_metric: 0.4666
225/326 [===================>..........] - ETA: 1:20 - loss: 0.3808 - mae: 0.2351 - mse: 0.1178 - ssim_metric: 0.4664
226/326 [===================>..........] - ETA: 1:19 - loss: 0.3809 - mae: 0.2351 - mse: 0.1178 - ssim_metric: 0.4664
227/326 [===================>..........] - ETA: 1:19 - loss: 0.3807 - mae: 0.2349 - mse: 0.1177 - ssim_metric: 0.4667
228/326 [===================>..........] - ETA: 1:18 - loss: 0.3806 - mae: 0.2349 - mse: 0.1177 - ssim_metric: 0.4668
229/326 [====================>.........] - ETA: 1:17 - loss: 0.3809 - mae: 0.2351 - mse: 0.1178 - ssim_metric: 0.4665
230/326 [====================>.........] - ETA: 1:16 - loss: 0.3809 - mae: 0.2351 - mse: 0.1178 - ssim_metric: 0.4664
231/326 [====================>.........] - ETA: 1:15 - loss: 0.3808 - mae: 0.2350 - mse: 0.1178 - ssim_metric: 0.4665
232/326 [====================>.........] - ETA: 1:15 - loss: 0.3806 - mae: 0.2350 - mse: 0.1177 - ssim_metric: 0.4665
233/326 [====================>.........] - ETA: 1:14 - loss: 0.3808 - mae: 0.2350 - mse: 0.1178 - ssim_metric: 0.4666
234/326 [====================>.........] - ETA: 1:13 - loss: 0.3811 - mae: 0.2352 - mse: 0.1179 - ssim_metric: 0.4662
235/326 [====================>.........] - ETA: 1:12 - loss: 0.3810 - mae: 0.2352 - mse: 0.1179 - ssim_metric: 0.4662
236/326 [====================>.........] - ETA: 1:11 - loss: 0.3805 - mae: 0.2349 - mse: 0.1177 - ssim_metric: 0.4667
237/326 [====================>.........] - ETA: 1:11 - loss: 0.3803 - mae: 0.2348 - mse: 0.1176 - ssim_metric: 0.4672
238/326 [====================>.........] - ETA: 1:10 - loss: 0.3805 - mae: 0.2348 - mse: 0.1177 - ssim_metric: 0.4672
239/326 [====================>.........] - ETA: 1:09 - loss: 0.3800 - mae: 0.2345 - mse: 0.1175 - ssim_metric: 0.4678
240/326 [=====================>........] - ETA: 1:08 - loss: 0.3800 - mae: 0.2345 - mse: 0.1175 - ssim_metric: 0.4680
241/326 [=====================>........] - ETA: 1:07 - loss: 0.3799 - mae: 0.2344 - mse: 0.1175 - ssim_metric: 0.4682
242/326 [=====================>........] - ETA: 1:07 - loss: 0.3794 - mae: 0.2341 - mse: 0.1173 - ssim_metric: 0.4687
243/326 [=====================>........] - ETA: 1:06 - loss: 0.3794 - mae: 0.2340 - mse: 0.1173 - ssim_metric: 0.4691
244/326 [=====================>........] - ETA: 1:05 - loss: 0.3794 - mae: 0.2340 - mse: 0.1173 - ssim_metric: 0.4692
245/326 [=====================>........] - ETA: 1:04 - loss: 0.3795 - mae: 0.2341 - mse: 0.1174 - ssim_metric: 0.4690
246/326 [=====================>........] - ETA: 1:03 - loss: 0.3794 - mae: 0.2340 - mse: 0.1173 - ssim_metric: 0.4693
247/326 [=====================>........] - ETA: 1:03 - loss: 0.3794 - mae: 0.2340 - mse: 0.1173 - ssim_metric: 0.4692
248/326 [=====================>........] - ETA: 1:02 - loss: 0.3797 - mae: 0.2342 - mse: 0.1174 - ssim_metric: 0.4691
249/326 [=====================>........] - ETA: 1:01 - loss: 0.3799 - mae: 0.2344 - mse: 0.1175 - ssim_metric: 0.4688
250/326 [======================>.......] - ETA: 1:00 - loss: 0.3798 - mae: 0.2344 - mse: 0.1175 - ssim_metric: 0.4686
251/326 [======================>.......] - ETA: 59s - loss: 0.3796 - mae: 0.2343 - mse: 0.1174 - ssim_metric: 0.4686 
252/326 [======================>.......] - ETA: 59s - loss: 0.3792 - mae: 0.2342 - mse: 0.1173 - ssim_metric: 0.4687
253/326 [======================>.......] - ETA: 58s - loss: 0.3798 - mae: 0.2344 - mse: 0.1175 - ssim_metric: 0.4686
254/326 [======================>.......] - ETA: 57s - loss: 0.3798 - mae: 0.2344 - mse: 0.1175 - ssim_metric: 0.4686
255/326 [======================>.......] - ETA: 56s - loss: 0.3795 - mae: 0.2343 - mse: 0.1173 - ssim_metric: 0.4688
256/326 [======================>.......] - ETA: 55s - loss: 0.3797 - mae: 0.2344 - mse: 0.1174 - ssim_metric: 0.4687
257/326 [======================>.......] - ETA: 55s - loss: 0.3797 - mae: 0.2343 - mse: 0.1174 - ssim_metric: 0.4688
258/326 [======================>.......] - ETA: 54s - loss: 0.3799 - mae: 0.2344 - mse: 0.1175 - ssim_metric: 0.4687
259/326 [======================>.......] - ETA: 53s - loss: 0.3801 - mae: 0.2345 - mse: 0.1176 - ssim_metric: 0.4685
260/326 [======================>.......] - ETA: 52s - loss: 0.3798 - mae: 0.2343 - mse: 0.1175 - ssim_metric: 0.4688
261/326 [=======================>......] - ETA: 51s - loss: 0.3800 - mae: 0.2343 - mse: 0.1175 - ssim_metric: 0.4688
262/326 [=======================>......] - ETA: 51s - loss: 0.3797 - mae: 0.2342 - mse: 0.1174 - ssim_metric: 0.4688
263/326 [=======================>......] - ETA: 50s - loss: 0.3801 - mae: 0.2344 - mse: 0.1175 - ssim_metric: 0.4686
264/326 [=======================>......] - ETA: 49s - loss: 0.3802 - mae: 0.2344 - mse: 0.1175 - ssim_metric: 0.4685
265/326 [=======================>......] - ETA: 48s - loss: 0.3802 - mae: 0.2345 - mse: 0.1176 - ssim_metric: 0.4683
266/326 [=======================>......] - ETA: 47s - loss: 0.3803 - mae: 0.2346 - mse: 0.1176 - ssim_metric: 0.4679
267/326 [=======================>......] - ETA: 47s - loss: 0.3804 - mae: 0.2348 - mse: 0.1177 - ssim_metric: 0.4675
268/326 [=======================>......] - ETA: 46s - loss: 0.3805 - mae: 0.2349 - mse: 0.1177 - ssim_metric: 0.4671
269/326 [=======================>......] - ETA: 45s - loss: 0.3804 - mae: 0.2349 - mse: 0.1177 - ssim_metric: 0.4670
270/326 [=======================>......] - ETA: 44s - loss: 0.3806 - mae: 0.2351 - mse: 0.1177 - ssim_metric: 0.4667
271/326 [=======================>......] - ETA: 43s - loss: 0.3807 - mae: 0.2351 - mse: 0.1178 - ssim_metric: 0.4667
272/326 [========================>.....] - ETA: 43s - loss: 0.3807 - mae: 0.2351 - mse: 0.1178 - ssim_metric: 0.4668
273/326 [========================>.....] - ETA: 42s - loss: 0.3803 - mae: 0.2349 - mse: 0.1176 - ssim_metric: 0.4670
274/326 [========================>.....] - ETA: 41s - loss: 0.3804 - mae: 0.2350 - mse: 0.1177 - ssim_metric: 0.4670
275/326 [========================>.....] - ETA: 40s - loss: 0.3806 - mae: 0.2350 - mse: 0.1177 - ssim_metric: 0.4673
276/326 [========================>.....] - ETA: 39s - loss: 0.3807 - mae: 0.2350 - mse: 0.1178 - ssim_metric: 0.4673
277/326 [========================>.....] - ETA: 39s - loss: 0.3809 - mae: 0.2351 - mse: 0.1178 - ssim_metric: 0.4671
278/326 [========================>.....] - ETA: 38s - loss: 0.3808 - mae: 0.2351 - mse: 0.1178 - ssim_metric: 0.4672
279/326 [========================>.....] - ETA: 37s - loss: 0.3806 - mae: 0.2349 - mse: 0.1177 - ssim_metric: 0.4676
280/326 [========================>.....] - ETA: 36s - loss: 0.3804 - mae: 0.2349 - mse: 0.1177 - ssim_metric: 0.4676
281/326 [========================>.....] - ETA: 35s - loss: 0.3808 - mae: 0.2350 - mse: 0.1178 - ssim_metric: 0.4674
282/326 [========================>.....] - ETA: 35s - loss: 0.3810 - mae: 0.2351 - mse: 0.1178 - ssim_metric: 0.4675
283/326 [=========================>....] - ETA: 34s - loss: 0.3813 - mae: 0.2352 - mse: 0.1180 - ssim_metric: 0.4672
284/326 [=========================>....] - ETA: 33s - loss: 0.3812 - mae: 0.2353 - mse: 0.1179 - ssim_metric: 0.4671
285/326 [=========================>....] - ETA: 32s - loss: 0.3814 - mae: 0.2355 - mse: 0.1180 - ssim_metric: 0.4667
286/326 [=========================>....] - ETA: 31s - loss: 0.3815 - mae: 0.2356 - mse: 0.1180 - ssim_metric: 0.4665
287/326 [=========================>....] - ETA: 31s - loss: 0.3818 - mae: 0.2357 - mse: 0.1182 - ssim_metric: 0.4662
288/326 [=========================>....] - ETA: 30s - loss: 0.3822 - mae: 0.2359 - mse: 0.1183 - ssim_metric: 0.4659
289/326 [=========================>....] - ETA: 29s - loss: 0.3822 - mae: 0.2360 - mse: 0.1183 - ssim_metric: 0.4658
290/326 [=========================>....] - ETA: 28s - loss: 0.3826 - mae: 0.2361 - mse: 0.1184 - ssim_metric: 0.4656
291/326 [=========================>....] - ETA: 27s - loss: 0.3827 - mae: 0.2363 - mse: 0.1185 - ssim_metric: 0.4653
292/326 [=========================>....] - ETA: 27s - loss: 0.3825 - mae: 0.2362 - mse: 0.1184 - ssim_metric: 0.4652
293/326 [=========================>....] - ETA: 26s - loss: 0.3824 - mae: 0.2362 - mse: 0.1183 - ssim_metric: 0.4652
294/326 [==========================>...] - ETA: 25s - loss: 0.3826 - mae: 0.2364 - mse: 0.1184 - ssim_metric: 0.4650
295/326 [==========================>...] - ETA: 24s - loss: 0.3826 - mae: 0.2364 - mse: 0.1184 - ssim_metric: 0.4649
296/326 [==========================>...] - ETA: 23s - loss: 0.3824 - mae: 0.2363 - mse: 0.1183 - ssim_metric: 0.4651
297/326 [==========================>...] - ETA: 23s - loss: 0.3825 - mae: 0.2363 - mse: 0.1184 - ssim_metric: 0.4652
298/326 [==========================>...] - ETA: 22s - loss: 0.3821 - mae: 0.2361 - mse: 0.1182 - ssim_metric: 0.4656
299/326 [==========================>...] - ETA: 21s - loss: 0.3819 - mae: 0.2360 - mse: 0.1182 - ssim_metric: 0.4659
300/326 [==========================>...] - ETA: 20s - loss: 0.3819 - mae: 0.2359 - mse: 0.1182 - ssim_metric: 0.4661
301/326 [==========================>...] - ETA: 19s - loss: 0.3817 - mae: 0.2358 - mse: 0.1181 - ssim_metric: 0.4665
302/326 [==========================>...] - ETA: 19s - loss: 0.3820 - mae: 0.2359 - mse: 0.1182 - ssim_metric: 0.4663
303/326 [==========================>...] - ETA: 18s - loss: 0.3820 - mae: 0.2359 - mse: 0.1182 - ssim_metric: 0.4663
304/326 [==========================>...] - ETA: 17s - loss: 0.3821 - mae: 0.2359 - mse: 0.1183 - ssim_metric: 0.4663
305/326 [===========================>..] - ETA: 16s - loss: 0.3821 - mae: 0.2359 - mse: 0.1183 - ssim_metric: 0.4662
306/326 [===========================>..] - ETA: 15s - loss: 0.3821 - mae: 0.2360 - mse: 0.1183 - ssim_metric: 0.4660
307/326 [===========================>..] - ETA: 15s - loss: 0.3822 - mae: 0.2360 - mse: 0.1183 - ssim_metric: 0.4658
308/326 [===========================>..] - ETA: 14s - loss: 0.3821 - mae: 0.2360 - mse: 0.1182 - ssim_metric: 0.4660
309/326 [===========================>..] - ETA: 13s - loss: 0.3821 - mae: 0.2360 - mse: 0.1182 - ssim_metric: 0.4659
310/326 [===========================>..] - ETA: 12s - loss: 0.3820 - mae: 0.2360 - mse: 0.1182 - ssim_metric: 0.4658
311/326 [===========================>..] - ETA: 11s - loss: 0.3819 - mae: 0.2359 - mse: 0.1182 - ssim_metric: 0.4659
312/326 [===========================>..] - ETA: 11s - loss: 0.3819 - mae: 0.2359 - mse: 0.1182 - ssim_metric: 0.4658
313/326 [===========================>..] - ETA: 10s - loss: 0.3820 - mae: 0.2360 - mse: 0.1182 - ssim_metric: 0.4658
314/326 [===========================>..] - ETA: 9s - loss: 0.3822 - mae: 0.2359 - mse: 0.1183 - ssim_metric: 0.4661 
315/326 [===========================>..] - ETA: 8s - loss: 0.3824 - mae: 0.2361 - mse: 0.1184 - ssim_metric: 0.4658
316/326 [============================>.] - ETA: 7s - loss: 0.3823 - mae: 0.2361 - mse: 0.1183 - ssim_metric: 0.4657
317/326 [============================>.] - ETA: 7s - loss: 0.3822 - mae: 0.2360 - mse: 0.1183 - ssim_metric: 0.4659
318/326 [============================>.] - ETA: 6s - loss: 0.3820 - mae: 0.2359 - mse: 0.1182 - ssim_metric: 0.4660
319/326 [============================>.] - ETA: 5s - loss: 0.3825 - mae: 0.2361 - mse: 0.1184 - ssim_metric: 0.4657
320/326 [============================>.] - ETA: 4s - loss: 0.3825 - mae: 0.2361 - mse: 0.1184 - ssim_metric: 0.4656
321/326 [============================>.] - ETA: 3s - loss: 0.3826 - mae: 0.2362 - mse: 0.1184 - ssim_metric: 0.4654
322/326 [============================>.] - ETA: 3s - loss: 0.3824 - mae: 0.2362 - mse: 0.1183 - ssim_metric: 0.4654
323/326 [============================>.] - ETA: 2s - loss: 0.3823 - mae: 0.2362 - mse: 0.1183 - ssim_metric: 0.4654
324/326 [============================>.] - ETA: 1s - loss: 0.3828 - mae: 0.2364 - mse: 0.1185 - ssim_metric: 0.4651
325/326 [============================>.] - ETA: 0s - loss: 0.3828 - mae: 0.2364 - mse: 0.1185 - ssim_metric: 0.4651
326/326 [==============================] - ETA: 0s - loss: 0.3830 - mae: 0.2364 - mse: 0.1185 - ssim_metric: 0.4651
Epoch 17: saving model to C:\d_surucusu\visual_navigation\benchmark\models_pipeline\20260909_223425\bce_b32\_JOB_bce_b32_10_09_2026__11_08_model_f48_k4_epoch_00017_helu_osigmoid_(1, 1)_.h5

Epoch 17: val_loss improved from 0.34910 to 0.34848, saving model to C:\d_surucusu\visual_navigation\benchmark\models_pipeline\20260909_223425\bce_b32\_JOB_bce_b32_10_09_2026__11_08_best_val_loss_model_f48_k4.h5

Epoch 17: val_mae did not improve from 0.22077

Epoch 17: val_ssim_metric did not improve from 0.59927

326/326 [==============================] - 276s 847ms/step - loss: 0.3830 - mae: 0.2364 - mse: 0.1185 - ssim_metric: 0.4651 - val_loss: 0.3485 - val_mae: 0.2209 - val_mse: 0.1058 - val_ssim_metric: 0.4835
Epoch 18/20

  1/326 [..............................] - ETA: 4:36 - loss: 0.4072 - mae: 0.2522 - mse: 0.1301 - ssim_metric: 0.4220
  2/326 [..............................] - ETA: 4:18 - loss: 0.4048 - mae: 0.2471 - mse: 0.1277 - ssim_metric: 0.4505
  3/326 [..............................] - ETA: 4:18 - loss: 0.4234 - mae: 0.2619 - mse: 0.1343 - ssim_metric: 0.4269
  4/326 [..............................] - ETA: 4:17 - loss: 0.4154 - mae: 0.2595 - mse: 0.1314 - ssim_metric: 0.4213
  5/326 [..............................] - ETA: 4:16 - loss: 0.4056 - mae: 0.2561 - mse: 0.1278 - ssim_metric: 0.4259
  6/326 [..............................] - ETA: 4:15 - loss: 0.4038 - mae: 0.2586 - mse: 0.1271 - ssim_metric: 0.4146
  7/326 [..............................] - ETA: 4:14 - loss: 0.4014 - mae: 0.2589 - mse: 0.1260 - ssim_metric: 0.4109
  8/326 [..............................] - ETA: 4:13 - loss: 0.3906 - mae: 0.2524 - mse: 0.1218 - ssim_metric: 0.4206
  9/326 [..............................] - ETA: 4:13 - loss: 0.3805 - mae: 0.2461 - mse: 0.1181 - ssim_metric: 0.4330
 10/326 [..............................] - ETA: 4:12 - loss: 0.3780 - mae: 0.2435 - mse: 0.1172 - ssim_metric: 0.4417
 11/326 [>.............................] - ETA: 4:11 - loss: 0.3813 - mae: 0.2439 - mse: 0.1188 - ssim_metric: 0.4465
 12/326 [>.............................] - ETA: 4:11 - loss: 0.3814 - mae: 0.2419 - mse: 0.1189 - ssim_metric: 0.4526
 13/326 [>.............................] - ETA: 4:10 - loss: 0.3865 - mae: 0.2421 - mse: 0.1206 - ssim_metric: 0.4558
 14/326 [>.............................] - ETA: 4:09 - loss: 0.3993 - mae: 0.2465 - mse: 0.1249 - ssim_metric: 0.4512
 15/326 [>.............................] - ETA: 4:08 - loss: 0.3896 - mae: 0.2410 - mse: 0.1215 - ssim_metric: 0.4620
 16/326 [>.............................] - ETA: 4:07 - loss: 0.3935 - mae: 0.2428 - mse: 0.1229 - ssim_metric: 0.4601
 17/326 [>.............................] - ETA: 4:06 - loss: 0.3924 - mae: 0.2429 - mse: 0.1225 - ssim_metric: 0.4596
 18/326 [>.............................] - ETA: 4:06 - loss: 0.3950 - mae: 0.2456 - mse: 0.1236 - ssim_metric: 0.4537
 19/326 [>.............................] - ETA: 4:05 - loss: 0.3956 - mae: 0.2470 - mse: 0.1238 - ssim_metric: 0.4505
 20/326 [>.............................] - ETA: 4:04 - loss: 0.3914 - mae: 0.2461 - mse: 0.1220 - ssim_metric: 0.4493
 21/326 [>.............................] - ETA: 4:03 - loss: 0.3866 - mae: 0.2439 - mse: 0.1202 - ssim_metric: 0.4514
 22/326 [=>............................] - ETA: 4:02 - loss: 0.3825 - mae: 0.2417 - mse: 0.1187 - ssim_metric: 0.4539
 23/326 [=>............................] - ETA: 4:02 - loss: 0.3788 - mae: 0.2391 - mse: 0.1174 - ssim_metric: 0.4603
 24/326 [=>............................] - ETA: 4:01 - loss: 0.3776 - mae: 0.2380 - mse: 0.1169 - ssim_metric: 0.4625
 25/326 [=>............................] - ETA: 4:00 - loss: 0.3813 - mae: 0.2390 - mse: 0.1183 - ssim_metric: 0.4609
 26/326 [=>............................] - ETA: 3:59 - loss: 0.3822 - mae: 0.2387 - mse: 0.1187 - ssim_metric: 0.4625
 27/326 [=>............................] - ETA: 3:58 - loss: 0.3809 - mae: 0.2376 - mse: 0.1182 - ssim_metric: 0.4651
 28/326 [=>............................] - ETA: 3:58 - loss: 0.3832 - mae: 0.2374 - mse: 0.1188 - ssim_metric: 0.4662
 29/326 [=>............................] - ETA: 3:57 - loss: 0.3819 - mae: 0.2366 - mse: 0.1184 - ssim_metric: 0.4671
 30/326 [=>............................] - ETA: 3:56 - loss: 0.3855 - mae: 0.2376 - mse: 0.1195 - ssim_metric: 0.4657
 31/326 [=>............................] - ETA: 3:55 - loss: 0.3856 - mae: 0.2379 - mse: 0.1196 - ssim_metric: 0.4637
 32/326 [=>............................] - ETA: 3:54 - loss: 0.3867 - mae: 0.2390 - mse: 0.1201 - ssim_metric: 0.4609
 33/326 [==>...........................] - ETA: 3:53 - loss: 0.3839 - mae: 0.2381 - mse: 0.1189 - ssim_metric: 0.4601
 34/326 [==>...........................] - ETA: 3:53 - loss: 0.3852 - mae: 0.2393 - mse: 0.1194 - ssim_metric: 0.4568
 35/326 [==>...........................] - ETA: 3:52 - loss: 0.3832 - mae: 0.2384 - mse: 0.1187 - ssim_metric: 0.4577
 36/326 [==>...........................] - ETA: 3:51 - loss: 0.3832 - mae: 0.2388 - mse: 0.1187 - ssim_metric: 0.4564
 37/326 [==>...........................] - ETA: 3:50 - loss: 0.3803 - mae: 0.2372 - mse: 0.1176 - ssim_metric: 0.4593
 38/326 [==>...........................] - ETA: 3:49 - loss: 0.3784 - mae: 0.2360 - mse: 0.1170 - ssim_metric: 0.4612
 39/326 [==>...........................] - ETA: 3:49 - loss: 0.3784 - mae: 0.2356 - mse: 0.1169 - ssim_metric: 0.4624
 40/326 [==>...........................] - ETA: 3:48 - loss: 0.3769 - mae: 0.2346 - mse: 0.1164 - ssim_metric: 0.4643
 41/326 [==>...........................] - ETA: 3:47 - loss: 0.3752 - mae: 0.2331 - mse: 0.1158 - ssim_metric: 0.4678
 42/326 [==>...........................] - ETA: 3:46 - loss: 0.3713 - mae: 0.2306 - mse: 0.1144 - ssim_metric: 0.4725
 43/326 [==>...........................] - ETA: 3:45 - loss: 0.3714 - mae: 0.2300 - mse: 0.1145 - ssim_metric: 0.4741
 44/326 [===>..........................] - ETA: 3:45 - loss: 0.3724 - mae: 0.2299 - mse: 0.1148 - ssim_metric: 0.4750
 45/326 [===>..........................] - ETA: 3:44 - loss: 0.3746 - mae: 0.2309 - mse: 0.1157 - ssim_metric: 0.4728
 46/326 [===>..........................] - ETA: 3:43 - loss: 0.3749 - mae: 0.2310 - mse: 0.1159 - ssim_metric: 0.4729
 47/326 [===>..........................] - ETA: 3:42 - loss: 0.3737 - mae: 0.2306 - mse: 0.1154 - ssim_metric: 0.4727
 48/326 [===>..........................] - ETA: 3:41 - loss: 0.3709 - mae: 0.2292 - mse: 0.1144 - ssim_metric: 0.4738
 49/326 [===>..........................] - ETA: 3:41 - loss: 0.3746 - mae: 0.2303 - mse: 0.1155 - ssim_metric: 0.4723
 50/326 [===>..........................] - ETA: 3:40 - loss: 0.3743 - mae: 0.2303 - mse: 0.1154 - ssim_metric: 0.4722
 51/326 [===>..........................] - ETA: 3:39 - loss: 0.3725 - mae: 0.2297 - mse: 0.1147 - ssim_metric: 0.4720
 52/326 [===>..........................] - ETA: 3:38 - loss: 0.3730 - mae: 0.2299 - mse: 0.1149 - ssim_metric: 0.4720
 53/326 [===>..........................] - ETA: 3:37 - loss: 0.3726 - mae: 0.2297 - mse: 0.1147 - ssim_metric: 0.4720
 54/326 [===>..........................] - ETA: 3:37 - loss: 0.3736 - mae: 0.2300 - mse: 0.1151 - ssim_metric: 0.4720
 55/326 [====>.........................] - ETA: 3:36 - loss: 0.3739 - mae: 0.2302 - mse: 0.1152 - ssim_metric: 0.4716
 56/326 [====>.........................] - ETA: 3:35 - loss: 0.3736 - mae: 0.2303 - mse: 0.1151 - ssim_metric: 0.4710
 57/326 [====>.........................] - ETA: 3:34 - loss: 0.3724 - mae: 0.2298 - mse: 0.1147 - ssim_metric: 0.4714
 58/326 [====>.........................] - ETA: 3:34 - loss: 0.3737 - mae: 0.2303 - mse: 0.1152 - ssim_metric: 0.4709
 59/326 [====>.........................] - ETA: 3:33 - loss: 0.3745 - mae: 0.2308 - mse: 0.1155 - ssim_metric: 0.4701
 60/326 [====>.........................] - ETA: 3:32 - loss: 0.3753 - mae: 0.2312 - mse: 0.1158 - ssim_metric: 0.4698
 61/326 [====>.........................] - ETA: 3:31 - loss: 0.3732 - mae: 0.2302 - mse: 0.1151 - ssim_metric: 0.4719
 62/326 [====>.........................] - ETA: 3:30 - loss: 0.3718 - mae: 0.2295 - mse: 0.1146 - ssim_metric: 0.4727
 63/326 [====>.........................] - ETA: 3:30 - loss: 0.3726 - mae: 0.2299 - mse: 0.1149 - ssim_metric: 0.4719
 64/326 [====>.........................] - ETA: 3:29 - loss: 0.3715 - mae: 0.2294 - mse: 0.1145 - ssim_metric: 0.4730
 65/326 [====>.........................] - ETA: 3:28 - loss: 0.3702 - mae: 0.2286 - mse: 0.1140 - ssim_metric: 0.4749
 66/326 [=====>........................] - ETA: 3:27 - loss: 0.3715 - mae: 0.2292 - mse: 0.1145 - ssim_metric: 0.4742
 67/326 [=====>........................] - ETA: 3:26 - loss: 0.3714 - mae: 0.2291 - mse: 0.1145 - ssim_metric: 0.4740
 68/326 [=====>........................] - ETA: 3:25 - loss: 0.3712 - mae: 0.2289 - mse: 0.1144 - ssim_metric: 0.4746
 69/326 [=====>........................] - ETA: 3:25 - loss: 0.3714 - mae: 0.2289 - mse: 0.1146 - ssim_metric: 0.4743
 70/326 [=====>........................] - ETA: 3:24 - loss: 0.3713 - mae: 0.2288 - mse: 0.1146 - ssim_metric: 0.4747
 71/326 [=====>........................] - ETA: 3:23 - loss: 0.3712 - mae: 0.2287 - mse: 0.1145 - ssim_metric: 0.4748
 72/326 [=====>........................] - ETA: 3:22 - loss: 0.3737 - mae: 0.2295 - mse: 0.1153 - ssim_metric: 0.4735
 73/326 [=====>........................] - ETA: 3:21 - loss: 0.3736 - mae: 0.2295 - mse: 0.1152 - ssim_metric: 0.4734
 74/326 [=====>........................] - ETA: 3:21 - loss: 0.3732 - mae: 0.2296 - mse: 0.1151 - ssim_metric: 0.4727
 75/326 [=====>........................] - ETA: 3:20 - loss: 0.3724 - mae: 0.2294 - mse: 0.1148 - ssim_metric: 0.4724
 76/326 [=====>........................] - ETA: 3:19 - loss: 0.3711 - mae: 0.2288 - mse: 0.1143 - ssim_metric: 0.4727
 77/326 [======>.......................] - ETA: 3:18 - loss: 0.3718 - mae: 0.2294 - mse: 0.1146 - ssim_metric: 0.4713
 78/326 [======>.......................] - ETA: 3:17 - loss: 0.3716 - mae: 0.2294 - mse: 0.1145 - ssim_metric: 0.4714
 79/326 [======>.......................] - ETA: 3:17 - loss: 0.3727 - mae: 0.2297 - mse: 0.1149 - ssim_metric: 0.4714
 80/326 [======>.......................] - ETA: 3:16 - loss: 0.3733 - mae: 0.2298 - mse: 0.1151 - ssim_metric: 0.4715
 81/326 [======>.......................] - ETA: 3:15 - loss: 0.3729 - mae: 0.2296 - mse: 0.1150 - ssim_metric: 0.4723
 82/326 [======>.......................] - ETA: 3:14 - loss: 0.3732 - mae: 0.2296 - mse: 0.1151 - ssim_metric: 0.4725
 83/326 [======>.......................] - ETA: 3:14 - loss: 0.3729 - mae: 0.2295 - mse: 0.1150 - ssim_metric: 0.4725
 84/326 [======>.......................] - ETA: 3:13 - loss: 0.3734 - mae: 0.2298 - mse: 0.1152 - ssim_metric: 0.4722
 85/326 [======>.......................] - ETA: 3:12 - loss: 0.3724 - mae: 0.2294 - mse: 0.1148 - ssim_metric: 0.4728
 86/326 [======>.......................] - ETA: 3:11 - loss: 0.3724 - mae: 0.2295 - mse: 0.1149 - ssim_metric: 0.4725
 87/326 [=======>......................] - ETA: 3:10 - loss: 0.3722 - mae: 0.2294 - mse: 0.1148 - ssim_metric: 0.4726
 88/326 [=======>......................] - ETA: 3:10 - loss: 0.3714 - mae: 0.2291 - mse: 0.1145 - ssim_metric: 0.4729
 89/326 [=======>......................] - ETA: 3:09 - loss: 0.3708 - mae: 0.2288 - mse: 0.1143 - ssim_metric: 0.4733
 90/326 [=======>......................] - ETA: 3:08 - loss: 0.3718 - mae: 0.2292 - mse: 0.1147 - ssim_metric: 0.4727
 91/326 [=======>......................] - ETA: 3:07 - loss: 0.3716 - mae: 0.2290 - mse: 0.1146 - ssim_metric: 0.4731
 92/326 [=======>......................] - ETA: 3:06 - loss: 0.3714 - mae: 0.2289 - mse: 0.1146 - ssim_metric: 0.4732
 93/326 [=======>......................] - ETA: 3:05 - loss: 0.3725 - mae: 0.2291 - mse: 0.1148 - ssim_metric: 0.4735
 94/326 [=======>......................] - ETA: 3:05 - loss: 0.3732 - mae: 0.2292 - mse: 0.1151 - ssim_metric: 0.4737
 95/326 [=======>......................] - ETA: 3:04 - loss: 0.3742 - mae: 0.2296 - mse: 0.1155 - ssim_metric: 0.4730
 96/326 [=======>......................] - ETA: 3:03 - loss: 0.3739 - mae: 0.2295 - mse: 0.1153 - ssim_metric: 0.4731
 97/326 [=======>......................] - ETA: 3:02 - loss: 0.3737 - mae: 0.2296 - mse: 0.1153 - ssim_metric: 0.4728
 98/326 [========>.....................] - ETA: 3:01 - loss: 0.3731 - mae: 0.2295 - mse: 0.1150 - ssim_metric: 0.4727
 99/326 [========>.....................] - ETA: 3:01 - loss: 0.3727 - mae: 0.2295 - mse: 0.1149 - ssim_metric: 0.4726
100/326 [========>.....................] - ETA: 3:00 - loss: 0.3727 - mae: 0.2296 - mse: 0.1149 - ssim_metric: 0.4722
101/326 [========>.....................] - ETA: 2:59 - loss: 0.3721 - mae: 0.2294 - mse: 0.1147 - ssim_metric: 0.4724
102/326 [========>.....................] - ETA: 2:58 - loss: 0.3714 - mae: 0.2291 - mse: 0.1144 - ssim_metric: 0.4727
103/326 [========>.....................] - ETA: 2:58 - loss: 0.3731 - mae: 0.2295 - mse: 0.1149 - ssim_metric: 0.4723
104/326 [========>.....................] - ETA: 2:57 - loss: 0.3731 - mae: 0.2294 - mse: 0.1149 - ssim_metric: 0.4728
105/326 [========>.....................] - ETA: 2:56 - loss: 0.3726 - mae: 0.2291 - mse: 0.1147 - ssim_metric: 0.4733
106/326 [========>.....................] - ETA: 2:55 - loss: 0.3717 - mae: 0.2286 - mse: 0.1144 - ssim_metric: 0.4742
107/326 [========>.....................] - ETA: 2:54 - loss: 0.3716 - mae: 0.2285 - mse: 0.1144 - ssim_metric: 0.4745
108/326 [========>.....................] - ETA: 2:54 - loss: 0.3736 - mae: 0.2292 - mse: 0.1150 - ssim_metric: 0.4740
109/326 [=========>....................] - ETA: 2:53 - loss: 0.3734 - mae: 0.2290 - mse: 0.1149 - ssim_metric: 0.4746
110/326 [=========>....................] - ETA: 2:52 - loss: 0.3739 - mae: 0.2292 - mse: 0.1151 - ssim_metric: 0.4742
111/326 [=========>....................] - ETA: 2:51 - loss: 0.3736 - mae: 0.2291 - mse: 0.1150 - ssim_metric: 0.4743
112/326 [=========>....................] - ETA: 2:50 - loss: 0.3737 - mae: 0.2293 - mse: 0.1150 - ssim_metric: 0.4739
113/326 [=========>....................] - ETA: 2:50 - loss: 0.3736 - mae: 0.2293 - mse: 0.1150 - ssim_metric: 0.4739
114/326 [=========>....................] - ETA: 2:49 - loss: 0.3733 - mae: 0.2293 - mse: 0.1149 - ssim_metric: 0.4738
115/326 [=========>....................] - ETA: 2:48 - loss: 0.3736 - mae: 0.2296 - mse: 0.1150 - ssim_metric: 0.4732
116/326 [=========>....................] - ETA: 2:47 - loss: 0.3738 - mae: 0.2298 - mse: 0.1151 - ssim_metric: 0.4728
117/326 [=========>....................] - ETA: 2:46 - loss: 0.3741 - mae: 0.2300 - mse: 0.1152 - ssim_metric: 0.4725
118/326 [=========>....................] - ETA: 2:46 - loss: 0.3736 - mae: 0.2297 - mse: 0.1150 - ssim_metric: 0.4733
119/326 [=========>....................] - ETA: 2:45 - loss: 0.3733 - mae: 0.2295 - mse: 0.1149 - ssim_metric: 0.4739
120/326 [==========>...................] - ETA: 2:44 - loss: 0.3730 - mae: 0.2294 - mse: 0.1148 - ssim_metric: 0.4742
121/326 [==========>...................] - ETA: 2:43 - loss: 0.3725 - mae: 0.2290 - mse: 0.1146 - ssim_metric: 0.4751
122/326 [==========>...................] - ETA: 2:42 - loss: 0.3729 - mae: 0.2290 - mse: 0.1148 - ssim_metric: 0.4755
123/326 [==========>...................] - ETA: 2:42 - loss: 0.3733 - mae: 0.2291 - mse: 0.1149 - ssim_metric: 0.4755
124/326 [==========>...................] - ETA: 2:41 - loss: 0.3738 - mae: 0.2293 - mse: 0.1151 - ssim_metric: 0.4752
125/326 [==========>...................] - ETA: 2:40 - loss: 0.3739 - mae: 0.2292 - mse: 0.1151 - ssim_metric: 0.4755
126/326 [==========>...................] - ETA: 2:39 - loss: 0.3736 - mae: 0.2291 - mse: 0.1150 - ssim_metric: 0.4752
127/326 [==========>...................] - ETA: 2:38 - loss: 0.3733 - mae: 0.2291 - mse: 0.1149 - ssim_metric: 0.4751
128/326 [==========>...................] - ETA: 2:38 - loss: 0.3728 - mae: 0.2290 - mse: 0.1147 - ssim_metric: 0.4751
129/326 [==========>...................] - ETA: 2:37 - loss: 0.3729 - mae: 0.2291 - mse: 0.1147 - ssim_metric: 0.4750
130/326 [==========>...................] - ETA: 2:36 - loss: 0.3739 - mae: 0.2296 - mse: 0.1151 - ssim_metric: 0.4741
131/326 [===========>..................] - ETA: 2:35 - loss: 0.3741 - mae: 0.2298 - mse: 0.1152 - ssim_metric: 0.4739
132/326 [===========>..................] - ETA: 2:34 - loss: 0.3742 - mae: 0.2298 - mse: 0.1152 - ssim_metric: 0.4740
133/326 [===========>..................] - ETA: 2:34 - loss: 0.3741 - mae: 0.2299 - mse: 0.1152 - ssim_metric: 0.4740
134/326 [===========>..................] - ETA: 2:33 - loss: 0.3745 - mae: 0.2301 - mse: 0.1153 - ssim_metric: 0.4737
135/326 [===========>..................] - ETA: 2:32 - loss: 0.3748 - mae: 0.2304 - mse: 0.1155 - ssim_metric: 0.4732
136/326 [===========>..................] - ETA: 2:31 - loss: 0.3750 - mae: 0.2306 - mse: 0.1155 - ssim_metric: 0.4728
137/326 [===========>..................] - ETA: 2:30 - loss: 0.3746 - mae: 0.2305 - mse: 0.1154 - ssim_metric: 0.4728
138/326 [===========>..................] - ETA: 2:30 - loss: 0.3749 - mae: 0.2307 - mse: 0.1155 - ssim_metric: 0.4722
139/326 [===========>..................] - ETA: 2:29 - loss: 0.3748 - mae: 0.2307 - mse: 0.1155 - ssim_metric: 0.4720
140/326 [===========>..................] - ETA: 2:28 - loss: 0.3748 - mae: 0.2308 - mse: 0.1155 - ssim_metric: 0.4721
141/326 [===========>..................] - ETA: 2:27 - loss: 0.3748 - mae: 0.2307 - mse: 0.1155 - ssim_metric: 0.4722
142/326 [============>.................] - ETA: 2:26 - loss: 0.3745 - mae: 0.2305 - mse: 0.1154 - ssim_metric: 0.4728
143/326 [============>.................] - ETA: 2:26 - loss: 0.3747 - mae: 0.2306 - mse: 0.1155 - ssim_metric: 0.4726
144/326 [============>.................] - ETA: 2:25 - loss: 0.3745 - mae: 0.2305 - mse: 0.1154 - ssim_metric: 0.4728
145/326 [============>.................] - ETA: 2:24 - loss: 0.3743 - mae: 0.2303 - mse: 0.1154 - ssim_metric: 0.4732
146/326 [============>.................] - ETA: 2:23 - loss: 0.3742 - mae: 0.2302 - mse: 0.1153 - ssim_metric: 0.4736
147/326 [============>.................] - ETA: 2:22 - loss: 0.3748 - mae: 0.2304 - mse: 0.1156 - ssim_metric: 0.4732
148/326 [============>.................] - ETA: 2:22 - loss: 0.3744 - mae: 0.2303 - mse: 0.1154 - ssim_metric: 0.4734
149/326 [============>.................] - ETA: 2:21 - loss: 0.3748 - mae: 0.2306 - mse: 0.1156 - ssim_metric: 0.4727
150/326 [============>.................] - ETA: 2:20 - loss: 0.3746 - mae: 0.2306 - mse: 0.1155 - ssim_metric: 0.4724
151/326 [============>.................] - ETA: 2:19 - loss: 0.3751 - mae: 0.2310 - mse: 0.1157 - ssim_metric: 0.4715
152/326 [============>.................] - ETA: 2:18 - loss: 0.3757 - mae: 0.2312 - mse: 0.1159 - ssim_metric: 0.4712
153/326 [=============>................] - ETA: 2:18 - loss: 0.3754 - mae: 0.2311 - mse: 0.1158 - ssim_metric: 0.4712
154/326 [=============>................] - ETA: 2:17 - loss: 0.3752 - mae: 0.2311 - mse: 0.1157 - ssim_metric: 0.4710
155/326 [=============>................] - ETA: 2:16 - loss: 0.3754 - mae: 0.2311 - mse: 0.1158 - ssim_metric: 0.4710
156/326 [=============>................] - ETA: 2:15 - loss: 0.3751 - mae: 0.2310 - mse: 0.1157 - ssim_metric: 0.4711
157/326 [=============>................] - ETA: 2:14 - loss: 0.3753 - mae: 0.2311 - mse: 0.1157 - ssim_metric: 0.4709
158/326 [=============>................] - ETA: 2:14 - loss: 0.3762 - mae: 0.2313 - mse: 0.1160 - ssim_metric: 0.4709
159/326 [=============>................] - ETA: 2:13 - loss: 0.3764 - mae: 0.2314 - mse: 0.1161 - ssim_metric: 0.4708
160/326 [=============>................] - ETA: 2:12 - loss: 0.3763 - mae: 0.2314 - mse: 0.1161 - ssim_metric: 0.4709
161/326 [=============>................] - ETA: 2:11 - loss: 0.3765 - mae: 0.2316 - mse: 0.1162 - ssim_metric: 0.4704
162/326 [=============>................] - ETA: 2:10 - loss: 0.3762 - mae: 0.2316 - mse: 0.1161 - ssim_metric: 0.4702
163/326 [==============>...............] - ETA: 2:10 - loss: 0.3759 - mae: 0.2315 - mse: 0.1159 - ssim_metric: 0.4703
164/326 [==============>...............] - ETA: 2:09 - loss: 0.3758 - mae: 0.2315 - mse: 0.1159 - ssim_metric: 0.4704
165/326 [==============>...............] - ETA: 2:08 - loss: 0.3759 - mae: 0.2316 - mse: 0.1159 - ssim_metric: 0.4704
166/326 [==============>...............] - ETA: 2:07 - loss: 0.3766 - mae: 0.2318 - mse: 0.1162 - ssim_metric: 0.4699
167/326 [==============>...............] - ETA: 2:06 - loss: 0.3765 - mae: 0.2319 - mse: 0.1162 - ssim_metric: 0.4699
168/326 [==============>...............] - ETA: 2:06 - loss: 0.3768 - mae: 0.2321 - mse: 0.1163 - ssim_metric: 0.4696
169/326 [==============>...............] - ETA: 2:05 - loss: 0.3766 - mae: 0.2320 - mse: 0.1162 - ssim_metric: 0.4698
170/326 [==============>...............] - ETA: 2:04 - loss: 0.3768 - mae: 0.2321 - mse: 0.1163 - ssim_metric: 0.4696
171/326 [==============>...............] - ETA: 2:03 - loss: 0.3766 - mae: 0.2320 - mse: 0.1162 - ssim_metric: 0.4698
172/326 [==============>...............] - ETA: 2:02 - loss: 0.3762 - mae: 0.2318 - mse: 0.1161 - ssim_metric: 0.4704
173/326 [==============>...............] - ETA: 2:02 - loss: 0.3765 - mae: 0.2319 - mse: 0.1162 - ssim_metric: 0.4702
174/326 [===============>..............] - ETA: 2:01 - loss: 0.3763 - mae: 0.2318 - mse: 0.1161 - ssim_metric: 0.4701
175/326 [===============>..............] - ETA: 2:00 - loss: 0.3764 - mae: 0.2319 - mse: 0.1162 - ssim_metric: 0.4700
176/326 [===============>..............] - ETA: 1:59 - loss: 0.3764 - mae: 0.2319 - mse: 0.1162 - ssim_metric: 0.4700
177/326 [===============>..............] - ETA: 1:58 - loss: 0.3767 - mae: 0.2319 - mse: 0.1163 - ssim_metric: 0.4701
178/326 [===============>..............] - ETA: 1:58 - loss: 0.3776 - mae: 0.2323 - mse: 0.1166 - ssim_metric: 0.4696
179/326 [===============>..............] - ETA: 1:57 - loss: 0.3778 - mae: 0.2324 - mse: 0.1167 - ssim_metric: 0.4695
180/326 [===============>..............] - ETA: 1:56 - loss: 0.3779 - mae: 0.2325 - mse: 0.1167 - ssim_metric: 0.4690
181/326 [===============>..............] - ETA: 1:55 - loss: 0.3784 - mae: 0.2330 - mse: 0.1169 - ssim_metric: 0.4680
182/326 [===============>..............] - ETA: 1:54 - loss: 0.3784 - mae: 0.2332 - mse: 0.1169 - ssim_metric: 0.4675
183/326 [===============>..............] - ETA: 1:54 - loss: 0.3783 - mae: 0.2333 - mse: 0.1169 - ssim_metric: 0.4671
184/326 [===============>..............] - ETA: 1:53 - loss: 0.3783 - mae: 0.2334 - mse: 0.1169 - ssim_metric: 0.4671
185/326 [================>.............] - ETA: 1:52 - loss: 0.3785 - mae: 0.2335 - mse: 0.1170 - ssim_metric: 0.4668
186/326 [================>.............] - ETA: 1:51 - loss: 0.3791 - mae: 0.2339 - mse: 0.1172 - ssim_metric: 0.4661
187/326 [================>.............] - ETA: 1:50 - loss: 0.3795 - mae: 0.2341 - mse: 0.1174 - ssim_metric: 0.4659
188/326 [================>.............] - ETA: 1:50 - loss: 0.3799 - mae: 0.2342 - mse: 0.1175 - ssim_metric: 0.4661
189/326 [================>.............] - ETA: 1:49 - loss: 0.3797 - mae: 0.2341 - mse: 0.1174 - ssim_metric: 0.4663
190/326 [================>.............] - ETA: 1:48 - loss: 0.3794 - mae: 0.2340 - mse: 0.1173 - ssim_metric: 0.4663
191/326 [================>.............] - ETA: 1:47 - loss: 0.3793 - mae: 0.2340 - mse: 0.1172 - ssim_metric: 0.4663
192/326 [================>.............] - ETA: 1:46 - loss: 0.3791 - mae: 0.2339 - mse: 0.1172 - ssim_metric: 0.4666
193/326 [================>.............] - ETA: 1:46 - loss: 0.3792 - mae: 0.2340 - mse: 0.1172 - ssim_metric: 0.4667
194/326 [================>.............] - ETA: 1:45 - loss: 0.3787 - mae: 0.2337 - mse: 0.1170 - ssim_metric: 0.4672
195/326 [================>.............] - ETA: 1:44 - loss: 0.3790 - mae: 0.2337 - mse: 0.1171 - ssim_metric: 0.4674
196/326 [=================>............] - ETA: 1:43 - loss: 0.3795 - mae: 0.2338 - mse: 0.1173 - ssim_metric: 0.4674
197/326 [=================>............] - ETA: 1:42 - loss: 0.3792 - mae: 0.2336 - mse: 0.1172 - ssim_metric: 0.4677
198/326 [=================>............] - ETA: 1:42 - loss: 0.3791 - mae: 0.2336 - mse: 0.1171 - ssim_metric: 0.4677
199/326 [=================>............] - ETA: 1:41 - loss: 0.3792 - mae: 0.2336 - mse: 0.1172 - ssim_metric: 0.4676
200/326 [=================>............] - ETA: 1:40 - loss: 0.3792 - mae: 0.2337 - mse: 0.1172 - ssim_metric: 0.4674
201/326 [=================>............] - ETA: 1:39 - loss: 0.3791 - mae: 0.2337 - mse: 0.1171 - ssim_metric: 0.4672
202/326 [=================>............] - ETA: 1:38 - loss: 0.3796 - mae: 0.2338 - mse: 0.1173 - ssim_metric: 0.4673
203/326 [=================>............] - ETA: 1:38 - loss: 0.3801 - mae: 0.2341 - mse: 0.1175 - ssim_metric: 0.4668
204/326 [=================>............] - ETA: 1:37 - loss: 0.3799 - mae: 0.2341 - mse: 0.1174 - ssim_metric: 0.4667
205/326 [=================>............] - ETA: 1:36 - loss: 0.3796 - mae: 0.2340 - mse: 0.1173 - ssim_metric: 0.4668
206/326 [=================>............] - ETA: 1:35 - loss: 0.3795 - mae: 0.2340 - mse: 0.1172 - ssim_metric: 0.4668
207/326 [==================>...........] - ETA: 1:34 - loss: 0.3794 - mae: 0.2340 - mse: 0.1172 - ssim_metric: 0.4669
208/326 [==================>...........] - ETA: 1:34 - loss: 0.3793 - mae: 0.2339 - mse: 0.1172 - ssim_metric: 0.4671
209/326 [==================>...........] - ETA: 1:33 - loss: 0.3793 - mae: 0.2339 - mse: 0.1172 - ssim_metric: 0.4673
210/326 [==================>...........] - ETA: 1:32 - loss: 0.3795 - mae: 0.2340 - mse: 0.1173 - ssim_metric: 0.4672
211/326 [==================>...........] - ETA: 1:31 - loss: 0.3795 - mae: 0.2339 - mse: 0.1173 - ssim_metric: 0.4677
212/326 [==================>...........] - ETA: 1:30 - loss: 0.3794 - mae: 0.2339 - mse: 0.1172 - ssim_metric: 0.4678
213/326 [==================>...........] - ETA: 1:30 - loss: 0.3791 - mae: 0.2337 - mse: 0.1171 - ssim_metric: 0.4681
214/326 [==================>...........] - ETA: 1:29 - loss: 0.3792 - mae: 0.2338 - mse: 0.1172 - ssim_metric: 0.4680
215/326 [==================>...........] - ETA: 1:28 - loss: 0.3792 - mae: 0.2338 - mse: 0.1172 - ssim_metric: 0.4679
216/326 [==================>...........] - ETA: 1:27 - loss: 0.3790 - mae: 0.2336 - mse: 0.1171 - ssim_metric: 0.4682
217/326 [==================>...........] - ETA: 1:26 - loss: 0.3791 - mae: 0.2337 - mse: 0.1171 - ssim_metric: 0.4681
218/326 [===================>..........] - ETA: 1:26 - loss: 0.3791 - mae: 0.2337 - mse: 0.1171 - ssim_metric: 0.4681
219/326 [===================>..........] - ETA: 1:25 - loss: 0.3791 - mae: 0.2337 - mse: 0.1171 - ssim_metric: 0.4681
220/326 [===================>..........] - ETA: 1:24 - loss: 0.3793 - mae: 0.2339 - mse: 0.1172 - ssim_metric: 0.4676
221/326 [===================>..........] - ETA: 1:23 - loss: 0.3796 - mae: 0.2341 - mse: 0.1173 - ssim_metric: 0.4672
222/326 [===================>..........] - ETA: 1:23 - loss: 0.3798 - mae: 0.2343 - mse: 0.1174 - ssim_metric: 0.4667
223/326 [===================>..........] - ETA: 1:22 - loss: 0.3796 - mae: 0.2342 - mse: 0.1174 - ssim_metric: 0.4667
224/326 [===================>..........] - ETA: 1:21 - loss: 0.3798 - mae: 0.2344 - mse: 0.1175 - ssim_metric: 0.4664
225/326 [===================>..........] - ETA: 1:20 - loss: 0.3800 - mae: 0.2345 - mse: 0.1175 - ssim_metric: 0.4662
226/326 [===================>..........] - ETA: 1:19 - loss: 0.3801 - mae: 0.2345 - mse: 0.1175 - ssim_metric: 0.4662
227/326 [===================>..........] - ETA: 1:19 - loss: 0.3798 - mae: 0.2344 - mse: 0.1174 - ssim_metric: 0.4666
228/326 [===================>..........] - ETA: 1:18 - loss: 0.3798 - mae: 0.2343 - mse: 0.1174 - ssim_metric: 0.4667
229/326 [====================>.........] - ETA: 1:17 - loss: 0.3801 - mae: 0.2345 - mse: 0.1176 - ssim_metric: 0.4663
230/326 [====================>.........] - ETA: 1:16 - loss: 0.3801 - mae: 0.2345 - mse: 0.1175 - ssim_metric: 0.4663
231/326 [====================>.........] - ETA: 1:15 - loss: 0.3800 - mae: 0.2344 - mse: 0.1175 - ssim_metric: 0.4664
232/326 [====================>.........] - ETA: 1:15 - loss: 0.3798 - mae: 0.2344 - mse: 0.1174 - ssim_metric: 0.4665
233/326 [====================>.........] - ETA: 1:14 - loss: 0.3800 - mae: 0.2344 - mse: 0.1175 - ssim_metric: 0.4666
234/326 [====================>.........] - ETA: 1:13 - loss: 0.3802 - mae: 0.2346 - mse: 0.1176 - ssim_metric: 0.4662
235/326 [====================>.........] - ETA: 1:12 - loss: 0.3802 - mae: 0.2346 - mse: 0.1176 - ssim_metric: 0.4663
236/326 [====================>.........] - ETA: 1:11 - loss: 0.3797 - mae: 0.2343 - mse: 0.1174 - ssim_metric: 0.4668
237/326 [====================>.........] - ETA: 1:11 - loss: 0.3795 - mae: 0.2342 - mse: 0.1173 - ssim_metric: 0.4672
238/326 [====================>.........] - ETA: 1:10 - loss: 0.3797 - mae: 0.2342 - mse: 0.1174 - ssim_metric: 0.4672
239/326 [====================>.........] - ETA: 1:09 - loss: 0.3792 - mae: 0.2339 - mse: 0.1172 - ssim_metric: 0.4678
240/326 [=====================>........] - ETA: 1:08 - loss: 0.3792 - mae: 0.2339 - mse: 0.1172 - ssim_metric: 0.4680
241/326 [=====================>........] - ETA: 1:07 - loss: 0.3791 - mae: 0.2338 - mse: 0.1172 - ssim_metric: 0.4682
242/326 [=====================>........] - ETA: 1:07 - loss: 0.3786 - mae: 0.2335 - mse: 0.1170 - ssim_metric: 0.4687
243/326 [=====================>........] - ETA: 1:06 - loss: 0.3785 - mae: 0.2334 - mse: 0.1170 - ssim_metric: 0.4690
244/326 [=====================>........] - ETA: 1:05 - loss: 0.3786 - mae: 0.2334 - mse: 0.1171 - ssim_metric: 0.4691
245/326 [=====================>........] - ETA: 1:04 - loss: 0.3787 - mae: 0.2335 - mse: 0.1171 - ssim_metric: 0.4690
246/326 [=====================>........] - ETA: 1:03 - loss: 0.3786 - mae: 0.2334 - mse: 0.1170 - ssim_metric: 0.4692
247/326 [=====================>........] - ETA: 1:03 - loss: 0.3786 - mae: 0.2335 - mse: 0.1170 - ssim_metric: 0.4691
248/326 [=====================>........] - ETA: 1:02 - loss: 0.3789 - mae: 0.2336 - mse: 0.1171 - ssim_metric: 0.4690
249/326 [=====================>........] - ETA: 1:01 - loss: 0.3791 - mae: 0.2338 - mse: 0.1172 - ssim_metric: 0.4687
250/326 [======================>.......] - ETA: 1:00 - loss: 0.3789 - mae: 0.2338 - mse: 0.1172 - ssim_metric: 0.4686
251/326 [======================>.......] - ETA: 59s - loss: 0.3788 - mae: 0.2337 - mse: 0.1171 - ssim_metric: 0.4686 
252/326 [======================>.......] - ETA: 59s - loss: 0.3784 - mae: 0.2336 - mse: 0.1170 - ssim_metric: 0.4687
253/326 [======================>.......] - ETA: 58s - loss: 0.3790 - mae: 0.2338 - mse: 0.1172 - ssim_metric: 0.4686
254/326 [======================>.......] - ETA: 57s - loss: 0.3790 - mae: 0.2338 - mse: 0.1172 - ssim_metric: 0.4686
255/326 [======================>.......] - ETA: 56s - loss: 0.3787 - mae: 0.2337 - mse: 0.1171 - ssim_metric: 0.4688
256/326 [======================>.......] - ETA: 55s - loss: 0.3789 - mae: 0.2338 - mse: 0.1171 - ssim_metric: 0.4687
257/326 [======================>.......] - ETA: 55s - loss: 0.3789 - mae: 0.2338 - mse: 0.1171 - ssim_metric: 0.4688
258/326 [======================>.......] - ETA: 54s - loss: 0.3791 - mae: 0.2339 - mse: 0.1172 - ssim_metric: 0.4687
259/326 [======================>.......] - ETA: 53s - loss: 0.3793 - mae: 0.2339 - mse: 0.1173 - ssim_metric: 0.4685
260/326 [======================>.......] - ETA: 52s - loss: 0.3790 - mae: 0.2338 - mse: 0.1172 - ssim_metric: 0.4688
261/326 [=======================>......] - ETA: 51s - loss: 0.3792 - mae: 0.2338 - mse: 0.1172 - ssim_metric: 0.4688
262/326 [=======================>......] - ETA: 51s - loss: 0.3789 - mae: 0.2336 - mse: 0.1171 - ssim_metric: 0.4689
263/326 [=======================>......] - ETA: 50s - loss: 0.3793 - mae: 0.2338 - mse: 0.1173 - ssim_metric: 0.4686
264/326 [=======================>......] - ETA: 49s - loss: 0.3794 - mae: 0.2338 - mse: 0.1173 - ssim_metric: 0.4686
265/326 [=======================>......] - ETA: 48s - loss: 0.3794 - mae: 0.2339 - mse: 0.1173 - ssim_metric: 0.4683
266/326 [=======================>......] - ETA: 47s - loss: 0.3796 - mae: 0.2341 - mse: 0.1174 - ssim_metric: 0.4679
267/326 [=======================>......] - ETA: 47s - loss: 0.3797 - mae: 0.2342 - mse: 0.1174 - ssim_metric: 0.4675
268/326 [=======================>......] - ETA: 46s - loss: 0.3797 - mae: 0.2344 - mse: 0.1174 - ssim_metric: 0.4672
269/326 [=======================>......] - ETA: 45s - loss: 0.3796 - mae: 0.2344 - mse: 0.1174 - ssim_metric: 0.4670
270/326 [=======================>......] - ETA: 44s - loss: 0.3799 - mae: 0.2345 - mse: 0.1175 - ssim_metric: 0.4668
271/326 [=======================>......] - ETA: 43s - loss: 0.3799 - mae: 0.2345 - mse: 0.1175 - ssim_metric: 0.4668
272/326 [========================>.....] - ETA: 43s - loss: 0.3799 - mae: 0.2345 - mse: 0.1175 - ssim_metric: 0.4669
273/326 [========================>.....] - ETA: 42s - loss: 0.3795 - mae: 0.2344 - mse: 0.1174 - ssim_metric: 0.4672
274/326 [========================>.....] - ETA: 41s - loss: 0.3797 - mae: 0.2344 - mse: 0.1174 - ssim_metric: 0.4671
275/326 [========================>.....] - ETA: 40s - loss: 0.3799 - mae: 0.2344 - mse: 0.1175 - ssim_metric: 0.4674
276/326 [========================>.....] - ETA: 39s - loss: 0.3799 - mae: 0.2344 - mse: 0.1175 - ssim_metric: 0.4674
277/326 [========================>.....] - ETA: 39s - loss: 0.3801 - mae: 0.2345 - mse: 0.1176 - ssim_metric: 0.4672
278/326 [========================>.....] - ETA: 38s - loss: 0.3800 - mae: 0.2345 - mse: 0.1175 - ssim_metric: 0.4674
279/326 [========================>.....] - ETA: 37s - loss: 0.3798 - mae: 0.2344 - mse: 0.1175 - ssim_metric: 0.4677
280/326 [========================>.....] - ETA: 36s - loss: 0.3797 - mae: 0.2343 - mse: 0.1174 - ssim_metric: 0.4677
281/326 [========================>.....] - ETA: 35s - loss: 0.3800 - mae: 0.2345 - mse: 0.1175 - ssim_metric: 0.4676
282/326 [========================>.....] - ETA: 35s - loss: 0.3802 - mae: 0.2345 - mse: 0.1176 - ssim_metric: 0.4676
283/326 [=========================>....] - ETA: 34s - loss: 0.3805 - mae: 0.2347 - mse: 0.1177 - ssim_metric: 0.4674
284/326 [=========================>....] - ETA: 33s - loss: 0.3804 - mae: 0.2347 - mse: 0.1177 - ssim_metric: 0.4672
285/326 [=========================>....] - ETA: 32s - loss: 0.3806 - mae: 0.2349 - mse: 0.1177 - ssim_metric: 0.4668
286/326 [=========================>....] - ETA: 31s - loss: 0.3807 - mae: 0.2350 - mse: 0.1178 - ssim_metric: 0.4666
287/326 [=========================>....] - ETA: 31s - loss: 0.3811 - mae: 0.2352 - mse: 0.1179 - ssim_metric: 0.4664
288/326 [=========================>....] - ETA: 30s - loss: 0.3814 - mae: 0.2354 - mse: 0.1180 - ssim_metric: 0.4661
289/326 [=========================>....] - ETA: 29s - loss: 0.3815 - mae: 0.2354 - mse: 0.1180 - ssim_metric: 0.4659
290/326 [=========================>....] - ETA: 28s - loss: 0.3818 - mae: 0.2356 - mse: 0.1182 - ssim_metric: 0.4658
291/326 [=========================>....] - ETA: 27s - loss: 0.3819 - mae: 0.2357 - mse: 0.1182 - ssim_metric: 0.4655
292/326 [=========================>....] - ETA: 27s - loss: 0.3817 - mae: 0.2356 - mse: 0.1181 - ssim_metric: 0.4655
293/326 [=========================>....] - ETA: 26s - loss: 0.3816 - mae: 0.2356 - mse: 0.1181 - ssim_metric: 0.4655
294/326 [==========================>...] - ETA: 25s - loss: 0.3818 - mae: 0.2358 - mse: 0.1182 - ssim_metric: 0.4652
295/326 [==========================>...] - ETA: 24s - loss: 0.3818 - mae: 0.2358 - mse: 0.1182 - ssim_metric: 0.4652
296/326 [==========================>...] - ETA: 23s - loss: 0.3816 - mae: 0.2357 - mse: 0.1181 - ssim_metric: 0.4654
297/326 [==========================>...] - ETA: 23s - loss: 0.3817 - mae: 0.2357 - mse: 0.1181 - ssim_metric: 0.4655
298/326 [==========================>...] - ETA: 22s - loss: 0.3813 - mae: 0.2355 - mse: 0.1180 - ssim_metric: 0.4659
299/326 [==========================>...] - ETA: 21s - loss: 0.3811 - mae: 0.2354 - mse: 0.1179 - ssim_metric: 0.4662
300/326 [==========================>...] - ETA: 20s - loss: 0.3811 - mae: 0.2353 - mse: 0.1179 - ssim_metric: 0.4664
301/326 [==========================>...] - ETA: 19s - loss: 0.3808 - mae: 0.2352 - mse: 0.1178 - ssim_metric: 0.4668
302/326 [==========================>...] - ETA: 19s - loss: 0.3812 - mae: 0.2353 - mse: 0.1179 - ssim_metric: 0.4665
303/326 [==========================>...] - ETA: 18s - loss: 0.3812 - mae: 0.2353 - mse: 0.1179 - ssim_metric: 0.4666
304/326 [==========================>...] - ETA: 17s - loss: 0.3813 - mae: 0.2353 - mse: 0.1180 - ssim_metric: 0.4665
305/326 [===========================>..] - ETA: 16s - loss: 0.3813 - mae: 0.2354 - mse: 0.1180 - ssim_metric: 0.4664
306/326 [===========================>..] - ETA: 15s - loss: 0.3813 - mae: 0.2354 - mse: 0.1180 - ssim_metric: 0.4663
307/326 [===========================>..] - ETA: 15s - loss: 0.3814 - mae: 0.2355 - mse: 0.1180 - ssim_metric: 0.4661
308/326 [===========================>..] - ETA: 14s - loss: 0.3813 - mae: 0.2354 - mse: 0.1180 - ssim_metric: 0.4663
309/326 [===========================>..] - ETA: 13s - loss: 0.3812 - mae: 0.2354 - mse: 0.1179 - ssim_metric: 0.4662
310/326 [===========================>..] - ETA: 12s - loss: 0.3812 - mae: 0.2354 - mse: 0.1179 - ssim_metric: 0.4661
311/326 [===========================>..] - ETA: 11s - loss: 0.3811 - mae: 0.2353 - mse: 0.1179 - ssim_metric: 0.4662
312/326 [===========================>..] - ETA: 11s - loss: 0.3810 - mae: 0.2353 - mse: 0.1179 - ssim_metric: 0.4662
313/326 [===========================>..] - ETA: 10s - loss: 0.3811 - mae: 0.2354 - mse: 0.1179 - ssim_metric: 0.4661
314/326 [===========================>..] - ETA: 9s - loss: 0.3814 - mae: 0.2353 - mse: 0.1180 - ssim_metric: 0.4664 
315/326 [===========================>..] - ETA: 8s - loss: 0.3816 - mae: 0.2355 - mse: 0.1181 - ssim_metric: 0.4661
316/326 [============================>.] - ETA: 7s - loss: 0.3815 - mae: 0.2355 - mse: 0.1180 - ssim_metric: 0.4660
317/326 [============================>.] - ETA: 7s - loss: 0.3814 - mae: 0.2354 - mse: 0.1180 - ssim_metric: 0.4662
318/326 [============================>.] - ETA: 6s - loss: 0.3812 - mae: 0.2353 - mse: 0.1179 - ssim_metric: 0.4662
319/326 [============================>.] - ETA: 5s - loss: 0.3817 - mae: 0.2355 - mse: 0.1181 - ssim_metric: 0.4659
320/326 [============================>.] - ETA: 4s - loss: 0.3816 - mae: 0.2355 - mse: 0.1181 - ssim_metric: 0.4658
321/326 [============================>.] - ETA: 3s - loss: 0.3817 - mae: 0.2356 - mse: 0.1181 - ssim_metric: 0.4656
322/326 [============================>.] - ETA: 3s - loss: 0.3816 - mae: 0.2356 - mse: 0.1181 - ssim_metric: 0.4656
323/326 [============================>.] - ETA: 2s - loss: 0.3815 - mae: 0.2356 - mse: 0.1180 - ssim_metric: 0.4657
324/326 [============================>.] - ETA: 1s - loss: 0.3820 - mae: 0.2358 - mse: 0.1182 - ssim_metric: 0.4654
325/326 [============================>.] - ETA: 0s - loss: 0.3820 - mae: 0.2358 - mse: 0.1182 - ssim_metric: 0.4653
326/326 [==============================] - ETA: 0s - loss: 0.3821 - mae: 0.2358 - mse: 0.1182 - ssim_metric: 0.4653
Epoch 18: saving model to C:\d_surucusu\visual_navigation\benchmark\models_pipeline\20260909_223425\bce_b32\_JOB_bce_b32_10_09_2026__11_08_model_f48_k4_epoch_00018_helu_osigmoid_(1, 1)_.h5

Epoch 18: val_loss improved from 0.34848 to 0.34749, saving model to C:\d_surucusu\visual_navigation\benchmark\models_pipeline\20260909_223425\bce_b32\_JOB_bce_b32_10_09_2026__11_08_best_val_loss_model_f48_k4.h5

Epoch 18: val_mae improved from 0.22077 to 0.21915, saving model to C:\d_surucusu\visual_navigation\benchmark\models_pipeline\20260909_223425\bce_b32\_JOB_bce_b32_10_09_2026__11_08_best_mae_model_f48_k4.h5

Epoch 18: val_ssim_metric did not improve from 0.59927

326/326 [==============================] - 276s 847ms/step - loss: 0.3821 - mae: 0.2358 - mse: 0.1182 - ssim_metric: 0.4653 - val_loss: 0.3475 - val_mae: 0.2192 - val_mse: 0.1055 - val_ssim_metric: 0.4868
Epoch 19/20

  1/326 [..............................] - ETA: 4:34 - loss: 0.4063 - mae: 0.2504 - mse: 0.1298 - ssim_metric: 0.4257
  2/326 [..............................] - ETA: 4:17 - loss: 0.4037 - mae: 0.2452 - mse: 0.1273 - ssim_metric: 0.4542
  3/326 [..............................] - ETA: 4:17 - loss: 0.4221 - mae: 0.2600 - mse: 0.1339 - ssim_metric: 0.4300
  4/326 [..............................] - ETA: 4:16 - loss: 0.4142 - mae: 0.2576 - mse: 0.1309 - ssim_metric: 0.4241
  5/326 [..............................] - ETA: 4:15 - loss: 0.4046 - mae: 0.2545 - mse: 0.1274 - ssim_metric: 0.4279
  6/326 [..............................] - ETA: 4:15 - loss: 0.4031 - mae: 0.2573 - mse: 0.1268 - ssim_metric: 0.4155
  7/326 [..............................] - ETA: 4:14 - loss: 0.4009 - mae: 0.2579 - mse: 0.1258 - ssim_metric: 0.4111
  8/326 [..............................] - ETA: 4:13 - loss: 0.3902 - mae: 0.2516 - mse: 0.1217 - ssim_metric: 0.4204
  9/326 [..............................] - ETA: 4:12 - loss: 0.3801 - mae: 0.2455 - mse: 0.1179 - ssim_metric: 0.4323
 10/326 [..............................] - ETA: 4:11 - loss: 0.3774 - mae: 0.2429 - mse: 0.1170 - ssim_metric: 0.4411
 11/326 [>.............................] - ETA: 4:11 - loss: 0.3810 - mae: 0.2434 - mse: 0.1187 - ssim_metric: 0.4460
 12/326 [>.............................] - ETA: 4:10 - loss: 0.3811 - mae: 0.2415 - mse: 0.1188 - ssim_metric: 0.4522
 13/326 [>.............................] - ETA: 4:09 - loss: 0.3861 - mae: 0.2416 - mse: 0.1205 - ssim_metric: 0.4555
 14/326 [>.............................] - ETA: 4:08 - loss: 0.3989 - mae: 0.2460 - mse: 0.1247 - ssim_metric: 0.4509
 15/326 [>.............................] - ETA: 4:08 - loss: 0.3892 - mae: 0.2406 - mse: 0.1213 - ssim_metric: 0.4619
 16/326 [>.............................] - ETA: 4:07 - loss: 0.3930 - mae: 0.2423 - mse: 0.1228 - ssim_metric: 0.4604
 17/326 [>.............................] - ETA: 4:06 - loss: 0.3920 - mae: 0.2424 - mse: 0.1224 - ssim_metric: 0.4602
 18/326 [>.............................] - ETA: 4:05 - loss: 0.3945 - mae: 0.2450 - mse: 0.1234 - ssim_metric: 0.4545
 19/326 [>.............................] - ETA: 4:04 - loss: 0.3950 - mae: 0.2463 - mse: 0.1236 - ssim_metric: 0.4517
 20/326 [>.............................] - ETA: 4:04 - loss: 0.3908 - mae: 0.2453 - mse: 0.1219 - ssim_metric: 0.4505
 21/326 [>.............................] - ETA: 4:03 - loss: 0.3860 - mae: 0.2431 - mse: 0.1200 - ssim_metric: 0.4526
 22/326 [=>............................] - ETA: 4:02 - loss: 0.3819 - mae: 0.2411 - mse: 0.1185 - ssim_metric: 0.4550
 23/326 [=>............................] - ETA: 4:01 - loss: 0.3782 - mae: 0.2385 - mse: 0.1172 - ssim_metric: 0.4611
 24/326 [=>............................] - ETA: 4:00 - loss: 0.3770 - mae: 0.2375 - mse: 0.1167 - ssim_metric: 0.4629
 25/326 [=>............................] - ETA: 4:00 - loss: 0.3805 - mae: 0.2386 - mse: 0.1181 - ssim_metric: 0.4611
 26/326 [=>............................] - ETA: 3:59 - loss: 0.3813 - mae: 0.2383 - mse: 0.1184 - ssim_metric: 0.4625
 27/326 [=>............................] - ETA: 3:58 - loss: 0.3801 - mae: 0.2372 - mse: 0.1179 - ssim_metric: 0.4650
 28/326 [=>............................] - ETA: 3:57 - loss: 0.3824 - mae: 0.2370 - mse: 0.1185 - ssim_metric: 0.4661
 29/326 [=>............................] - ETA: 3:56 - loss: 0.3811 - mae: 0.2362 - mse: 0.1182 - ssim_metric: 0.4672
 30/326 [=>............................] - ETA: 3:56 - loss: 0.3848 - mae: 0.2371 - mse: 0.1193 - ssim_metric: 0.4659
 31/326 [=>............................] - ETA: 3:55 - loss: 0.3850 - mae: 0.2374 - mse: 0.1194 - ssim_metric: 0.4642
 32/326 [=>............................] - ETA: 3:54 - loss: 0.3862 - mae: 0.2384 - mse: 0.1199 - ssim_metric: 0.4616
 33/326 [==>...........................] - ETA: 3:53 - loss: 0.3833 - mae: 0.2375 - mse: 0.1187 - ssim_metric: 0.4609
 34/326 [==>...........................] - ETA: 3:52 - loss: 0.3846 - mae: 0.2386 - mse: 0.1193 - ssim_metric: 0.4576
 35/326 [==>...........................] - ETA: 3:52 - loss: 0.3826 - mae: 0.2376 - mse: 0.1185 - ssim_metric: 0.4588
 36/326 [==>...........................] - ETA: 3:51 - loss: 0.3825 - mae: 0.2380 - mse: 0.1185 - ssim_metric: 0.4576
 37/326 [==>...........................] - ETA: 3:50 - loss: 0.3796 - mae: 0.2363 - mse: 0.1174 - ssim_metric: 0.4606
 38/326 [==>...........................] - ETA: 3:49 - loss: 0.3776 - mae: 0.2351 - mse: 0.1168 - ssim_metric: 0.4624
 39/326 [==>...........................] - ETA: 3:48 - loss: 0.3776 - mae: 0.2346 - mse: 0.1167 - ssim_metric: 0.4635
 40/326 [==>...........................] - ETA: 3:48 - loss: 0.3761 - mae: 0.2337 - mse: 0.1162 - ssim_metric: 0.4653
 41/326 [==>...........................] - ETA: 3:47 - loss: 0.3744 - mae: 0.2323 - mse: 0.1156 - ssim_metric: 0.4684
 42/326 [==>...........................] - ETA: 3:46 - loss: 0.3706 - mae: 0.2299 - mse: 0.1142 - ssim_metric: 0.4727
 43/326 [==>...........................] - ETA: 3:45 - loss: 0.3707 - mae: 0.2294 - mse: 0.1143 - ssim_metric: 0.4741
 44/326 [===>..........................] - ETA: 3:44 - loss: 0.3717 - mae: 0.2294 - mse: 0.1146 - ssim_metric: 0.4747
 45/326 [===>..........................] - ETA: 3:44 - loss: 0.3738 - mae: 0.2305 - mse: 0.1155 - ssim_metric: 0.4723
 46/326 [===>..........................] - ETA: 3:43 - loss: 0.3741 - mae: 0.2306 - mse: 0.1157 - ssim_metric: 0.4723
 47/326 [===>..........................] - ETA: 3:42 - loss: 0.3730 - mae: 0.2302 - mse: 0.1152 - ssim_metric: 0.4721
 48/326 [===>..........................] - ETA: 3:41 - loss: 0.3701 - mae: 0.2288 - mse: 0.1142 - ssim_metric: 0.4734
 49/326 [===>..........................] - ETA: 3:40 - loss: 0.3739 - mae: 0.2300 - mse: 0.1153 - ssim_metric: 0.4719
 50/326 [===>..........................] - ETA: 3:40 - loss: 0.3736 - mae: 0.2300 - mse: 0.1152 - ssim_metric: 0.4720
 51/326 [===>..........................] - ETA: 3:39 - loss: 0.3718 - mae: 0.2293 - mse: 0.1145 - ssim_metric: 0.4721
 52/326 [===>..........................] - ETA: 3:38 - loss: 0.3723 - mae: 0.2295 - mse: 0.1147 - ssim_metric: 0.4723
 53/326 [===>..........................] - ETA: 3:37 - loss: 0.3718 - mae: 0.2291 - mse: 0.1146 - ssim_metric: 0.4725
 54/326 [===>..........................] - ETA: 3:36 - loss: 0.3730 - mae: 0.2293 - mse: 0.1149 - ssim_metric: 0.4728
 55/326 [====>.........................] - ETA: 3:36 - loss: 0.3732 - mae: 0.2295 - mse: 0.1150 - ssim_metric: 0.4724
 56/326 [====>.........................] - ETA: 3:35 - loss: 0.3729 - mae: 0.2295 - mse: 0.1149 - ssim_metric: 0.4719
 57/326 [====>.........................] - ETA: 3:34 - loss: 0.3717 - mae: 0.2290 - mse: 0.1145 - ssim_metric: 0.4723
 58/326 [====>.........................] - ETA: 3:33 - loss: 0.3730 - mae: 0.2296 - mse: 0.1150 - ssim_metric: 0.4718
 59/326 [====>.........................] - ETA: 3:33 - loss: 0.3738 - mae: 0.2300 - mse: 0.1153 - ssim_metric: 0.4709
 60/326 [====>.........................] - ETA: 3:32 - loss: 0.3745 - mae: 0.2305 - mse: 0.1156 - ssim_metric: 0.4705
 61/326 [====>.........................] - ETA: 3:31 - loss: 0.3725 - mae: 0.2295 - mse: 0.1149 - ssim_metric: 0.4725
 62/326 [====>.........................] - ETA: 3:30 - loss: 0.3711 - mae: 0.2288 - mse: 0.1144 - ssim_metric: 0.4732
 63/326 [====>.........................] - ETA: 3:29 - loss: 0.3719 - mae: 0.2293 - mse: 0.1147 - ssim_metric: 0.4724
 64/326 [====>.........................] - ETA: 3:29 - loss: 0.3709 - mae: 0.2288 - mse: 0.1143 - ssim_metric: 0.4735
 65/326 [====>.........................] - ETA: 3:28 - loss: 0.3696 - mae: 0.2279 - mse: 0.1138 - ssim_metric: 0.4754
 66/326 [=====>........................] - ETA: 3:27 - loss: 0.3708 - mae: 0.2285 - mse: 0.1143 - ssim_metric: 0.4748
 67/326 [=====>........................] - ETA: 3:26 - loss: 0.3707 - mae: 0.2284 - mse: 0.1143 - ssim_metric: 0.4746
 68/326 [=====>........................] - ETA: 3:25 - loss: 0.3705 - mae: 0.2282 - mse: 0.1142 - ssim_metric: 0.4754
 69/326 [=====>........................] - ETA: 3:25 - loss: 0.3707 - mae: 0.2282 - mse: 0.1144 - ssim_metric: 0.4752
 70/326 [=====>........................] - ETA: 3:24 - loss: 0.3706 - mae: 0.2281 - mse: 0.1144 - ssim_metric: 0.4756
 71/326 [=====>........................] - ETA: 3:23 - loss: 0.3705 - mae: 0.2280 - mse: 0.1143 - ssim_metric: 0.4756
 72/326 [=====>........................] - ETA: 3:22 - loss: 0.3730 - mae: 0.2289 - mse: 0.1151 - ssim_metric: 0.4744
 73/326 [=====>........................] - ETA: 3:21 - loss: 0.3729 - mae: 0.2289 - mse: 0.1151 - ssim_metric: 0.4742
 74/326 [=====>........................] - ETA: 3:21 - loss: 0.3726 - mae: 0.2290 - mse: 0.1149 - ssim_metric: 0.4734
 75/326 [=====>........................] - ETA: 3:20 - loss: 0.3718 - mae: 0.2288 - mse: 0.1146 - ssim_metric: 0.4731
 76/326 [=====>........................] - ETA: 3:19 - loss: 0.3705 - mae: 0.2283 - mse: 0.1141 - ssim_metric: 0.4733
 77/326 [======>.......................] - ETA: 3:18 - loss: 0.3712 - mae: 0.2290 - mse: 0.1144 - ssim_metric: 0.4718
 78/326 [======>.......................] - ETA: 3:17 - loss: 0.3709 - mae: 0.2289 - mse: 0.1143 - ssim_metric: 0.4719
 79/326 [======>.......................] - ETA: 3:17 - loss: 0.3721 - mae: 0.2292 - mse: 0.1147 - ssim_metric: 0.4719
 80/326 [======>.......................] - ETA: 3:16 - loss: 0.3727 - mae: 0.2294 - mse: 0.1149 - ssim_metric: 0.4721
 81/326 [======>.......................] - ETA: 3:15 - loss: 0.3722 - mae: 0.2291 - mse: 0.1148 - ssim_metric: 0.4729
 82/326 [======>.......................] - ETA: 3:14 - loss: 0.3725 - mae: 0.2291 - mse: 0.1149 - ssim_metric: 0.4732
 83/326 [======>.......................] - ETA: 3:14 - loss: 0.3722 - mae: 0.2290 - mse: 0.1148 - ssim_metric: 0.4732
 84/326 [======>.......................] - ETA: 3:13 - loss: 0.3727 - mae: 0.2293 - mse: 0.1150 - ssim_metric: 0.4729
 85/326 [======>.......................] - ETA: 3:12 - loss: 0.3716 - mae: 0.2288 - mse: 0.1146 - ssim_metric: 0.4735
 86/326 [======>.......................] - ETA: 3:11 - loss: 0.3717 - mae: 0.2290 - mse: 0.1147 - ssim_metric: 0.4730
 87/326 [=======>......................] - ETA: 3:10 - loss: 0.3715 - mae: 0.2289 - mse: 0.1146 - ssim_metric: 0.4731
 88/326 [=======>......................] - ETA: 3:10 - loss: 0.3707 - mae: 0.2285 - mse: 0.1143 - ssim_metric: 0.4733
 89/326 [=======>......................] - ETA: 3:09 - loss: 0.3701 - mae: 0.2282 - mse: 0.1141 - ssim_metric: 0.4736
 90/326 [=======>......................] - ETA: 3:08 - loss: 0.3711 - mae: 0.2286 - mse: 0.1144 - ssim_metric: 0.4730
 91/326 [=======>......................] - ETA: 3:07 - loss: 0.3709 - mae: 0.2285 - mse: 0.1144 - ssim_metric: 0.4734
 92/326 [=======>......................] - ETA: 3:06 - loss: 0.3707 - mae: 0.2284 - mse: 0.1143 - ssim_metric: 0.4734
 93/326 [=======>......................] - ETA: 3:06 - loss: 0.3718 - mae: 0.2286 - mse: 0.1146 - ssim_metric: 0.4738
 94/326 [=======>......................] - ETA: 3:05 - loss: 0.3725 - mae: 0.2287 - mse: 0.1148 - ssim_metric: 0.4740
 95/326 [=======>......................] - ETA: 3:04 - loss: 0.3735 - mae: 0.2291 - mse: 0.1152 - ssim_metric: 0.4733
 96/326 [=======>......................] - ETA: 3:03 - loss: 0.3732 - mae: 0.2290 - mse: 0.1151 - ssim_metric: 0.4735
 97/326 [=======>......................] - ETA: 3:02 - loss: 0.3730 - mae: 0.2291 - mse: 0.1150 - ssim_metric: 0.4733
 98/326 [========>.....................] - ETA: 3:02 - loss: 0.3724 - mae: 0.2290 - mse: 0.1148 - ssim_metric: 0.4733
 99/326 [========>.....................] - ETA: 3:01 - loss: 0.3720 - mae: 0.2290 - mse: 0.1147 - ssim_metric: 0.4732
100/326 [========>.....................] - ETA: 3:00 - loss: 0.3720 - mae: 0.2291 - mse: 0.1147 - ssim_metric: 0.4729
101/326 [========>.....................] - ETA: 2:59 - loss: 0.3714 - mae: 0.2288 - mse: 0.1144 - ssim_metric: 0.4731
102/326 [========>.....................] - ETA: 2:58 - loss: 0.3707 - mae: 0.2286 - mse: 0.1142 - ssim_metric: 0.4735
103/326 [========>.....................] - ETA: 2:58 - loss: 0.3724 - mae: 0.2289 - mse: 0.1147 - ssim_metric: 0.4731
104/326 [========>.....................] - ETA: 2:57 - loss: 0.3724 - mae: 0.2288 - mse: 0.1146 - ssim_metric: 0.4736
105/326 [========>.....................] - ETA: 2:56 - loss: 0.3719 - mae: 0.2285 - mse: 0.1145 - ssim_metric: 0.4741
106/326 [========>.....................] - ETA: 2:55 - loss: 0.3710 - mae: 0.2281 - mse: 0.1142 - ssim_metric: 0.4750
107/326 [========>.....................] - ETA: 2:54 - loss: 0.3709 - mae: 0.2280 - mse: 0.1141 - ssim_metric: 0.4752
108/326 [========>.....................] - ETA: 2:54 - loss: 0.3729 - mae: 0.2286 - mse: 0.1148 - ssim_metric: 0.4746
109/326 [=========>....................] - ETA: 2:53 - loss: 0.3727 - mae: 0.2284 - mse: 0.1147 - ssim_metric: 0.4751
110/326 [=========>....................] - ETA: 2:52 - loss: 0.3732 - mae: 0.2287 - mse: 0.1149 - ssim_metric: 0.4747
111/326 [=========>....................] - ETA: 2:51 - loss: 0.3729 - mae: 0.2286 - mse: 0.1148 - ssim_metric: 0.4747
112/326 [=========>....................] - ETA: 2:50 - loss: 0.3730 - mae: 0.2288 - mse: 0.1148 - ssim_metric: 0.4743
113/326 [=========>....................] - ETA: 2:50 - loss: 0.3730 - mae: 0.2288 - mse: 0.1148 - ssim_metric: 0.4743
114/326 [=========>....................] - ETA: 2:49 - loss: 0.3727 - mae: 0.2289 - mse: 0.1147 - ssim_metric: 0.4742
115/326 [=========>....................] - ETA: 2:48 - loss: 0.3729 - mae: 0.2291 - mse: 0.1148 - ssim_metric: 0.4737
116/326 [=========>....................] - ETA: 2:47 - loss: 0.3731 - mae: 0.2293 - mse: 0.1149 - ssim_metric: 0.4734
117/326 [=========>....................] - ETA: 2:46 - loss: 0.3735 - mae: 0.2296 - mse: 0.1150 - ssim_metric: 0.4731
118/326 [=========>....................] - ETA: 2:46 - loss: 0.3729 - mae: 0.2292 - mse: 0.1148 - ssim_metric: 0.4739
119/326 [=========>....................] - ETA: 2:45 - loss: 0.3726 - mae: 0.2290 - mse: 0.1147 - ssim_metric: 0.4746
120/326 [==========>...................] - ETA: 2:44 - loss: 0.3723 - mae: 0.2288 - mse: 0.1146 - ssim_metric: 0.4750
121/326 [==========>...................] - ETA: 2:43 - loss: 0.3718 - mae: 0.2285 - mse: 0.1144 - ssim_metric: 0.4759
122/326 [==========>...................] - ETA: 2:42 - loss: 0.3722 - mae: 0.2285 - mse: 0.1145 - ssim_metric: 0.4762
123/326 [==========>...................] - ETA: 2:42 - loss: 0.3726 - mae: 0.2285 - mse: 0.1147 - ssim_metric: 0.4763
124/326 [==========>...................] - ETA: 2:41 - loss: 0.3731 - mae: 0.2287 - mse: 0.1149 - ssim_metric: 0.4758
125/326 [==========>...................] - ETA: 2:40 - loss: 0.3733 - mae: 0.2287 - mse: 0.1149 - ssim_metric: 0.4761
126/326 [==========>...................] - ETA: 2:39 - loss: 0.3729 - mae: 0.2286 - mse: 0.1148 - ssim_metric: 0.4757
127/326 [==========>...................] - ETA: 2:38 - loss: 0.3726 - mae: 0.2286 - mse: 0.1147 - ssim_metric: 0.4754
128/326 [==========>...................] - ETA: 2:38 - loss: 0.3722 - mae: 0.2285 - mse: 0.1145 - ssim_metric: 0.4754
129/326 [==========>...................] - ETA: 2:37 - loss: 0.3722 - mae: 0.2286 - mse: 0.1145 - ssim_metric: 0.4753
130/326 [==========>...................] - ETA: 2:36 - loss: 0.3732 - mae: 0.2291 - mse: 0.1148 - ssim_metric: 0.4744
131/326 [===========>..................] - ETA: 2:35 - loss: 0.3735 - mae: 0.2293 - mse: 0.1149 - ssim_metric: 0.4742
132/326 [===========>..................] - ETA: 2:34 - loss: 0.3736 - mae: 0.2293 - mse: 0.1150 - ssim_metric: 0.4744
133/326 [===========>..................] - ETA: 2:34 - loss: 0.3734 - mae: 0.2293 - mse: 0.1149 - ssim_metric: 0.4744
134/326 [===========>..................] - ETA: 2:33 - loss: 0.3738 - mae: 0.2296 - mse: 0.1151 - ssim_metric: 0.4741
135/326 [===========>..................] - ETA: 2:32 - loss: 0.3742 - mae: 0.2299 - mse: 0.1152 - ssim_metric: 0.4736
136/326 [===========>..................] - ETA: 2:31 - loss: 0.3743 - mae: 0.2300 - mse: 0.1153 - ssim_metric: 0.4732
137/326 [===========>..................] - ETA: 2:30 - loss: 0.3739 - mae: 0.2299 - mse: 0.1152 - ssim_metric: 0.4732
138/326 [===========>..................] - ETA: 2:30 - loss: 0.3742 - mae: 0.2302 - mse: 0.1153 - ssim_metric: 0.4726
139/326 [===========>..................] - ETA: 2:29 - loss: 0.3741 - mae: 0.2302 - mse: 0.1152 - ssim_metric: 0.4724
140/326 [===========>..................] - ETA: 2:28 - loss: 0.3741 - mae: 0.2302 - mse: 0.1153 - ssim_metric: 0.4725
141/326 [===========>..................] - ETA: 2:27 - loss: 0.3741 - mae: 0.2302 - mse: 0.1153 - ssim_metric: 0.4726
142/326 [============>.................] - ETA: 2:26 - loss: 0.3738 - mae: 0.2300 - mse: 0.1152 - ssim_metric: 0.4732
143/326 [============>.................] - ETA: 2:26 - loss: 0.3740 - mae: 0.2301 - mse: 0.1153 - ssim_metric: 0.4730
144/326 [============>.................] - ETA: 2:25 - loss: 0.3738 - mae: 0.2299 - mse: 0.1152 - ssim_metric: 0.4731
145/326 [============>.................] - ETA: 2:24 - loss: 0.3736 - mae: 0.2298 - mse: 0.1151 - ssim_metric: 0.4735
146/326 [============>.................] - ETA: 2:23 - loss: 0.3734 - mae: 0.2296 - mse: 0.1151 - ssim_metric: 0.4738
147/326 [============>.................] - ETA: 2:22 - loss: 0.3741 - mae: 0.2299 - mse: 0.1153 - ssim_metric: 0.4734
148/326 [============>.................] - ETA: 2:22 - loss: 0.3737 - mae: 0.2297 - mse: 0.1152 - ssim_metric: 0.4736
149/326 [============>.................] - ETA: 2:21 - loss: 0.3741 - mae: 0.2300 - mse: 0.1153 - ssim_metric: 0.4729
150/326 [============>.................] - ETA: 2:20 - loss: 0.3738 - mae: 0.2300 - mse: 0.1152 - ssim_metric: 0.4726
151/326 [============>.................] - ETA: 2:19 - loss: 0.3744 - mae: 0.2304 - mse: 0.1154 - ssim_metric: 0.4717
152/326 [============>.................] - ETA: 2:18 - loss: 0.3750 - mae: 0.2306 - mse: 0.1156 - ssim_metric: 0.4714
153/326 [=============>................] - ETA: 2:18 - loss: 0.3746 - mae: 0.2305 - mse: 0.1155 - ssim_metric: 0.4714
154/326 [=============>................] - ETA: 2:17 - loss: 0.3744 - mae: 0.2305 - mse: 0.1154 - ssim_metric: 0.4713
155/326 [=============>................] - ETA: 2:16 - loss: 0.3746 - mae: 0.2305 - mse: 0.1155 - ssim_metric: 0.4713
156/326 [=============>................] - ETA: 2:15 - loss: 0.3744 - mae: 0.2304 - mse: 0.1154 - ssim_metric: 0.4714
157/326 [=============>................] - ETA: 2:14 - loss: 0.3745 - mae: 0.2305 - mse: 0.1155 - ssim_metric: 0.4711
158/326 [=============>................] - ETA: 2:14 - loss: 0.3755 - mae: 0.2307 - mse: 0.1157 - ssim_metric: 0.4711
159/326 [=============>................] - ETA: 2:13 - loss: 0.3757 - mae: 0.2308 - mse: 0.1158 - ssim_metric: 0.4711
160/326 [=============>................] - ETA: 2:12 - loss: 0.3755 - mae: 0.2308 - mse: 0.1158 - ssim_metric: 0.4711
161/326 [=============>................] - ETA: 2:11 - loss: 0.3758 - mae: 0.2311 - mse: 0.1159 - ssim_metric: 0.4706
162/326 [=============>................] - ETA: 2:10 - loss: 0.3755 - mae: 0.2310 - mse: 0.1158 - ssim_metric: 0.4704
163/326 [==============>...............] - ETA: 2:10 - loss: 0.3752 - mae: 0.2310 - mse: 0.1157 - ssim_metric: 0.4705
164/326 [==============>...............] - ETA: 2:09 - loss: 0.3751 - mae: 0.2310 - mse: 0.1157 - ssim_metric: 0.4706
165/326 [==============>...............] - ETA: 2:08 - loss: 0.3752 - mae: 0.2310 - mse: 0.1157 - ssim_metric: 0.4706
166/326 [==============>...............] - ETA: 2:07 - loss: 0.3759 - mae: 0.2313 - mse: 0.1159 - ssim_metric: 0.4702
167/326 [==============>...............] - ETA: 2:06 - loss: 0.3758 - mae: 0.2313 - mse: 0.1159 - ssim_metric: 0.4701
168/326 [==============>...............] - ETA: 2:06 - loss: 0.3761 - mae: 0.2315 - mse: 0.1161 - ssim_metric: 0.4699
169/326 [==============>...............] - ETA: 2:05 - loss: 0.3759 - mae: 0.2314 - mse: 0.1160 - ssim_metric: 0.4701
170/326 [==============>...............] - ETA: 2:04 - loss: 0.3760 - mae: 0.2315 - mse: 0.1160 - ssim_metric: 0.4699
171/326 [==============>...............] - ETA: 2:03 - loss: 0.3759 - mae: 0.2315 - mse: 0.1160 - ssim_metric: 0.4700
172/326 [==============>...............] - ETA: 2:02 - loss: 0.3755 - mae: 0.2312 - mse: 0.1159 - ssim_metric: 0.4706
173/326 [==============>...............] - ETA: 2:02 - loss: 0.3758 - mae: 0.2313 - mse: 0.1160 - ssim_metric: 0.4704
174/326 [===============>..............] - ETA: 2:01 - loss: 0.3756 - mae: 0.2313 - mse: 0.1159 - ssim_metric: 0.4702
175/326 [===============>..............] - ETA: 2:00 - loss: 0.3757 - mae: 0.2314 - mse: 0.1160 - ssim_metric: 0.4701
176/326 [===============>..............] - ETA: 1:59 - loss: 0.3757 - mae: 0.2314 - mse: 0.1160 - ssim_metric: 0.4701
177/326 [===============>..............] - ETA: 1:58 - loss: 0.3760 - mae: 0.2314 - mse: 0.1161 - ssim_metric: 0.4702
178/326 [===============>..............] - ETA: 1:58 - loss: 0.3769 - mae: 0.2318 - mse: 0.1164 - ssim_metric: 0.4697
179/326 [===============>..............] - ETA: 1:57 - loss: 0.3771 - mae: 0.2318 - mse: 0.1165 - ssim_metric: 0.4697
180/326 [===============>..............] - ETA: 1:56 - loss: 0.3772 - mae: 0.2320 - mse: 0.1165 - ssim_metric: 0.4692
181/326 [===============>..............] - ETA: 1:55 - loss: 0.3777 - mae: 0.2325 - mse: 0.1167 - ssim_metric: 0.4682
182/326 [===============>..............] - ETA: 1:54 - loss: 0.3777 - mae: 0.2326 - mse: 0.1167 - ssim_metric: 0.4677
183/326 [===============>..............] - ETA: 1:54 - loss: 0.3776 - mae: 0.2327 - mse: 0.1166 - ssim_metric: 0.4673
184/326 [===============>..............] - ETA: 1:53 - loss: 0.3776 - mae: 0.2328 - mse: 0.1167 - ssim_metric: 0.4673
185/326 [================>.............] - ETA: 1:52 - loss: 0.3778 - mae: 0.2330 - mse: 0.1167 - ssim_metric: 0.4670
186/326 [================>.............] - ETA: 1:51 - loss: 0.3784 - mae: 0.2334 - mse: 0.1170 - ssim_metric: 0.4663
187/326 [================>.............] - ETA: 1:50 - loss: 0.3788 - mae: 0.2336 - mse: 0.1171 - ssim_metric: 0.4661
188/326 [================>.............] - ETA: 1:50 - loss: 0.3792 - mae: 0.2336 - mse: 0.1172 - ssim_metric: 0.4664
189/326 [================>.............] - ETA: 1:49 - loss: 0.3789 - mae: 0.2336 - mse: 0.1171 - ssim_metric: 0.4665
190/326 [================>.............] - ETA: 1:48 - loss: 0.3787 - mae: 0.2335 - mse: 0.1170 - ssim_metric: 0.4665
191/326 [================>.............] - ETA: 1:47 - loss: 0.3786 - mae: 0.2335 - mse: 0.1170 - ssim_metric: 0.4665
192/326 [================>.............] - ETA: 1:46 - loss: 0.3784 - mae: 0.2334 - mse: 0.1169 - ssim_metric: 0.4667
193/326 [================>.............] - ETA: 1:46 - loss: 0.3785 - mae: 0.2334 - mse: 0.1170 - ssim_metric: 0.4668
194/326 [================>.............] - ETA: 1:45 - loss: 0.3780 - mae: 0.2331 - mse: 0.1168 - ssim_metric: 0.4674
195/326 [================>.............] - ETA: 1:44 - loss: 0.3784 - mae: 0.2331 - mse: 0.1169 - ssim_metric: 0.4677
196/326 [=================>............] - ETA: 1:43 - loss: 0.3788 - mae: 0.2332 - mse: 0.1170 - ssim_metric: 0.4676
197/326 [=================>............] - ETA: 1:42 - loss: 0.3785 - mae: 0.2330 - mse: 0.1169 - ssim_metric: 0.4679
198/326 [=================>............] - ETA: 1:42 - loss: 0.3784 - mae: 0.2330 - mse: 0.1169 - ssim_metric: 0.4680
199/326 [=================>............] - ETA: 1:41 - loss: 0.3785 - mae: 0.2330 - mse: 0.1169 - ssim_metric: 0.4679
200/326 [=================>............] - ETA: 1:40 - loss: 0.3785 - mae: 0.2331 - mse: 0.1169 - ssim_metric: 0.4678
201/326 [=================>............] - ETA: 1:39 - loss: 0.3784 - mae: 0.2331 - mse: 0.1169 - ssim_metric: 0.4676
202/326 [=================>............] - ETA: 1:38 - loss: 0.3789 - mae: 0.2333 - mse: 0.1171 - ssim_metric: 0.4676
203/326 [=================>............] - ETA: 1:38 - loss: 0.3794 - mae: 0.2336 - mse: 0.1172 - ssim_metric: 0.4671
204/326 [=================>............] - ETA: 1:37 - loss: 0.3792 - mae: 0.2336 - mse: 0.1172 - ssim_metric: 0.4670
205/326 [=================>............] - ETA: 1:36 - loss: 0.3789 - mae: 0.2334 - mse: 0.1170 - ssim_metric: 0.4671
206/326 [=================>............] - ETA: 1:35 - loss: 0.3788 - mae: 0.2334 - mse: 0.1170 - ssim_metric: 0.4672
207/326 [==================>...........] - ETA: 1:34 - loss: 0.3787 - mae: 0.2335 - mse: 0.1170 - ssim_metric: 0.4672
208/326 [==================>...........] - ETA: 1:34 - loss: 0.3786 - mae: 0.2334 - mse: 0.1170 - ssim_metric: 0.4674
209/326 [==================>...........] - ETA: 1:33 - loss: 0.3786 - mae: 0.2334 - mse: 0.1170 - ssim_metric: 0.4676
210/326 [==================>...........] - ETA: 1:32 - loss: 0.3788 - mae: 0.2335 - mse: 0.1170 - ssim_metric: 0.4675
211/326 [==================>...........] - ETA: 1:31 - loss: 0.3788 - mae: 0.2334 - mse: 0.1170 - ssim_metric: 0.4680
212/326 [==================>...........] - ETA: 1:30 - loss: 0.3787 - mae: 0.2333 - mse: 0.1170 - ssim_metric: 0.4682
213/326 [==================>...........] - ETA: 1:30 - loss: 0.3784 - mae: 0.2331 - mse: 0.1169 - ssim_metric: 0.4684
214/326 [==================>...........] - ETA: 1:29 - loss: 0.3785 - mae: 0.2332 - mse: 0.1169 - ssim_metric: 0.4684
215/326 [==================>...........] - ETA: 1:28 - loss: 0.3784 - mae: 0.2332 - mse: 0.1169 - ssim_metric: 0.4683
216/326 [==================>...........] - ETA: 1:27 - loss: 0.3783 - mae: 0.2331 - mse: 0.1168 - ssim_metric: 0.4685
217/326 [==================>...........] - ETA: 1:26 - loss: 0.3784 - mae: 0.2331 - mse: 0.1169 - ssim_metric: 0.4685
218/326 [===================>..........] - ETA: 1:26 - loss: 0.3784 - mae: 0.2331 - mse: 0.1169 - ssim_metric: 0.4684
219/326 [===================>..........] - ETA: 1:25 - loss: 0.3784 - mae: 0.2331 - mse: 0.1169 - ssim_metric: 0.4684
220/326 [===================>..........] - ETA: 1:24 - loss: 0.3786 - mae: 0.2333 - mse: 0.1170 - ssim_metric: 0.4679
221/326 [===================>..........] - ETA: 1:23 - loss: 0.3789 - mae: 0.2335 - mse: 0.1171 - ssim_metric: 0.4675
222/326 [===================>..........] - ETA: 1:22 - loss: 0.3791 - mae: 0.2337 - mse: 0.1172 - ssim_metric: 0.4670
223/326 [===================>..........] - ETA: 1:22 - loss: 0.3789 - mae: 0.2336 - mse: 0.1171 - ssim_metric: 0.4670
224/326 [===================>..........] - ETA: 1:21 - loss: 0.3791 - mae: 0.2338 - mse: 0.1172 - ssim_metric: 0.4667
225/326 [===================>..........] - ETA: 1:20 - loss: 0.3793 - mae: 0.2339 - mse: 0.1173 - ssim_metric: 0.4665
226/326 [===================>..........] - ETA: 1:19 - loss: 0.3793 - mae: 0.2339 - mse: 0.1173 - ssim_metric: 0.4665
227/326 [===================>..........] - ETA: 1:19 - loss: 0.3791 - mae: 0.2338 - mse: 0.1172 - ssim_metric: 0.4669
228/326 [===================>..........] - ETA: 1:18 - loss: 0.3791 - mae: 0.2337 - mse: 0.1172 - ssim_metric: 0.4670
229/326 [====================>.........] - ETA: 1:17 - loss: 0.3794 - mae: 0.2339 - mse: 0.1173 - ssim_metric: 0.4666
230/326 [====================>.........] - ETA: 1:16 - loss: 0.3793 - mae: 0.2339 - mse: 0.1173 - ssim_metric: 0.4666
231/326 [====================>.........] - ETA: 1:15 - loss: 0.3792 - mae: 0.2339 - mse: 0.1172 - ssim_metric: 0.4667
232/326 [====================>.........] - ETA: 1:15 - loss: 0.3791 - mae: 0.2338 - mse: 0.1172 - ssim_metric: 0.4667
233/326 [====================>.........] - ETA: 1:14 - loss: 0.3793 - mae: 0.2339 - mse: 0.1172 - ssim_metric: 0.4668
234/326 [====================>.........] - ETA: 1:13 - loss: 0.3795 - mae: 0.2340 - mse: 0.1173 - ssim_metric: 0.4664
235/326 [====================>.........] - ETA: 1:12 - loss: 0.3795 - mae: 0.2340 - mse: 0.1173 - ssim_metric: 0.4665
236/326 [====================>.........] - ETA: 1:11 - loss: 0.3790 - mae: 0.2338 - mse: 0.1172 - ssim_metric: 0.4669
237/326 [====================>.........] - ETA: 1:11 - loss: 0.3788 - mae: 0.2336 - mse: 0.1171 - ssim_metric: 0.4674
238/326 [====================>.........] - ETA: 1:10 - loss: 0.3790 - mae: 0.2337 - mse: 0.1172 - ssim_metric: 0.4674
239/326 [====================>.........] - ETA: 1:09 - loss: 0.3784 - mae: 0.2334 - mse: 0.1170 - ssim_metric: 0.4680
240/326 [=====================>........] - ETA: 1:08 - loss: 0.3784 - mae: 0.2333 - mse: 0.1170 - ssim_metric: 0.4682
241/326 [=====================>........] - ETA: 1:07 - loss: 0.3783 - mae: 0.2332 - mse: 0.1170 - ssim_metric: 0.4684
242/326 [=====================>........] - ETA: 1:07 - loss: 0.3779 - mae: 0.2330 - mse: 0.1168 - ssim_metric: 0.4689
243/326 [=====================>........] - ETA: 1:06 - loss: 0.3778 - mae: 0.2329 - mse: 0.1168 - ssim_metric: 0.4693
244/326 [=====================>........] - ETA: 1:05 - loss: 0.3779 - mae: 0.2329 - mse: 0.1168 - ssim_metric: 0.4694
245/326 [=====================>........] - ETA: 1:04 - loss: 0.3780 - mae: 0.2329 - mse: 0.1168 - ssim_metric: 0.4692
246/326 [=====================>........] - ETA: 1:03 - loss: 0.3778 - mae: 0.2329 - mse: 0.1168 - ssim_metric: 0.4695
247/326 [=====================>........] - ETA: 1:03 - loss: 0.3778 - mae: 0.2329 - mse: 0.1168 - ssim_metric: 0.4694
248/326 [=====================>........] - ETA: 1:02 - loss: 0.3782 - mae: 0.2331 - mse: 0.1169 - ssim_metric: 0.4693
249/326 [=====================>........] - ETA: 1:01 - loss: 0.3784 - mae: 0.2332 - mse: 0.1170 - ssim_metric: 0.4690
250/326 [======================>.......] - ETA: 1:00 - loss: 0.3782 - mae: 0.2332 - mse: 0.1169 - ssim_metric: 0.4689
251/326 [======================>.......] - ETA: 59s - loss: 0.3781 - mae: 0.2332 - mse: 0.1169 - ssim_metric: 0.4688 
252/326 [======================>.......] - ETA: 59s - loss: 0.3777 - mae: 0.2331 - mse: 0.1167 - ssim_metric: 0.4690
253/326 [======================>.......] - ETA: 58s - loss: 0.3783 - mae: 0.2333 - mse: 0.1169 - ssim_metric: 0.4688
254/326 [======================>.......] - ETA: 57s - loss: 0.3783 - mae: 0.2333 - mse: 0.1169 - ssim_metric: 0.4689
255/326 [======================>.......] - ETA: 56s - loss: 0.3780 - mae: 0.2332 - mse: 0.1168 - ssim_metric: 0.4690
256/326 [======================>.......] - ETA: 55s - loss: 0.3782 - mae: 0.2333 - mse: 0.1169 - ssim_metric: 0.4689
257/326 [======================>.......] - ETA: 55s - loss: 0.3782 - mae: 0.2332 - mse: 0.1169 - ssim_metric: 0.4690
258/326 [======================>.......] - ETA: 54s - loss: 0.3784 - mae: 0.2333 - mse: 0.1170 - ssim_metric: 0.4689
259/326 [======================>.......] - ETA: 53s - loss: 0.3786 - mae: 0.2334 - mse: 0.1170 - ssim_metric: 0.4687
260/326 [======================>.......] - ETA: 52s - loss: 0.3783 - mae: 0.2332 - mse: 0.1169 - ssim_metric: 0.4690
261/326 [=======================>......] - ETA: 51s - loss: 0.3785 - mae: 0.2332 - mse: 0.1170 - ssim_metric: 0.4690
262/326 [=======================>......] - ETA: 51s - loss: 0.3781 - mae: 0.2331 - mse: 0.1168 - ssim_metric: 0.4690
263/326 [=======================>......] - ETA: 50s - loss: 0.3786 - mae: 0.2332 - mse: 0.1170 - ssim_metric: 0.4688
264/326 [=======================>......] - ETA: 49s - loss: 0.3786 - mae: 0.2333 - mse: 0.1170 - ssim_metric: 0.4688
265/326 [=======================>......] - ETA: 48s - loss: 0.3787 - mae: 0.2334 - mse: 0.1171 - ssim_metric: 0.4685
266/326 [=======================>......] - ETA: 47s - loss: 0.3788 - mae: 0.2335 - mse: 0.1171 - ssim_metric: 0.4681
267/326 [=======================>......] - ETA: 47s - loss: 0.3789 - mae: 0.2336 - mse: 0.1171 - ssim_metric: 0.4678
268/326 [=======================>......] - ETA: 46s - loss: 0.3790 - mae: 0.2338 - mse: 0.1172 - ssim_metric: 0.4674
269/326 [=======================>......] - ETA: 45s - loss: 0.3789 - mae: 0.2338 - mse: 0.1171 - ssim_metric: 0.4672
270/326 [=======================>......] - ETA: 44s - loss: 0.3791 - mae: 0.2339 - mse: 0.1172 - ssim_metric: 0.4670
271/326 [=======================>......] - ETA: 43s - loss: 0.3792 - mae: 0.2340 - mse: 0.1172 - ssim_metric: 0.4670
272/326 [========================>.....] - ETA: 43s - loss: 0.3791 - mae: 0.2339 - mse: 0.1172 - ssim_metric: 0.4671
273/326 [========================>.....] - ETA: 42s - loss: 0.3788 - mae: 0.2338 - mse: 0.1171 - ssim_metric: 0.4674
274/326 [========================>.....] - ETA: 41s - loss: 0.3789 - mae: 0.2338 - mse: 0.1172 - ssim_metric: 0.4673
275/326 [========================>.....] - ETA: 40s - loss: 0.3791 - mae: 0.2338 - mse: 0.1172 - ssim_metric: 0.4676
276/326 [========================>.....] - ETA: 39s - loss: 0.3791 - mae: 0.2338 - mse: 0.1172 - ssim_metric: 0.4676
277/326 [========================>.....] - ETA: 39s - loss: 0.3794 - mae: 0.2340 - mse: 0.1173 - ssim_metric: 0.4674
278/326 [========================>.....] - ETA: 38s - loss: 0.3793 - mae: 0.2339 - mse: 0.1173 - ssim_metric: 0.4675
279/326 [========================>.....] - ETA: 37s - loss: 0.3790 - mae: 0.2338 - mse: 0.1172 - ssim_metric: 0.4679
280/326 [========================>.....] - ETA: 36s - loss: 0.3789 - mae: 0.2337 - mse: 0.1172 - ssim_metric: 0.4679
281/326 [========================>.....] - ETA: 35s - loss: 0.3793 - mae: 0.2339 - mse: 0.1173 - ssim_metric: 0.4677
282/326 [========================>.....] - ETA: 35s - loss: 0.3794 - mae: 0.2339 - mse: 0.1173 - ssim_metric: 0.4678
283/326 [=========================>....] - ETA: 34s - loss: 0.3798 - mae: 0.2341 - mse: 0.1174 - ssim_metric: 0.4676
284/326 [=========================>....] - ETA: 33s - loss: 0.3797 - mae: 0.2341 - mse: 0.1174 - ssim_metric: 0.4674
285/326 [=========================>....] - ETA: 32s - loss: 0.3798 - mae: 0.2343 - mse: 0.1175 - ssim_metric: 0.4670
286/326 [=========================>....] - ETA: 31s - loss: 0.3799 - mae: 0.2344 - mse: 0.1175 - ssim_metric: 0.4668
287/326 [=========================>....] - ETA: 31s - loss: 0.3803 - mae: 0.2346 - mse: 0.1176 - ssim_metric: 0.4665
288/326 [=========================>....] - ETA: 30s - loss: 0.3807 - mae: 0.2348 - mse: 0.1178 - ssim_metric: 0.4662
289/326 [=========================>....] - ETA: 29s - loss: 0.3807 - mae: 0.2348 - mse: 0.1178 - ssim_metric: 0.4660
290/326 [=========================>....] - ETA: 28s - loss: 0.3810 - mae: 0.2350 - mse: 0.1179 - ssim_metric: 0.4659
291/326 [=========================>....] - ETA: 27s - loss: 0.3812 - mae: 0.2351 - mse: 0.1179 - ssim_metric: 0.4656
292/326 [=========================>....] - ETA: 27s - loss: 0.3809 - mae: 0.2351 - mse: 0.1178 - ssim_metric: 0.4655
293/326 [=========================>....] - ETA: 26s - loss: 0.3808 - mae: 0.2350 - mse: 0.1178 - ssim_metric: 0.4656
294/326 [==========================>...] - ETA: 25s - loss: 0.3810 - mae: 0.2352 - mse: 0.1179 - ssim_metric: 0.4653
295/326 [==========================>...] - ETA: 24s - loss: 0.3810 - mae: 0.2352 - mse: 0.1179 - ssim_metric: 0.4653
296/326 [==========================>...] - ETA: 23s - loss: 0.3808 - mae: 0.2351 - mse: 0.1178 - ssim_metric: 0.4655
297/326 [==========================>...] - ETA: 23s - loss: 0.3810 - mae: 0.2352 - mse: 0.1179 - ssim_metric: 0.4656
298/326 [==========================>...] - ETA: 22s - loss: 0.3805 - mae: 0.2349 - mse: 0.1177 - ssim_metric: 0.4660
299/326 [==========================>...] - ETA: 21s - loss: 0.3803 - mae: 0.2348 - mse: 0.1176 - ssim_metric: 0.4663
300/326 [==========================>...] - ETA: 20s - loss: 0.3804 - mae: 0.2348 - mse: 0.1176 - ssim_metric: 0.4665
301/326 [==========================>...] - ETA: 19s - loss: 0.3801 - mae: 0.2346 - mse: 0.1175 - ssim_metric: 0.4669
302/326 [==========================>...] - ETA: 19s - loss: 0.3804 - mae: 0.2347 - mse: 0.1177 - ssim_metric: 0.4666
303/326 [==========================>...] - ETA: 18s - loss: 0.3805 - mae: 0.2347 - mse: 0.1177 - ssim_metric: 0.4667
304/326 [==========================>...] - ETA: 17s - loss: 0.3805 - mae: 0.2348 - mse: 0.1177 - ssim_metric: 0.4667
305/326 [===========================>..] - ETA: 16s - loss: 0.3805 - mae: 0.2348 - mse: 0.1177 - ssim_metric: 0.4666
306/326 [===========================>..] - ETA: 15s - loss: 0.3805 - mae: 0.2348 - mse: 0.1177 - ssim_metric: 0.4664
307/326 [===========================>..] - ETA: 15s - loss: 0.3806 - mae: 0.2349 - mse: 0.1177 - ssim_metric: 0.4663
308/326 [===========================>..] - ETA: 14s - loss: 0.3805 - mae: 0.2348 - mse: 0.1177 - ssim_metric: 0.4664
309/326 [===========================>..] - ETA: 13s - loss: 0.3805 - mae: 0.2348 - mse: 0.1177 - ssim_metric: 0.4664
310/326 [===========================>..] - ETA: 12s - loss: 0.3805 - mae: 0.2348 - mse: 0.1177 - ssim_metric: 0.4663
311/326 [===========================>..] - ETA: 11s - loss: 0.3803 - mae: 0.2348 - mse: 0.1176 - ssim_metric: 0.4664
312/326 [===========================>..] - ETA: 11s - loss: 0.3803 - mae: 0.2348 - mse: 0.1176 - ssim_metric: 0.4663
313/326 [===========================>..] - ETA: 10s - loss: 0.3804 - mae: 0.2348 - mse: 0.1177 - ssim_metric: 0.4663
314/326 [===========================>..] - ETA: 9s - loss: 0.3807 - mae: 0.2348 - mse: 0.1177 - ssim_metric: 0.4665 
315/326 [===========================>..] - ETA: 8s - loss: 0.3808 - mae: 0.2349 - mse: 0.1178 - ssim_metric: 0.4663
316/326 [============================>.] - ETA: 7s - loss: 0.3808 - mae: 0.2349 - mse: 0.1178 - ssim_metric: 0.4662
317/326 [============================>.] - ETA: 7s - loss: 0.3806 - mae: 0.2348 - mse: 0.1177 - ssim_metric: 0.4664
318/326 [============================>.] - ETA: 6s - loss: 0.3804 - mae: 0.2348 - mse: 0.1177 - ssim_metric: 0.4664
319/326 [============================>.] - ETA: 5s - loss: 0.3810 - mae: 0.2350 - mse: 0.1179 - ssim_metric: 0.4662
320/326 [============================>.] - ETA: 4s - loss: 0.3809 - mae: 0.2350 - mse: 0.1178 - ssim_metric: 0.4661
321/326 [============================>.] - ETA: 3s - loss: 0.3810 - mae: 0.2351 - mse: 0.1179 - ssim_metric: 0.4659
322/326 [============================>.] - ETA: 3s - loss: 0.3808 - mae: 0.2350 - mse: 0.1178 - ssim_metric: 0.4659
323/326 [============================>.] - ETA: 2s - loss: 0.3807 - mae: 0.2350 - mse: 0.1178 - ssim_metric: 0.4659
324/326 [============================>.] - ETA: 1s - loss: 0.3812 - mae: 0.2352 - mse: 0.1179 - ssim_metric: 0.4656
325/326 [============================>.] - ETA: 0s - loss: 0.3812 - mae: 0.2352 - mse: 0.1179 - ssim_metric: 0.4655
326/326 [==============================] - ETA: 0s - loss: 0.3814 - mae: 0.2353 - mse: 0.1180 - ssim_metric: 0.4656
Epoch 19: saving model to C:\d_surucusu\visual_navigation\benchmark\models_pipeline\20260909_223425\bce_b32\_JOB_bce_b32_10_09_2026__11_08_model_f48_k4_epoch_00019_helu_osigmoid_(1, 1)_.h5

Epoch 19: val_loss did not improve from 0.34749

Epoch 19: val_mae did not improve from 0.21915

Epoch 19: val_ssim_metric did not improve from 0.59927

326/326 [==============================] - 276s 847ms/step - loss: 0.3814 - mae: 0.2353 - mse: 0.1180 - ssim_metric: 0.4656 - val_loss: 0.3476 - val_mae: 0.2206 - val_mse: 0.1055 - val_ssim_metric: 0.4829
Epoch 20/20

  1/326 [..............................] - ETA: 4:35 - loss: 0.4053 - mae: 0.2513 - mse: 0.1294 - ssim_metric: 0.4228
  2/326 [..............................] - ETA: 4:18 - loss: 0.4033 - mae: 0.2465 - mse: 0.1271 - ssim_metric: 0.4512
  3/326 [..............................] - ETA: 4:18 - loss: 0.4217 - mae: 0.2610 - mse: 0.1336 - ssim_metric: 0.4278
  4/326 [..............................] - ETA: 4:17 - loss: 0.4138 - mae: 0.2586 - mse: 0.1307 - ssim_metric: 0.4224
  5/326 [..............................] - ETA: 4:16 - loss: 0.4043 - mae: 0.2552 - mse: 0.1272 - ssim_metric: 0.4269
  6/326 [..............................] - ETA: 4:15 - loss: 0.4025 - mae: 0.2577 - mse: 0.1265 - ssim_metric: 0.4153
  7/326 [..............................] - ETA: 4:14 - loss: 0.4003 - mae: 0.2581 - mse: 0.1256 - ssim_metric: 0.4111
  8/326 [..............................] - ETA: 4:13 - loss: 0.3896 - mae: 0.2516 - mse: 0.1214 - ssim_metric: 0.4208
  9/326 [..............................] - ETA: 4:12 - loss: 0.3795 - mae: 0.2452 - mse: 0.1177 - ssim_metric: 0.4331
 10/326 [..............................] - ETA: 4:12 - loss: 0.3768 - mae: 0.2426 - mse: 0.1168 - ssim_metric: 0.4419
 11/326 [>.............................] - ETA: 4:11 - loss: 0.3803 - mae: 0.2429 - mse: 0.1184 - ssim_metric: 0.4469
 12/326 [>.............................] - ETA: 4:10 - loss: 0.3803 - mae: 0.2409 - mse: 0.1185 - ssim_metric: 0.4531
 13/326 [>.............................] - ETA: 4:09 - loss: 0.3853 - mae: 0.2410 - mse: 0.1202 - ssim_metric: 0.4563
 14/326 [>.............................] - ETA: 4:09 - loss: 0.3979 - mae: 0.2454 - mse: 0.1244 - ssim_metric: 0.4516
 15/326 [>.............................] - ETA: 4:08 - loss: 0.3882 - mae: 0.2400 - mse: 0.1210 - ssim_metric: 0.4624
 16/326 [>.............................] - ETA: 4:07 - loss: 0.3921 - mae: 0.2417 - mse: 0.1224 - ssim_metric: 0.4605
 17/326 [>.............................] - ETA: 4:06 - loss: 0.3910 - mae: 0.2418 - mse: 0.1220 - ssim_metric: 0.4600
 18/326 [>.............................] - ETA: 4:06 - loss: 0.3936 - mae: 0.2445 - mse: 0.1231 - ssim_metric: 0.4540
 19/326 [>.............................] - ETA: 4:05 - loss: 0.3942 - mae: 0.2459 - mse: 0.1233 - ssim_metric: 0.4508
 20/326 [>.............................] - ETA: 4:04 - loss: 0.3900 - mae: 0.2449 - mse: 0.1216 - ssim_metric: 0.4497
 21/326 [>.............................] - ETA: 4:03 - loss: 0.3851 - mae: 0.2427 - mse: 0.1197 - ssim_metric: 0.4519
 22/326 [=>............................] - ETA: 4:02 - loss: 0.3810 - mae: 0.2405 - mse: 0.1182 - ssim_metric: 0.4547
 23/326 [=>............................] - ETA: 4:02 - loss: 0.3773 - mae: 0.2379 - mse: 0.1169 - ssim_metric: 0.4612
 24/326 [=>............................] - ETA: 4:01 - loss: 0.3761 - mae: 0.2368 - mse: 0.1164 - ssim_metric: 0.4633
 25/326 [=>............................] - ETA: 4:00 - loss: 0.3798 - mae: 0.2379 - mse: 0.1178 - ssim_metric: 0.4618
 26/326 [=>............................] - ETA: 3:59 - loss: 0.3806 - mae: 0.2376 - mse: 0.1182 - ssim_metric: 0.4633
 27/326 [=>............................] - ETA: 3:58 - loss: 0.3794 - mae: 0.2365 - mse: 0.1177 - ssim_metric: 0.4660
 28/326 [=>............................] - ETA: 3:57 - loss: 0.3818 - mae: 0.2363 - mse: 0.1183 - ssim_metric: 0.4671
 29/326 [=>............................] - ETA: 3:57 - loss: 0.3805 - mae: 0.2355 - mse: 0.1179 - ssim_metric: 0.4681
 30/326 [=>............................] - ETA: 3:56 - loss: 0.3841 - mae: 0.2365 - mse: 0.1190 - ssim_metric: 0.4669
 31/326 [=>............................] - ETA: 3:55 - loss: 0.3842 - mae: 0.2368 - mse: 0.1191 - ssim_metric: 0.4651
 32/326 [=>............................] - ETA: 3:54 - loss: 0.3853 - mae: 0.2378 - mse: 0.1197 - ssim_metric: 0.4626
 33/326 [==>...........................] - ETA: 3:54 - loss: 0.3824 - mae: 0.2369 - mse: 0.1184 - ssim_metric: 0.4622
 34/326 [==>...........................] - ETA: 3:53 - loss: 0.3837 - mae: 0.2380 - mse: 0.1189 - ssim_metric: 0.4588
 35/326 [==>...........................] - ETA: 3:52 - loss: 0.3818 - mae: 0.2372 - mse: 0.1182 - ssim_metric: 0.4596
 36/326 [==>...........................] - ETA: 3:51 - loss: 0.3818 - mae: 0.2377 - mse: 0.1182 - ssim_metric: 0.4581
 37/326 [==>...........................] - ETA: 3:50 - loss: 0.3788 - mae: 0.2361 - mse: 0.1172 - ssim_metric: 0.4608
 38/326 [==>...........................] - ETA: 3:50 - loss: 0.3770 - mae: 0.2349 - mse: 0.1165 - ssim_metric: 0.4624
 39/326 [==>...........................] - ETA: 3:49 - loss: 0.3770 - mae: 0.2345 - mse: 0.1165 - ssim_metric: 0.4635
 40/326 [==>...........................] - ETA: 3:48 - loss: 0.3755 - mae: 0.2335 - mse: 0.1160 - ssim_metric: 0.4653
 41/326 [==>...........................] - ETA: 3:47 - loss: 0.3737 - mae: 0.2321 - mse: 0.1154 - ssim_metric: 0.4687
 42/326 [==>...........................] - ETA: 3:46 - loss: 0.3698 - mae: 0.2296 - mse: 0.1140 - ssim_metric: 0.4733
 43/326 [==>...........................] - ETA: 3:46 - loss: 0.3701 - mae: 0.2290 - mse: 0.1140 - ssim_metric: 0.4749
 44/326 [===>..........................] - ETA: 3:45 - loss: 0.3710 - mae: 0.2289 - mse: 0.1144 - ssim_metric: 0.4757
 45/326 [===>..........................] - ETA: 3:44 - loss: 0.3732 - mae: 0.2299 - mse: 0.1152 - ssim_metric: 0.4735
 46/326 [===>..........................] - ETA: 3:43 - loss: 0.3735 - mae: 0.2300 - mse: 0.1154 - ssim_metric: 0.4734
 47/326 [===>..........................] - ETA: 3:42 - loss: 0.3723 - mae: 0.2296 - mse: 0.1150 - ssim_metric: 0.4732
 48/326 [===>..........................] - ETA: 3:42 - loss: 0.3695 - mae: 0.2283 - mse: 0.1139 - ssim_metric: 0.4742
 49/326 [===>..........................] - ETA: 3:41 - loss: 0.3732 - mae: 0.2294 - mse: 0.1150 - ssim_metric: 0.4725
 50/326 [===>..........................] - ETA: 3:40 - loss: 0.3729 - mae: 0.2294 - mse: 0.1149 - ssim_metric: 0.4725
 51/326 [===>..........................] - ETA: 3:39 - loss: 0.3711 - mae: 0.2287 - mse: 0.1143 - ssim_metric: 0.4724
 52/326 [===>..........................] - ETA: 3:38 - loss: 0.3716 - mae: 0.2290 - mse: 0.1145 - ssim_metric: 0.4724
 53/326 [===>..........................] - ETA: 3:38 - loss: 0.3712 - mae: 0.2286 - mse: 0.1143 - ssim_metric: 0.4726
 54/326 [===>..........................] - ETA: 3:37 - loss: 0.3723 - mae: 0.2289 - mse: 0.1146 - ssim_metric: 0.4728
 55/326 [====>.........................] - ETA: 3:36 - loss: 0.3725 - mae: 0.2291 - mse: 0.1148 - ssim_metric: 0.4725
 56/326 [====>.........................] - ETA: 3:35 - loss: 0.3723 - mae: 0.2291 - mse: 0.1147 - ssim_metric: 0.4719
 57/326 [====>.........................] - ETA: 3:34 - loss: 0.3711 - mae: 0.2286 - mse: 0.1142 - ssim_metric: 0.4723
 58/326 [====>.........................] - ETA: 3:34 - loss: 0.3723 - mae: 0.2292 - mse: 0.1147 - ssim_metric: 0.4718
 59/326 [====>.........................] - ETA: 3:33 - loss: 0.3731 - mae: 0.2296 - mse: 0.1150 - ssim_metric: 0.4708
 60/326 [====>.........................] - ETA: 3:32 - loss: 0.3739 - mae: 0.2301 - mse: 0.1153 - ssim_metric: 0.4704
 61/326 [====>.........................] - ETA: 3:31 - loss: 0.3718 - mae: 0.2291 - mse: 0.1146 - ssim_metric: 0.4724
 62/326 [====>.........................] - ETA: 3:30 - loss: 0.3704 - mae: 0.2284 - mse: 0.1141 - ssim_metric: 0.4731
 63/326 [====>.........................] - ETA: 3:30 - loss: 0.3712 - mae: 0.2289 - mse: 0.1144 - ssim_metric: 0.4722
 64/326 [====>.........................] - ETA: 3:29 - loss: 0.3702 - mae: 0.2284 - mse: 0.1140 - ssim_metric: 0.4733
 65/326 [====>.........................] - ETA: 3:28 - loss: 0.3689 - mae: 0.2276 - mse: 0.1135 - ssim_metric: 0.4752
 66/326 [=====>........................] - ETA: 3:27 - loss: 0.3701 - mae: 0.2281 - mse: 0.1140 - ssim_metric: 0.4745
 67/326 [=====>........................] - ETA: 3:26 - loss: 0.3700 - mae: 0.2281 - mse: 0.1140 - ssim_metric: 0.4743
 68/326 [=====>........................] - ETA: 3:26 - loss: 0.3697 - mae: 0.2278 - mse: 0.1139 - ssim_metric: 0.4751
 69/326 [=====>........................] - ETA: 3:25 - loss: 0.3700 - mae: 0.2279 - mse: 0.1141 - ssim_metric: 0.4749
 70/326 [=====>........................] - ETA: 3:24 - loss: 0.3699 - mae: 0.2277 - mse: 0.1141 - ssim_metric: 0.4753
 71/326 [=====>........................] - ETA: 3:23 - loss: 0.3697 - mae: 0.2276 - mse: 0.1140 - ssim_metric: 0.4754
 72/326 [=====>........................] - ETA: 3:22 - loss: 0.3723 - mae: 0.2285 - mse: 0.1148 - ssim_metric: 0.4742
 73/326 [=====>........................] - ETA: 3:22 - loss: 0.3722 - mae: 0.2285 - mse: 0.1147 - ssim_metric: 0.4741
 74/326 [=====>........................] - ETA: 3:21 - loss: 0.3718 - mae: 0.2285 - mse: 0.1146 - ssim_metric: 0.4733
 75/326 [=====>........................] - ETA: 3:20 - loss: 0.3710 - mae: 0.2283 - mse: 0.1143 - ssim_metric: 0.4730
 76/326 [=====>........................] - ETA: 3:19 - loss: 0.3697 - mae: 0.2278 - mse: 0.1138 - ssim_metric: 0.4733
 77/326 [======>.......................] - ETA: 3:18 - loss: 0.3704 - mae: 0.2284 - mse: 0.1141 - ssim_metric: 0.4718
 78/326 [======>.......................] - ETA: 3:18 - loss: 0.3702 - mae: 0.2284 - mse: 0.1140 - ssim_metric: 0.4719
 79/326 [======>.......................] - ETA: 3:17 - loss: 0.3713 - mae: 0.2287 - mse: 0.1144 - ssim_metric: 0.4719
 80/326 [======>.......................] - ETA: 3:16 - loss: 0.3719 - mae: 0.2289 - mse: 0.1146 - ssim_metric: 0.4720
 81/326 [======>.......................] - ETA: 3:15 - loss: 0.3714 - mae: 0.2286 - mse: 0.1145 - ssim_metric: 0.4728
 82/326 [======>.......................] - ETA: 3:14 - loss: 0.3717 - mae: 0.2286 - mse: 0.1146 - ssim_metric: 0.4730
 83/326 [======>.......................] - ETA: 3:14 - loss: 0.3714 - mae: 0.2285 - mse: 0.1145 - ssim_metric: 0.4730
 84/326 [======>.......................] - ETA: 3:13 - loss: 0.3719 - mae: 0.2288 - mse: 0.1147 - ssim_metric: 0.4727
 85/326 [======>.......................] - ETA: 3:12 - loss: 0.3708 - mae: 0.2284 - mse: 0.1143 - ssim_metric: 0.4733
 86/326 [======>.......................] - ETA: 3:11 - loss: 0.3709 - mae: 0.2285 - mse: 0.1143 - ssim_metric: 0.4729
 87/326 [=======>......................] - ETA: 3:10 - loss: 0.3706 - mae: 0.2284 - mse: 0.1142 - ssim_metric: 0.4731
 88/326 [=======>......................] - ETA: 3:10 - loss: 0.3698 - mae: 0.2280 - mse: 0.1140 - ssim_metric: 0.4733
 89/326 [=======>......................] - ETA: 3:09 - loss: 0.3692 - mae: 0.2277 - mse: 0.1138 - ssim_metric: 0.4737
 90/326 [=======>......................] - ETA: 3:08 - loss: 0.3702 - mae: 0.2281 - mse: 0.1141 - ssim_metric: 0.4731
 91/326 [=======>......................] - ETA: 3:07 - loss: 0.3700 - mae: 0.2279 - mse: 0.1141 - ssim_metric: 0.4736
 92/326 [=======>......................] - ETA: 3:06 - loss: 0.3698 - mae: 0.2278 - mse: 0.1140 - ssim_metric: 0.4737
 93/326 [=======>......................] - ETA: 3:06 - loss: 0.3709 - mae: 0.2280 - mse: 0.1143 - ssim_metric: 0.4740
 94/326 [=======>......................] - ETA: 3:05 - loss: 0.3716 - mae: 0.2281 - mse: 0.1145 - ssim_metric: 0.4741
 95/326 [=======>......................] - ETA: 3:04 - loss: 0.3726 - mae: 0.2286 - mse: 0.1149 - ssim_metric: 0.4735
 96/326 [=======>......................] - ETA: 3:03 - loss: 0.3723 - mae: 0.2284 - mse: 0.1148 - ssim_metric: 0.4735
 97/326 [=======>......................] - ETA: 3:02 - loss: 0.3722 - mae: 0.2286 - mse: 0.1147 - ssim_metric: 0.4732
 98/326 [========>.....................] - ETA: 3:02 - loss: 0.3715 - mae: 0.2284 - mse: 0.1145 - ssim_metric: 0.4731
 99/326 [========>.....................] - ETA: 3:01 - loss: 0.3712 - mae: 0.2284 - mse: 0.1144 - ssim_metric: 0.4730
100/326 [========>.....................] - ETA: 3:00 - loss: 0.3711 - mae: 0.2285 - mse: 0.1144 - ssim_metric: 0.4727
101/326 [========>.....................] - ETA: 2:59 - loss: 0.3705 - mae: 0.2283 - mse: 0.1141 - ssim_metric: 0.4729
102/326 [========>.....................] - ETA: 2:58 - loss: 0.3698 - mae: 0.2280 - mse: 0.1139 - ssim_metric: 0.4732
103/326 [========>.....................] - ETA: 2:58 - loss: 0.3716 - mae: 0.2284 - mse: 0.1143 - ssim_metric: 0.4729
104/326 [========>.....................] - ETA: 2:57 - loss: 0.3715 - mae: 0.2283 - mse: 0.1143 - ssim_metric: 0.4733
105/326 [========>.....................] - ETA: 2:56 - loss: 0.3710 - mae: 0.2280 - mse: 0.1142 - ssim_metric: 0.4739
106/326 [========>.....................] - ETA: 2:55 - loss: 0.3702 - mae: 0.2275 - mse: 0.1139 - ssim_metric: 0.4748
107/326 [========>.....................] - ETA: 2:54 - loss: 0.3701 - mae: 0.2274 - mse: 0.1138 - ssim_metric: 0.4751
108/326 [========>.....................] - ETA: 2:54 - loss: 0.3721 - mae: 0.2280 - mse: 0.1145 - ssim_metric: 0.4745
109/326 [=========>....................] - ETA: 2:53 - loss: 0.3718 - mae: 0.2278 - mse: 0.1143 - ssim_metric: 0.4751
110/326 [=========>....................] - ETA: 2:52 - loss: 0.3723 - mae: 0.2281 - mse: 0.1146 - ssim_metric: 0.4746
111/326 [=========>....................] - ETA: 2:51 - loss: 0.3720 - mae: 0.2280 - mse: 0.1144 - ssim_metric: 0.4747
112/326 [=========>....................] - ETA: 2:50 - loss: 0.3721 - mae: 0.2282 - mse: 0.1145 - ssim_metric: 0.4743
113/326 [=========>....................] - ETA: 2:50 - loss: 0.3720 - mae: 0.2282 - mse: 0.1145 - ssim_metric: 0.4743
114/326 [=========>....................] - ETA: 2:49 - loss: 0.3718 - mae: 0.2282 - mse: 0.1144 - ssim_metric: 0.4742
115/326 [=========>....................] - ETA: 2:48 - loss: 0.3720 - mae: 0.2285 - mse: 0.1145 - ssim_metric: 0.4736
116/326 [=========>....................] - ETA: 2:47 - loss: 0.3722 - mae: 0.2287 - mse: 0.1145 - ssim_metric: 0.4733
117/326 [=========>....................] - ETA: 2:46 - loss: 0.3726 - mae: 0.2290 - mse: 0.1147 - ssim_metric: 0.4729
118/326 [=========>....................] - ETA: 2:46 - loss: 0.3720 - mae: 0.2287 - mse: 0.1145 - ssim_metric: 0.4738
119/326 [=========>....................] - ETA: 2:45 - loss: 0.3717 - mae: 0.2284 - mse: 0.1144 - ssim_metric: 0.4744
120/326 [==========>...................] - ETA: 2:44 - loss: 0.3714 - mae: 0.2283 - mse: 0.1143 - ssim_metric: 0.4747
121/326 [==========>...................] - ETA: 2:43 - loss: 0.3709 - mae: 0.2279 - mse: 0.1141 - ssim_metric: 0.4756
122/326 [==========>...................] - ETA: 2:42 - loss: 0.3713 - mae: 0.2279 - mse: 0.1142 - ssim_metric: 0.4760
123/326 [==========>...................] - ETA: 2:42 - loss: 0.3717 - mae: 0.2280 - mse: 0.1144 - ssim_metric: 0.4760
124/326 [==========>...................] - ETA: 2:41 - loss: 0.3722 - mae: 0.2282 - mse: 0.1145 - ssim_metric: 0.4756
125/326 [==========>...................] - ETA: 2:40 - loss: 0.3724 - mae: 0.2281 - mse: 0.1146 - ssim_metric: 0.4758
126/326 [==========>...................] - ETA: 2:39 - loss: 0.3721 - mae: 0.2281 - mse: 0.1144 - ssim_metric: 0.4754
127/326 [==========>...................] - ETA: 2:38 - loss: 0.3718 - mae: 0.2281 - mse: 0.1143 - ssim_metric: 0.4752
128/326 [==========>...................] - ETA: 2:38 - loss: 0.3713 - mae: 0.2279 - mse: 0.1142 - ssim_metric: 0.4752
129/326 [==========>...................] - ETA: 2:37 - loss: 0.3713 - mae: 0.2280 - mse: 0.1141 - ssim_metric: 0.4751
130/326 [==========>...................] - ETA: 2:36 - loss: 0.3723 - mae: 0.2286 - mse: 0.1145 - ssim_metric: 0.4742
131/326 [===========>..................] - ETA: 2:35 - loss: 0.3726 - mae: 0.2287 - mse: 0.1146 - ssim_metric: 0.4741
132/326 [===========>..................] - ETA: 2:34 - loss: 0.3727 - mae: 0.2287 - mse: 0.1146 - ssim_metric: 0.4742
133/326 [===========>..................] - ETA: 2:34 - loss: 0.3725 - mae: 0.2287 - mse: 0.1146 - ssim_metric: 0.4743
134/326 [===========>..................] - ETA: 2:33 - loss: 0.3730 - mae: 0.2290 - mse: 0.1148 - ssim_metric: 0.4739
135/326 [===========>..................] - ETA: 2:32 - loss: 0.3733 - mae: 0.2293 - mse: 0.1149 - ssim_metric: 0.4735
136/326 [===========>..................] - ETA: 2:31 - loss: 0.3734 - mae: 0.2295 - mse: 0.1150 - ssim_metric: 0.4731
137/326 [===========>..................] - ETA: 2:30 - loss: 0.3730 - mae: 0.2294 - mse: 0.1148 - ssim_metric: 0.4731
138/326 [===========>..................] - ETA: 2:30 - loss: 0.3733 - mae: 0.2296 - mse: 0.1150 - ssim_metric: 0.4725
139/326 [===========>..................] - ETA: 2:29 - loss: 0.3732 - mae: 0.2296 - mse: 0.1149 - ssim_metric: 0.4724
140/326 [===========>..................] - ETA: 2:28 - loss: 0.3732 - mae: 0.2296 - mse: 0.1150 - ssim_metric: 0.4724
141/326 [===========>..................] - ETA: 2:27 - loss: 0.3733 - mae: 0.2296 - mse: 0.1150 - ssim_metric: 0.4725
142/326 [============>.................] - ETA: 2:27 - loss: 0.3729 - mae: 0.2294 - mse: 0.1149 - ssim_metric: 0.4730
143/326 [============>.................] - ETA: 2:26 - loss: 0.3731 - mae: 0.2295 - mse: 0.1150 - ssim_metric: 0.4728
144/326 [============>.................] - ETA: 2:25 - loss: 0.3729 - mae: 0.2294 - mse: 0.1149 - ssim_metric: 0.4730
145/326 [============>.................] - ETA: 2:24 - loss: 0.3727 - mae: 0.2292 - mse: 0.1148 - ssim_metric: 0.4734
146/326 [============>.................] - ETA: 2:23 - loss: 0.3726 - mae: 0.2291 - mse: 0.1148 - ssim_metric: 0.4738
147/326 [============>.................] - ETA: 2:23 - loss: 0.3733 - mae: 0.2293 - mse: 0.1150 - ssim_metric: 0.4735
148/326 [============>.................] - ETA: 2:22 - loss: 0.3729 - mae: 0.2292 - mse: 0.1149 - ssim_metric: 0.4737
149/326 [============>.................] - ETA: 2:21 - loss: 0.3732 - mae: 0.2294 - mse: 0.1150 - ssim_metric: 0.4730
150/326 [============>.................] - ETA: 2:20 - loss: 0.3730 - mae: 0.2294 - mse: 0.1149 - ssim_metric: 0.4728
151/326 [============>.................] - ETA: 2:19 - loss: 0.3735 - mae: 0.2298 - mse: 0.1151 - ssim_metric: 0.4718
152/326 [============>.................] - ETA: 2:19 - loss: 0.3741 - mae: 0.2301 - mse: 0.1153 - ssim_metric: 0.4715
153/326 [=============>................] - ETA: 2:18 - loss: 0.3738 - mae: 0.2300 - mse: 0.1152 - ssim_metric: 0.4715
154/326 [=============>................] - ETA: 2:17 - loss: 0.3736 - mae: 0.2300 - mse: 0.1151 - ssim_metric: 0.4713
155/326 [=============>................] - ETA: 2:16 - loss: 0.3737 - mae: 0.2300 - mse: 0.1152 - ssim_metric: 0.4712
156/326 [=============>................] - ETA: 2:15 - loss: 0.3735 - mae: 0.2299 - mse: 0.1151 - ssim_metric: 0.4712
157/326 [=============>................] - ETA: 2:15 - loss: 0.3737 - mae: 0.2300 - mse: 0.1152 - ssim_metric: 0.4710
158/326 [=============>................] - ETA: 2:14 - loss: 0.3747 - mae: 0.2302 - mse: 0.1155 - ssim_metric: 0.4710
159/326 [=============>................] - ETA: 2:13 - loss: 0.3749 - mae: 0.2303 - mse: 0.1156 - ssim_metric: 0.4710
160/326 [=============>................] - ETA: 2:12 - loss: 0.3747 - mae: 0.2303 - mse: 0.1155 - ssim_metric: 0.4711
161/326 [=============>................] - ETA: 2:11 - loss: 0.3750 - mae: 0.2305 - mse: 0.1156 - ssim_metric: 0.4706
162/326 [=============>................] - ETA: 2:11 - loss: 0.3747 - mae: 0.2305 - mse: 0.1155 - ssim_metric: 0.4704
163/326 [==============>...............] - ETA: 2:10 - loss: 0.3744 - mae: 0.2305 - mse: 0.1154 - ssim_metric: 0.4704
164/326 [==============>...............] - ETA: 2:09 - loss: 0.3743 - mae: 0.2305 - mse: 0.1154 - ssim_metric: 0.4704
165/326 [==============>...............] - ETA: 2:08 - loss: 0.3745 - mae: 0.2306 - mse: 0.1155 - ssim_metric: 0.4704
166/326 [==============>...............] - ETA: 2:07 - loss: 0.3751 - mae: 0.2308 - mse: 0.1157 - ssim_metric: 0.4700
167/326 [==============>...............] - ETA: 2:07 - loss: 0.3750 - mae: 0.2309 - mse: 0.1157 - ssim_metric: 0.4699
168/326 [==============>...............] - ETA: 2:06 - loss: 0.3754 - mae: 0.2311 - mse: 0.1158 - ssim_metric: 0.4696
169/326 [==============>...............] - ETA: 2:05 - loss: 0.3751 - mae: 0.2310 - mse: 0.1157 - ssim_metric: 0.4699
170/326 [==============>...............] - ETA: 2:04 - loss: 0.3753 - mae: 0.2311 - mse: 0.1158 - ssim_metric: 0.4696
171/326 [==============>...............] - ETA: 2:03 - loss: 0.3752 - mae: 0.2311 - mse: 0.1157 - ssim_metric: 0.4698
172/326 [==============>...............] - ETA: 2:03 - loss: 0.3748 - mae: 0.2308 - mse: 0.1156 - ssim_metric: 0.4704
173/326 [==============>...............] - ETA: 2:02 - loss: 0.3750 - mae: 0.2309 - mse: 0.1157 - ssim_metric: 0.4702
174/326 [===============>..............] - ETA: 2:01 - loss: 0.3748 - mae: 0.2309 - mse: 0.1157 - ssim_metric: 0.4700
175/326 [===============>..............] - ETA: 2:00 - loss: 0.3750 - mae: 0.2309 - mse: 0.1157 - ssim_metric: 0.4699
176/326 [===============>..............] - ETA: 1:59 - loss: 0.3750 - mae: 0.2309 - mse: 0.1157 - ssim_metric: 0.4700
177/326 [===============>..............] - ETA: 1:59 - loss: 0.3752 - mae: 0.2310 - mse: 0.1158 - ssim_metric: 0.4701
178/326 [===============>..............] - ETA: 1:58 - loss: 0.3762 - mae: 0.2313 - mse: 0.1161 - ssim_metric: 0.4696
179/326 [===============>..............] - ETA: 1:57 - loss: 0.3764 - mae: 0.2314 - mse: 0.1162 - ssim_metric: 0.4695
180/326 [===============>..............] - ETA: 1:56 - loss: 0.3764 - mae: 0.2316 - mse: 0.1162 - ssim_metric: 0.4690
181/326 [===============>..............] - ETA: 1:55 - loss: 0.3770 - mae: 0.2320 - mse: 0.1164 - ssim_metric: 0.4680
182/326 [===============>..............] - ETA: 1:55 - loss: 0.3770 - mae: 0.2322 - mse: 0.1164 - ssim_metric: 0.4674
183/326 [===============>..............] - ETA: 1:54 - loss: 0.3769 - mae: 0.2323 - mse: 0.1164 - ssim_metric: 0.4670
184/326 [===============>..............] - ETA: 1:53 - loss: 0.3769 - mae: 0.2324 - mse: 0.1164 - ssim_metric: 0.4670
185/326 [================>.............] - ETA: 1:52 - loss: 0.3770 - mae: 0.2326 - mse: 0.1165 - ssim_metric: 0.4667
186/326 [================>.............] - ETA: 1:51 - loss: 0.3777 - mae: 0.2330 - mse: 0.1167 - ssim_metric: 0.4659
187/326 [================>.............] - ETA: 1:51 - loss: 0.3781 - mae: 0.2332 - mse: 0.1169 - ssim_metric: 0.4658
188/326 [================>.............] - ETA: 1:50 - loss: 0.3785 - mae: 0.2333 - mse: 0.1170 - ssim_metric: 0.4661
189/326 [================>.............] - ETA: 1:49 - loss: 0.3783 - mae: 0.2332 - mse: 0.1169 - ssim_metric: 0.4662
190/326 [================>.............] - ETA: 1:48 - loss: 0.3780 - mae: 0.2331 - mse: 0.1168 - ssim_metric: 0.4663
191/326 [================>.............] - ETA: 1:47 - loss: 0.3779 - mae: 0.2331 - mse: 0.1167 - ssim_metric: 0.4663
192/326 [================>.............] - ETA: 1:47 - loss: 0.3778 - mae: 0.2330 - mse: 0.1167 - ssim_metric: 0.4666
193/326 [================>.............] - ETA: 1:46 - loss: 0.3779 - mae: 0.2330 - mse: 0.1167 - ssim_metric: 0.4667
194/326 [================>.............] - ETA: 1:45 - loss: 0.3774 - mae: 0.2327 - mse: 0.1166 - ssim_metric: 0.4673
195/326 [================>.............] - ETA: 1:44 - loss: 0.3777 - mae: 0.2327 - mse: 0.1167 - ssim_metric: 0.4675
196/326 [=================>............] - ETA: 1:43 - loss: 0.3781 - mae: 0.2328 - mse: 0.1168 - ssim_metric: 0.4675
197/326 [=================>............] - ETA: 1:43 - loss: 0.3779 - mae: 0.2327 - mse: 0.1167 - ssim_metric: 0.4678
198/326 [=================>............] - ETA: 1:42 - loss: 0.3778 - mae: 0.2326 - mse: 0.1167 - ssim_metric: 0.4679
199/326 [=================>............] - ETA: 1:41 - loss: 0.3778 - mae: 0.2326 - mse: 0.1167 - ssim_metric: 0.4678
200/326 [=================>............] - ETA: 1:40 - loss: 0.3779 - mae: 0.2327 - mse: 0.1167 - ssim_metric: 0.4676
201/326 [=================>............] - ETA: 1:39 - loss: 0.3778 - mae: 0.2327 - mse: 0.1167 - ssim_metric: 0.4674
202/326 [=================>............] - ETA: 1:39 - loss: 0.3783 - mae: 0.2329 - mse: 0.1168 - ssim_metric: 0.4675
203/326 [=================>............] - ETA: 1:38 - loss: 0.3788 - mae: 0.2332 - mse: 0.1170 - ssim_metric: 0.4670
204/326 [=================>............] - ETA: 1:37 - loss: 0.3786 - mae: 0.2332 - mse: 0.1170 - ssim_metric: 0.4669
205/326 [=================>............] - ETA: 1:36 - loss: 0.3782 - mae: 0.2331 - mse: 0.1168 - ssim_metric: 0.4670
206/326 [=================>............] - ETA: 1:35 - loss: 0.3781 - mae: 0.2331 - mse: 0.1168 - ssim_metric: 0.4670
207/326 [==================>...........] - ETA: 1:35 - loss: 0.3781 - mae: 0.2331 - mse: 0.1168 - ssim_metric: 0.4671
208/326 [==================>...........] - ETA: 1:34 - loss: 0.3780 - mae: 0.2330 - mse: 0.1167 - ssim_metric: 0.4672
209/326 [==================>...........] - ETA: 1:33 - loss: 0.3780 - mae: 0.2330 - mse: 0.1167 - ssim_metric: 0.4674
210/326 [==================>...........] - ETA: 1:32 - loss: 0.3782 - mae: 0.2331 - mse: 0.1168 - ssim_metric: 0.4673
211/326 [==================>...........] - ETA: 1:31 - loss: 0.3782 - mae: 0.2330 - mse: 0.1168 - ssim_metric: 0.4678
212/326 [==================>...........] - ETA: 1:31 - loss: 0.3780 - mae: 0.2329 - mse: 0.1168 - ssim_metric: 0.4680
213/326 [==================>...........] - ETA: 1:30 - loss: 0.3777 - mae: 0.2328 - mse: 0.1167 - ssim_metric: 0.4682
214/326 [==================>...........] - ETA: 1:29 - loss: 0.3778 - mae: 0.2328 - mse: 0.1167 - ssim_metric: 0.4682
215/326 [==================>...........] - ETA: 1:28 - loss: 0.3778 - mae: 0.2328 - mse: 0.1167 - ssim_metric: 0.4681
216/326 [==================>...........] - ETA: 1:27 - loss: 0.3776 - mae: 0.2327 - mse: 0.1166 - ssim_metric: 0.4684
217/326 [==================>...........] - ETA: 1:27 - loss: 0.3777 - mae: 0.2327 - mse: 0.1167 - ssim_metric: 0.4684
218/326 [===================>..........] - ETA: 1:26 - loss: 0.3777 - mae: 0.2327 - mse: 0.1167 - ssim_metric: 0.4683
219/326 [===================>..........] - ETA: 1:25 - loss: 0.3777 - mae: 0.2327 - mse: 0.1167 - ssim_metric: 0.4684
220/326 [===================>..........] - ETA: 1:24 - loss: 0.3780 - mae: 0.2329 - mse: 0.1168 - ssim_metric: 0.4679
221/326 [===================>..........] - ETA: 1:23 - loss: 0.3782 - mae: 0.2331 - mse: 0.1169 - ssim_metric: 0.4675
222/326 [===================>..........] - ETA: 1:23 - loss: 0.3784 - mae: 0.2333 - mse: 0.1169 - ssim_metric: 0.4669
223/326 [===================>..........] - ETA: 1:22 - loss: 0.3783 - mae: 0.2332 - mse: 0.1169 - ssim_metric: 0.4670
224/326 [===================>..........] - ETA: 1:21 - loss: 0.3785 - mae: 0.2334 - mse: 0.1170 - ssim_metric: 0.4666
225/326 [===================>..........] - ETA: 1:20 - loss: 0.3787 - mae: 0.2335 - mse: 0.1171 - ssim_metric: 0.4664
226/326 [===================>..........] - ETA: 1:19 - loss: 0.3787 - mae: 0.2336 - mse: 0.1171 - ssim_metric: 0.4665
227/326 [===================>..........] - ETA: 1:19 - loss: 0.3785 - mae: 0.2334 - mse: 0.1170 - ssim_metric: 0.4668
228/326 [===================>..........] - ETA: 1:18 - loss: 0.3784 - mae: 0.2333 - mse: 0.1170 - ssim_metric: 0.4669
229/326 [====================>.........] - ETA: 1:17 - loss: 0.3788 - mae: 0.2335 - mse: 0.1171 - ssim_metric: 0.4665
230/326 [====================>.........] - ETA: 1:16 - loss: 0.3787 - mae: 0.2335 - mse: 0.1171 - ssim_metric: 0.4665
231/326 [====================>.........] - ETA: 1:15 - loss: 0.3786 - mae: 0.2335 - mse: 0.1170 - ssim_metric: 0.4666
232/326 [====================>.........] - ETA: 1:15 - loss: 0.3784 - mae: 0.2334 - mse: 0.1170 - ssim_metric: 0.4667
233/326 [====================>.........] - ETA: 1:14 - loss: 0.3786 - mae: 0.2335 - mse: 0.1170 - ssim_metric: 0.4668
234/326 [====================>.........] - ETA: 1:13 - loss: 0.3789 - mae: 0.2336 - mse: 0.1171 - ssim_metric: 0.4664
235/326 [====================>.........] - ETA: 1:12 - loss: 0.3788 - mae: 0.2336 - mse: 0.1171 - ssim_metric: 0.4664
236/326 [====================>.........] - ETA: 1:11 - loss: 0.3783 - mae: 0.2334 - mse: 0.1169 - ssim_metric: 0.4669
237/326 [====================>.........] - ETA: 1:11 - loss: 0.3781 - mae: 0.2332 - mse: 0.1169 - ssim_metric: 0.4673
238/326 [====================>.........] - ETA: 1:10 - loss: 0.3783 - mae: 0.2333 - mse: 0.1169 - ssim_metric: 0.4673
239/326 [====================>.........] - ETA: 1:09 - loss: 0.3778 - mae: 0.2330 - mse: 0.1168 - ssim_metric: 0.4679
240/326 [=====================>........] - ETA: 1:08 - loss: 0.3778 - mae: 0.2329 - mse: 0.1168 - ssim_metric: 0.4681
241/326 [=====================>........] - ETA: 1:07 - loss: 0.3777 - mae: 0.2328 - mse: 0.1167 - ssim_metric: 0.4683
242/326 [=====================>........] - ETA: 1:07 - loss: 0.3772 - mae: 0.2326 - mse: 0.1166 - ssim_metric: 0.4688
243/326 [=====================>........] - ETA: 1:06 - loss: 0.3772 - mae: 0.2325 - mse: 0.1166 - ssim_metric: 0.4692
244/326 [=====================>........] - ETA: 1:05 - loss: 0.3772 - mae: 0.2325 - mse: 0.1166 - ssim_metric: 0.4693
245/326 [=====================>........] - ETA: 1:04 - loss: 0.3773 - mae: 0.2326 - mse: 0.1166 - ssim_metric: 0.4692
246/326 [=====================>........] - ETA: 1:03 - loss: 0.3772 - mae: 0.2325 - mse: 0.1166 - ssim_metric: 0.4695
247/326 [=====================>........] - ETA: 1:03 - loss: 0.3772 - mae: 0.2325 - mse: 0.1166 - ssim_metric: 0.4694
248/326 [=====================>........] - ETA: 1:02 - loss: 0.3775 - mae: 0.2327 - mse: 0.1167 - ssim_metric: 0.4693
249/326 [=====================>........] - ETA: 1:01 - loss: 0.3777 - mae: 0.2328 - mse: 0.1168 - ssim_metric: 0.4690
250/326 [======================>.......] - ETA: 1:00 - loss: 0.3776 - mae: 0.2328 - mse: 0.1167 - ssim_metric: 0.4688
251/326 [======================>.......] - ETA: 59s - loss: 0.3774 - mae: 0.2328 - mse: 0.1167 - ssim_metric: 0.4688 
252/326 [======================>.......] - ETA: 59s - loss: 0.3770 - mae: 0.2327 - mse: 0.1165 - ssim_metric: 0.4689
253/326 [======================>.......] - ETA: 58s - loss: 0.3777 - mae: 0.2329 - mse: 0.1167 - ssim_metric: 0.4687
254/326 [======================>.......] - ETA: 57s - loss: 0.3776 - mae: 0.2329 - mse: 0.1167 - ssim_metric: 0.4688
255/326 [======================>.......] - ETA: 56s - loss: 0.3773 - mae: 0.2328 - mse: 0.1166 - ssim_metric: 0.4689
256/326 [======================>.......] - ETA: 55s - loss: 0.3775 - mae: 0.2329 - mse: 0.1167 - ssim_metric: 0.4688
257/326 [======================>.......] - ETA: 55s - loss: 0.3775 - mae: 0.2329 - mse: 0.1167 - ssim_metric: 0.4689
258/326 [======================>.......] - ETA: 54s - loss: 0.3777 - mae: 0.2329 - mse: 0.1167 - ssim_metric: 0.4688
259/326 [======================>.......] - ETA: 53s - loss: 0.3779 - mae: 0.2330 - mse: 0.1168 - ssim_metric: 0.4686
260/326 [======================>.......] - ETA: 52s - loss: 0.3776 - mae: 0.2328 - mse: 0.1167 - ssim_metric: 0.4689
261/326 [=======================>......] - ETA: 51s - loss: 0.3778 - mae: 0.2328 - mse: 0.1168 - ssim_metric: 0.4689
262/326 [=======================>......] - ETA: 51s - loss: 0.3775 - mae: 0.2327 - mse: 0.1166 - ssim_metric: 0.4690
263/326 [=======================>......] - ETA: 50s - loss: 0.3780 - mae: 0.2328 - mse: 0.1168 - ssim_metric: 0.4687
264/326 [=======================>......] - ETA: 49s - loss: 0.3780 - mae: 0.2329 - mse: 0.1168 - ssim_metric: 0.4687
265/326 [=======================>......] - ETA: 48s - loss: 0.3781 - mae: 0.2329 - mse: 0.1168 - ssim_metric: 0.4685
266/326 [=======================>......] - ETA: 47s - loss: 0.3782 - mae: 0.2331 - mse: 0.1169 - ssim_metric: 0.4680
267/326 [=======================>......] - ETA: 47s - loss: 0.3783 - mae: 0.2332 - mse: 0.1169 - ssim_metric: 0.4677
268/326 [=======================>......] - ETA: 46s - loss: 0.3783 - mae: 0.2334 - mse: 0.1169 - ssim_metric: 0.4673
269/326 [=======================>......] - ETA: 45s - loss: 0.3782 - mae: 0.2334 - mse: 0.1169 - ssim_metric: 0.4672
270/326 [=======================>......] - ETA: 44s - loss: 0.3785 - mae: 0.2335 - mse: 0.1170 - ssim_metric: 0.4669
271/326 [=======================>......] - ETA: 43s - loss: 0.3785 - mae: 0.2335 - mse: 0.1170 - ssim_metric: 0.4669
272/326 [========================>.....] - ETA: 43s - loss: 0.3785 - mae: 0.2335 - mse: 0.1170 - ssim_metric: 0.4670
273/326 [========================>.....] - ETA: 42s - loss: 0.3781 - mae: 0.2334 - mse: 0.1169 - ssim_metric: 0.4673
274/326 [========================>.....] - ETA: 41s - loss: 0.3783 - mae: 0.2334 - mse: 0.1169 - ssim_metric: 0.4672
275/326 [========================>.....] - ETA: 40s - loss: 0.3785 - mae: 0.2334 - mse: 0.1170 - ssim_metric: 0.4675
276/326 [========================>.....] - ETA: 39s - loss: 0.3785 - mae: 0.2334 - mse: 0.1170 - ssim_metric: 0.4675
277/326 [========================>.....] - ETA: 39s - loss: 0.3787 - mae: 0.2336 - mse: 0.1171 - ssim_metric: 0.4673
278/326 [========================>.....] - ETA: 38s - loss: 0.3786 - mae: 0.2335 - mse: 0.1171 - ssim_metric: 0.4674
279/326 [========================>.....] - ETA: 37s - loss: 0.3784 - mae: 0.2334 - mse: 0.1170 - ssim_metric: 0.4678
280/326 [========================>.....] - ETA: 36s - loss: 0.3783 - mae: 0.2333 - mse: 0.1169 - ssim_metric: 0.4678
281/326 [========================>.....] - ETA: 35s - loss: 0.3786 - mae: 0.2335 - mse: 0.1170 - ssim_metric: 0.4676
282/326 [========================>.....] - ETA: 35s - loss: 0.3788 - mae: 0.2335 - mse: 0.1171 - ssim_metric: 0.4677
283/326 [=========================>....] - ETA: 34s - loss: 0.3791 - mae: 0.2337 - mse: 0.1172 - ssim_metric: 0.4675
284/326 [=========================>....] - ETA: 33s - loss: 0.3790 - mae: 0.2337 - mse: 0.1172 - ssim_metric: 0.4673
285/326 [=========================>....] - ETA: 32s - loss: 0.3792 - mae: 0.2339 - mse: 0.1172 - ssim_metric: 0.4669
286/326 [=========================>....] - ETA: 31s - loss: 0.3793 - mae: 0.2340 - mse: 0.1173 - ssim_metric: 0.4667
287/326 [=========================>....] - ETA: 31s - loss: 0.3797 - mae: 0.2342 - mse: 0.1174 - ssim_metric: 0.4665
288/326 [=========================>....] - ETA: 30s - loss: 0.3800 - mae: 0.2344 - mse: 0.1175 - ssim_metric: 0.4661
289/326 [=========================>....] - ETA: 29s - loss: 0.3800 - mae: 0.2344 - mse: 0.1175 - ssim_metric: 0.4660
290/326 [=========================>....] - ETA: 28s - loss: 0.3804 - mae: 0.2346 - mse: 0.1177 - ssim_metric: 0.4658
291/326 [=========================>....] - ETA: 27s - loss: 0.3805 - mae: 0.2347 - mse: 0.1177 - ssim_metric: 0.4656
292/326 [=========================>....] - ETA: 27s - loss: 0.3803 - mae: 0.2346 - mse: 0.1176 - ssim_metric: 0.4655
293/326 [=========================>....] - ETA: 26s - loss: 0.3802 - mae: 0.2346 - mse: 0.1176 - ssim_metric: 0.4656
294/326 [==========================>...] - ETA: 25s - loss: 0.3804 - mae: 0.2348 - mse: 0.1177 - ssim_metric: 0.4653
295/326 [==========================>...] - ETA: 24s - loss: 0.3804 - mae: 0.2348 - mse: 0.1177 - ssim_metric: 0.4652
296/326 [==========================>...] - ETA: 23s - loss: 0.3801 - mae: 0.2347 - mse: 0.1176 - ssim_metric: 0.4654
297/326 [==========================>...] - ETA: 23s - loss: 0.3803 - mae: 0.2347 - mse: 0.1176 - ssim_metric: 0.4655
298/326 [==========================>...] - ETA: 22s - loss: 0.3799 - mae: 0.2345 - mse: 0.1175 - ssim_metric: 0.4660
299/326 [==========================>...] - ETA: 21s - loss: 0.3797 - mae: 0.2344 - mse: 0.1174 - ssim_metric: 0.4662
300/326 [==========================>...] - ETA: 20s - loss: 0.3797 - mae: 0.2343 - mse: 0.1174 - ssim_metric: 0.4664
301/326 [==========================>...] - ETA: 19s - loss: 0.3794 - mae: 0.2342 - mse: 0.1173 - ssim_metric: 0.4669
302/326 [==========================>...] - ETA: 19s - loss: 0.3798 - mae: 0.2343 - mse: 0.1174 - ssim_metric: 0.4666
303/326 [==========================>...] - ETA: 18s - loss: 0.3798 - mae: 0.2343 - mse: 0.1174 - ssim_metric: 0.4667
304/326 [==========================>...] - ETA: 17s - loss: 0.3799 - mae: 0.2343 - mse: 0.1175 - ssim_metric: 0.4667
305/326 [===========================>..] - ETA: 16s - loss: 0.3799 - mae: 0.2343 - mse: 0.1175 - ssim_metric: 0.4666
306/326 [===========================>..] - ETA: 15s - loss: 0.3799 - mae: 0.2344 - mse: 0.1175 - ssim_metric: 0.4664
307/326 [===========================>..] - ETA: 15s - loss: 0.3800 - mae: 0.2344 - mse: 0.1175 - ssim_metric: 0.4663
308/326 [===========================>..] - ETA: 14s - loss: 0.3799 - mae: 0.2344 - mse: 0.1175 - ssim_metric: 0.4664
309/326 [===========================>..] - ETA: 13s - loss: 0.3798 - mae: 0.2344 - mse: 0.1174 - ssim_metric: 0.4664
310/326 [===========================>..] - ETA: 12s - loss: 0.3798 - mae: 0.2344 - mse: 0.1174 - ssim_metric: 0.4663
311/326 [===========================>..] - ETA: 11s - loss: 0.3797 - mae: 0.2343 - mse: 0.1174 - ssim_metric: 0.4664
312/326 [===========================>..] - ETA: 11s - loss: 0.3796 - mae: 0.2343 - mse: 0.1174 - ssim_metric: 0.4663
313/326 [===========================>..] - ETA: 10s - loss: 0.3797 - mae: 0.2344 - mse: 0.1174 - ssim_metric: 0.4663
314/326 [===========================>..] - ETA: 9s - loss: 0.3800 - mae: 0.2344 - mse: 0.1175 - ssim_metric: 0.4665 
315/326 [===========================>..] - ETA: 8s - loss: 0.3802 - mae: 0.2345 - mse: 0.1176 - ssim_metric: 0.4662
316/326 [============================>.] - ETA: 7s - loss: 0.3801 - mae: 0.2345 - mse: 0.1175 - ssim_metric: 0.4662
317/326 [============================>.] - ETA: 7s - loss: 0.3799 - mae: 0.2344 - mse: 0.1175 - ssim_metric: 0.4663
318/326 [============================>.] - ETA: 6s - loss: 0.3798 - mae: 0.2343 - mse: 0.1174 - ssim_metric: 0.4664
319/326 [============================>.] - ETA: 5s - loss: 0.3803 - mae: 0.2345 - mse: 0.1176 - ssim_metric: 0.4661
320/326 [============================>.] - ETA: 4s - loss: 0.3802 - mae: 0.2345 - mse: 0.1176 - ssim_metric: 0.4660
321/326 [============================>.] - ETA: 3s - loss: 0.3803 - mae: 0.2346 - mse: 0.1176 - ssim_metric: 0.4658
322/326 [============================>.] - ETA: 3s - loss: 0.3801 - mae: 0.2346 - mse: 0.1175 - ssim_metric: 0.4658
323/326 [============================>.] - ETA: 2s - loss: 0.3801 - mae: 0.2346 - mse: 0.1175 - ssim_metric: 0.4659
324/326 [============================>.] - ETA: 1s - loss: 0.3805 - mae: 0.2348 - mse: 0.1177 - ssim_metric: 0.4656
325/326 [============================>.] - ETA: 0s - loss: 0.3805 - mae: 0.2348 - mse: 0.1177 - ssim_metric: 0.4655
326/326 [==============================] - ETA: 0s - loss: 0.3807 - mae: 0.2348 - mse: 0.1177 - ssim_metric: 0.4655
Epoch 20: saving model to C:\d_surucusu\visual_navigation\benchmark\models_pipeline\20260909_223425\bce_b32\_JOB_bce_b32_10_09_2026__11_08_model_f48_k4_epoch_00020_helu_osigmoid_(1, 1)_.h5

Epoch 20: val_loss improved from 0.34749 to 0.34721, saving model to C:\d_surucusu\visual_navigation\benchmark\models_pipeline\20260909_223425\bce_b32\_JOB_bce_b32_10_09_2026__11_08_best_val_loss_model_f48_k4.h5

Epoch 20: val_mae did not improve from 0.21915

Epoch 20: val_ssim_metric did not improve from 0.59927

326/326 [==============================] - 276s 848ms/step - loss: 0.3807 - mae: 0.2348 - mse: 0.1177 - ssim_metric: 0.4655 - val_loss: 0.3472 - val_mae: 0.2204 - val_mse: 0.1053 - val_ssim_metric: 0.4808

Final model kaydedildi: C:\d_surucusu\visual_navigation\benchmark\models_pipeline\20260909_223425\bce_b32\_JOB_bce_b32_10_09_2026__12_43_son_model.h5

============================================================
                    EM TAMAMLANDI
============================================================

