
=== 2026-09-10T07:10:51.177509 | batch=16 ===
UYARI: tensorflow_addons yüklü değil. Histogram eşitleme devre dışı.

============================================================
                    YAPILANDIRMA
============================================================
  Veri Dizini:        E:\temp\tez__ayna\python_calismalar\larger-google-sat2maps-dataset\islenmis\sonuclar_19
  Giris Renk Modu:    grayscale (1 kanal)
  Cikis Renk Modu:    grayscale (1 kanal)
  Görüntü Boyutu:     544x544
  Model Tipi:         flat_bottleneck
  Önceden Eğitilmiş:  Yok
  Gizli Aktivasyon:   elu
  Cikis Aktivasyonu:  sigmoid
  Filtre Sayısı:      48
  Kernel Boyutu:      (4, 4)
  Stride:             (1, 1)
  Batch Size:         16
  Epochs:             20
  Learning Rate:      0.001
  Optimizer:          adam
  Loss:               binary_crossentropy
  Train/Val Split:    0.9/0.09999999999999998
  Random Seed:        42
============================================================

Veri setleri oluşturuluyor...
Toplam dosya sayısı: 6716
?? Dosya doğrulama: CACHE MODUNDA
? Cache'den yüklendi: 6716 geçerli dosya
Eğitim seti: 6044 görüntü
Doğrulama seti: 672 görüntü
Bos karo filtresi aktif: white>=245.0, max_white_ratio=0.99, min_dark_ratio=0.005
2026-09-10 07:11:19.208330: W tensorflow/core/common_runtime/gpu/gpu_device.cc:2027] TensorFlow was not built with CUDA kernel binaries compatible with compute capability 12.0. CUDA kernels will be jit-compiled from PTX, which could take 30 minutes or longer.
2026-09-10 07:11:19.208987: I tensorflow/core/platform/cpu_feature_guard.cc:193] This TensorFlow binary is optimized with oneAPI Deep Neural Network Library (oneDNN) to use the following CPU instructions in performance-critical operations:  AVX AVX2
To enable them in other operations, rebuild TensorFlow with the appropriate compiler flags.
2026-09-10 07:11:19.211027: W tensorflow/core/common_runtime/gpu/gpu_device.cc:2027] TensorFlow was not built with CUDA kernel binaries compatible with compute capability 12.0. CUDA kernels will be jit-compiled from PTX, which could take 30 minutes or longer.
2026-09-10 07:13:37.002123: I tensorflow/core/common_runtime/gpu/gpu_device.cc:1616] Created device /job:localhost/replica:0/task:0/device:GPU:0 with 13500 MB memory:  -> device: 0, name: NVIDIA GeForce RTX 5060 Ti, pci bus id: 0000:01:00.0, compute capability: 12.0
Giriş boyutu: (544, 544, 1)
Model oluşturuluyor: flat_bottleneck
Model: "model"
_________________________________________________________________
 Layer (type)                Output Shape              Param #   
=================================================================
 input_1 (InputLayer)        [(None, 544, 544, 1)]     0         
                                                                 
 conv2d (Conv2D)             (None, 544, 544, 48)      816       
                                                                 
 conv2d_1 (Conv2D)           (None, 544, 544, 24)      18456     
                                                                 
 conv2d_2 (Conv2D)           (None, 544, 544, 12)      4620      
                                                                 
 conv2d_transpose (Conv2DTra  (None, 544, 544, 12)     2316      
 nspose)                                                         
                                                                 
 conv2d_transpose_1 (Conv2DT  (None, 544, 544, 24)     4632      
 ranspose)                                                       
                                                                 
 conv2d_transpose_2 (Conv2DT  (None, 544, 544, 48)     18480     
 ranspose)                                                       
                                                                 
 model_output (Conv2D)       (None, 544, 544, 1)       769       
                                                                 
=================================================================
Total params: 50,089
Trainable params: 50,089
Non-trainable params: 0
_________________________________________________________________

============================================================
                    EĞİTİM BLIYOR
============================================================

Epoch 1/20
2026-09-10 07:14:55.159760: I tensorflow/stream_executor/cuda/cuda_dnn.cc:384] Loaded cuDNN version 8100

      1/Unknown - 312s 312s/step - loss: 1.0550 - mae: 0.5954 - mse: 0.3956 - ssim_metric: 0.1129
      2/Unknown - 313s 794ms/step - loss: 0.8741 - mae: 0.5436 - mse: 0.3227 - ssim_metric: 0.1454
      3/Unknown - 314s 795ms/step - loss: 0.7769 - mae: 0.4954 - mse: 0.2815 - ssim_metric: 0.1841
      4/Unknown - 315s 795ms/step - loss: 0.7138 - mae: 0.4517 - mse: 0.2539 - ssim_metric: 0.2223
      5/Unknown - 316s 795ms/step - loss: 0.6678 - mae: 0.4148 - mse: 0.2325 - ssim_metric: 0.2656
      6/Unknown - 316s 795ms/step - loss: 0.6463 - mae: 0.3960 - mse: 0.2214 - ssim_metric: 0.2769
      7/Unknown - 317s 794ms/step - loss: 0.6263 - mae: 0.3819 - mse: 0.2125 - ssim_metric: 0.2915
      8/Unknown - 318s 794ms/step - loss: 0.6041 - mae: 0.3695 - mse: 0.2030 - ssim_metric: 0.2996
      9/Unknown - 319s 795ms/step - loss: 0.5822 - mae: 0.3581 - mse: 0.1939 - ssim_metric: 0.3099
     10/Unknown - 320s 795ms/step - loss: 0.5725 - mae: 0.3506 - mse: 0.1894 - ssim_metric: 0.3237
     11/Unknown - 320s 795ms/step - loss: 0.5655 - mae: 0.3462 - mse: 0.1869 - ssim_metric: 0.3321
     12/Unknown - 321s 795ms/step - loss: 0.5581 - mae: 0.3408 - mse: 0.1840 - ssim_metric: 0.3396
     13/Unknown - 322s 795ms/step - loss: 0.5565 - mae: 0.3382 - mse: 0.1831 - ssim_metric: 0.3453
     14/Unknown - 323s 795ms/step - loss: 0.5594 - mae: 0.3412 - mse: 0.1844 - ssim_metric: 0.3429
     15/Unknown - 324s 795ms/step - loss: 0.5540 - mae: 0.3425 - mse: 0.1819 - ssim_metric: 0.3436
     16/Unknown - 324s 795ms/step - loss: 0.5533 - mae: 0.3441 - mse: 0.1817 - ssim_metric: 0.3450
     17/Unknown - 325s 796ms/step - loss: 0.5485 - mae: 0.3422 - mse: 0.1796 - ssim_metric: 0.3491
     18/Unknown - 326s 796ms/step - loss: 0.5469 - mae: 0.3403 - mse: 0.1791 - ssim_metric: 0.3533
     19/Unknown - 327s 796ms/step - loss: 0.5446 - mae: 0.3368 - mse: 0.1779 - ssim_metric: 0.3601
     20/Unknown - 328s 796ms/step - loss: 0.5373 - mae: 0.3327 - mse: 0.1747 - ssim_metric: 0.3656
     21/Unknown - 328s 796ms/step - loss: 0.5294 - mae: 0.3262 - mse: 0.1715 - ssim_metric: 0.3757
     22/Unknown - 329s 796ms/step - loss: 0.5226 - mae: 0.3210 - mse: 0.1688 - ssim_metric: 0.3835
     23/Unknown - 330s 796ms/step - loss: 0.5179 - mae: 0.3173 - mse: 0.1667 - ssim_metric: 0.3918
     24/Unknown - 331s 796ms/step - loss: 0.5148 - mae: 0.3146 - mse: 0.1654 - ssim_metric: 0.3976
     25/Unknown - 332s 796ms/step - loss: 0.5177 - mae: 0.3145 - mse: 0.1663 - ssim_metric: 0.3991
     26/Unknown - 332s 796ms/step - loss: 0.5177 - mae: 0.3142 - mse: 0.1662 - ssim_metric: 0.4025
     27/Unknown - 333s 796ms/step - loss: 0.5146 - mae: 0.3127 - mse: 0.1651 - ssim_metric: 0.4074
     28/Unknown - 334s 796ms/step - loss: 0.5139 - mae: 0.3121 - mse: 0.1647 - ssim_metric: 0.4090
     29/Unknown - 335s 797ms/step - loss: 0.5111 - mae: 0.3108 - mse: 0.1637 - ssim_metric: 0.4123
     30/Unknown - 336s 797ms/step - loss: 0.5096 - mae: 0.3104 - mse: 0.1632 - ssim_metric: 0.4141
     31/Unknown - 336s 797ms/step - loss: 0.5098 - mae: 0.3104 - mse: 0.1632 - ssim_metric: 0.4152
     32/Unknown - 337s 797ms/step - loss: 0.5101 - mae: 0.3104 - mse: 0.1635 - ssim_metric: 0.4165
     33/Unknown - 338s 797ms/step - loss: 0.5069 - mae: 0.3096 - mse: 0.1621 - ssim_metric: 0.4200
     34/Unknown - 339s 797ms/step - loss: 0.5069 - mae: 0.3102 - mse: 0.1622 - ssim_metric: 0.4193
     35/Unknown - 340s 797ms/step - loss: 0.5037 - mae: 0.3089 - mse: 0.1609 - ssim_metric: 0.4227
     36/Unknown - 340s 797ms/step - loss: 0.5031 - mae: 0.3085 - mse: 0.1606 - ssim_metric: 0.4243
     37/Unknown - 341s 797ms/step - loss: 0.4995 - mae: 0.3066 - mse: 0.1592 - ssim_metric: 0.4285
     38/Unknown - 342s 797ms/step - loss: 0.4969 - mae: 0.3050 - mse: 0.1581 - ssim_metric: 0.4313
     39/Unknown - 343s 797ms/step - loss: 0.4959 - mae: 0.3038 - mse: 0.1577 - ssim_metric: 0.4345
     40/Unknown - 344s 797ms/step - loss: 0.4937 - mae: 0.3021 - mse: 0.1568 - ssim_metric: 0.4375
     41/Unknown - 344s 797ms/step - loss: 0.4912 - mae: 0.3002 - mse: 0.1559 - ssim_metric: 0.4418
     42/Unknown - 345s 797ms/step - loss: 0.4862 - mae: 0.2972 - mse: 0.1539 - ssim_metric: 0.4471
     43/Unknown - 346s 797ms/step - loss: 0.4850 - mae: 0.2957 - mse: 0.1534 - ssim_metric: 0.4500
     44/Unknown - 347s 798ms/step - loss: 0.4856 - mae: 0.2952 - mse: 0.1537 - ssim_metric: 0.4516
     45/Unknown - 348s 798ms/step - loss: 0.4882 - mae: 0.2958 - mse: 0.1546 - ssim_metric: 0.4514
     46/Unknown - 348s 798ms/step - loss: 0.4873 - mae: 0.2951 - mse: 0.1543 - ssim_metric: 0.4539
     47/Unknown - 349s 798ms/step - loss: 0.4858 - mae: 0.2948 - mse: 0.1538 - ssim_metric: 0.4559
     48/Unknown - 350s 798ms/step - loss: 0.4834 - mae: 0.2941 - mse: 0.1528 - ssim_metric: 0.4583
     49/Unknown - 351s 798ms/step - loss: 0.4850 - mae: 0.2951 - mse: 0.1534 - ssim_metric: 0.4579
     50/Unknown - 352s 798ms/step - loss: 0.4842 - mae: 0.2955 - mse: 0.1531 - ssim_metric: 0.4593
     51/Unknown - 352s 798ms/step - loss: 0.4826 - mae: 0.2955 - mse: 0.1524 - ssim_metric: 0.4593
     52/Unknown - 353s 798ms/step - loss: 0.4823 - mae: 0.2957 - mse: 0.1523 - ssim_metric: 0.4609
     53/Unknown - 354s 798ms/step - loss: 0.4814 - mae: 0.2952 - mse: 0.1520 - ssim_metric: 0.4624
     54/Unknown - 355s 798ms/step - loss: 0.4810 - mae: 0.2949 - mse: 0.1519 - ssim_metric: 0.4639
     55/Unknown - 356s 798ms/step - loss: 0.4808 - mae: 0.2942 - mse: 0.1517 - ssim_metric: 0.4661
     56/Unknown - 356s 798ms/step - loss: 0.4803 - mae: 0.2936 - mse: 0.1515 - ssim_metric: 0.4675
     57/Unknown - 357s 798ms/step - loss: 0.4786 - mae: 0.2925 - mse: 0.1509 - ssim_metric: 0.4700
     58/Unknown - 358s 798ms/step - loss: 0.4801 - mae: 0.2924 - mse: 0.1514 - ssim_metric: 0.4709
     59/Unknown - 359s 798ms/step - loss: 0.4802 - mae: 0.2921 - mse: 0.1514 - ssim_metric: 0.4720
     60/Unknown - 360s 798ms/step - loss: 0.4811 - mae: 0.2924 - mse: 0.1518 - ssim_metric: 0.4731
     61/Unknown - 360s 798ms/step - loss: 0.4791 - mae: 0.2917 - mse: 0.1509 - ssim_metric: 0.4758
     62/Unknown - 361s 798ms/step - loss: 0.4776 - mae: 0.2915 - mse: 0.1503 - ssim_metric: 0.4772
     63/Unknown - 362s 798ms/step - loss: 0.4780 - mae: 0.2921 - mse: 0.1505 - ssim_metric: 0.4772
     64/Unknown - 363s 798ms/step - loss: 0.4765 - mae: 0.2917 - mse: 0.1499 - ssim_metric: 0.4792
     65/Unknown - 364s 798ms/step - loss: 0.4748 - mae: 0.2910 - mse: 0.1492 - ssim_metric: 0.4818
     66/Unknown - 364s 798ms/step - loss: 0.4758 - mae: 0.2914 - mse: 0.1496 - ssim_metric: 0.4819
     67/Unknown - 365s 798ms/step - loss: 0.4755 - mae: 0.2911 - mse: 0.1495 - ssim_metric: 0.4826
     68/Unknown - 366s 798ms/step - loss: 0.4758 - mae: 0.2908 - mse: 0.1496 - ssim_metric: 0.4830
     69/Unknown - 367s 798ms/step - loss: 0.4763 - mae: 0.2909 - mse: 0.1497 - ssim_metric: 0.4832
     70/Unknown - 368s 798ms/step - loss: 0.4762 - mae: 0.2906 - mse: 0.1497 - ssim_metric: 0.4839
     71/Unknown - 368s 798ms/step - loss: 0.4759 - mae: 0.2904 - mse: 0.1496 - ssim_metric: 0.4847
     72/Unknown - 369s 798ms/step - loss: 0.4773 - mae: 0.2909 - mse: 0.1501 - ssim_metric: 0.4845
     73/Unknown - 370s 798ms/step - loss: 0.4772 - mae: 0.2908 - mse: 0.1501 - ssim_metric: 0.4852
     74/Unknown - 371s 798ms/step - loss: 0.4767 - mae: 0.2910 - mse: 0.1499 - ssim_metric: 0.4854
     75/Unknown - 372s 798ms/step - loss: 0.4760 - mae: 0.2911 - mse: 0.1496 - ssim_metric: 0.4858
     76/Unknown - 372s 798ms/step - loss: 0.4747 - mae: 0.2909 - mse: 0.1490 - ssim_metric: 0.4867
     77/Unknown - 373s 799ms/step - loss: 0.4750 - mae: 0.2914 - mse: 0.1492 - ssim_metric: 0.4868
     78/Unknown - 374s 799ms/step - loss: 0.4746 - mae: 0.2914 - mse: 0.1490 - ssim_metric: 0.4878
     79/Unknown - 375s 799ms/step - loss: 0.4755 - mae: 0.2918 - mse: 0.1494 - ssim_metric: 0.4883
     80/Unknown - 376s 799ms/step - loss: 0.4760 - mae: 0.2919 - mse: 0.1496 - ssim_metric: 0.4893
     81/Unknown - 376s 799ms/step - loss: 0.4755 - mae: 0.2916 - mse: 0.1494 - ssim_metric: 0.4906
     82/Unknown - 377s 799ms/step - loss: 0.4757 - mae: 0.2915 - mse: 0.1495 - ssim_metric: 0.4919
     83/Unknown - 378s 799ms/step - loss: 0.4752 - mae: 0.2913 - mse: 0.1493 - ssim_metric: 0.4929
     84/Unknown - 379s 799ms/step - loss: 0.4754 - mae: 0.2913 - mse: 0.1494 - ssim_metric: 0.4940
     85/Unknown - 380s 799ms/step - loss: 0.4738 - mae: 0.2906 - mse: 0.1488 - ssim_metric: 0.4958
     86/Unknown - 380s 799ms/step - loss: 0.4738 - mae: 0.2906 - mse: 0.1488 - ssim_metric: 0.4966
     87/Unknown - 381s 799ms/step - loss: 0.4730 - mae: 0.2902 - mse: 0.1485 - ssim_metric: 0.4978
     88/Unknown - 382s 799ms/step - loss: 0.4719 - mae: 0.2897 - mse: 0.1481 - ssim_metric: 0.4986
     89/Unknown - 383s 799ms/step - loss: 0.4710 - mae: 0.2893 - mse: 0.1478 - ssim_metric: 0.4997
     90/Unknown - 384s 799ms/step - loss: 0.4719 - mae: 0.2895 - mse: 0.1481 - ssim_metric: 0.4999
     91/Unknown - 384s 799ms/step - loss: 0.4716 - mae: 0.2893 - mse: 0.1480 - ssim_metric: 0.5009
     92/Unknown - 385s 799ms/step - loss: 0.4713 - mae: 0.2892 - mse: 0.1478 - ssim_metric: 0.5013
     93/Unknown - 386s 799ms/step - loss: 0.4711 - mae: 0.2891 - mse: 0.1478 - ssim_metric: 0.5021
     94/Unknown - 387s 799ms/step - loss: 0.4713 - mae: 0.2890 - mse: 0.1478 - ssim_metric: 0.5030
     95/Unknown - 388s 799ms/step - loss: 0.4723 - mae: 0.2892 - mse: 0.1482 - ssim_metric: 0.5032
     96/Unknown - 388s 799ms/step - loss: 0.4718 - mae: 0.2891 - mse: 0.1480 - ssim_metric: 0.5041
     97/Unknown - 389s 799ms/step - loss: 0.4715 - mae: 0.2891 - mse: 0.1479 - ssim_metric: 0.5052
     98/Unknown - 390s 799ms/step - loss: 0.4708 - mae: 0.2889 - mse: 0.1476 - ssim_metric: 0.5063
     99/Unknown - 391s 799ms/step - loss: 0.4703 - mae: 0.2888 - mse: 0.1474 - ssim_metric: 0.5071
    100/Unknown - 392s 799ms/step - loss: 0.4704 - mae: 0.2889 - mse: 0.1475 - ssim_metric: 0.5077
    101/Unknown - 392s 799ms/step - loss: 0.4695 - mae: 0.2885 - mse: 0.1471 - ssim_metric: 0.5090
    102/Unknown - 393s 799ms/step - loss: 0.4686 - mae: 0.2881 - mse: 0.1468 - ssim_metric: 0.5102
    103/Unknown - 394s 799ms/step - loss: 0.4693 - mae: 0.2883 - mse: 0.1470 - ssim_metric: 0.5103
    104/Unknown - 395s 799ms/step - loss: 0.4691 - mae: 0.2880 - mse: 0.1470 - ssim_metric: 0.5112
    105/Unknown - 396s 799ms/step - loss: 0.4685 - mae: 0.2876 - mse: 0.1467 - ssim_metric: 0.5120
    106/Unknown - 396s 799ms/step - loss: 0.4673 - mae: 0.2870 - mse: 0.1463 - ssim_metric: 0.5134
    107/Unknown - 397s 799ms/step - loss: 0.4670 - mae: 0.2866 - mse: 0.1462 - ssim_metric: 0.5144
    108/Unknown - 398s 799ms/step - loss: 0.4683 - mae: 0.2868 - mse: 0.1466 - ssim_metric: 0.5146
    109/Unknown - 399s 799ms/step - loss: 0.4675 - mae: 0.2865 - mse: 0.1463 - ssim_metric: 0.5155
    110/Unknown - 400s 799ms/step - loss: 0.4681 - mae: 0.2867 - mse: 0.1465 - ssim_metric: 0.5156
    111/Unknown - 400s 799ms/step - loss: 0.4675 - mae: 0.2864 - mse: 0.1463 - ssim_metric: 0.5165
    112/Unknown - 401s 799ms/step - loss: 0.4675 - mae: 0.2866 - mse: 0.1463 - ssim_metric: 0.5168
    113/Unknown - 402s 799ms/step - loss: 0.4671 - mae: 0.2866 - mse: 0.1462 - ssim_metric: 0.5176
    114/Unknown - 403s 799ms/step - loss: 0.4668 - mae: 0.2866 - mse: 0.1460 - ssim_metric: 0.5180
    115/Unknown - 404s 799ms/step - loss: 0.4669 - mae: 0.2869 - mse: 0.1461 - ssim_metric: 0.5183
    116/Unknown - 404s 799ms/step - loss: 0.4668 - mae: 0.2870 - mse: 0.1461 - ssim_metric: 0.5183
    117/Unknown - 405s 799ms/step - loss: 0.4673 - mae: 0.2872 - mse: 0.1463 - ssim_metric: 0.5185
    118/Unknown - 406s 799ms/step - loss: 0.4666 - mae: 0.2868 - mse: 0.1460 - ssim_metric: 0.5201
    119/Unknown - 407s 799ms/step - loss: 0.4660 - mae: 0.2866 - mse: 0.1457 - ssim_metric: 0.5210
    120/Unknown - 408s 799ms/step - loss: 0.4656 - mae: 0.2863 - mse: 0.1456 - ssim_metric: 0.5219
    121/Unknown - 408s 799ms/step - loss: 0.4647 - mae: 0.2859 - mse: 0.1453 - ssim_metric: 0.5230
    122/Unknown - 409s 799ms/step - loss: 0.4650 - mae: 0.2858 - mse: 0.1453 - ssim_metric: 0.5238
    123/Unknown - 410s 799ms/step - loss: 0.4653 - mae: 0.2858 - mse: 0.1455 - ssim_metric: 0.5240
    124/Unknown - 411s 799ms/step - loss: 0.4657 - mae: 0.2860 - mse: 0.1457 - ssim_metric: 0.5239
    125/Unknown - 412s 799ms/step - loss: 0.4655 - mae: 0.2859 - mse: 0.1456 - ssim_metric: 0.5244
    126/Unknown - 412s 799ms/step - loss: 0.4651 - mae: 0.2858 - mse: 0.1455 - ssim_metric: 0.5247
    127/Unknown - 413s 799ms/step - loss: 0.4647 - mae: 0.2857 - mse: 0.1453 - ssim_metric: 0.5254
    128/Unknown - 414s 799ms/step - loss: 0.4641 - mae: 0.2854 - mse: 0.1451 - ssim_metric: 0.5262
    129/Unknown - 415s 799ms/step - loss: 0.4639 - mae: 0.2852 - mse: 0.1450 - ssim_metric: 0.5272
    130/Unknown - 416s 799ms/step - loss: 0.4649 - mae: 0.2855 - mse: 0.1454 - ssim_metric: 0.5271
    131/Unknown - 416s 799ms/step - loss: 0.4650 - mae: 0.2854 - mse: 0.1454 - ssim_metric: 0.5279
    132/Unknown - 417s 799ms/step - loss: 0.4648 - mae: 0.2853 - mse: 0.1453 - ssim_metric: 0.5284
    133/Unknown - 418s 799ms/step - loss: 0.4647 - mae: 0.2853 - mse: 0.1453 - ssim_metric: 0.5288
    134/Unknown - 419s 799ms/step - loss: 0.4650 - mae: 0.2855 - mse: 0.1454 - ssim_metric: 0.5289
    135/Unknown - 420s 799ms/step - loss: 0.4654 - mae: 0.2858 - mse: 0.1456 - ssim_metric: 0.5288
    136/Unknown - 420s 799ms/step - loss: 0.4657 - mae: 0.2861 - mse: 0.1457 - ssim_metric: 0.5286
    137/Unknown - 421s 799ms/step - loss: 0.4654 - mae: 0.2861 - mse: 0.1456 - ssim_metric: 0.5289
    138/Unknown - 422s 799ms/step - loss: 0.4656 - mae: 0.2865 - mse: 0.1457 - ssim_metric: 0.5286
    139/Unknown - 423s 799ms/step - loss: 0.4655 - mae: 0.2866 - mse: 0.1456 - ssim_metric: 0.5287
    140/Unknown - 424s 799ms/step - loss: 0.4656 - mae: 0.2867 - mse: 0.1457 - ssim_metric: 0.5288
    141/Unknown - 424s 799ms/step - loss: 0.4659 - mae: 0.2868 - mse: 0.1458 - ssim_metric: 0.5290
    142/Unknown - 425s 799ms/step - loss: 0.4653 - mae: 0.2866 - mse: 0.1456 - ssim_metric: 0.5299
    143/Unknown - 426s 799ms/step - loss: 0.4656 - mae: 0.2868 - mse: 0.1457 - ssim_metric: 0.5300
    144/Unknown - 427s 799ms/step - loss: 0.4655 - mae: 0.2868 - mse: 0.1457 - ssim_metric: 0.5302
    145/Unknown - 428s 799ms/step - loss: 0.4651 - mae: 0.2867 - mse: 0.1455 - ssim_metric: 0.5309
    146/Unknown - 428s 799ms/step - loss: 0.4648 - mae: 0.2866 - mse: 0.1454 - ssim_metric: 0.5315
    147/Unknown - 429s 799ms/step - loss: 0.4655 - mae: 0.2868 - mse: 0.1457 - ssim_metric: 0.5315
    148/Unknown - 430s 799ms/step - loss: 0.4650 - mae: 0.2866 - mse: 0.1455 - ssim_metric: 0.5321
    149/Unknown - 431s 799ms/step - loss: 0.4655 - mae: 0.2869 - mse: 0.1457 - ssim_metric: 0.5320
    150/Unknown - 432s 799ms/step - loss: 0.4653 - mae: 0.2868 - mse: 0.1456 - ssim_metric: 0.5325
    151/Unknown - 432s 799ms/step - loss: 0.4658 - mae: 0.2871 - mse: 0.1458 - ssim_metric: 0.5324
    152/Unknown - 433s 799ms/step - loss: 0.4661 - mae: 0.2872 - mse: 0.1459 - ssim_metric: 0.5328
    153/Unknown - 434s 800ms/step - loss: 0.4658 - mae: 0.2872 - mse: 0.1458 - ssim_metric: 0.5331
    154/Unknown - 435s 800ms/step - loss: 0.4655 - mae: 0.2872 - mse: 0.1457 - ssim_metric: 0.5336
    155/Unknown - 436s 800ms/step - loss: 0.4655 - mae: 0.2873 - mse: 0.1457 - ssim_metric: 0.5339
    156/Unknown - 436s 800ms/step - loss: 0.4651 - mae: 0.2872 - mse: 0.1455 - ssim_metric: 0.5345
    157/Unknown - 437s 800ms/step - loss: 0.4651 - mae: 0.2872 - mse: 0.1455 - ssim_metric: 0.5347
    158/Unknown - 438s 800ms/step - loss: 0.4655 - mae: 0.2873 - mse: 0.1457 - ssim_metric: 0.5348
    159/Unknown - 439s 800ms/step - loss: 0.4658 - mae: 0.2873 - mse: 0.1458 - ssim_metric: 0.5351
    160/Unknown - 440s 800ms/step - loss: 0.4656 - mae: 0.2872 - mse: 0.1458 - ssim_metric: 0.5355
    161/Unknown - 440s 800ms/step - loss: 0.4658 - mae: 0.2873 - mse: 0.1459 - ssim_metric: 0.5356
    162/Unknown - 441s 800ms/step - loss: 0.4655 - mae: 0.2872 - mse: 0.1457 - ssim_metric: 0.5358
    163/Unknown - 442s 800ms/step - loss: 0.4650 - mae: 0.2870 - mse: 0.1456 - ssim_metric: 0.5362
    164/Unknown - 443s 800ms/step - loss: 0.4648 - mae: 0.2869 - mse: 0.1455 - ssim_metric: 0.5368
    165/Unknown - 444s 800ms/step - loss: 0.4648 - mae: 0.2869 - mse: 0.1455 - ssim_metric: 0.5371
    166/Unknown - 444s 800ms/step - loss: 0.4652 - mae: 0.2870 - mse: 0.1457 - ssim_metric: 0.5370
    167/Unknown - 445s 800ms/step - loss: 0.4651 - mae: 0.2871 - mse: 0.1456 - ssim_metric: 0.5372
    168/Unknown - 446s 800ms/step - loss: 0.4654 - mae: 0.2872 - mse: 0.1458 - ssim_metric: 0.5373
    169/Unknown - 447s 800ms/step - loss: 0.4650 - mae: 0.2871 - mse: 0.1456 - ssim_metric: 0.5379
    170/Unknown - 448s 800ms/step - loss: 0.4651 - mae: 0.2873 - mse: 0.1456 - ssim_metric: 0.5380
    171/Unknown - 448s 800ms/step - loss: 0.4649 - mae: 0.2872 - mse: 0.1455 - ssim_metric: 0.5383
    172/Unknown - 449s 800ms/step - loss: 0.4644 - mae: 0.2870 - mse: 0.1454 - ssim_metric: 0.5388
    173/Unknown - 450s 800ms/step - loss: 0.4646 - mae: 0.2872 - mse: 0.1455 - ssim_metric: 0.5389
    174/Unknown - 451s 800ms/step - loss: 0.4645 - mae: 0.2872 - mse: 0.1454 - ssim_metric: 0.5391
    175/Unknown - 452s 800ms/step - loss: 0.4648 - mae: 0.2872 - mse: 0.1455 - ssim_metric: 0.5391
    176/Unknown - 452s 800ms/step - loss: 0.4649 - mae: 0.2872 - mse: 0.1456 - ssim_metric: 0.5395
    177/Unknown - 453s 800ms/step - loss: 0.4648 - mae: 0.2871 - mse: 0.1456 - ssim_metric: 0.5399
    178/Unknown - 454s 800ms/step - loss: 0.4657 - mae: 0.2875 - mse: 0.1459 - ssim_metric: 0.5398
    179/Unknown - 455s 800ms/step - loss: 0.4659 - mae: 0.2875 - mse: 0.1460 - ssim_metric: 0.5400
    180/Unknown - 456s 800ms/step - loss: 0.4659 - mae: 0.2877 - mse: 0.1460 - ssim_metric: 0.5400
    181/Unknown - 456s 800ms/step - loss: 0.4663 - mae: 0.2881 - mse: 0.1462 - ssim_metric: 0.5398
    182/Unknown - 457s 800ms/step - loss: 0.4663 - mae: 0.2883 - mse: 0.1462 - ssim_metric: 0.5397
    183/Unknown - 458s 800ms/step - loss: 0.4662 - mae: 0.2884 - mse: 0.1461 - ssim_metric: 0.5399
    184/Unknown - 459s 800ms/step - loss: 0.4661 - mae: 0.2886 - mse: 0.1461 - ssim_metric: 0.5400
    185/Unknown - 460s 800ms/step - loss: 0.4663 - mae: 0.2888 - mse: 0.1462 - ssim_metric: 0.5397
    186/Unknown - 460s 800ms/step - loss: 0.4667 - mae: 0.2892 - mse: 0.1464 - ssim_metric: 0.5394
    187/Unknown - 461s 800ms/step - loss: 0.4671 - mae: 0.2894 - mse: 0.1465 - ssim_metric: 0.5392
    188/Unknown - 462s 800ms/step - loss: 0.4672 - mae: 0.2894 - mse: 0.1465 - ssim_metric: 0.5397
    189/Unknown - 463s 800ms/step - loss: 0.4668 - mae: 0.2893 - mse: 0.1464 - ssim_metric: 0.5402
    190/Unknown - 464s 800ms/step - loss: 0.4665 - mae: 0.2892 - mse: 0.1463 - ssim_metric: 0.5405
    191/Unknown - 464s 800ms/step - loss: 0.4663 - mae: 0.2892 - mse: 0.1462 - ssim_metric: 0.5407
    192/Unknown - 465s 800ms/step - loss: 0.4660 - mae: 0.2889 - mse: 0.1461 - ssim_metric: 0.5412
    193/Unknown - 466s 800ms/step - loss: 0.4660 - mae: 0.2889 - mse: 0.1461 - ssim_metric: 0.5415
    194/Unknown - 467s 800ms/step - loss: 0.4655 - mae: 0.2885 - mse: 0.1459 - ssim_metric: 0.5422
    195/Unknown - 468s 800ms/step - loss: 0.4657 - mae: 0.2884 - mse: 0.1459 - ssim_metric: 0.5426
    196/Unknown - 468s 800ms/step - loss: 0.4660 - mae: 0.2884 - mse: 0.1461 - ssim_metric: 0.5428
    197/Unknown - 469s 800ms/step - loss: 0.4657 - mae: 0.2882 - mse: 0.1459 - ssim_metric: 0.5433
    198/Unknown - 470s 800ms/step - loss: 0.4655 - mae: 0.2881 - mse: 0.1459 - ssim_metric: 0.5437
    199/Unknown - 471s 800ms/step - loss: 0.4654 - mae: 0.2880 - mse: 0.1458 - ssim_metric: 0.5440
    200/Unknown - 472s 800ms/step - loss: 0.4654 - mae: 0.2880 - mse: 0.1458 - ssim_metric: 0.5442
    201/Unknown - 472s 800ms/step - loss: 0.4652 - mae: 0.2879 - mse: 0.1457 - ssim_metric: 0.5445
    202/Unknown - 473s 800ms/step - loss: 0.4655 - mae: 0.2879 - mse: 0.1458 - ssim_metric: 0.5448
    203/Unknown - 474s 800ms/step - loss: 0.4659 - mae: 0.2881 - mse: 0.1460 - ssim_metric: 0.5447
    204/Unknown - 475s 800ms/step - loss: 0.4657 - mae: 0.2881 - mse: 0.1459 - ssim_metric: 0.5449
    205/Unknown - 476s 800ms/step - loss: 0.4653 - mae: 0.2880 - mse: 0.1458 - ssim_metric: 0.5452
    206/Unknown - 476s 800ms/step - loss: 0.4652 - mae: 0.2880 - mse: 0.1457 - ssim_metric: 0.5453
    207/Unknown - 477s 800ms/step - loss: 0.4650 - mae: 0.2880 - mse: 0.1457 - ssim_metric: 0.5455
    208/Unknown - 478s 800ms/step - loss: 0.4650 - mae: 0.2880 - mse: 0.1457 - ssim_metric: 0.5456
    209/Unknown - 479s 800ms/step - loss: 0.4649 - mae: 0.2880 - mse: 0.1456 - ssim_metric: 0.5458
    210/Unknown - 480s 800ms/step - loss: 0.4652 - mae: 0.2882 - mse: 0.1458 - ssim_metric: 0.5457
    211/Unknown - 480s 800ms/step - loss: 0.4650 - mae: 0.2880 - mse: 0.1457 - ssim_metric: 0.5462
    212/Unknown - 481s 800ms/step - loss: 0.4648 - mae: 0.2879 - mse: 0.1456 - ssim_metric: 0.5465
    213/Unknown - 482s 800ms/step - loss: 0.4646 - mae: 0.2877 - mse: 0.1455 - ssim_metric: 0.5468
    214/Unknown - 483s 800ms/step - loss: 0.4647 - mae: 0.2878 - mse: 0.1456 - ssim_metric: 0.5470
    215/Unknown - 484s 800ms/step - loss: 0.4648 - mae: 0.2878 - mse: 0.1456 - ssim_metric: 0.5470
    216/Unknown - 484s 800ms/step - loss: 0.4645 - mae: 0.2876 - mse: 0.1455 - ssim_metric: 0.5475
    217/Unknown - 485s 800ms/step - loss: 0.4645 - mae: 0.2876 - mse: 0.1455 - ssim_metric: 0.5476
    218/Unknown - 486s 800ms/step - loss: 0.4646 - mae: 0.2876 - mse: 0.1455 - ssim_metric: 0.5476
    219/Unknown - 487s 800ms/step - loss: 0.4646 - mae: 0.2876 - mse: 0.1455 - ssim_metric: 0.5478
    220/Unknown - 488s 800ms/step - loss: 0.4648 - mae: 0.2877 - mse: 0.1456 - ssim_metric: 0.5475
    221/Unknown - 488s 800ms/step - loss: 0.4649 - mae: 0.2879 - mse: 0.1457 - ssim_metric: 0.5473
    222/Unknown - 489s 800ms/step - loss: 0.4650 - mae: 0.2880 - mse: 0.1457 - ssim_metric: 0.5472
    223/Unknown - 490s 800ms/step - loss: 0.4648 - mae: 0.2881 - mse: 0.1457 - ssim_metric: 0.5473
    224/Unknown - 491s 800ms/step - loss: 0.4650 - mae: 0.2882 - mse: 0.1458 - ssim_metric: 0.5471
    225/Unknown - 492s 800ms/step - loss: 0.4651 - mae: 0.2883 - mse: 0.1458 - ssim_metric: 0.5470
    226/Unknown - 493s 800ms/step - loss: 0.4651 - mae: 0.2884 - mse: 0.1458 - ssim_metric: 0.5471
    227/Unknown - 493s 800ms/step - loss: 0.4648 - mae: 0.2883 - mse: 0.1457 - ssim_metric: 0.5475
    228/Unknown - 494s 800ms/step - loss: 0.4647 - mae: 0.2882 - mse: 0.1456 - ssim_metric: 0.5476
    229/Unknown - 495s 800ms/step - loss: 0.4651 - mae: 0.2884 - mse: 0.1458 - ssim_metric: 0.5474
    230/Unknown - 496s 800ms/step - loss: 0.4649 - mae: 0.2884 - mse: 0.1457 - ssim_metric: 0.5475
    231/Unknown - 497s 800ms/step - loss: 0.4649 - mae: 0.2884 - mse: 0.1457 - ssim_metric: 0.5477
    232/Unknown - 497s 800ms/step - loss: 0.4647 - mae: 0.2883 - mse: 0.1456 - ssim_metric: 0.5478
    233/Unknown - 498s 800ms/step - loss: 0.4647 - mae: 0.2883 - mse: 0.1456 - ssim_metric: 0.5482
    234/Unknown - 499s 800ms/step - loss: 0.4649 - mae: 0.2884 - mse: 0.1457 - ssim_metric: 0.5480
    235/Unknown - 500s 800ms/step - loss: 0.4648 - mae: 0.2883 - mse: 0.1457 - ssim_metric: 0.5481
    236/Unknown - 501s 800ms/step - loss: 0.4642 - mae: 0.2881 - mse: 0.1454 - ssim_metric: 0.5486
    237/Unknown - 501s 800ms/step - loss: 0.4640 - mae: 0.2879 - mse: 0.1453 - ssim_metric: 0.5491
    238/Unknown - 502s 800ms/step - loss: 0.4640 - mae: 0.2878 - mse: 0.1454 - ssim_metric: 0.5493
    239/Unknown - 503s 800ms/step - loss: 0.4634 - mae: 0.2875 - mse: 0.1451 - ssim_metric: 0.5498
    240/Unknown - 504s 800ms/step - loss: 0.4635 - mae: 0.2874 - mse: 0.1452 - ssim_metric: 0.5502
    241/Unknown - 505s 800ms/step - loss: 0.4635 - mae: 0.2873 - mse: 0.1452 - ssim_metric: 0.5503
    242/Unknown - 505s 800ms/step - loss: 0.4630 - mae: 0.2870 - mse: 0.1450 - ssim_metric: 0.5508
    243/Unknown - 506s 800ms/step - loss: 0.4630 - mae: 0.2869 - mse: 0.1449 - ssim_metric: 0.5511
    244/Unknown - 507s 800ms/step - loss: 0.4631 - mae: 0.2869 - mse: 0.1450 - ssim_metric: 0.5513
    245/Unknown - 508s 800ms/step - loss: 0.4631 - mae: 0.2869 - mse: 0.1450 - ssim_metric: 0.5513
    246/Unknown - 509s 800ms/step - loss: 0.4630 - mae: 0.2868 - mse: 0.1449 - ssim_metric: 0.5515
    247/Unknown - 509s 800ms/step - loss: 0.4629 - mae: 0.2868 - mse: 0.1449 - ssim_metric: 0.5516
    248/Unknown - 510s 800ms/step - loss: 0.4631 - mae: 0.2869 - mse: 0.1450 - ssim_metric: 0.5517
    249/Unknown - 511s 800ms/step - loss: 0.4633 - mae: 0.2871 - mse: 0.1451 - ssim_metric: 0.5515
    250/Unknown - 512s 800ms/step - loss: 0.4632 - mae: 0.2871 - mse: 0.1450 - ssim_metric: 0.5515
    251/Unknown - 513s 800ms/step - loss: 0.4631 - mae: 0.2871 - mse: 0.1450 - ssim_metric: 0.5515
    252/Unknown - 513s 800ms/step - loss: 0.4626 - mae: 0.2869 - mse: 0.1448 - ssim_metric: 0.5517
    253/Unknown - 514s 800ms/step - loss: 0.4630 - mae: 0.2871 - mse: 0.1450 - ssim_metric: 0.5515
    254/Unknown - 515s 800ms/step - loss: 0.4630 - mae: 0.2871 - mse: 0.1450 - ssim_metric: 0.5516
    255/Unknown - 516s 800ms/step - loss: 0.4626 - mae: 0.2870 - mse: 0.1448 - ssim_metric: 0.5518
    256/Unknown - 517s 800ms/step - loss: 0.4629 - mae: 0.2871 - mse: 0.1449 - ssim_metric: 0.5517
    257/Unknown - 517s 800ms/step - loss: 0.4628 - mae: 0.2870 - mse: 0.1449 - ssim_metric: 0.5518
    258/Unknown - 518s 800ms/step - loss: 0.4629 - mae: 0.2870 - mse: 0.1450 - ssim_metric: 0.5517
    259/Unknown - 519s 800ms/step - loss: 0.4632 - mae: 0.2871 - mse: 0.1451 - ssim_metric: 0.5516
    260/Unknown - 520s 800ms/step - loss: 0.4629 - mae: 0.2870 - mse: 0.1450 - ssim_metric: 0.5519
    261/Unknown - 521s 800ms/step - loss: 0.4628 - mae: 0.2869 - mse: 0.1449 - ssim_metric: 0.5520
    262/Unknown - 521s 800ms/step - loss: 0.4624 - mae: 0.2867 - mse: 0.1448 - ssim_metric: 0.5522
    263/Unknown - 522s 800ms/step - loss: 0.4628 - mae: 0.2868 - mse: 0.1449 - ssim_metric: 0.5521
    264/Unknown - 523s 800ms/step - loss: 0.4629 - mae: 0.2869 - mse: 0.1450 - ssim_metric: 0.5522
    265/Unknown - 524s 800ms/step - loss: 0.4629 - mae: 0.2869 - mse: 0.1450 - ssim_metric: 0.5521
    266/Unknown - 525s 800ms/step - loss: 0.4630 - mae: 0.2870 - mse: 0.1450 - ssim_metric: 0.5520
    267/Unknown - 525s 800ms/step - loss: 0.4631 - mae: 0.2872 - mse: 0.1451 - ssim_metric: 0.5518
    268/Unknown - 526s 800ms/step - loss: 0.4631 - mae: 0.2873 - mse: 0.1451 - ssim_metric: 0.5517
    269/Unknown - 527s 800ms/step - loss: 0.4630 - mae: 0.2873 - mse: 0.1450 - ssim_metric: 0.5516
    270/Unknown - 528s 800ms/step - loss: 0.4631 - mae: 0.2875 - mse: 0.1451 - ssim_metric: 0.5514
    271/Unknown - 529s 800ms/step - loss: 0.4632 - mae: 0.2876 - mse: 0.1451 - ssim_metric: 0.5514
    272/Unknown - 529s 800ms/step - loss: 0.4631 - mae: 0.2876 - mse: 0.1451 - ssim_metric: 0.5513
    273/Unknown - 530s 800ms/step - loss: 0.4627 - mae: 0.2875 - mse: 0.1449 - ssim_metric: 0.5516
    274/Unknown - 531s 800ms/step - loss: 0.4629 - mae: 0.2875 - mse: 0.1450 - ssim_metric: 0.5516
    275/Unknown - 532s 800ms/step - loss: 0.4630 - mae: 0.2875 - mse: 0.1450 - ssim_metric: 0.5518
    276/Unknown - 533s 800ms/step - loss: 0.4630 - mae: 0.2875 - mse: 0.1450 - ssim_metric: 0.5518
    277/Unknown - 533s 800ms/step - loss: 0.4632 - mae: 0.2875 - mse: 0.1451 - ssim_metric: 0.5517
    278/Unknown - 534s 800ms/step - loss: 0.4631 - mae: 0.2874 - mse: 0.1451 - ssim_metric: 0.5519
    279/Unknown - 535s 800ms/step - loss: 0.4628 - mae: 0.2873 - mse: 0.1450 - ssim_metric: 0.5523
    280/Unknown - 536s 800ms/step - loss: 0.4628 - mae: 0.2872 - mse: 0.1450 - ssim_metric: 0.5523
    281/Unknown - 537s 800ms/step - loss: 0.4628 - mae: 0.2873 - mse: 0.1450 - ssim_metric: 0.5521
    282/Unknown - 537s 800ms/step - loss: 0.4628 - mae: 0.2873 - mse: 0.1450 - ssim_metric: 0.5523
    283/Unknown - 538s 800ms/step - loss: 0.4631 - mae: 0.2874 - mse: 0.1451 - ssim_metric: 0.5522
    284/Unknown - 539s 800ms/step - loss: 0.4630 - mae: 0.2875 - mse: 0.1450 - ssim_metric: 0.5522
    285/Unknown - 540s 800ms/step - loss: 0.4632 - mae: 0.2876 - mse: 0.1451 - ssim_metric: 0.5520
    286/Unknown - 541s 800ms/step - loss: 0.4632 - mae: 0.2877 - mse: 0.1451 - ssim_metric: 0.5520
    287/Unknown - 541s 800ms/step - loss: 0.4634 - mae: 0.2878 - mse: 0.1452 - ssim_metric: 0.5519
    288/Unknown - 542s 800ms/step - loss: 0.4637 - mae: 0.2880 - mse: 0.1454 - ssim_metric: 0.5517
    289/Unknown - 543s 800ms/step - loss: 0.4637 - mae: 0.2881 - mse: 0.1454 - ssim_metric: 0.5515
    290/Unknown - 544s 800ms/step - loss: 0.4639 - mae: 0.2882 - mse: 0.1454 - ssim_metric: 0.5515
    291/Unknown - 545s 800ms/step - loss: 0.4639 - mae: 0.2883 - mse: 0.1454 - ssim_metric: 0.5515
    292/Unknown - 545s 800ms/step - loss: 0.4636 - mae: 0.2883 - mse: 0.1453 - ssim_metric: 0.5515
    293/Unknown - 546s 800ms/step - loss: 0.4634 - mae: 0.2882 - mse: 0.1453 - ssim_metric: 0.5517
    294/Unknown - 547s 800ms/step - loss: 0.4636 - mae: 0.2883 - mse: 0.1453 - ssim_metric: 0.5516
    295/Unknown - 548s 800ms/step - loss: 0.4635 - mae: 0.2883 - mse: 0.1453 - ssim_metric: 0.5517
    296/Unknown - 549s 800ms/step - loss: 0.4633 - mae: 0.2881 - mse: 0.1452 - ssim_metric: 0.5519
    297/Unknown - 549s 800ms/step - loss: 0.4634 - mae: 0.2881 - mse: 0.1453 - ssim_metric: 0.5519
    298/Unknown - 550s 800ms/step - loss: 0.4629 - mae: 0.2878 - mse: 0.1451 - ssim_metric: 0.5523
    299/Unknown - 551s 800ms/step - loss: 0.4627 - mae: 0.2876 - mse: 0.1450 - ssim_metric: 0.5526
    300/Unknown - 552s 800ms/step - loss: 0.4628 - mae: 0.2875 - mse: 0.1450 - ssim_metric: 0.5527
    301/Unknown - 553s 800ms/step - loss: 0.4624 - mae: 0.2873 - mse: 0.1449 - ssim_metric: 0.5531
    302/Unknown - 553s 800ms/step - loss: 0.4628 - mae: 0.2874 - mse: 0.1450 - ssim_metric: 0.5528
    303/Unknown - 554s 800ms/step - loss: 0.4628 - mae: 0.2874 - mse: 0.1450 - ssim_metric: 0.5528
    304/Unknown - 555s 800ms/step - loss: 0.4628 - mae: 0.2874 - mse: 0.1450 - ssim_metric: 0.5527
    305/Unknown - 556s 800ms/step - loss: 0.4628 - mae: 0.2875 - mse: 0.1450 - ssim_metric: 0.5527
    306/Unknown - 557s 800ms/step - loss: 0.4628 - mae: 0.2875 - mse: 0.1450 - ssim_metric: 0.5526
    307/Unknown - 557s 800ms/step - loss: 0.4629 - mae: 0.2876 - mse: 0.1451 - ssim_metric: 0.5526
    308/Unknown - 558s 800ms/step - loss: 0.4628 - mae: 0.2875 - mse: 0.1450 - ssim_metric: 0.5528
    309/Unknown - 559s 800ms/step - loss: 0.4627 - mae: 0.2875 - mse: 0.1450 - ssim_metric: 0.5529
    310/Unknown - 560s 800ms/step - loss: 0.4626 - mae: 0.2875 - mse: 0.1450 - ssim_metric: 0.5528
    311/Unknown - 561s 800ms/step - loss: 0.4624 - mae: 0.2874 - mse: 0.1449 - ssim_metric: 0.5530
    312/Unknown - 561s 800ms/step - loss: 0.4624 - mae: 0.2874 - mse: 0.1449 - ssim_metric: 0.5528
    313/Unknown - 562s 800ms/step - loss: 0.4625 - mae: 0.2874 - mse: 0.1449 - ssim_metric: 0.5529
    314/Unknown - 563s 800ms/step - loss: 0.4625 - mae: 0.2874 - mse: 0.1449 - ssim_metric: 0.5530
    315/Unknown - 564s 800ms/step - loss: 0.4627 - mae: 0.2875 - mse: 0.1450 - ssim_metric: 0.5528
    316/Unknown - 565s 800ms/step - loss: 0.4626 - mae: 0.2875 - mse: 0.1450 - ssim_metric: 0.5527
    317/Unknown - 565s 800ms/step - loss: 0.4624 - mae: 0.2874 - mse: 0.1449 - ssim_metric: 0.5530
    318/Unknown - 566s 800ms/step - loss: 0.4623 - mae: 0.2873 - mse: 0.1449 - ssim_metric: 0.5530
    319/Unknown - 567s 800ms/step - loss: 0.4627 - mae: 0.2875 - mse: 0.1450 - ssim_metric: 0.5528
    320/Unknown - 568s 800ms/step - loss: 0.4627 - mae: 0.2876 - mse: 0.1450 - ssim_metric: 0.5526
    321/Unknown - 569s 800ms/step - loss: 0.4628 - mae: 0.2877 - mse: 0.1451 - ssim_metric: 0.5525
    322/Unknown - 569s 800ms/step - loss: 0.4625 - mae: 0.2876 - mse: 0.1450 - ssim_metric: 0.5526
    323/Unknown - 570s 800ms/step - loss: 0.4624 - mae: 0.2876 - mse: 0.1449 - ssim_metric: 0.5527
    324/Unknown - 571s 800ms/step - loss: 0.4627 - mae: 0.2877 - mse: 0.1451 - ssim_metric: 0.5524
    325/Unknown - 572s 800ms/step - loss: 0.4627 - mae: 0.2878 - mse: 0.1450 - ssim_metric: 0.5524
    326/Unknown - 576s 809ms/step - loss: 0.4627 - mae: 0.2878 - mse: 0.1450 - ssim_metric: 0.5523
Epoch 1: saving model to C:\d_surucusu\visual_navigation\benchmark\models_pipeline\20260909_223425\bce_b16\_JOB_bce_b16_10_09_2026__07_13_model_f48_k4_epoch_00001_helu_osigmoid_(1, 1)_.h5

Epoch 1: val_loss improved from inf to 0.41664, saving model to C:\d_surucusu\visual_navigation\benchmark\models_pipeline\20260909_223425\bce_b16\_JOB_bce_b16_10_09_2026__07_13_best_val_loss_model_f48_k4.h5

Epoch 1: val_mae improved from inf to 0.27565, saving model to C:\d_surucusu\visual_navigation\benchmark\models_pipeline\20260909_223425\bce_b16\_JOB_bce_b16_10_09_2026__07_13_best_mae_model_f48_k4.h5

Epoch 1: val_ssim_metric improved from -inf to 0.56049, saving model to C:\d_surucusu\visual_navigation\benchmark\models_pipeline\20260909_223425\bce_b16\_JOB_bce_b16_10_09_2026__07_13_best_ssim_model_f48_k4.h5

326/326 [==============================] - 592s 860ms/step - loss: 0.4627 - mae: 0.2878 - mse: 0.1450 - ssim_metric: 0.5523 - val_loss: 0.4166 - val_mae: 0.2757 - val_mse: 0.1266 - val_ssim_metric: 0.5605
Epoch 2/20

  1/326 [..............................] - ETA: 4:37 - loss: 0.5008 - mae: 0.3121 - mse: 0.1617 - ssim_metric: 0.4946
  2/326 [..............................] - ETA: 4:19 - loss: 0.4827 - mae: 0.3027 - mse: 0.1546 - ssim_metric: 0.5191
  3/326 [..............................] - ETA: 4:18 - loss: 0.4986 - mae: 0.3106 - mse: 0.1610 - ssim_metric: 0.5154
  4/326 [..............................] - ETA: 4:17 - loss: 0.4929 - mae: 0.3094 - mse: 0.1590 - ssim_metric: 0.5151
  5/326 [..............................] - ETA: 4:16 - loss: 0.4786 - mae: 0.3038 - mse: 0.1530 - ssim_metric: 0.5267
  6/326 [..............................] - ETA: 4:15 - loss: 0.4761 - mae: 0.3052 - mse: 0.1519 - ssim_metric: 0.5176
  7/326 [..............................] - ETA: 4:15 - loss: 0.4703 - mae: 0.3026 - mse: 0.1496 - ssim_metric: 0.5217
  8/326 [..............................] - ETA: 4:14 - loss: 0.4581 - mae: 0.2962 - mse: 0.1446 - ssim_metric: 0.5270
  9/326 [..............................] - ETA: 4:13 - loss: 0.4467 - mae: 0.2897 - mse: 0.1398 - ssim_metric: 0.5345
 10/326 [..............................] - ETA: 4:12 - loss: 0.4433 - mae: 0.2860 - mse: 0.1383 - ssim_metric: 0.5401
 11/326 [>.............................] - ETA: 4:12 - loss: 0.4480 - mae: 0.2858 - mse: 0.1406 - ssim_metric: 0.5413
 12/326 [>.............................] - ETA: 4:11 - loss: 0.4491 - mae: 0.2835 - mse: 0.1411 - ssim_metric: 0.5436
 13/326 [>.............................] - ETA: 4:10 - loss: 0.4548 - mae: 0.2831 - mse: 0.1431 - ssim_metric: 0.5438
 14/326 [>.............................] - ETA: 4:09 - loss: 0.4670 - mae: 0.2867 - mse: 0.1474 - ssim_metric: 0.5388
 15/326 [>.............................] - ETA: 4:09 - loss: 0.4565 - mae: 0.2816 - mse: 0.1433 - ssim_metric: 0.5457
 16/326 [>.............................] - ETA: 4:08 - loss: 0.4598 - mae: 0.2837 - mse: 0.1446 - ssim_metric: 0.5428
 17/326 [>.............................] - ETA: 4:07 - loss: 0.4586 - mae: 0.2845 - mse: 0.1441 - ssim_metric: 0.5409
 18/326 [>.............................] - ETA: 4:06 - loss: 0.4607 - mae: 0.2871 - mse: 0.1451 - ssim_metric: 0.5358
 19/326 [>.............................] - ETA: 4:05 - loss: 0.4605 - mae: 0.2883 - mse: 0.1450 - ssim_metric: 0.5325
 20/326 [>.............................] - ETA: 4:05 - loss: 0.4569 - mae: 0.2881 - mse: 0.1433 - ssim_metric: 0.5325
 21/326 [>.............................] - ETA: 4:04 - loss: 0.4525 - mae: 0.2862 - mse: 0.1416 - ssim_metric: 0.5332
 22/326 [=>............................] - ETA: 4:03 - loss: 0.4483 - mae: 0.2840 - mse: 0.1399 - ssim_metric: 0.5348
 23/326 [=>............................] - ETA: 4:02 - loss: 0.4444 - mae: 0.2815 - mse: 0.1384 - ssim_metric: 0.5405
 24/326 [=>............................] - ETA: 4:01 - loss: 0.4435 - mae: 0.2798 - mse: 0.1381 - ssim_metric: 0.5436
 25/326 [=>............................] - ETA: 4:01 - loss: 0.4487 - mae: 0.2803 - mse: 0.1400 - ssim_metric: 0.5426
 26/326 [=>............................] - ETA: 4:00 - loss: 0.4503 - mae: 0.2794 - mse: 0.1406 - ssim_metric: 0.5452
 27/326 [=>............................] - ETA: 3:59 - loss: 0.4489 - mae: 0.2779 - mse: 0.1402 - ssim_metric: 0.5479
 28/326 [=>............................] - ETA: 3:58 - loss: 0.4505 - mae: 0.2776 - mse: 0.1406 - ssim_metric: 0.5476
 29/326 [=>............................] - ETA: 3:57 - loss: 0.4492 - mae: 0.2769 - mse: 0.1402 - ssim_metric: 0.5477
 30/326 [=>............................] - ETA: 3:57 - loss: 0.4495 - mae: 0.2772 - mse: 0.1404 - ssim_metric: 0.5463
 31/326 [=>............................] - ETA: 3:56 - loss: 0.4501 - mae: 0.2778 - mse: 0.1406 - ssim_metric: 0.5440
 32/326 [=>............................] - ETA: 3:55 - loss: 0.4519 - mae: 0.2791 - mse: 0.1414 - ssim_metric: 0.5410
 33/326 [==>...........................] - ETA: 3:54 - loss: 0.4492 - mae: 0.2787 - mse: 0.1403 - ssim_metric: 0.5420
 34/326 [==>...........................] - ETA: 3:53 - loss: 0.4503 - mae: 0.2800 - mse: 0.1407 - ssim_metric: 0.5384
 35/326 [==>...........................] - ETA: 3:53 - loss: 0.4483 - mae: 0.2794 - mse: 0.1399 - ssim_metric: 0.5388
 36/326 [==>...........................] - ETA: 3:52 - loss: 0.4488 - mae: 0.2801 - mse: 0.1401 - ssim_metric: 0.5371
 37/326 [==>...........................] - ETA: 3:51 - loss: 0.4464 - mae: 0.2791 - mse: 0.1391 - ssim_metric: 0.5380
 38/326 [==>...........................] - ETA: 3:50 - loss: 0.4448 - mae: 0.2786 - mse: 0.1385 - ssim_metric: 0.5377
 39/326 [==>...........................] - ETA: 3:49 - loss: 0.4446 - mae: 0.2784 - mse: 0.1384 - ssim_metric: 0.5379
 40/326 [==>...........................] - ETA: 3:49 - loss: 0.4431 - mae: 0.2778 - mse: 0.1378 - ssim_metric: 0.5384
 41/326 [==>...........................] - ETA: 3:48 - loss: 0.4414 - mae: 0.2764 - mse: 0.1372 - ssim_metric: 0.5404
 42/326 [==>...........................] - ETA: 3:47 - loss: 0.4375 - mae: 0.2739 - mse: 0.1357 - ssim_metric: 0.5438
 43/326 [==>...........................] - ETA: 3:46 - loss: 0.4372 - mae: 0.2727 - mse: 0.1356 - ssim_metric: 0.5450
 44/326 [===>..........................] - ETA: 3:45 - loss: 0.4387 - mae: 0.2723 - mse: 0.1361 - ssim_metric: 0.5453
 45/326 [===>..........................] - ETA: 3:45 - loss: 0.4422 - mae: 0.2730 - mse: 0.1374 - ssim_metric: 0.5437
 46/326 [===>..........................] - ETA: 3:44 - loss: 0.4424 - mae: 0.2724 - mse: 0.1375 - ssim_metric: 0.5447
 47/326 [===>..........................] - ETA: 3:43 - loss: 0.4410 - mae: 0.2716 - mse: 0.1370 - ssim_metric: 0.5458
 48/326 [===>..........................] - ETA: 3:42 - loss: 0.4383 - mae: 0.2703 - mse: 0.1359 - ssim_metric: 0.5472
 49/326 [===>..........................] - ETA: 3:41 - loss: 0.4410 - mae: 0.2713 - mse: 0.1369 - ssim_metric: 0.5454
 50/326 [===>..........................] - ETA: 3:41 - loss: 0.4405 - mae: 0.2715 - mse: 0.1368 - ssim_metric: 0.5453
 51/326 [===>..........................] - ETA: 3:40 - loss: 0.4389 - mae: 0.2712 - mse: 0.1361 - ssim_metric: 0.5442
 52/326 [===>..........................] - ETA: 3:39 - loss: 0.4392 - mae: 0.2717 - mse: 0.1362 - ssim_metric: 0.5439
 53/326 [===>..........................] - ETA: 3:38 - loss: 0.4389 - mae: 0.2716 - mse: 0.1361 - ssim_metric: 0.5435
 54/326 [===>..........................] - ETA: 3:37 - loss: 0.4391 - mae: 0.2720 - mse: 0.1362 - ssim_metric: 0.5429
 55/326 [====>.........................] - ETA: 3:37 - loss: 0.4393 - mae: 0.2721 - mse: 0.1363 - ssim_metric: 0.5428
 56/326 [====>.........................] - ETA: 3:36 - loss: 0.4390 - mae: 0.2720 - mse: 0.1362 - ssim_metric: 0.5422
 57/326 [====>.........................] - ETA: 3:35 - loss: 0.4380 - mae: 0.2715 - mse: 0.1358 - ssim_metric: 0.5427
 58/326 [====>.........................] - ETA: 3:34 - loss: 0.4396 - mae: 0.2718 - mse: 0.1365 - ssim_metric: 0.5420
 59/326 [====>.........................] - ETA: 3:33 - loss: 0.4402 - mae: 0.2720 - mse: 0.1366 - ssim_metric: 0.5415
 60/326 [====>.........................] - ETA: 3:33 - loss: 0.4415 - mae: 0.2724 - mse: 0.1372 - ssim_metric: 0.5411
 61/326 [====>.........................] - ETA: 3:32 - loss: 0.4397 - mae: 0.2716 - mse: 0.1365 - ssim_metric: 0.5425
 62/326 [====>.........................] - ETA: 3:31 - loss: 0.4385 - mae: 0.2714 - mse: 0.1360 - ssim_metric: 0.5429
 63/326 [====>.........................] - ETA: 3:30 - loss: 0.4393 - mae: 0.2719 - mse: 0.1363 - ssim_metric: 0.5417
 64/326 [====>.........................] - ETA: 3:29 - loss: 0.4381 - mae: 0.2716 - mse: 0.1359 - ssim_metric: 0.5424
 65/326 [====>.........................] - ETA: 3:29 - loss: 0.4367 - mae: 0.2711 - mse: 0.1353 - ssim_metric: 0.5436
 66/326 [=====>........................] - ETA: 3:28 - loss: 0.4381 - mae: 0.2718 - mse: 0.1359 - ssim_metric: 0.5424
 67/326 [=====>........................] - ETA: 3:27 - loss: 0.4382 - mae: 0.2719 - mse: 0.1360 - ssim_metric: 0.5418
 68/326 [=====>........................] - ETA: 3:26 - loss: 0.4384 - mae: 0.2718 - mse: 0.1360 - ssim_metric: 0.5411
 69/326 [=====>........................] - ETA: 3:25 - loss: 0.4388 - mae: 0.2720 - mse: 0.1362 - ssim_metric: 0.5404
 70/326 [=====>........................] - ETA: 3:25 - loss: 0.4390 - mae: 0.2720 - mse: 0.1363 - ssim_metric: 0.5402
 71/326 [=====>........................] - ETA: 3:24 - loss: 0.4389 - mae: 0.2718 - mse: 0.1363 - ssim_metric: 0.5403
 72/326 [=====>........................] - ETA: 3:23 - loss: 0.4406 - mae: 0.2724 - mse: 0.1369 - ssim_metric: 0.5392
 73/326 [=====>........................] - ETA: 3:22 - loss: 0.4407 - mae: 0.2724 - mse: 0.1370 - ssim_metric: 0.5391
 74/326 [=====>........................] - ETA: 3:21 - loss: 0.4403 - mae: 0.2724 - mse: 0.1368 - ssim_metric: 0.5386
 75/326 [=====>........................] - ETA: 3:21 - loss: 0.4396 - mae: 0.2722 - mse: 0.1365 - ssim_metric: 0.5382
 76/326 [=====>........................] - ETA: 3:20 - loss: 0.4384 - mae: 0.2718 - mse: 0.1360 - ssim_metric: 0.5382
 77/326 [======>.......................] - ETA: 3:19 - loss: 0.4390 - mae: 0.2723 - mse: 0.1362 - ssim_metric: 0.5372
 78/326 [======>.......................] - ETA: 3:18 - loss: 0.4388 - mae: 0.2723 - mse: 0.1362 - ssim_metric: 0.5372
 79/326 [======>.......................] - ETA: 3:17 - loss: 0.4399 - mae: 0.2727 - mse: 0.1366 - ssim_metric: 0.5367
 80/326 [======>.......................] - ETA: 3:17 - loss: 0.4407 - mae: 0.2729 - mse: 0.1369 - ssim_metric: 0.5365
 81/326 [======>.......................] - ETA: 3:16 - loss: 0.4405 - mae: 0.2730 - mse: 0.1368 - ssim_metric: 0.5362
 82/326 [======>.......................] - ETA: 3:15 - loss: 0.4408 - mae: 0.2731 - mse: 0.1370 - ssim_metric: 0.5360
 83/326 [======>.......................] - ETA: 3:14 - loss: 0.4404 - mae: 0.2732 - mse: 0.1368 - ssim_metric: 0.5355
 84/326 [======>.......................] - ETA: 3:13 - loss: 0.4408 - mae: 0.2734 - mse: 0.1370 - ssim_metric: 0.5353
 85/326 [======>.......................] - ETA: 3:13 - loss: 0.4395 - mae: 0.2728 - mse: 0.1365 - ssim_metric: 0.5361
 86/326 [======>.......................] - ETA: 3:12 - loss: 0.4396 - mae: 0.2729 - mse: 0.1366 - ssim_metric: 0.5361
 87/326 [=======>......................] - ETA: 3:11 - loss: 0.4391 - mae: 0.2725 - mse: 0.1364 - ssim_metric: 0.5364
 88/326 [=======>......................] - ETA: 3:10 - loss: 0.4382 - mae: 0.2721 - mse: 0.1361 - ssim_metric: 0.5365
 89/326 [=======>......................] - ETA: 3:09 - loss: 0.4375 - mae: 0.2716 - mse: 0.1358 - ssim_metric: 0.5370
 90/326 [=======>......................] - ETA: 3:09 - loss: 0.4386 - mae: 0.2718 - mse: 0.1362 - ssim_metric: 0.5367
 91/326 [=======>......................] - ETA: 3:08 - loss: 0.4385 - mae: 0.2716 - mse: 0.1362 - ssim_metric: 0.5371
 92/326 [=======>......................] - ETA: 3:07 - loss: 0.4383 - mae: 0.2715 - mse: 0.1361 - ssim_metric: 0.5370
 93/326 [=======>......................] - ETA: 3:06 - loss: 0.4384 - mae: 0.2714 - mse: 0.1362 - ssim_metric: 0.5372
 94/326 [=======>......................] - ETA: 3:05 - loss: 0.4389 - mae: 0.2714 - mse: 0.1363 - ssim_metric: 0.5373
 95/326 [=======>......................] - ETA: 3:05 - loss: 0.4399 - mae: 0.2719 - mse: 0.1368 - ssim_metric: 0.5366
 96/326 [=======>......................] - ETA: 3:04 - loss: 0.4396 - mae: 0.2719 - mse: 0.1366 - ssim_metric: 0.5363
 97/326 [=======>......................] - ETA: 3:03 - loss: 0.4397 - mae: 0.2722 - mse: 0.1366 - ssim_metric: 0.5363
 98/326 [========>.....................] - ETA: 3:02 - loss: 0.4391 - mae: 0.2721 - mse: 0.1364 - ssim_metric: 0.5364
 99/326 [========>.....................] - ETA: 3:01 - loss: 0.4388 - mae: 0.2721 - mse: 0.1363 - ssim_metric: 0.5364
100/326 [========>.....................] - ETA: 3:01 - loss: 0.4390 - mae: 0.2723 - mse: 0.1364 - ssim_metric: 0.5363
101/326 [========>.....................] - ETA: 3:00 - loss: 0.4383 - mae: 0.2719 - mse: 0.1361 - ssim_metric: 0.5367
102/326 [========>.....................] - ETA: 2:59 - loss: 0.4376 - mae: 0.2716 - mse: 0.1358 - ssim_metric: 0.5373
103/326 [========>.....................] - ETA: 2:58 - loss: 0.4385 - mae: 0.2718 - mse: 0.1361 - ssim_metric: 0.5368
104/326 [========>.....................] - ETA: 2:57 - loss: 0.4384 - mae: 0.2716 - mse: 0.1361 - ssim_metric: 0.5371
105/326 [========>.....................] - ETA: 2:57 - loss: 0.4379 - mae: 0.2713 - mse: 0.1360 - ssim_metric: 0.5371
106/326 [========>.....................] - ETA: 2:56 - loss: 0.4369 - mae: 0.2708 - mse: 0.1356 - ssim_metric: 0.5378
107/326 [========>.....................] - ETA: 2:55 - loss: 0.4368 - mae: 0.2705 - mse: 0.1355 - ssim_metric: 0.5380
108/326 [========>.....................] - ETA: 2:54 - loss: 0.4383 - mae: 0.2709 - mse: 0.1360 - ssim_metric: 0.5374
109/326 [=========>....................] - ETA: 2:53 - loss: 0.4378 - mae: 0.2707 - mse: 0.1358 - ssim_metric: 0.5376
110/326 [=========>....................] - ETA: 2:53 - loss: 0.4384 - mae: 0.2709 - mse: 0.1361 - ssim_metric: 0.5369
111/326 [=========>....................] - ETA: 2:52 - loss: 0.4380 - mae: 0.2708 - mse: 0.1359 - ssim_metric: 0.5370
112/326 [=========>....................] - ETA: 2:51 - loss: 0.4381 - mae: 0.2709 - mse: 0.1360 - ssim_metric: 0.5365
113/326 [=========>....................] - ETA: 2:50 - loss: 0.4377 - mae: 0.2709 - mse: 0.1358 - ssim_metric: 0.5364
114/326 [=========>....................] - ETA: 2:49 - loss: 0.4375 - mae: 0.2709 - mse: 0.1357 - ssim_metric: 0.5360
115/326 [=========>....................] - ETA: 2:49 - loss: 0.4377 - mae: 0.2712 - mse: 0.1358 - ssim_metric: 0.5356
116/326 [=========>....................] - ETA: 2:48 - loss: 0.4377 - mae: 0.2713 - mse: 0.1358 - ssim_metric: 0.5350
117/326 [=========>....................] - ETA: 2:47 - loss: 0.4383 - mae: 0.2715 - mse: 0.1361 - ssim_metric: 0.5347
118/326 [=========>....................] - ETA: 2:46 - loss: 0.4377 - mae: 0.2711 - mse: 0.1358 - ssim_metric: 0.5356
119/326 [=========>....................] - ETA: 2:45 - loss: 0.4372 - mae: 0.2709 - mse: 0.1356 - ssim_metric: 0.5358
120/326 [==========>...................] - ETA: 2:45 - loss: 0.4369 - mae: 0.2707 - mse: 0.1355 - ssim_metric: 0.5361
121/326 [==========>...................] - ETA: 2:44 - loss: 0.4362 - mae: 0.2703 - mse: 0.1353 - ssim_metric: 0.5367
122/326 [==========>...................] - ETA: 2:43 - loss: 0.4365 - mae: 0.2703 - mse: 0.1354 - ssim_metric: 0.5368
123/326 [==========>...................] - ETA: 2:42 - loss: 0.4368 - mae: 0.2704 - mse: 0.1355 - ssim_metric: 0.5364
124/326 [==========>...................] - ETA: 2:41 - loss: 0.4373 - mae: 0.2706 - mse: 0.1358 - ssim_metric: 0.5355
125/326 [==========>...................] - ETA: 2:41 - loss: 0.4373 - mae: 0.2706 - mse: 0.1357 - ssim_metric: 0.5354
126/326 [==========>...................] - ETA: 2:40 - loss: 0.4368 - mae: 0.2705 - mse: 0.1355 - ssim_metric: 0.5350
127/326 [==========>...................] - ETA: 2:39 - loss: 0.4364 - mae: 0.2705 - mse: 0.1354 - ssim_metric: 0.5349
128/326 [==========>...................] - ETA: 2:38 - loss: 0.4359 - mae: 0.2702 - mse: 0.1352 - ssim_metric: 0.5349
129/326 [==========>...................] - ETA: 2:37 - loss: 0.4358 - mae: 0.2701 - mse: 0.1351 - ssim_metric: 0.5352
130/326 [==========>...................] - ETA: 2:37 - loss: 0.4369 - mae: 0.2705 - mse: 0.1356 - ssim_metric: 0.5345
131/326 [===========>..................] - ETA: 2:36 - loss: 0.4370 - mae: 0.2705 - mse: 0.1356 - ssim_metric: 0.5346
132/326 [===========>..................] - ETA: 2:35 - loss: 0.4369 - mae: 0.2703 - mse: 0.1356 - ssim_metric: 0.5347
133/326 [===========>..................] - ETA: 2:34 - loss: 0.4367 - mae: 0.2703 - mse: 0.1355 - ssim_metric: 0.5346
134/326 [===========>..................] - ETA: 2:33 - loss: 0.4371 - mae: 0.2704 - mse: 0.1357 - ssim_metric: 0.5342
135/326 [===========>..................] - ETA: 2:33 - loss: 0.4376 - mae: 0.2707 - mse: 0.1359 - ssim_metric: 0.5334
136/326 [===========>..................] - ETA: 2:32 - loss: 0.4379 - mae: 0.2710 - mse: 0.1360 - ssim_metric: 0.5325
137/326 [===========>..................] - ETA: 2:31 - loss: 0.4377 - mae: 0.2711 - mse: 0.1359 - ssim_metric: 0.5319
138/326 [===========>..................] - ETA: 2:30 - loss: 0.4379 - mae: 0.2714 - mse: 0.1360 - ssim_metric: 0.5309
139/326 [===========>..................] - ETA: 2:29 - loss: 0.4379 - mae: 0.2715 - mse: 0.1360 - ssim_metric: 0.5303
140/326 [===========>..................] - ETA: 2:29 - loss: 0.4381 - mae: 0.2717 - mse: 0.1361 - ssim_metric: 0.5298
141/326 [===========>..................] - ETA: 2:28 - loss: 0.4383 - mae: 0.2718 - mse: 0.1362 - ssim_metric: 0.5293
142/326 [============>.................] - ETA: 2:27 - loss: 0.4379 - mae: 0.2717 - mse: 0.1361 - ssim_metric: 0.5295
143/326 [============>.................] - ETA: 2:26 - loss: 0.4382 - mae: 0.2718 - mse: 0.1362 - ssim_metric: 0.5292
144/326 [============>.................] - ETA: 2:25 - loss: 0.4381 - mae: 0.2718 - mse: 0.1361 - ssim_metric: 0.5290
145/326 [============>.................] - ETA: 2:25 - loss: 0.4377 - mae: 0.2716 - mse: 0.1360 - ssim_metric: 0.5294
146/326 [============>.................] - ETA: 2:24 - loss: 0.4375 - mae: 0.2714 - mse: 0.1359 - ssim_metric: 0.5296
147/326 [============>.................] - ETA: 2:23 - loss: 0.4383 - mae: 0.2716 - mse: 0.1362 - ssim_metric: 0.5293
148/326 [============>.................] - ETA: 2:22 - loss: 0.4378 - mae: 0.2714 - mse: 0.1360 - ssim_metric: 0.5296
149/326 [============>.................] - ETA: 2:21 - loss: 0.4383 - mae: 0.2716 - mse: 0.1362 - ssim_metric: 0.5290
150/326 [============>.................] - ETA: 2:21 - loss: 0.4380 - mae: 0.2715 - mse: 0.1361 - ssim_metric: 0.5288
151/326 [============>.................] - ETA: 2:20 - loss: 0.4386 - mae: 0.2719 - mse: 0.1364 - ssim_metric: 0.5282
152/326 [============>.................] - ETA: 2:19 - loss: 0.4390 - mae: 0.2720 - mse: 0.1365 - ssim_metric: 0.5279
153/326 [=============>................] - ETA: 2:18 - loss: 0.4387 - mae: 0.2720 - mse: 0.1364 - ssim_metric: 0.5275
154/326 [=============>................] - ETA: 2:17 - loss: 0.4385 - mae: 0.2721 - mse: 0.1363 - ssim_metric: 0.5272
155/326 [=============>................] - ETA: 2:17 - loss: 0.4385 - mae: 0.2721 - mse: 0.1363 - ssim_metric: 0.5268
156/326 [=============>................] - ETA: 2:16 - loss: 0.4381 - mae: 0.2721 - mse: 0.1362 - ssim_metric: 0.5267
157/326 [=============>................] - ETA: 2:15 - loss: 0.4382 - mae: 0.2721 - mse: 0.1362 - ssim_metric: 0.5264
158/326 [=============>................] - ETA: 2:14 - loss: 0.4388 - mae: 0.2723 - mse: 0.1364 - ssim_metric: 0.5262
159/326 [=============>................] - ETA: 2:13 - loss: 0.4390 - mae: 0.2723 - mse: 0.1365 - ssim_metric: 0.5260
160/326 [=============>................] - ETA: 2:13 - loss: 0.4389 - mae: 0.2722 - mse: 0.1365 - ssim_metric: 0.5261
161/326 [=============>................] - ETA: 2:12 - loss: 0.4391 - mae: 0.2723 - mse: 0.1366 - ssim_metric: 0.5256
162/326 [=============>................] - ETA: 2:11 - loss: 0.4388 - mae: 0.2723 - mse: 0.1365 - ssim_metric: 0.5254
163/326 [==============>...............] - ETA: 2:10 - loss: 0.4384 - mae: 0.2721 - mse: 0.1363 - ssim_metric: 0.5252
164/326 [==============>...............] - ETA: 2:09 - loss: 0.4382 - mae: 0.2720 - mse: 0.1363 - ssim_metric: 0.5253
165/326 [==============>...............] - ETA: 2:09 - loss: 0.4383 - mae: 0.2720 - mse: 0.1363 - ssim_metric: 0.5252
166/326 [==============>...............] - ETA: 2:08 - loss: 0.4387 - mae: 0.2722 - mse: 0.1365 - ssim_metric: 0.5247
167/326 [==============>...............] - ETA: 2:07 - loss: 0.4386 - mae: 0.2722 - mse: 0.1364 - ssim_metric: 0.5244
168/326 [==============>...............] - ETA: 2:06 - loss: 0.4389 - mae: 0.2724 - mse: 0.1366 - ssim_metric: 0.5240
169/326 [==============>...............] - ETA: 2:05 - loss: 0.4385 - mae: 0.2723 - mse: 0.1365 - ssim_metric: 0.5239
170/326 [==============>...............] - ETA: 2:05 - loss: 0.4387 - mae: 0.2725 - mse: 0.1365 - ssim_metric: 0.5234
171/326 [==============>...............] - ETA: 2:04 - loss: 0.4385 - mae: 0.2724 - mse: 0.1365 - ssim_metric: 0.5231
172/326 [==============>...............] - ETA: 2:03 - loss: 0.4380 - mae: 0.2722 - mse: 0.1363 - ssim_metric: 0.5232
173/326 [==============>...............] - ETA: 2:02 - loss: 0.4382 - mae: 0.2723 - mse: 0.1364 - ssim_metric: 0.5229
174/326 [===============>..............] - ETA: 2:01 - loss: 0.4381 - mae: 0.2722 - mse: 0.1363 - ssim_metric: 0.5227
175/326 [===============>..............] - ETA: 2:01 - loss: 0.4383 - mae: 0.2723 - mse: 0.1364 - ssim_metric: 0.5223
176/326 [===============>..............] - ETA: 2:00 - loss: 0.4384 - mae: 0.2723 - mse: 0.1365 - ssim_metric: 0.5223
177/326 [===============>..............] - ETA: 1:59 - loss: 0.4383 - mae: 0.2722 - mse: 0.1365 - ssim_metric: 0.5223
178/326 [===============>..............] - ETA: 1:58 - loss: 0.4391 - mae: 0.2726 - mse: 0.1368 - ssim_metric: 0.5215
179/326 [===============>..............] - ETA: 1:57 - loss: 0.4412 - mae: 0.2735 - mse: 0.1376 - ssim_metric: 0.5198
180/326 [===============>..............] - ETA: 1:57 - loss: 0.4412 - mae: 0.2737 - mse: 0.1376 - ssim_metric: 0.5191
181/326 [===============>..............] - ETA: 1:56 - loss: 0.4420 - mae: 0.2742 - mse: 0.1379 - ssim_metric: 0.5179
182/326 [===============>..............] - ETA: 1:55 - loss: 0.4421 - mae: 0.2745 - mse: 0.1380 - ssim_metric: 0.5168
183/326 [===============>..............] - ETA: 1:54 - loss: 0.4420 - mae: 0.2745 - mse: 0.1379 - ssim_metric: 0.5164
184/326 [===============>..............] - ETA: 1:53 - loss: 0.4421 - mae: 0.2744 - mse: 0.1380 - ssim_metric: 0.5164
185/326 [================>.............] - ETA: 1:52 - loss: 0.4424 - mae: 0.2744 - mse: 0.1381 - ssim_metric: 0.5162
186/326 [================>.............] - ETA: 1:52 - loss: 0.4432 - mae: 0.2747 - mse: 0.1384 - ssim_metric: 0.5156
187/326 [================>.............] - ETA: 1:51 - loss: 0.4440 - mae: 0.2749 - mse: 0.1386 - ssim_metric: 0.5152
188/326 [================>.............] - ETA: 1:50 - loss: 0.4442 - mae: 0.2751 - mse: 0.1387 - ssim_metric: 0.5148
189/326 [================>.............] - ETA: 1:49 - loss: 0.4446 - mae: 0.2757 - mse: 0.1389 - ssim_metric: 0.5140
190/326 [================>.............] - ETA: 1:48 - loss: 0.4447 - mae: 0.2758 - mse: 0.1389 - ssim_metric: 0.5135
191/326 [================>.............] - ETA: 1:48 - loss: 0.4447 - mae: 0.2757 - mse: 0.1388 - ssim_metric: 0.5133
192/326 [================>.............] - ETA: 1:47 - loss: 0.4445 - mae: 0.2755 - mse: 0.1388 - ssim_metric: 0.5135
193/326 [================>.............] - ETA: 1:46 - loss: 0.4449 - mae: 0.2757 - mse: 0.1389 - ssim_metric: 0.5131
194/326 [================>.............] - ETA: 1:45 - loss: 0.4446 - mae: 0.2756 - mse: 0.1388 - ssim_metric: 0.5131
195/326 [================>.............] - ETA: 1:44 - loss: 0.4449 - mae: 0.2757 - mse: 0.1389 - ssim_metric: 0.5129
196/326 [=================>............] - ETA: 1:44 - loss: 0.4453 - mae: 0.2758 - mse: 0.1390 - ssim_metric: 0.5126
197/326 [=================>............] - ETA: 1:43 - loss: 0.4452 - mae: 0.2759 - mse: 0.1390 - ssim_metric: 0.5125
198/326 [=================>............] - ETA: 1:42 - loss: 0.4453 - mae: 0.2760 - mse: 0.1390 - ssim_metric: 0.5124
199/326 [=================>............] - ETA: 1:41 - loss: 0.4453 - mae: 0.2759 - mse: 0.1390 - ssim_metric: 0.5124
200/326 [=================>............] - ETA: 1:40 - loss: 0.4454 - mae: 0.2758 - mse: 0.1390 - ssim_metric: 0.5125
201/326 [=================>............] - ETA: 1:40 - loss: 0.4454 - mae: 0.2757 - mse: 0.1390 - ssim_metric: 0.5126
202/326 [=================>............] - ETA: 1:39 - loss: 0.4459 - mae: 0.2758 - mse: 0.1391 - ssim_metric: 0.5127
203/326 [=================>............] - ETA: 1:38 - loss: 0.4463 - mae: 0.2761 - mse: 0.1393 - ssim_metric: 0.5122
204/326 [=================>............] - ETA: 1:37 - loss: 0.4467 - mae: 0.2766 - mse: 0.1395 - ssim_metric: 0.5116
205/326 [=================>............] - ETA: 1:36 - loss: 0.4465 - mae: 0.2767 - mse: 0.1394 - ssim_metric: 0.5114
206/326 [=================>............] - ETA: 1:36 - loss: 0.4465 - mae: 0.2766 - mse: 0.1394 - ssim_metric: 0.5116
207/326 [==================>...........] - ETA: 1:35 - loss: 0.4465 - mae: 0.2763 - mse: 0.1393 - ssim_metric: 0.5122
208/326 [==================>...........] - ETA: 1:34 - loss: 0.4468 - mae: 0.2761 - mse: 0.1394 - ssim_metric: 0.5126
209/326 [==================>...........] - ETA: 1:33 - loss: 0.4469 - mae: 0.2759 - mse: 0.1394 - ssim_metric: 0.5131
210/326 [==================>...........] - ETA: 1:32 - loss: 0.4474 - mae: 0.2760 - mse: 0.1396 - ssim_metric: 0.5131
211/326 [==================>...........] - ETA: 1:32 - loss: 0.4473 - mae: 0.2759 - mse: 0.1396 - ssim_metric: 0.5134
212/326 [==================>...........] - ETA: 1:31 - loss: 0.4473 - mae: 0.2761 - mse: 0.1396 - ssim_metric: 0.5130
213/326 [==================>...........] - ETA: 1:30 - loss: 0.4473 - mae: 0.2763 - mse: 0.1396 - ssim_metric: 0.5124
214/326 [==================>...........] - ETA: 1:29 - loss: 0.4475 - mae: 0.2766 - mse: 0.1396 - ssim_metric: 0.5118
215/326 [==================>...........] - ETA: 1:28 - loss: 0.4477 - mae: 0.2768 - mse: 0.1397 - ssim_metric: 0.5112
216/326 [==================>...........] - ETA: 1:28 - loss: 0.4475 - mae: 0.2767 - mse: 0.1396 - ssim_metric: 0.5114
217/326 [==================>...........] - ETA: 1:27 - loss: 0.4476 - mae: 0.2767 - mse: 0.1397 - ssim_metric: 0.5113
218/326 [===================>..........] - ETA: 1:26 - loss: 0.4478 - mae: 0.2767 - mse: 0.1397 - ssim_metric: 0.5112
219/326 [===================>..........] - ETA: 1:25 - loss: 0.4479 - mae: 0.2766 - mse: 0.1398 - ssim_metric: 0.5114
220/326 [===================>..........] - ETA: 1:24 - loss: 0.4482 - mae: 0.2767 - mse: 0.1399 - ssim_metric: 0.5111
221/326 [===================>..........] - ETA: 1:24 - loss: 0.4484 - mae: 0.2769 - mse: 0.1400 - ssim_metric: 0.5109
222/326 [===================>..........] - ETA: 1:23 - loss: 0.4486 - mae: 0.2770 - mse: 0.1400 - ssim_metric: 0.5105
223/326 [===================>..........] - ETA: 1:22 - loss: 0.4485 - mae: 0.2771 - mse: 0.1400 - ssim_metric: 0.5103
224/326 [===================>..........] - ETA: 1:21 - loss: 0.4487 - mae: 0.2774 - mse: 0.1401 - ssim_metric: 0.5097
225/326 [===================>..........] - ETA: 1:20 - loss: 0.4489 - mae: 0.2775 - mse: 0.1402 - ssim_metric: 0.5093
226/326 [===================>..........] - ETA: 1:20 - loss: 0.4489 - mae: 0.2776 - mse: 0.1402 - ssim_metric: 0.5091
227/326 [===================>..........] - ETA: 1:19 - loss: 0.4487 - mae: 0.2776 - mse: 0.1401 - ssim_metric: 0.5092
228/326 [===================>..........] - ETA: 1:18 - loss: 0.4487 - mae: 0.2776 - mse: 0.1401 - ssim_metric: 0.5092
229/326 [====================>.........] - ETA: 1:17 - loss: 0.4491 - mae: 0.2777 - mse: 0.1403 - ssim_metric: 0.5089
230/326 [====================>.........] - ETA: 1:16 - loss: 0.4491 - mae: 0.2777 - mse: 0.1402 - ssim_metric: 0.5088
231/326 [====================>.........] - ETA: 1:16 - loss: 0.4490 - mae: 0.2776 - mse: 0.1402 - ssim_metric: 0.5089
232/326 [====================>.........] - ETA: 1:15 - loss: 0.4489 - mae: 0.2776 - mse: 0.1402 - ssim_metric: 0.5090
233/326 [====================>.........] - ETA: 1:14 - loss: 0.4489 - mae: 0.2776 - mse: 0.1402 - ssim_metric: 0.5093
234/326 [====================>.........] - ETA: 1:13 - loss: 0.4492 - mae: 0.2777 - mse: 0.1403 - ssim_metric: 0.5090
235/326 [====================>.........] - ETA: 1:12 - loss: 0.4491 - mae: 0.2777 - mse: 0.1403 - ssim_metric: 0.5089
236/326 [====================>.........] - ETA: 1:12 - loss: 0.4487 - mae: 0.2776 - mse: 0.1401 - ssim_metric: 0.5092
237/326 [====================>.........] - ETA: 1:11 - loss: 0.4484 - mae: 0.2774 - mse: 0.1400 - ssim_metric: 0.5095
238/326 [====================>.........] - ETA: 1:10 - loss: 0.4485 - mae: 0.2775 - mse: 0.1400 - ssim_metric: 0.5096
239/326 [====================>.........] - ETA: 1:09 - loss: 0.4480 - mae: 0.2772 - mse: 0.1398 - ssim_metric: 0.5099
240/326 [=====================>........] - ETA: 1:08 - loss: 0.4480 - mae: 0.2771 - mse: 0.1398 - ssim_metric: 0.5101
241/326 [=====================>........] - ETA: 1:08 - loss: 0.4481 - mae: 0.2771 - mse: 0.1399 - ssim_metric: 0.5101
242/326 [=====================>........] - ETA: 1:07 - loss: 0.4476 - mae: 0.2768 - mse: 0.1397 - ssim_metric: 0.5105
243/326 [=====================>........] - ETA: 1:06 - loss: 0.4476 - mae: 0.2767 - mse: 0.1397 - ssim_metric: 0.5107
244/326 [=====================>........] - ETA: 1:05 - loss: 0.4478 - mae: 0.2767 - mse: 0.1397 - ssim_metric: 0.5108
245/326 [=====================>........] - ETA: 1:04 - loss: 0.4478 - mae: 0.2767 - mse: 0.1397 - ssim_metric: 0.5108
246/326 [=====================>........] - ETA: 1:04 - loss: 0.4477 - mae: 0.2766 - mse: 0.1397 - ssim_metric: 0.5110
247/326 [=====================>........] - ETA: 1:03 - loss: 0.4477 - mae: 0.2767 - mse: 0.1397 - ssim_metric: 0.5108
248/326 [=====================>........] - ETA: 1:02 - loss: 0.4480 - mae: 0.2768 - mse: 0.1398 - ssim_metric: 0.5108
249/326 [=====================>........] - ETA: 1:01 - loss: 0.4483 - mae: 0.2770 - mse: 0.1399 - ssim_metric: 0.5107
250/326 [======================>.......] - ETA: 1:00 - loss: 0.4482 - mae: 0.2769 - mse: 0.1399 - ssim_metric: 0.5107
251/326 [======================>.......] - ETA: 1:00 - loss: 0.4481 - mae: 0.2769 - mse: 0.1398 - ssim_metric: 0.5107
252/326 [======================>.......] - ETA: 59s - loss: 0.4477 - mae: 0.2769 - mse: 0.1397 - ssim_metric: 0.5108 
253/326 [======================>.......] - ETA: 58s - loss: 0.4483 - mae: 0.2771 - mse: 0.1399 - ssim_metric: 0.5105
254/326 [======================>.......] - ETA: 57s - loss: 0.4482 - mae: 0.2771 - mse: 0.1399 - ssim_metric: 0.5106
255/326 [======================>.......] - ETA: 56s - loss: 0.4479 - mae: 0.2771 - mse: 0.1398 - ssim_metric: 0.5107
256/326 [======================>.......] - ETA: 56s - loss: 0.4482 - mae: 0.2772 - mse: 0.1399 - ssim_metric: 0.5106
257/326 [======================>.......] - ETA: 55s - loss: 0.4482 - mae: 0.2771 - mse: 0.1399 - ssim_metric: 0.5106
258/326 [======================>.......] - ETA: 54s - loss: 0.4484 - mae: 0.2772 - mse: 0.1400 - ssim_metric: 0.5105
259/326 [======================>.......] - ETA: 53s - loss: 0.4487 - mae: 0.2773 - mse: 0.1401 - ssim_metric: 0.5103
260/326 [======================>.......] - ETA: 52s - loss: 0.4485 - mae: 0.2773 - mse: 0.1400 - ssim_metric: 0.5103
261/326 [=======================>......] - ETA: 52s - loss: 0.4485 - mae: 0.2773 - mse: 0.1400 - ssim_metric: 0.5101
262/326 [=======================>......] - ETA: 51s - loss: 0.4481 - mae: 0.2772 - mse: 0.1399 - ssim_metric: 0.5102
263/326 [=======================>......] - ETA: 50s - loss: 0.4486 - mae: 0.2773 - mse: 0.1400 - ssim_metric: 0.5101
264/326 [=======================>......] - ETA: 49s - loss: 0.4487 - mae: 0.2774 - mse: 0.1401 - ssim_metric: 0.5102
265/326 [=======================>......] - ETA: 48s - loss: 0.4487 - mae: 0.2774 - mse: 0.1401 - ssim_metric: 0.5101
266/326 [=======================>......] - ETA: 48s - loss: 0.4489 - mae: 0.2776 - mse: 0.1402 - ssim_metric: 0.5099
267/326 [=======================>......] - ETA: 47s - loss: 0.4490 - mae: 0.2777 - mse: 0.1402 - ssim_metric: 0.5098
268/326 [=======================>......] - ETA: 46s - loss: 0.4491 - mae: 0.2778 - mse: 0.1403 - ssim_metric: 0.5096
269/326 [=======================>......] - ETA: 45s - loss: 0.4490 - mae: 0.2779 - mse: 0.1402 - ssim_metric: 0.5095
270/326 [=======================>......] - ETA: 44s - loss: 0.4491 - mae: 0.2780 - mse: 0.1403 - ssim_metric: 0.5093
271/326 [=======================>......] - ETA: 44s - loss: 0.4492 - mae: 0.2780 - mse: 0.1403 - ssim_metric: 0.5093
272/326 [========================>.....] - ETA: 43s - loss: 0.4491 - mae: 0.2780 - mse: 0.1403 - ssim_metric: 0.5093
273/326 [========================>.....] - ETA: 42s - loss: 0.4488 - mae: 0.2779 - mse: 0.1401 - ssim_metric: 0.5096
274/326 [========================>.....] - ETA: 41s - loss: 0.4489 - mae: 0.2779 - mse: 0.1402 - ssim_metric: 0.5095
275/326 [========================>.....] - ETA: 40s - loss: 0.4491 - mae: 0.2778 - mse: 0.1402 - ssim_metric: 0.5098
276/326 [========================>.....] - ETA: 40s - loss: 0.4492 - mae: 0.2779 - mse: 0.1403 - ssim_metric: 0.5096
277/326 [========================>.....] - ETA: 39s - loss: 0.4494 - mae: 0.2780 - mse: 0.1404 - ssim_metric: 0.5094
278/326 [========================>.....] - ETA: 38s - loss: 0.4493 - mae: 0.2780 - mse: 0.1403 - ssim_metric: 0.5093
279/326 [========================>.....] - ETA: 37s - loss: 0.4491 - mae: 0.2779 - mse: 0.1403 - ssim_metric: 0.5095
280/326 [========================>.....] - ETA: 36s - loss: 0.4490 - mae: 0.2780 - mse: 0.1402 - ssim_metric: 0.5093
281/326 [========================>.....] - ETA: 36s - loss: 0.4491 - mae: 0.2781 - mse: 0.1403 - ssim_metric: 0.5090
282/326 [========================>.....] - ETA: 35s - loss: 0.4492 - mae: 0.2781 - mse: 0.1403 - ssim_metric: 0.5091
283/326 [=========================>....] - ETA: 34s - loss: 0.4496 - mae: 0.2783 - mse: 0.1404 - ssim_metric: 0.5090
284/326 [=========================>....] - ETA: 33s - loss: 0.4495 - mae: 0.2783 - mse: 0.1404 - ssim_metric: 0.5090
285/326 [=========================>....] - ETA: 32s - loss: 0.4497 - mae: 0.2784 - mse: 0.1405 - ssim_metric: 0.5088
286/326 [=========================>....] - ETA: 32s - loss: 0.4497 - mae: 0.2784 - mse: 0.1405 - ssim_metric: 0.5089
287/326 [=========================>....] - ETA: 31s - loss: 0.4500 - mae: 0.2785 - mse: 0.1406 - ssim_metric: 0.5089
288/326 [=========================>....] - ETA: 30s - loss: 0.4503 - mae: 0.2787 - mse: 0.1408 - ssim_metric: 0.5087
289/326 [=========================>....] - ETA: 29s - loss: 0.4504 - mae: 0.2788 - mse: 0.1408 - ssim_metric: 0.5085
290/326 [=========================>....] - ETA: 28s - loss: 0.4506 - mae: 0.2790 - mse: 0.1409 - ssim_metric: 0.5083
291/326 [=========================>....] - ETA: 28s - loss: 0.4507 - mae: 0.2791 - mse: 0.1409 - ssim_metric: 0.5081
292/326 [=========================>....] - ETA: 27s - loss: 0.4504 - mae: 0.2791 - mse: 0.1408 - ssim_metric: 0.5079
293/326 [=========================>....] - ETA: 26s - loss: 0.4503 - mae: 0.2792 - mse: 0.1407 - ssim_metric: 0.5079
294/326 [==========================>...] - ETA: 25s - loss: 0.4505 - mae: 0.2793 - mse: 0.1408 - ssim_metric: 0.5078
295/326 [==========================>...] - ETA: 24s - loss: 0.4505 - mae: 0.2792 - mse: 0.1408 - ssim_metric: 0.5080
296/326 [==========================>...] - ETA: 24s - loss: 0.4503 - mae: 0.2791 - mse: 0.1407 - ssim_metric: 0.5082
297/326 [==========================>...] - ETA: 23s - loss: 0.4504 - mae: 0.2790 - mse: 0.1408 - ssim_metric: 0.5083
298/326 [==========================>...] - ETA: 22s - loss: 0.4499 - mae: 0.2788 - mse: 0.1406 - ssim_metric: 0.5087
299/326 [==========================>...] - ETA: 21s - loss: 0.4497 - mae: 0.2786 - mse: 0.1405 - ssim_metric: 0.5090
300/326 [==========================>...] - ETA: 20s - loss: 0.4498 - mae: 0.2785 - mse: 0.1405 - ssim_metric: 0.5091
301/326 [==========================>...] - ETA: 20s - loss: 0.4495 - mae: 0.2783 - mse: 0.1404 - ssim_metric: 0.5094
302/326 [==========================>...] - ETA: 19s - loss: 0.4498 - mae: 0.2785 - mse: 0.1406 - ssim_metric: 0.5090
303/326 [==========================>...] - ETA: 18s - loss: 0.4498 - mae: 0.2786 - mse: 0.1406 - ssim_metric: 0.5086
304/326 [==========================>...] - ETA: 17s - loss: 0.4498 - mae: 0.2786 - mse: 0.1406 - ssim_metric: 0.5084
305/326 [===========================>..] - ETA: 16s - loss: 0.4499 - mae: 0.2786 - mse: 0.1406 - ssim_metric: 0.5084
306/326 [===========================>..] - ETA: 16s - loss: 0.4499 - mae: 0.2786 - mse: 0.1406 - ssim_metric: 0.5084
307/326 [===========================>..] - ETA: 15s - loss: 0.4500 - mae: 0.2786 - mse: 0.1407 - ssim_metric: 0.5084
308/326 [===========================>..] - ETA: 14s - loss: 0.4499 - mae: 0.2785 - mse: 0.1406 - ssim_metric: 0.5086
309/326 [===========================>..] - ETA: 13s - loss: 0.4498 - mae: 0.2785 - mse: 0.1406 - ssim_metric: 0.5087
310/326 [===========================>..] - ETA: 12s - loss: 0.4497 - mae: 0.2785 - mse: 0.1406 - ssim_metric: 0.5085
311/326 [===========================>..] - ETA: 12s - loss: 0.4495 - mae: 0.2784 - mse: 0.1405 - ssim_metric: 0.5086
312/326 [===========================>..] - ETA: 11s - loss: 0.4495 - mae: 0.2785 - mse: 0.1405 - ssim_metric: 0.5084
313/326 [===========================>..] - ETA: 10s - loss: 0.4496 - mae: 0.2785 - mse: 0.1405 - ssim_metric: 0.5083
314/326 [===========================>..] - ETA: 9s - loss: 0.4496 - mae: 0.2785 - mse: 0.1405 - ssim_metric: 0.5083 
315/326 [===========================>..] - ETA: 8s - loss: 0.4498 - mae: 0.2786 - mse: 0.1406 - ssim_metric: 0.5081
316/326 [============================>.] - ETA: 8s - loss: 0.4497 - mae: 0.2786 - mse: 0.1406 - ssim_metric: 0.5079
317/326 [============================>.] - ETA: 7s - loss: 0.4495 - mae: 0.2785 - mse: 0.1405 - ssim_metric: 0.5080
318/326 [============================>.] - ETA: 6s - loss: 0.4494 - mae: 0.2785 - mse: 0.1405 - ssim_metric: 0.5079
319/326 [============================>.] - ETA: 5s - loss: 0.4498 - mae: 0.2787 - mse: 0.1406 - ssim_metric: 0.5076
320/326 [============================>.] - ETA: 4s - loss: 0.4499 - mae: 0.2788 - mse: 0.1407 - ssim_metric: 0.5073
321/326 [============================>.] - ETA: 4s - loss: 0.4500 - mae: 0.2788 - mse: 0.1407 - ssim_metric: 0.5071
322/326 [============================>.] - ETA: 3s - loss: 0.4497 - mae: 0.2788 - mse: 0.1406 - ssim_metric: 0.5071
323/326 [============================>.] - ETA: 2s - loss: 0.4496 - mae: 0.2787 - mse: 0.1406 - ssim_metric: 0.5070
324/326 [============================>.] - ETA: 1s - loss: 0.4500 - mae: 0.2789 - mse: 0.1407 - ssim_metric: 0.5067
325/326 [============================>.] - ETA: 0s - loss: 0.4500 - mae: 0.2789 - mse: 0.1407 - ssim_metric: 0.5066
326/326 [==============================] - ETA: 0s - loss: 0.4500 - mae: 0.2789 - mse: 0.1407 - ssim_metric: 0.5066
Epoch 2: saving model to C:\d_surucusu\visual_navigation\benchmark\models_pipeline\20260909_223425\bce_b16\_JOB_bce_b16_10_09_2026__07_13_model_f48_k4_epoch_00002_helu_osigmoid_(1, 1)_.h5

Epoch 2: val_loss improved from 0.41664 to 0.40546, saving model to C:\d_surucusu\visual_navigation\benchmark\models_pipeline\20260909_223425\bce_b16\_JOB_bce_b16_10_09_2026__07_13_best_val_loss_model_f48_k4.h5

Epoch 2: val_mae improved from 0.27565 to 0.26746, saving model to C:\d_surucusu\visual_navigation\benchmark\models_pipeline\20260909_223425\bce_b16\_JOB_bce_b16_10_09_2026__07_13_best_mae_model_f48_k4.h5

Epoch 2: val_ssim_metric did not improve from 0.56049

326/326 [==============================] - 277s 850ms/step - loss: 0.4500 - mae: 0.2789 - mse: 0.1407 - ssim_metric: 0.5066 - val_loss: 0.4055 - val_mae: 0.2675 - val_mse: 0.1234 - val_ssim_metric: 0.4857
Epoch 3/20

  1/326 [..............................] - ETA: 4:37 - loss: 0.4837 - mae: 0.3022 - mse: 0.1558 - ssim_metric: 0.4218
  2/326 [..............................] - ETA: 4:19 - loss: 0.4720 - mae: 0.2965 - mse: 0.1504 - ssim_metric: 0.4444
  3/326 [..............................] - ETA: 4:18 - loss: 0.4920 - mae: 0.3082 - mse: 0.1580 - ssim_metric: 0.4378
  4/326 [..............................] - ETA: 4:17 - loss: 0.4869 - mae: 0.3077 - mse: 0.1565 - ssim_metric: 0.4380
  5/326 [..............................] - ETA: 4:16 - loss: 0.4716 - mae: 0.3014 - mse: 0.1505 - ssim_metric: 0.4520
  6/326 [..............................] - ETA: 4:15 - loss: 0.4676 - mae: 0.3016 - mse: 0.1490 - ssim_metric: 0.4461
  7/326 [..............................] - ETA: 4:15 - loss: 0.4613 - mae: 0.2974 - mse: 0.1467 - ssim_metric: 0.4530
  8/326 [..............................] - ETA: 4:14 - loss: 0.4480 - mae: 0.2891 - mse: 0.1414 - ssim_metric: 0.4615
  9/326 [..............................] - ETA: 4:13 - loss: 0.4362 - mae: 0.2814 - mse: 0.1367 - ssim_metric: 0.4714
 10/326 [..............................] - ETA: 4:12 - loss: 0.4334 - mae: 0.2773 - mse: 0.1354 - ssim_metric: 0.4795
 11/326 [>.............................] - ETA: 4:12 - loss: 0.4380 - mae: 0.2767 - mse: 0.1376 - ssim_metric: 0.4833
 12/326 [>.............................] - ETA: 4:11 - loss: 0.4390 - mae: 0.2744 - mse: 0.1380 - ssim_metric: 0.4875
 13/326 [>.............................] - ETA: 4:10 - loss: 0.4446 - mae: 0.2741 - mse: 0.1400 - ssim_metric: 0.4894
 14/326 [>.............................] - ETA: 4:09 - loss: 0.4559 - mae: 0.2780 - mse: 0.1440 - ssim_metric: 0.4847
 15/326 [>.............................] - ETA: 4:08 - loss: 0.4463 - mae: 0.2741 - mse: 0.1402 - ssim_metric: 0.4885
 16/326 [>.............................] - ETA: 4:08 - loss: 0.4495 - mae: 0.2769 - mse: 0.1415 - ssim_metric: 0.4839
 17/326 [>.............................] - ETA: 4:07 - loss: 0.4484 - mae: 0.2781 - mse: 0.1410 - ssim_metric: 0.4800
 18/326 [>.............................] - ETA: 4:06 - loss: 0.4506 - mae: 0.2809 - mse: 0.1420 - ssim_metric: 0.4740
 19/326 [>.............................] - ETA: 4:05 - loss: 0.4505 - mae: 0.2821 - mse: 0.1419 - ssim_metric: 0.4702
 20/326 [>.............................] - ETA: 4:05 - loss: 0.4468 - mae: 0.2819 - mse: 0.1402 - ssim_metric: 0.4685
 21/326 [>.............................] - ETA: 4:04 - loss: 0.4421 - mae: 0.2796 - mse: 0.1384 - ssim_metric: 0.4696
 22/326 [=>............................] - ETA: 4:03 - loss: 0.4375 - mae: 0.2770 - mse: 0.1367 - ssim_metric: 0.4720
 23/326 [=>............................] - ETA: 4:02 - loss: 0.4330 - mae: 0.2740 - mse: 0.1350 - ssim_metric: 0.4785
 24/326 [=>............................] - ETA: 4:01 - loss: 0.4322 - mae: 0.2721 - mse: 0.1346 - ssim_metric: 0.4821
 25/326 [=>............................] - ETA: 4:01 - loss: 0.4377 - mae: 0.2726 - mse: 0.1366 - ssim_metric: 0.4820
 26/326 [=>............................] - ETA: 4:00 - loss: 0.4394 - mae: 0.2717 - mse: 0.1372 - ssim_metric: 0.4853
 27/326 [=>............................] - ETA: 3:59 - loss: 0.4382 - mae: 0.2702 - mse: 0.1368 - ssim_metric: 0.4885
 28/326 [=>............................] - ETA: 3:58 - loss: 0.4396 - mae: 0.2700 - mse: 0.1372 - ssim_metric: 0.4883
 29/326 [=>............................] - ETA: 3:58 - loss: 0.4381 - mae: 0.2692 - mse: 0.1367 - ssim_metric: 0.4883
 30/326 [=>............................] - ETA: 3:57 - loss: 0.4389 - mae: 0.2700 - mse: 0.1370 - ssim_metric: 0.4865
 31/326 [=>............................] - ETA: 3:56 - loss: 0.4393 - mae: 0.2708 - mse: 0.1372 - ssim_metric: 0.4832
 32/326 [=>............................] - ETA: 3:55 - loss: 0.4404 - mae: 0.2721 - mse: 0.1378 - ssim_metric: 0.4794
 33/326 [==>...........................] - ETA: 3:54 - loss: 0.4383 - mae: 0.2723 - mse: 0.1368 - ssim_metric: 0.4782
 34/326 [==>...........................] - ETA: 3:54 - loss: 0.4395 - mae: 0.2737 - mse: 0.1373 - ssim_metric: 0.4737
 35/326 [==>...........................] - ETA: 3:53 - loss: 0.4375 - mae: 0.2731 - mse: 0.1365 - ssim_metric: 0.4737
 36/326 [==>...........................] - ETA: 3:52 - loss: 0.4379 - mae: 0.2737 - mse: 0.1367 - ssim_metric: 0.4720
 37/326 [==>...........................] - ETA: 3:51 - loss: 0.4352 - mae: 0.2723 - mse: 0.1357 - ssim_metric: 0.4737
 38/326 [==>...........................] - ETA: 3:50 - loss: 0.4333 - mae: 0.2712 - mse: 0.1350 - ssim_metric: 0.4748
 39/326 [==>...........................] - ETA: 3:50 - loss: 0.4331 - mae: 0.2705 - mse: 0.1348 - ssim_metric: 0.4762
 40/326 [==>...........................] - ETA: 3:49 - loss: 0.4315 - mae: 0.2693 - mse: 0.1343 - ssim_metric: 0.4780
 41/326 [==>...........................] - ETA: 3:48 - loss: 0.4299 - mae: 0.2678 - mse: 0.1337 - ssim_metric: 0.4810
 42/326 [==>...........................] - ETA: 3:47 - loss: 0.4259 - mae: 0.2653 - mse: 0.1322 - ssim_metric: 0.4849
 43/326 [==>...........................] - ETA: 3:46 - loss: 0.4259 - mae: 0.2642 - mse: 0.1321 - ssim_metric: 0.4865
 44/326 [===>..........................] - ETA: 3:46 - loss: 0.4272 - mae: 0.2639 - mse: 0.1326 - ssim_metric: 0.4871
 45/326 [===>..........................] - ETA: 3:45 - loss: 0.4304 - mae: 0.2647 - mse: 0.1339 - ssim_metric: 0.4857
 46/326 [===>..........................] - ETA: 3:44 - loss: 0.4306 - mae: 0.2647 - mse: 0.1340 - ssim_metric: 0.4861
 47/326 [===>..........................] - ETA: 3:43 - loss: 0.4292 - mae: 0.2643 - mse: 0.1335 - ssim_metric: 0.4863
 48/326 [===>..........................] - ETA: 3:42 - loss: 0.4266 - mae: 0.2632 - mse: 0.1324 - ssim_metric: 0.4872
 49/326 [===>..........................] - ETA: 3:42 - loss: 0.4295 - mae: 0.2643 - mse: 0.1335 - ssim_metric: 0.4858
 50/326 [===>..........................] - ETA: 3:41 - loss: 0.4293 - mae: 0.2645 - mse: 0.1334 - ssim_metric: 0.4860
 51/326 [===>..........................] - ETA: 3:40 - loss: 0.4277 - mae: 0.2642 - mse: 0.1328 - ssim_metric: 0.4850
 52/326 [===>..........................] - ETA: 3:39 - loss: 0.4280 - mae: 0.2644 - mse: 0.1330 - ssim_metric: 0.4852
 53/326 [===>..........................] - ETA: 3:38 - loss: 0.4278 - mae: 0.2642 - mse: 0.1329 - ssim_metric: 0.4853
 54/326 [===>..........................] - ETA: 3:38 - loss: 0.4280 - mae: 0.2645 - mse: 0.1330 - ssim_metric: 0.4849
 55/326 [====>.........................] - ETA: 3:37 - loss: 0.4281 - mae: 0.2646 - mse: 0.1330 - ssim_metric: 0.4849
 56/326 [====>.........................] - ETA: 3:36 - loss: 0.4278 - mae: 0.2645 - mse: 0.1329 - ssim_metric: 0.4844
 57/326 [====>.........................] - ETA: 3:35 - loss: 0.4267 - mae: 0.2640 - mse: 0.1325 - ssim_metric: 0.4848
 58/326 [====>.........................] - ETA: 3:34 - loss: 0.4283 - mae: 0.2644 - mse: 0.1332 - ssim_metric: 0.4843
 59/326 [====>.........................] - ETA: 3:34 - loss: 0.4287 - mae: 0.2645 - mse: 0.1333 - ssim_metric: 0.4838
 60/326 [====>.........................] - ETA: 3:33 - loss: 0.4301 - mae: 0.2651 - mse: 0.1339 - ssim_metric: 0.4835
 61/326 [====>.........................] - ETA: 3:32 - loss: 0.4283 - mae: 0.2643 - mse: 0.1332 - ssim_metric: 0.4849
 62/326 [====>.........................] - ETA: 3:31 - loss: 0.4270 - mae: 0.2639 - mse: 0.1326 - ssim_metric: 0.4852
 63/326 [====>.........................] - ETA: 3:30 - loss: 0.4277 - mae: 0.2644 - mse: 0.1329 - ssim_metric: 0.4842
 64/326 [====>.........................] - ETA: 3:30 - loss: 0.4265 - mae: 0.2640 - mse: 0.1324 - ssim_metric: 0.4851
 65/326 [====>.........................] - ETA: 3:29 - loss: 0.4252 - mae: 0.2634 - mse: 0.1319 - ssim_metric: 0.4864
 66/326 [=====>........................] - ETA: 3:28 - loss: 0.4264 - mae: 0.2640 - mse: 0.1324 - ssim_metric: 0.4854
 67/326 [=====>........................] - ETA: 3:27 - loss: 0.4264 - mae: 0.2641 - mse: 0.1325 - ssim_metric: 0.4849
 68/326 [=====>........................] - ETA: 3:26 - loss: 0.4265 - mae: 0.2639 - mse: 0.1325 - ssim_metric: 0.4844
 69/326 [=====>........................] - ETA: 3:26 - loss: 0.4267 - mae: 0.2640 - mse: 0.1326 - ssim_metric: 0.4840
 70/326 [=====>........................] - ETA: 3:25 - loss: 0.4267 - mae: 0.2639 - mse: 0.1327 - ssim_metric: 0.4840
 71/326 [=====>........................] - ETA: 3:24 - loss: 0.4266 - mae: 0.2637 - mse: 0.1326 - ssim_metric: 0.4842
 72/326 [=====>........................] - ETA: 3:23 - loss: 0.4286 - mae: 0.2644 - mse: 0.1333 - ssim_metric: 0.4831
 73/326 [=====>........................] - ETA: 3:22 - loss: 0.4288 - mae: 0.2644 - mse: 0.1334 - ssim_metric: 0.4829
 74/326 [=====>........................] - ETA: 3:21 - loss: 0.4283 - mae: 0.2645 - mse: 0.1332 - ssim_metric: 0.4822
 75/326 [=====>........................] - ETA: 3:21 - loss: 0.4275 - mae: 0.2643 - mse: 0.1329 - ssim_metric: 0.4817
 76/326 [=====>........................] - ETA: 3:20 - loss: 0.4261 - mae: 0.2637 - mse: 0.1323 - ssim_metric: 0.4819
 77/326 [======>.......................] - ETA: 3:19 - loss: 0.4268 - mae: 0.2643 - mse: 0.1326 - ssim_metric: 0.4807
 78/326 [======>.......................] - ETA: 3:18 - loss: 0.4266 - mae: 0.2642 - mse: 0.1325 - ssim_metric: 0.4809
 79/326 [======>.......................] - ETA: 3:18 - loss: 0.4277 - mae: 0.2646 - mse: 0.1329 - ssim_metric: 0.4804
 80/326 [======>.......................] - ETA: 3:17 - loss: 0.4285 - mae: 0.2647 - mse: 0.1333 - ssim_metric: 0.4807
 81/326 [======>.......................] - ETA: 3:16 - loss: 0.4281 - mae: 0.2645 - mse: 0.1331 - ssim_metric: 0.4809
 82/326 [======>.......................] - ETA: 3:15 - loss: 0.4284 - mae: 0.2646 - mse: 0.1332 - ssim_metric: 0.4809
 83/326 [======>.......................] - ETA: 3:14 - loss: 0.4281 - mae: 0.2647 - mse: 0.1331 - ssim_metric: 0.4803
 84/326 [======>.......................] - ETA: 3:14 - loss: 0.4285 - mae: 0.2651 - mse: 0.1333 - ssim_metric: 0.4797
 85/326 [======>.......................] - ETA: 3:13 - loss: 0.4274 - mae: 0.2647 - mse: 0.1329 - ssim_metric: 0.4800
 86/326 [======>.......................] - ETA: 3:12 - loss: 0.4275 - mae: 0.2649 - mse: 0.1329 - ssim_metric: 0.4796
 87/326 [=======>......................] - ETA: 3:11 - loss: 0.4270 - mae: 0.2647 - mse: 0.1327 - ssim_metric: 0.4797
 88/326 [=======>......................] - ETA: 3:10 - loss: 0.4261 - mae: 0.2644 - mse: 0.1324 - ssim_metric: 0.4796
 89/326 [=======>......................] - ETA: 3:10 - loss: 0.4254 - mae: 0.2639 - mse: 0.1322 - ssim_metric: 0.4800
 90/326 [=======>......................] - ETA: 3:09 - loss: 0.4265 - mae: 0.2642 - mse: 0.1326 - ssim_metric: 0.4797
 91/326 [=======>......................] - ETA: 3:08 - loss: 0.4264 - mae: 0.2640 - mse: 0.1325 - ssim_metric: 0.4802
 92/326 [=======>......................] - ETA: 3:07 - loss: 0.4262 - mae: 0.2638 - mse: 0.1324 - ssim_metric: 0.4802
 93/326 [=======>......................] - ETA: 3:06 - loss: 0.4265 - mae: 0.2637 - mse: 0.1326 - ssim_metric: 0.4807
 94/326 [=======>......................] - ETA: 3:05 - loss: 0.4270 - mae: 0.2636 - mse: 0.1327 - ssim_metric: 0.4811
 95/326 [=======>......................] - ETA: 3:05 - loss: 0.4281 - mae: 0.2640 - mse: 0.1332 - ssim_metric: 0.4807
 96/326 [=======>......................] - ETA: 3:04 - loss: 0.4277 - mae: 0.2639 - mse: 0.1330 - ssim_metric: 0.4805
 97/326 [=======>......................] - ETA: 3:03 - loss: 0.4277 - mae: 0.2642 - mse: 0.1330 - ssim_metric: 0.4802
 98/326 [========>.....................] - ETA: 3:02 - loss: 0.4270 - mae: 0.2641 - mse: 0.1327 - ssim_metric: 0.4801
 99/326 [========>.....................] - ETA: 3:01 - loss: 0.4266 - mae: 0.2640 - mse: 0.1326 - ssim_metric: 0.4800
100/326 [========>.....................] - ETA: 3:01 - loss: 0.4267 - mae: 0.2642 - mse: 0.1326 - ssim_metric: 0.4798
101/326 [========>.....................] - ETA: 3:00 - loss: 0.4260 - mae: 0.2639 - mse: 0.1324 - ssim_metric: 0.4799
102/326 [========>.....................] - ETA: 2:59 - loss: 0.4253 - mae: 0.2637 - mse: 0.1321 - ssim_metric: 0.4802
103/326 [========>.....................] - ETA: 2:58 - loss: 0.4263 - mae: 0.2640 - mse: 0.1324 - ssim_metric: 0.4795
104/326 [========>.....................] - ETA: 2:57 - loss: 0.4262 - mae: 0.2639 - mse: 0.1324 - ssim_metric: 0.4798
105/326 [========>.....................] - ETA: 2:57 - loss: 0.4257 - mae: 0.2636 - mse: 0.1322 - ssim_metric: 0.4799
106/326 [========>.....................] - ETA: 2:56 - loss: 0.4247 - mae: 0.2631 - mse: 0.1319 - ssim_metric: 0.4808
107/326 [========>.....................] - ETA: 2:55 - loss: 0.4245 - mae: 0.2628 - mse: 0.1318 - ssim_metric: 0.4813
108/326 [========>.....................] - ETA: 2:54 - loss: 0.4260 - mae: 0.2632 - mse: 0.1323 - ssim_metric: 0.4810
109/326 [=========>....................] - ETA: 2:53 - loss: 0.4255 - mae: 0.2629 - mse: 0.1321 - ssim_metric: 0.4817
110/326 [=========>....................] - ETA: 2:53 - loss: 0.4262 - mae: 0.2631 - mse: 0.1324 - ssim_metric: 0.4813
111/326 [=========>....................] - ETA: 2:52 - loss: 0.4258 - mae: 0.2629 - mse: 0.1322 - ssim_metric: 0.4816
112/326 [=========>....................] - ETA: 2:51 - loss: 0.4260 - mae: 0.2630 - mse: 0.1323 - ssim_metric: 0.4813
113/326 [=========>....................] - ETA: 2:50 - loss: 0.4257 - mae: 0.2630 - mse: 0.1322 - ssim_metric: 0.4814
114/326 [=========>....................] - ETA: 2:49 - loss: 0.4254 - mae: 0.2630 - mse: 0.1321 - ssim_metric: 0.4813
115/326 [=========>....................] - ETA: 2:49 - loss: 0.4256 - mae: 0.2631 - mse: 0.1322 - ssim_metric: 0.4812
116/326 [=========>....................] - ETA: 2:48 - loss: 0.4256 - mae: 0.2631 - mse: 0.1322 - ssim_metric: 0.4809
117/326 [=========>....................] - ETA: 2:47 - loss: 0.4262 - mae: 0.2633 - mse: 0.1324 - ssim_metric: 0.4808
118/326 [=========>....................] - ETA: 2:46 - loss: 0.4256 - mae: 0.2630 - mse: 0.1322 - ssim_metric: 0.4817
119/326 [=========>....................] - ETA: 2:45 - loss: 0.4252 - mae: 0.2628 - mse: 0.1320 - ssim_metric: 0.4819
120/326 [==========>...................] - ETA: 2:45 - loss: 0.4249 - mae: 0.2628 - mse: 0.1319 - ssim_metric: 0.4820
121/326 [==========>...................] - ETA: 2:44 - loss: 0.4243 - mae: 0.2626 - mse: 0.1317 - ssim_metric: 0.4824
122/326 [==========>...................] - ETA: 2:43 - loss: 0.4246 - mae: 0.2626 - mse: 0.1318 - ssim_metric: 0.4823
123/326 [==========>...................] - ETA: 2:42 - loss: 0.4249 - mae: 0.2628 - mse: 0.1320 - ssim_metric: 0.4818
124/326 [==========>...................] - ETA: 2:41 - loss: 0.4254 - mae: 0.2631 - mse: 0.1322 - ssim_metric: 0.4808
125/326 [==========>...................] - ETA: 2:41 - loss: 0.4253 - mae: 0.2631 - mse: 0.1321 - ssim_metric: 0.4808
126/326 [==========>...................] - ETA: 2:40 - loss: 0.4248 - mae: 0.2629 - mse: 0.1319 - ssim_metric: 0.4807
127/326 [==========>...................] - ETA: 2:39 - loss: 0.4244 - mae: 0.2627 - mse: 0.1317 - ssim_metric: 0.4809
128/326 [==========>...................] - ETA: 2:38 - loss: 0.4238 - mae: 0.2624 - mse: 0.1316 - ssim_metric: 0.4812
129/326 [==========>...................] - ETA: 2:37 - loss: 0.4238 - mae: 0.2623 - mse: 0.1315 - ssim_metric: 0.4817
130/326 [==========>...................] - ETA: 2:37 - loss: 0.4249 - mae: 0.2626 - mse: 0.1319 - ssim_metric: 0.4812
131/326 [===========>..................] - ETA: 2:36 - loss: 0.4251 - mae: 0.2626 - mse: 0.1320 - ssim_metric: 0.4814
132/326 [===========>..................] - ETA: 2:35 - loss: 0.4250 - mae: 0.2625 - mse: 0.1320 - ssim_metric: 0.4815
133/326 [===========>..................] - ETA: 2:34 - loss: 0.4249 - mae: 0.2625 - mse: 0.1319 - ssim_metric: 0.4813
134/326 [===========>..................] - ETA: 2:33 - loss: 0.4253 - mae: 0.2627 - mse: 0.1321 - ssim_metric: 0.4810
135/326 [===========>..................] - ETA: 2:33 - loss: 0.4257 - mae: 0.2630 - mse: 0.1323 - ssim_metric: 0.4804
136/326 [===========>..................] - ETA: 2:32 - loss: 0.4259 - mae: 0.2632 - mse: 0.1324 - ssim_metric: 0.4797
137/326 [===========>..................] - ETA: 2:31 - loss: 0.4257 - mae: 0.2633 - mse: 0.1323 - ssim_metric: 0.4794
138/326 [===========>..................] - ETA: 2:30 - loss: 0.4260 - mae: 0.2636 - mse: 0.1324 - ssim_metric: 0.4784
139/326 [===========>..................] - ETA: 2:29 - loss: 0.4259 - mae: 0.2637 - mse: 0.1324 - ssim_metric: 0.4779
140/326 [===========>..................] - ETA: 2:29 - loss: 0.4261 - mae: 0.2638 - mse: 0.1325 - ssim_metric: 0.4776
141/326 [===========>..................] - ETA: 2:28 - loss: 0.4263 - mae: 0.2638 - mse: 0.1326 - ssim_metric: 0.4775
142/326 [============>.................] - ETA: 2:27 - loss: 0.4259 - mae: 0.2637 - mse: 0.1324 - ssim_metric: 0.4779
143/326 [============>.................] - ETA: 2:26 - loss: 0.4262 - mae: 0.2638 - mse: 0.1325 - ssim_metric: 0.4776
144/326 [============>.................] - ETA: 2:25 - loss: 0.4261 - mae: 0.2638 - mse: 0.1325 - ssim_metric: 0.4774
145/326 [============>.................] - ETA: 2:25 - loss: 0.4257 - mae: 0.2637 - mse: 0.1324 - ssim_metric: 0.4778
146/326 [============>.................] - ETA: 2:24 - loss: 0.4255 - mae: 0.2636 - mse: 0.1323 - ssim_metric: 0.4779
147/326 [============>.................] - ETA: 2:23 - loss: 0.4262 - mae: 0.2638 - mse: 0.1325 - ssim_metric: 0.4776
148/326 [============>.................] - ETA: 2:22 - loss: 0.4257 - mae: 0.2637 - mse: 0.1324 - ssim_metric: 0.4777
149/326 [============>.................] - ETA: 2:21 - loss: 0.4262 - mae: 0.2640 - mse: 0.1326 - ssim_metric: 0.4771
150/326 [============>.................] - ETA: 2:21 - loss: 0.4260 - mae: 0.2640 - mse: 0.1325 - ssim_metric: 0.4770
151/326 [============>.................] - ETA: 2:20 - loss: 0.4266 - mae: 0.2643 - mse: 0.1327 - ssim_metric: 0.4764
152/326 [============>.................] - ETA: 2:19 - loss: 0.4270 - mae: 0.2644 - mse: 0.1329 - ssim_metric: 0.4763
153/326 [=============>................] - ETA: 2:18 - loss: 0.4266 - mae: 0.2643 - mse: 0.1327 - ssim_metric: 0.4764
154/326 [=============>................] - ETA: 2:17 - loss: 0.4264 - mae: 0.2642 - mse: 0.1327 - ssim_metric: 0.4765
155/326 [=============>................] - ETA: 2:17 - loss: 0.4264 - mae: 0.2641 - mse: 0.1327 - ssim_metric: 0.4765
156/326 [=============>................] - ETA: 2:16 - loss: 0.4260 - mae: 0.2640 - mse: 0.1325 - ssim_metric: 0.4767
157/326 [=============>................] - ETA: 2:15 - loss: 0.4261 - mae: 0.2640 - mse: 0.1326 - ssim_metric: 0.4766
158/326 [=============>................] - ETA: 2:14 - loss: 0.4267 - mae: 0.2642 - mse: 0.1328 - ssim_metric: 0.4765
159/326 [=============>................] - ETA: 2:13 - loss: 0.4270 - mae: 0.2642 - mse: 0.1329 - ssim_metric: 0.4764
160/326 [=============>................] - ETA: 2:13 - loss: 0.4268 - mae: 0.2641 - mse: 0.1328 - ssim_metric: 0.4765
161/326 [=============>................] - ETA: 2:12 - loss: 0.4270 - mae: 0.2644 - mse: 0.1330 - ssim_metric: 0.4760
162/326 [=============>................] - ETA: 2:11 - loss: 0.4267 - mae: 0.2643 - mse: 0.1328 - ssim_metric: 0.4758
163/326 [==============>...............] - ETA: 2:10 - loss: 0.4263 - mae: 0.2642 - mse: 0.1327 - ssim_metric: 0.4758
164/326 [==============>...............] - ETA: 2:09 - loss: 0.4262 - mae: 0.2642 - mse: 0.1326 - ssim_metric: 0.4759
165/326 [==============>...............] - ETA: 2:09 - loss: 0.4262 - mae: 0.2642 - mse: 0.1327 - ssim_metric: 0.4759
166/326 [==============>...............] - ETA: 2:08 - loss: 0.4267 - mae: 0.2644 - mse: 0.1328 - ssim_metric: 0.4756
167/326 [==============>...............] - ETA: 2:07 - loss: 0.4266 - mae: 0.2644 - mse: 0.1328 - ssim_metric: 0.4753
168/326 [==============>...............] - ETA: 2:06 - loss: 0.4269 - mae: 0.2646 - mse: 0.1330 - ssim_metric: 0.4751
169/326 [==============>...............] - ETA: 2:05 - loss: 0.4265 - mae: 0.2645 - mse: 0.1328 - ssim_metric: 0.4752
170/326 [==============>...............] - ETA: 2:05 - loss: 0.4267 - mae: 0.2646 - mse: 0.1329 - ssim_metric: 0.4750
171/326 [==============>...............] - ETA: 2:04 - loss: 0.4265 - mae: 0.2645 - mse: 0.1328 - ssim_metric: 0.4750
172/326 [==============>...............] - ETA: 2:03 - loss: 0.4260 - mae: 0.2642 - mse: 0.1326 - ssim_metric: 0.4753
173/326 [==============>...............] - ETA: 2:02 - loss: 0.4263 - mae: 0.2644 - mse: 0.1327 - ssim_metric: 0.4750
174/326 [===============>..............] - ETA: 2:01 - loss: 0.4261 - mae: 0.2643 - mse: 0.1327 - ssim_metric: 0.4748
175/326 [===============>..............] - ETA: 2:01 - loss: 0.4262 - mae: 0.2644 - mse: 0.1328 - ssim_metric: 0.4744
176/326 [===============>..............] - ETA: 2:00 - loss: 0.4263 - mae: 0.2645 - mse: 0.1328 - ssim_metric: 0.4742
177/326 [===============>..............] - ETA: 1:59 - loss: 0.4263 - mae: 0.2645 - mse: 0.1328 - ssim_metric: 0.4742
178/326 [===============>..............] - ETA: 1:58 - loss: 0.4271 - mae: 0.2648 - mse: 0.1331 - ssim_metric: 0.4737
179/326 [===============>..............] - ETA: 1:57 - loss: 0.4274 - mae: 0.2652 - mse: 0.1333 - ssim_metric: 0.4727
180/326 [===============>..............] - ETA: 1:57 - loss: 0.4274 - mae: 0.2653 - mse: 0.1333 - ssim_metric: 0.4724
181/326 [===============>..............] - ETA: 1:56 - loss: 0.4280 - mae: 0.2657 - mse: 0.1335 - ssim_metric: 0.4716
182/326 [===============>..............] - ETA: 1:55 - loss: 0.4282 - mae: 0.2659 - mse: 0.1336 - ssim_metric: 0.4711
183/326 [===============>..............] - ETA: 1:54 - loss: 0.4281 - mae: 0.2660 - mse: 0.1336 - ssim_metric: 0.4708
184/326 [===============>..............] - ETA: 1:53 - loss: 0.4281 - mae: 0.2660 - mse: 0.1336 - ssim_metric: 0.4707
185/326 [================>.............] - ETA: 1:53 - loss: 0.4283 - mae: 0.2661 - mse: 0.1337 - ssim_metric: 0.4705
186/326 [================>.............] - ETA: 1:52 - loss: 0.4289 - mae: 0.2664 - mse: 0.1339 - ssim_metric: 0.4700
187/326 [================>.............] - ETA: 1:51 - loss: 0.4295 - mae: 0.2666 - mse: 0.1341 - ssim_metric: 0.4698
188/326 [================>.............] - ETA: 1:50 - loss: 0.4298 - mae: 0.2666 - mse: 0.1342 - ssim_metric: 0.4700
189/326 [================>.............] - ETA: 1:49 - loss: 0.4296 - mae: 0.2666 - mse: 0.1341 - ssim_metric: 0.4698
190/326 [================>.............] - ETA: 1:49 - loss: 0.4295 - mae: 0.2667 - mse: 0.1341 - ssim_metric: 0.4693
191/326 [================>.............] - ETA: 1:48 - loss: 0.4295 - mae: 0.2668 - mse: 0.1340 - ssim_metric: 0.4688
192/326 [================>.............] - ETA: 1:47 - loss: 0.4293 - mae: 0.2668 - mse: 0.1340 - ssim_metric: 0.4688
193/326 [================>.............] - ETA: 1:46 - loss: 0.4295 - mae: 0.2669 - mse: 0.1340 - ssim_metric: 0.4687
194/326 [================>.............] - ETA: 1:45 - loss: 0.4290 - mae: 0.2666 - mse: 0.1338 - ssim_metric: 0.4690
195/326 [================>.............] - ETA: 1:44 - loss: 0.4293 - mae: 0.2666 - mse: 0.1339 - ssim_metric: 0.4692
196/326 [=================>............] - ETA: 1:44 - loss: 0.4297 - mae: 0.2667 - mse: 0.1341 - ssim_metric: 0.4692
197/326 [=================>............] - ETA: 1:43 - loss: 0.4295 - mae: 0.2665 - mse: 0.1340 - ssim_metric: 0.4696
198/326 [=================>............] - ETA: 1:42 - loss: 0.4295 - mae: 0.2664 - mse: 0.1340 - ssim_metric: 0.4699
199/326 [=================>............] - ETA: 1:41 - loss: 0.4294 - mae: 0.2664 - mse: 0.1340 - ssim_metric: 0.4700
200/326 [=================>............] - ETA: 1:40 - loss: 0.4294 - mae: 0.2664 - mse: 0.1340 - ssim_metric: 0.4701
201/326 [=================>............] - ETA: 1:40 - loss: 0.4293 - mae: 0.2664 - mse: 0.1339 - ssim_metric: 0.4701
202/326 [=================>............] - ETA: 1:39 - loss: 0.4297 - mae: 0.2665 - mse: 0.1340 - ssim_metric: 0.4703
203/326 [=================>............] - ETA: 1:38 - loss: 0.4301 - mae: 0.2668 - mse: 0.1342 - ssim_metric: 0.4700
204/326 [=================>............] - ETA: 1:37 - loss: 0.4300 - mae: 0.2669 - mse: 0.1342 - ssim_metric: 0.4699
205/326 [=================>............] - ETA: 1:36 - loss: 0.4298 - mae: 0.2668 - mse: 0.1341 - ssim_metric: 0.4698
206/326 [=================>............] - ETA: 1:36 - loss: 0.4297 - mae: 0.2669 - mse: 0.1340 - ssim_metric: 0.4697
207/326 [==================>...........] - ETA: 1:35 - loss: 0.4295 - mae: 0.2669 - mse: 0.1340 - ssim_metric: 0.4699
208/326 [==================>...........] - ETA: 1:34 - loss: 0.4295 - mae: 0.2668 - mse: 0.1340 - ssim_metric: 0.4701
209/326 [==================>...........] - ETA: 1:33 - loss: 0.4296 - mae: 0.2667 - mse: 0.1340 - ssim_metric: 0.4702
210/326 [==================>...........] - ETA: 1:32 - loss: 0.4299 - mae: 0.2668 - mse: 0.1341 - ssim_metric: 0.4702
211/326 [==================>...........] - ETA: 1:32 - loss: 0.4298 - mae: 0.2666 - mse: 0.1341 - ssim_metric: 0.4708
212/326 [==================>...........] - ETA: 1:31 - loss: 0.4297 - mae: 0.2665 - mse: 0.1340 - ssim_metric: 0.4710
213/326 [==================>...........] - ETA: 1:30 - loss: 0.4294 - mae: 0.2664 - mse: 0.1339 - ssim_metric: 0.4711
214/326 [==================>...........] - ETA: 1:29 - loss: 0.4296 - mae: 0.2665 - mse: 0.1340 - ssim_metric: 0.4709
215/326 [==================>...........] - ETA: 1:28 - loss: 0.4297 - mae: 0.2665 - mse: 0.1340 - ssim_metric: 0.4707
216/326 [==================>...........] - ETA: 1:28 - loss: 0.4295 - mae: 0.2664 - mse: 0.1339 - ssim_metric: 0.4708
217/326 [==================>...........] - ETA: 1:27 - loss: 0.4296 - mae: 0.2665 - mse: 0.1340 - ssim_metric: 0.4706
218/326 [===================>..........] - ETA: 1:26 - loss: 0.4297 - mae: 0.2667 - mse: 0.1340 - ssim_metric: 0.4703
219/326 [===================>..........] - ETA: 1:25 - loss: 0.4297 - mae: 0.2667 - mse: 0.1340 - ssim_metric: 0.4702
220/326 [===================>..........] - ETA: 1:24 - loss: 0.4299 - mae: 0.2668 - mse: 0.1341 - ssim_metric: 0.4699
221/326 [===================>..........] - ETA: 1:24 - loss: 0.4301 - mae: 0.2670 - mse: 0.1342 - ssim_metric: 0.4696
222/326 [===================>..........] - ETA: 1:23 - loss: 0.4302 - mae: 0.2671 - mse: 0.1343 - ssim_metric: 0.4692
223/326 [===================>..........] - ETA: 1:22 - loss: 0.4300 - mae: 0.2671 - mse: 0.1342 - ssim_metric: 0.4692
224/326 [===================>..........] - ETA: 1:21 - loss: 0.4302 - mae: 0.2672 - mse: 0.1343 - ssim_metric: 0.4689
225/326 [===================>..........] - ETA: 1:20 - loss: 0.4304 - mae: 0.2673 - mse: 0.1343 - ssim_metric: 0.4688
226/326 [===================>..........] - ETA: 1:20 - loss: 0.4304 - mae: 0.2673 - mse: 0.1344 - ssim_metric: 0.4688
227/326 [===================>..........] - ETA: 1:19 - loss: 0.4302 - mae: 0.2671 - mse: 0.1343 - ssim_metric: 0.4691
228/326 [===================>..........] - ETA: 1:18 - loss: 0.4301 - mae: 0.2670 - mse: 0.1342 - ssim_metric: 0.4692
229/326 [====================>.........] - ETA: 1:17 - loss: 0.4305 - mae: 0.2672 - mse: 0.1344 - ssim_metric: 0.4688
230/326 [====================>.........] - ETA: 1:16 - loss: 0.4304 - mae: 0.2673 - mse: 0.1344 - ssim_metric: 0.4687
231/326 [====================>.........] - ETA: 1:16 - loss: 0.4304 - mae: 0.2672 - mse: 0.1343 - ssim_metric: 0.4686
232/326 [====================>.........] - ETA: 1:15 - loss: 0.4302 - mae: 0.2672 - mse: 0.1343 - ssim_metric: 0.4686
233/326 [====================>.........] - ETA: 1:14 - loss: 0.4302 - mae: 0.2672 - mse: 0.1343 - ssim_metric: 0.4688
234/326 [====================>.........] - ETA: 1:13 - loss: 0.4304 - mae: 0.2674 - mse: 0.1344 - ssim_metric: 0.4683
235/326 [====================>.........] - ETA: 1:12 - loss: 0.4304 - mae: 0.2674 - mse: 0.1343 - ssim_metric: 0.4683
236/326 [====================>.........] - ETA: 1:12 - loss: 0.4299 - mae: 0.2672 - mse: 0.1341 - ssim_metric: 0.4686
237/326 [====================>.........] - ETA: 1:11 - loss: 0.4296 - mae: 0.2670 - mse: 0.1340 - ssim_metric: 0.4691
238/326 [====================>.........] - ETA: 1:10 - loss: 0.4298 - mae: 0.2670 - mse: 0.1341 - ssim_metric: 0.4691
239/326 [====================>.........] - ETA: 1:09 - loss: 0.4292 - mae: 0.2666 - mse: 0.1339 - ssim_metric: 0.4697
240/326 [=====================>........] - ETA: 1:08 - loss: 0.4292 - mae: 0.2665 - mse: 0.1339 - ssim_metric: 0.4700
241/326 [=====================>........] - ETA: 1:08 - loss: 0.4292 - mae: 0.2664 - mse: 0.1339 - ssim_metric: 0.4701
242/326 [=====================>........] - ETA: 1:07 - loss: 0.4286 - mae: 0.2661 - mse: 0.1337 - ssim_metric: 0.4705
243/326 [=====================>........] - ETA: 1:06 - loss: 0.4286 - mae: 0.2660 - mse: 0.1337 - ssim_metric: 0.4708
244/326 [=====================>........] - ETA: 1:05 - loss: 0.4286 - mae: 0.2660 - mse: 0.1337 - ssim_metric: 0.4708
245/326 [=====================>........] - ETA: 1:04 - loss: 0.4287 - mae: 0.2660 - mse: 0.1337 - ssim_metric: 0.4707
246/326 [=====================>........] - ETA: 1:04 - loss: 0.4285 - mae: 0.2660 - mse: 0.1337 - ssim_metric: 0.4708
247/326 [=====================>........] - ETA: 1:03 - loss: 0.4285 - mae: 0.2660 - mse: 0.1337 - ssim_metric: 0.4707
248/326 [=====================>........] - ETA: 1:02 - loss: 0.4287 - mae: 0.2661 - mse: 0.1337 - ssim_metric: 0.4707
249/326 [=====================>........] - ETA: 1:01 - loss: 0.4290 - mae: 0.2662 - mse: 0.1338 - ssim_metric: 0.4705
250/326 [======================>.......] - ETA: 1:00 - loss: 0.4288 - mae: 0.2661 - mse: 0.1338 - ssim_metric: 0.4705
251/326 [======================>.......] - ETA: 1:00 - loss: 0.4287 - mae: 0.2661 - mse: 0.1337 - ssim_metric: 0.4704
252/326 [======================>.......] - ETA: 59s - loss: 0.4282 - mae: 0.2659 - mse: 0.1336 - ssim_metric: 0.4706 
253/326 [======================>.......] - ETA: 58s - loss: 0.4287 - mae: 0.2661 - mse: 0.1337 - ssim_metric: 0.4704
254/326 [======================>.......] - ETA: 57s - loss: 0.4287 - mae: 0.2661 - mse: 0.1337 - ssim_metric: 0.4704
255/326 [======================>.......] - ETA: 56s - loss: 0.4284 - mae: 0.2660 - mse: 0.1336 - ssim_metric: 0.4705
256/326 [======================>.......] - ETA: 56s - loss: 0.4287 - mae: 0.2661 - mse: 0.1337 - ssim_metric: 0.4703
257/326 [======================>.......] - ETA: 55s - loss: 0.4287 - mae: 0.2661 - mse: 0.1337 - ssim_metric: 0.4703
258/326 [======================>.......] - ETA: 54s - loss: 0.4289 - mae: 0.2661 - mse: 0.1338 - ssim_metric: 0.4702
259/326 [======================>.......] - ETA: 53s - loss: 0.4291 - mae: 0.2662 - mse: 0.1339 - ssim_metric: 0.4699
260/326 [======================>.......] - ETA: 52s - loss: 0.4288 - mae: 0.2661 - mse: 0.1338 - ssim_metric: 0.4699
261/326 [=======================>......] - ETA: 52s - loss: 0.4288 - mae: 0.2661 - mse: 0.1338 - ssim_metric: 0.4697
262/326 [=======================>......] - ETA: 51s - loss: 0.4284 - mae: 0.2659 - mse: 0.1337 - ssim_metric: 0.4697
263/326 [=======================>......] - ETA: 50s - loss: 0.4289 - mae: 0.2661 - mse: 0.1338 - ssim_metric: 0.4695
264/326 [=======================>......] - ETA: 49s - loss: 0.4289 - mae: 0.2661 - mse: 0.1339 - ssim_metric: 0.4694
265/326 [=======================>......] - ETA: 48s - loss: 0.4290 - mae: 0.2662 - mse: 0.1339 - ssim_metric: 0.4693
266/326 [=======================>......] - ETA: 48s - loss: 0.4291 - mae: 0.2664 - mse: 0.1339 - ssim_metric: 0.4690
267/326 [=======================>......] - ETA: 47s - loss: 0.4292 - mae: 0.2665 - mse: 0.1340 - ssim_metric: 0.4687
268/326 [=======================>......] - ETA: 46s - loss: 0.4293 - mae: 0.2666 - mse: 0.1340 - ssim_metric: 0.4685
269/326 [=======================>......] - ETA: 45s - loss: 0.4292 - mae: 0.2666 - mse: 0.1340 - ssim_metric: 0.4685
270/326 [=======================>......] - ETA: 44s - loss: 0.4293 - mae: 0.2667 - mse: 0.1340 - ssim_metric: 0.4683
271/326 [=======================>......] - ETA: 44s - loss: 0.4294 - mae: 0.2667 - mse: 0.1341 - ssim_metric: 0.4682
272/326 [========================>.....] - ETA: 43s - loss: 0.4293 - mae: 0.2667 - mse: 0.1340 - ssim_metric: 0.4682
273/326 [========================>.....] - ETA: 42s - loss: 0.4290 - mae: 0.2666 - mse: 0.1339 - ssim_metric: 0.4684
274/326 [========================>.....] - ETA: 41s - loss: 0.4291 - mae: 0.2666 - mse: 0.1340 - ssim_metric: 0.4684
275/326 [========================>.....] - ETA: 40s - loss: 0.4292 - mae: 0.2666 - mse: 0.1340 - ssim_metric: 0.4686
276/326 [========================>.....] - ETA: 40s - loss: 0.4293 - mae: 0.2666 - mse: 0.1340 - ssim_metric: 0.4686
277/326 [========================>.....] - ETA: 39s - loss: 0.4295 - mae: 0.2667 - mse: 0.1341 - ssim_metric: 0.4683
278/326 [========================>.....] - ETA: 38s - loss: 0.4294 - mae: 0.2666 - mse: 0.1341 - ssim_metric: 0.4684
279/326 [========================>.....] - ETA: 37s - loss: 0.4292 - mae: 0.2666 - mse: 0.1340 - ssim_metric: 0.4686
280/326 [========================>.....] - ETA: 36s - loss: 0.4291 - mae: 0.2666 - mse: 0.1340 - ssim_metric: 0.4684
281/326 [========================>.....] - ETA: 36s - loss: 0.4293 - mae: 0.2667 - mse: 0.1340 - ssim_metric: 0.4680
282/326 [========================>.....] - ETA: 35s - loss: 0.4293 - mae: 0.2667 - mse: 0.1341 - ssim_metric: 0.4681
283/326 [=========================>....] - ETA: 34s - loss: 0.4297 - mae: 0.2669 - mse: 0.1342 - ssim_metric: 0.4680
284/326 [=========================>....] - ETA: 33s - loss: 0.4296 - mae: 0.2669 - mse: 0.1341 - ssim_metric: 0.4680
285/326 [=========================>....] - ETA: 32s - loss: 0.4298 - mae: 0.2670 - mse: 0.1342 - ssim_metric: 0.4677
286/326 [=========================>....] - ETA: 32s - loss: 0.4298 - mae: 0.2671 - mse: 0.1342 - ssim_metric: 0.4677
287/326 [=========================>....] - ETA: 31s - loss: 0.4300 - mae: 0.2672 - mse: 0.1343 - ssim_metric: 0.4676
288/326 [=========================>....] - ETA: 30s - loss: 0.4304 - mae: 0.2673 - mse: 0.1345 - ssim_metric: 0.4674
289/326 [=========================>....] - ETA: 29s - loss: 0.4304 - mae: 0.2674 - mse: 0.1345 - ssim_metric: 0.4671
290/326 [=========================>....] - ETA: 28s - loss: 0.4306 - mae: 0.2676 - mse: 0.1346 - ssim_metric: 0.4670
291/326 [=========================>....] - ETA: 28s - loss: 0.4307 - mae: 0.2677 - mse: 0.1346 - ssim_metric: 0.4667
292/326 [=========================>....] - ETA: 27s - loss: 0.4305 - mae: 0.2676 - mse: 0.1345 - ssim_metric: 0.4665
293/326 [=========================>....] - ETA: 26s - loss: 0.4303 - mae: 0.2676 - mse: 0.1344 - ssim_metric: 0.4666
294/326 [==========================>...] - ETA: 25s - loss: 0.4305 - mae: 0.2677 - mse: 0.1345 - ssim_metric: 0.4664
295/326 [==========================>...] - ETA: 24s - loss: 0.4305 - mae: 0.2677 - mse: 0.1345 - ssim_metric: 0.4664
296/326 [==========================>...] - ETA: 24s - loss: 0.4303 - mae: 0.2676 - mse: 0.1345 - ssim_metric: 0.4665
297/326 [==========================>...] - ETA: 23s - loss: 0.4304 - mae: 0.2677 - mse: 0.1345 - ssim_metric: 0.4665
298/326 [==========================>...] - ETA: 22s - loss: 0.4300 - mae: 0.2674 - mse: 0.1343 - ssim_metric: 0.4669
299/326 [==========================>...] - ETA: 21s - loss: 0.4298 - mae: 0.2673 - mse: 0.1342 - ssim_metric: 0.4672
300/326 [==========================>...] - ETA: 20s - loss: 0.4298 - mae: 0.2672 - mse: 0.1343 - ssim_metric: 0.4673
301/326 [==========================>...] - ETA: 20s - loss: 0.4295 - mae: 0.2670 - mse: 0.1342 - ssim_metric: 0.4678
302/326 [==========================>...] - ETA: 19s - loss: 0.4299 - mae: 0.2671 - mse: 0.1343 - ssim_metric: 0.4675
303/326 [==========================>...] - ETA: 18s - loss: 0.4299 - mae: 0.2671 - mse: 0.1343 - ssim_metric: 0.4674
304/326 [==========================>...] - ETA: 17s - loss: 0.4300 - mae: 0.2671 - mse: 0.1343 - ssim_metric: 0.4674
305/326 [===========================>..] - ETA: 16s - loss: 0.4300 - mae: 0.2672 - mse: 0.1343 - ssim_metric: 0.4673
306/326 [===========================>..] - ETA: 16s - loss: 0.4300 - mae: 0.2672 - mse: 0.1343 - ssim_metric: 0.4671
307/326 [===========================>..] - ETA: 15s - loss: 0.4301 - mae: 0.2673 - mse: 0.1344 - ssim_metric: 0.4671
308/326 [===========================>..] - ETA: 14s - loss: 0.4300 - mae: 0.2672 - mse: 0.1343 - ssim_metric: 0.4673
309/326 [===========================>..] - ETA: 13s - loss: 0.4299 - mae: 0.2672 - mse: 0.1343 - ssim_metric: 0.4674
310/326 [===========================>..] - ETA: 12s - loss: 0.4299 - mae: 0.2672 - mse: 0.1343 - ssim_metric: 0.4673
311/326 [===========================>..] - ETA: 12s - loss: 0.4297 - mae: 0.2671 - mse: 0.1342 - ssim_metric: 0.4676
312/326 [===========================>..] - ETA: 11s - loss: 0.4296 - mae: 0.2671 - mse: 0.1342 - ssim_metric: 0.4675
313/326 [===========================>..] - ETA: 10s - loss: 0.4298 - mae: 0.2671 - mse: 0.1343 - ssim_metric: 0.4676
314/326 [===========================>..] - ETA: 9s - loss: 0.4299 - mae: 0.2670 - mse: 0.1343 - ssim_metric: 0.4677 
315/326 [===========================>..] - ETA: 8s - loss: 0.4301 - mae: 0.2671 - mse: 0.1344 - ssim_metric: 0.4676
316/326 [============================>.] - ETA: 8s - loss: 0.4300 - mae: 0.2672 - mse: 0.1344 - ssim_metric: 0.4674
317/326 [============================>.] - ETA: 7s - loss: 0.4299 - mae: 0.2671 - mse: 0.1343 - ssim_metric: 0.4676
318/326 [============================>.] - ETA: 6s - loss: 0.4297 - mae: 0.2670 - mse: 0.1343 - ssim_metric: 0.4676
319/326 [============================>.] - ETA: 5s - loss: 0.4301 - mae: 0.2673 - mse: 0.1344 - ssim_metric: 0.4673
320/326 [============================>.] - ETA: 4s - loss: 0.4302 - mae: 0.2673 - mse: 0.1344 - ssim_metric: 0.4669
321/326 [============================>.] - ETA: 4s - loss: 0.4303 - mae: 0.2675 - mse: 0.1345 - ssim_metric: 0.4668
322/326 [============================>.] - ETA: 3s - loss: 0.4301 - mae: 0.2674 - mse: 0.1344 - ssim_metric: 0.4668
323/326 [============================>.] - ETA: 2s - loss: 0.4300 - mae: 0.2674 - mse: 0.1344 - ssim_metric: 0.4669
324/326 [============================>.] - ETA: 1s - loss: 0.4304 - mae: 0.2675 - mse: 0.1345 - ssim_metric: 0.4666
325/326 [============================>.] - ETA: 0s - loss: 0.4304 - mae: 0.2675 - mse: 0.1345 - ssim_metric: 0.4666
326/326 [==============================] - ETA: 0s - loss: 0.4304 - mae: 0.2676 - mse: 0.1345 - ssim_metric: 0.4667
Epoch 3: saving model to C:\d_surucusu\visual_navigation\benchmark\models_pipeline\20260909_223425\bce_b16\_JOB_bce_b16_10_09_2026__07_13_model_f48_k4_epoch_00003_helu_osigmoid_(1, 1)_.h5

Epoch 3: val_loss improved from 0.40546 to 0.38614, saving model to C:\d_surucusu\visual_navigation\benchmark\models_pipeline\20260909_223425\bce_b16\_JOB_bce_b16_10_09_2026__07_13_best_val_loss_model_f48_k4.h5

Epoch 3: val_mae improved from 0.26746 to 0.24784, saving model to C:\d_surucusu\visual_navigation\benchmark\models_pipeline\20260909_223425\bce_b16\_JOB_bce_b16_10_09_2026__07_13_best_mae_model_f48_k4.h5

Epoch 3: val_ssim_metric did not improve from 0.56049

326/326 [==============================] - 277s 850ms/step - loss: 0.4304 - mae: 0.2676 - mse: 0.1345 - ssim_metric: 0.4667 - val_loss: 0.3861 - val_mae: 0.2478 - val_mse: 0.1179 - val_ssim_metric: 0.4927
Epoch 4/20

  1/326 [..............................] - ETA: 4:37 - loss: 0.4663 - mae: 0.2840 - mse: 0.1502 - ssim_metric: 0.4244
  2/326 [..............................] - ETA: 4:20 - loss: 0.4530 - mae: 0.2767 - mse: 0.1443 - ssim_metric: 0.4527
  3/326 [..............................] - ETA: 4:18 - loss: 0.4720 - mae: 0.2914 - mse: 0.1516 - ssim_metric: 0.4398
  4/326 [..............................] - ETA: 4:17 - loss: 0.4663 - mae: 0.2921 - mse: 0.1498 - ssim_metric: 0.4334
  5/326 [..............................] - ETA: 4:17 - loss: 0.4544 - mae: 0.2890 - mse: 0.1450 - ssim_metric: 0.4387
  6/326 [..............................] - ETA: 4:16 - loss: 0.4534 - mae: 0.2925 - mse: 0.1446 - ssim_metric: 0.4259
  7/326 [..............................] - ETA: 4:15 - loss: 0.4483 - mae: 0.2910 - mse: 0.1427 - ssim_metric: 0.4278
  8/326 [..............................] - ETA: 4:14 - loss: 0.4361 - mae: 0.2843 - mse: 0.1377 - ssim_metric: 0.4336
  9/326 [..............................] - ETA: 4:13 - loss: 0.4243 - mae: 0.2770 - mse: 0.1330 - ssim_metric: 0.4434
 10/326 [..............................] - ETA: 4:13 - loss: 0.4209 - mae: 0.2726 - mse: 0.1316 - ssim_metric: 0.4535
 11/326 [>.............................] - ETA: 4:12 - loss: 0.4260 - mae: 0.2720 - mse: 0.1339 - ssim_metric: 0.4594
 12/326 [>.............................] - ETA: 4:11 - loss: 0.4271 - mae: 0.2692 - mse: 0.1344 - ssim_metric: 0.4659
 13/326 [>.............................] - ETA: 4:10 - loss: 0.4336 - mae: 0.2686 - mse: 0.1366 - ssim_metric: 0.4696
 14/326 [>.............................] - ETA: 4:10 - loss: 0.4455 - mae: 0.2721 - mse: 0.1407 - ssim_metric: 0.4663
 15/326 [>.............................] - ETA: 4:09 - loss: 0.4348 - mae: 0.2665 - mse: 0.1367 - ssim_metric: 0.4755
 16/326 [>.............................] - ETA: 4:08 - loss: 0.4381 - mae: 0.2684 - mse: 0.1381 - ssim_metric: 0.4729
 17/326 [>.............................] - ETA: 4:07 - loss: 0.4367 - mae: 0.2690 - mse: 0.1375 - ssim_metric: 0.4710
 18/326 [>.............................] - ETA: 4:06 - loss: 0.4389 - mae: 0.2719 - mse: 0.1384 - ssim_metric: 0.4647
 19/326 [>.............................] - ETA: 4:06 - loss: 0.4392 - mae: 0.2737 - mse: 0.1386 - ssim_metric: 0.4602
 20/326 [>.............................] - ETA: 4:05 - loss: 0.4360 - mae: 0.2740 - mse: 0.1370 - ssim_metric: 0.4576
 21/326 [>.............................] - ETA: 4:04 - loss: 0.4317 - mae: 0.2725 - mse: 0.1353 - ssim_metric: 0.4571
 22/326 [=>............................] - ETA: 4:03 - loss: 0.4271 - mae: 0.2703 - mse: 0.1336 - ssim_metric: 0.4583
 23/326 [=>............................] - ETA: 4:02 - loss: 0.4222 - mae: 0.2674 - mse: 0.1318 - ssim_metric: 0.4646
 24/326 [=>............................] - ETA: 4:02 - loss: 0.4211 - mae: 0.2657 - mse: 0.1313 - ssim_metric: 0.4678
 25/326 [=>............................] - ETA: 4:01 - loss: 0.4263 - mae: 0.2664 - mse: 0.1332 - ssim_metric: 0.4676
 26/326 [=>............................] - ETA: 4:00 - loss: 0.4280 - mae: 0.2655 - mse: 0.1338 - ssim_metric: 0.4710
 27/326 [=>............................] - ETA: 3:59 - loss: 0.4268 - mae: 0.2639 - mse: 0.1334 - ssim_metric: 0.4748
 28/326 [=>............................] - ETA: 3:58 - loss: 0.4285 - mae: 0.2633 - mse: 0.1338 - ssim_metric: 0.4758
 29/326 [=>............................] - ETA: 3:58 - loss: 0.4269 - mae: 0.2622 - mse: 0.1334 - ssim_metric: 0.4766
 30/326 [=>............................] - ETA: 3:57 - loss: 0.4283 - mae: 0.2627 - mse: 0.1339 - ssim_metric: 0.4754
 31/326 [=>............................] - ETA: 3:56 - loss: 0.4284 - mae: 0.2631 - mse: 0.1340 - ssim_metric: 0.4730
 32/326 [=>............................] - ETA: 3:55 - loss: 0.4296 - mae: 0.2643 - mse: 0.1346 - ssim_metric: 0.4695
 33/326 [==>...........................] - ETA: 3:54 - loss: 0.4268 - mae: 0.2639 - mse: 0.1334 - ssim_metric: 0.4688
 34/326 [==>...........................] - ETA: 3:54 - loss: 0.4280 - mae: 0.2653 - mse: 0.1339 - ssim_metric: 0.4641
 35/326 [==>...........................] - ETA: 3:53 - loss: 0.4261 - mae: 0.2649 - mse: 0.1331 - ssim_metric: 0.4634
 36/326 [==>...........................] - ETA: 3:52 - loss: 0.4266 - mae: 0.2658 - mse: 0.1333 - ssim_metric: 0.4609
 37/326 [==>...........................] - ETA: 3:51 - loss: 0.4240 - mae: 0.2646 - mse: 0.1323 - ssim_metric: 0.4618
 38/326 [==>...........................] - ETA: 3:50 - loss: 0.4221 - mae: 0.2638 - mse: 0.1316 - ssim_metric: 0.4620
 39/326 [==>...........................] - ETA: 3:50 - loss: 0.4219 - mae: 0.2635 - mse: 0.1315 - ssim_metric: 0.4626
 40/326 [==>...........................] - ETA: 3:49 - loss: 0.4203 - mae: 0.2626 - mse: 0.1309 - ssim_metric: 0.4638
 41/326 [==>...........................] - ETA: 3:48 - loss: 0.4184 - mae: 0.2610 - mse: 0.1303 - ssim_metric: 0.4669
 42/326 [==>...........................] - ETA: 3:47 - loss: 0.4145 - mae: 0.2585 - mse: 0.1288 - ssim_metric: 0.4712
 43/326 [==>...........................] - ETA: 3:46 - loss: 0.4145 - mae: 0.2575 - mse: 0.1287 - ssim_metric: 0.4729
 44/326 [===>..........................] - ETA: 3:46 - loss: 0.4157 - mae: 0.2572 - mse: 0.1292 - ssim_metric: 0.4738
 45/326 [===>..........................] - ETA: 3:45 - loss: 0.4187 - mae: 0.2580 - mse: 0.1304 - ssim_metric: 0.4725
 46/326 [===>..........................] - ETA: 3:44 - loss: 0.4188 - mae: 0.2577 - mse: 0.1305 - ssim_metric: 0.4735
 47/326 [===>..........................] - ETA: 3:43 - loss: 0.4174 - mae: 0.2570 - mse: 0.1299 - ssim_metric: 0.4746
 48/326 [===>..........................] - ETA: 3:43 - loss: 0.4143 - mae: 0.2556 - mse: 0.1287 - ssim_metric: 0.4760
 49/326 [===>..........................] - ETA: 3:42 - loss: 0.4174 - mae: 0.2569 - mse: 0.1298 - ssim_metric: 0.4740
 50/326 [===>..........................] - ETA: 3:41 - loss: 0.4170 - mae: 0.2570 - mse: 0.1297 - ssim_metric: 0.4736
 51/326 [===>..........................] - ETA: 3:40 - loss: 0.4155 - mae: 0.2568 - mse: 0.1291 - ssim_metric: 0.4721
 52/326 [===>..........................] - ETA: 3:39 - loss: 0.4158 - mae: 0.2571 - mse: 0.1292 - ssim_metric: 0.4718
 53/326 [===>..........................] - ETA: 3:38 - loss: 0.4155 - mae: 0.2570 - mse: 0.1291 - ssim_metric: 0.4716
 54/326 [===>..........................] - ETA: 3:38 - loss: 0.4157 - mae: 0.2571 - mse: 0.1292 - ssim_metric: 0.4715
 55/326 [====>.........................] - ETA: 3:37 - loss: 0.4158 - mae: 0.2571 - mse: 0.1293 - ssim_metric: 0.4716
 56/326 [====>.........................] - ETA: 3:36 - loss: 0.4155 - mae: 0.2570 - mse: 0.1292 - ssim_metric: 0.4717
 57/326 [====>.........................] - ETA: 3:35 - loss: 0.4144 - mae: 0.2563 - mse: 0.1287 - ssim_metric: 0.4725
 58/326 [====>.........................] - ETA: 3:34 - loss: 0.4159 - mae: 0.2567 - mse: 0.1294 - ssim_metric: 0.4724
 59/326 [====>.........................] - ETA: 3:34 - loss: 0.4165 - mae: 0.2568 - mse: 0.1295 - ssim_metric: 0.4720
 60/326 [====>.........................] - ETA: 3:33 - loss: 0.4178 - mae: 0.2574 - mse: 0.1301 - ssim_metric: 0.4718
 61/326 [====>.........................] - ETA: 3:32 - loss: 0.4159 - mae: 0.2565 - mse: 0.1294 - ssim_metric: 0.4734
 62/326 [====>.........................] - ETA: 3:31 - loss: 0.4147 - mae: 0.2562 - mse: 0.1289 - ssim_metric: 0.4735
 63/326 [====>.........................] - ETA: 3:30 - loss: 0.4154 - mae: 0.2567 - mse: 0.1292 - ssim_metric: 0.4723
 64/326 [====>.........................] - ETA: 3:30 - loss: 0.4144 - mae: 0.2565 - mse: 0.1287 - ssim_metric: 0.4729
 65/326 [====>.........................] - ETA: 3:29 - loss: 0.4131 - mae: 0.2560 - mse: 0.1282 - ssim_metric: 0.4739
 66/326 [=====>........................] - ETA: 3:28 - loss: 0.4142 - mae: 0.2567 - mse: 0.1287 - ssim_metric: 0.4726
 67/326 [=====>........................] - ETA: 3:27 - loss: 0.4141 - mae: 0.2569 - mse: 0.1287 - ssim_metric: 0.4720
 68/326 [=====>........................] - ETA: 3:26 - loss: 0.4140 - mae: 0.2567 - mse: 0.1287 - ssim_metric: 0.4717
 69/326 [=====>........................] - ETA: 3:26 - loss: 0.4142 - mae: 0.2568 - mse: 0.1288 - ssim_metric: 0.4714
 70/326 [=====>........................] - ETA: 3:25 - loss: 0.4142 - mae: 0.2567 - mse: 0.1288 - ssim_metric: 0.4716
 71/326 [=====>........................] - ETA: 3:24 - loss: 0.4141 - mae: 0.2564 - mse: 0.1288 - ssim_metric: 0.4720
 72/326 [=====>........................] - ETA: 3:23 - loss: 0.4162 - mae: 0.2570 - mse: 0.1295 - ssim_metric: 0.4713
 73/326 [=====>........................] - ETA: 3:22 - loss: 0.4163 - mae: 0.2569 - mse: 0.1295 - ssim_metric: 0.4716
 74/326 [=====>........................] - ETA: 3:22 - loss: 0.4157 - mae: 0.2567 - mse: 0.1293 - ssim_metric: 0.4716
 75/326 [=====>........................] - ETA: 3:21 - loss: 0.4148 - mae: 0.2563 - mse: 0.1290 - ssim_metric: 0.4719
 76/326 [=====>........................] - ETA: 3:20 - loss: 0.4134 - mae: 0.2556 - mse: 0.1284 - ssim_metric: 0.4725
 77/326 [======>.......................] - ETA: 3:19 - loss: 0.4140 - mae: 0.2562 - mse: 0.1287 - ssim_metric: 0.4715
 78/326 [======>.......................] - ETA: 3:18 - loss: 0.4138 - mae: 0.2562 - mse: 0.1286 - ssim_metric: 0.4716
 79/326 [======>.......................] - ETA: 3:18 - loss: 0.4146 - mae: 0.2566 - mse: 0.1289 - ssim_metric: 0.4711
 80/326 [======>.......................] - ETA: 3:17 - loss: 0.4154 - mae: 0.2568 - mse: 0.1292 - ssim_metric: 0.4712
 81/326 [======>.......................] - ETA: 3:16 - loss: 0.4150 - mae: 0.2567 - mse: 0.1291 - ssim_metric: 0.4714
 82/326 [======>.......................] - ETA: 3:15 - loss: 0.4152 - mae: 0.2569 - mse: 0.1292 - ssim_metric: 0.4713
 83/326 [======>.......................] - ETA: 3:14 - loss: 0.4149 - mae: 0.2569 - mse: 0.1291 - ssim_metric: 0.4709
 84/326 [======>.......................] - ETA: 3:14 - loss: 0.4154 - mae: 0.2573 - mse: 0.1293 - ssim_metric: 0.4705
 85/326 [======>.......................] - ETA: 3:13 - loss: 0.4143 - mae: 0.2569 - mse: 0.1289 - ssim_metric: 0.4710
 86/326 [======>.......................] - ETA: 3:12 - loss: 0.4144 - mae: 0.2571 - mse: 0.1289 - ssim_metric: 0.4708
 87/326 [=======>......................] - ETA: 3:11 - loss: 0.4139 - mae: 0.2569 - mse: 0.1287 - ssim_metric: 0.4710
 88/326 [=======>......................] - ETA: 3:10 - loss: 0.4130 - mae: 0.2565 - mse: 0.1284 - ssim_metric: 0.4711
 89/326 [=======>......................] - ETA: 3:10 - loss: 0.4124 - mae: 0.2561 - mse: 0.1282 - ssim_metric: 0.4716
 90/326 [=======>......................] - ETA: 3:09 - loss: 0.4134 - mae: 0.2564 - mse: 0.1286 - ssim_metric: 0.4711
 91/326 [=======>......................] - ETA: 3:08 - loss: 0.4133 - mae: 0.2562 - mse: 0.1285 - ssim_metric: 0.4716
 92/326 [=======>......................] - ETA: 3:07 - loss: 0.4131 - mae: 0.2560 - mse: 0.1284 - ssim_metric: 0.4717
 93/326 [=======>......................] - ETA: 3:06 - loss: 0.4135 - mae: 0.2560 - mse: 0.1286 - ssim_metric: 0.4721
 94/326 [=======>......................] - ETA: 3:06 - loss: 0.4141 - mae: 0.2559 - mse: 0.1288 - ssim_metric: 0.4724
 95/326 [=======>......................] - ETA: 3:05 - loss: 0.4151 - mae: 0.2562 - mse: 0.1292 - ssim_metric: 0.4720
 96/326 [=======>......................] - ETA: 3:04 - loss: 0.4147 - mae: 0.2561 - mse: 0.1290 - ssim_metric: 0.4719
 97/326 [=======>......................] - ETA: 3:03 - loss: 0.4147 - mae: 0.2563 - mse: 0.1290 - ssim_metric: 0.4715
 98/326 [========>.....................] - ETA: 3:02 - loss: 0.4139 - mae: 0.2562 - mse: 0.1287 - ssim_metric: 0.4715
 99/326 [========>.....................] - ETA: 3:02 - loss: 0.4135 - mae: 0.2561 - mse: 0.1286 - ssim_metric: 0.4714
100/326 [========>.....................] - ETA: 3:01 - loss: 0.4135 - mae: 0.2562 - mse: 0.1286 - ssim_metric: 0.4712
101/326 [========>.....................] - ETA: 3:00 - loss: 0.4129 - mae: 0.2560 - mse: 0.1284 - ssim_metric: 0.4712
102/326 [========>.....................] - ETA: 2:59 - loss: 0.4122 - mae: 0.2557 - mse: 0.1281 - ssim_metric: 0.4716
103/326 [========>.....................] - ETA: 2:58 - loss: 0.4134 - mae: 0.2561 - mse: 0.1285 - ssim_metric: 0.4710
104/326 [========>.....................] - ETA: 2:58 - loss: 0.4133 - mae: 0.2560 - mse: 0.1284 - ssim_metric: 0.4714
105/326 [========>.....................] - ETA: 2:57 - loss: 0.4127 - mae: 0.2556 - mse: 0.1283 - ssim_metric: 0.4717
106/326 [========>.....................] - ETA: 2:56 - loss: 0.4118 - mae: 0.2552 - mse: 0.1279 - ssim_metric: 0.4726
107/326 [========>.....................] - ETA: 2:55 - loss: 0.4116 - mae: 0.2550 - mse: 0.1279 - ssim_metric: 0.4730
108/326 [========>.....................] - ETA: 2:54 - loss: 0.4132 - mae: 0.2555 - mse: 0.1284 - ssim_metric: 0.4727
109/326 [=========>....................] - ETA: 2:54 - loss: 0.4128 - mae: 0.2551 - mse: 0.1282 - ssim_metric: 0.4734
110/326 [=========>....................] - ETA: 2:53 - loss: 0.4135 - mae: 0.2554 - mse: 0.1285 - ssim_metric: 0.4731
111/326 [=========>....................] - ETA: 2:52 - loss: 0.4130 - mae: 0.2552 - mse: 0.1283 - ssim_metric: 0.4736
112/326 [=========>....................] - ETA: 2:51 - loss: 0.4131 - mae: 0.2553 - mse: 0.1284 - ssim_metric: 0.4735
113/326 [=========>....................] - ETA: 2:50 - loss: 0.4129 - mae: 0.2552 - mse: 0.1283 - ssim_metric: 0.4737
114/326 [=========>....................] - ETA: 2:50 - loss: 0.4126 - mae: 0.2553 - mse: 0.1282 - ssim_metric: 0.4737
115/326 [=========>....................] - ETA: 2:49 - loss: 0.4129 - mae: 0.2555 - mse: 0.1283 - ssim_metric: 0.4734
116/326 [=========>....................] - ETA: 2:48 - loss: 0.4129 - mae: 0.2556 - mse: 0.1283 - ssim_metric: 0.4731
117/326 [=========>....................] - ETA: 2:47 - loss: 0.4134 - mae: 0.2558 - mse: 0.1285 - ssim_metric: 0.4730
118/326 [=========>....................] - ETA: 2:46 - loss: 0.4128 - mae: 0.2555 - mse: 0.1283 - ssim_metric: 0.4740
119/326 [=========>....................] - ETA: 2:46 - loss: 0.4124 - mae: 0.2553 - mse: 0.1281 - ssim_metric: 0.4744
120/326 [==========>...................] - ETA: 2:45 - loss: 0.4121 - mae: 0.2552 - mse: 0.1280 - ssim_metric: 0.4748
121/326 [==========>...................] - ETA: 2:44 - loss: 0.4115 - mae: 0.2549 - mse: 0.1278 - ssim_metric: 0.4754
122/326 [==========>...................] - ETA: 2:43 - loss: 0.4119 - mae: 0.2549 - mse: 0.1279 - ssim_metric: 0.4757
123/326 [==========>...................] - ETA: 2:42 - loss: 0.4122 - mae: 0.2550 - mse: 0.1281 - ssim_metric: 0.4754
124/326 [==========>...................] - ETA: 2:42 - loss: 0.4127 - mae: 0.2553 - mse: 0.1283 - ssim_metric: 0.4747
125/326 [==========>...................] - ETA: 2:41 - loss: 0.4127 - mae: 0.2552 - mse: 0.1282 - ssim_metric: 0.4748
126/326 [==========>...................] - ETA: 2:40 - loss: 0.4122 - mae: 0.2550 - mse: 0.1280 - ssim_metric: 0.4748
127/326 [==========>...................] - ETA: 2:39 - loss: 0.4118 - mae: 0.2549 - mse: 0.1279 - ssim_metric: 0.4750
128/326 [==========>...................] - ETA: 2:38 - loss: 0.4112 - mae: 0.2546 - mse: 0.1277 - ssim_metric: 0.4753
129/326 [==========>...................] - ETA: 2:38 - loss: 0.4112 - mae: 0.2546 - mse: 0.1276 - ssim_metric: 0.4758
130/326 [==========>...................] - ETA: 2:37 - loss: 0.4123 - mae: 0.2550 - mse: 0.1281 - ssim_metric: 0.4752
131/326 [===========>..................] - ETA: 2:36 - loss: 0.4125 - mae: 0.2550 - mse: 0.1281 - ssim_metric: 0.4755
132/326 [===========>..................] - ETA: 2:35 - loss: 0.4125 - mae: 0.2549 - mse: 0.1281 - ssim_metric: 0.4758
133/326 [===========>..................] - ETA: 2:34 - loss: 0.4123 - mae: 0.2549 - mse: 0.1281 - ssim_metric: 0.4758
134/326 [===========>..................] - ETA: 2:33 - loss: 0.4128 - mae: 0.2551 - mse: 0.1283 - ssim_metric: 0.4755
135/326 [===========>..................] - ETA: 2:33 - loss: 0.4132 - mae: 0.2554 - mse: 0.1284 - ssim_metric: 0.4748
136/326 [===========>..................] - ETA: 2:32 - loss: 0.4134 - mae: 0.2557 - mse: 0.1285 - ssim_metric: 0.4741
137/326 [===========>..................] - ETA: 2:31 - loss: 0.4132 - mae: 0.2558 - mse: 0.1284 - ssim_metric: 0.4737
138/326 [===========>..................] - ETA: 2:30 - loss: 0.4135 - mae: 0.2561 - mse: 0.1286 - ssim_metric: 0.4727
139/326 [===========>..................] - ETA: 2:29 - loss: 0.4134 - mae: 0.2563 - mse: 0.1285 - ssim_metric: 0.4722
140/326 [===========>..................] - ETA: 2:29 - loss: 0.4136 - mae: 0.2564 - mse: 0.1286 - ssim_metric: 0.4720
141/326 [===========>..................] - ETA: 2:28 - loss: 0.4138 - mae: 0.2565 - mse: 0.1287 - ssim_metric: 0.4719
142/326 [============>.................] - ETA: 2:27 - loss: 0.4134 - mae: 0.2563 - mse: 0.1286 - ssim_metric: 0.4723
143/326 [============>.................] - ETA: 2:26 - loss: 0.4137 - mae: 0.2565 - mse: 0.1287 - ssim_metric: 0.4721
144/326 [============>.................] - ETA: 2:25 - loss: 0.4136 - mae: 0.2564 - mse: 0.1286 - ssim_metric: 0.4721
145/326 [============>.................] - ETA: 2:25 - loss: 0.4133 - mae: 0.2563 - mse: 0.1285 - ssim_metric: 0.4725
146/326 [============>.................] - ETA: 2:24 - loss: 0.4131 - mae: 0.2561 - mse: 0.1285 - ssim_metric: 0.4728
147/326 [============>.................] - ETA: 2:23 - loss: 0.4138 - mae: 0.2564 - mse: 0.1287 - ssim_metric: 0.4725
148/326 [============>.................] - ETA: 2:22 - loss: 0.4133 - mae: 0.2562 - mse: 0.1285 - ssim_metric: 0.4729
149/326 [============>.................] - ETA: 2:21 - loss: 0.4137 - mae: 0.2564 - mse: 0.1287 - ssim_metric: 0.4724
150/326 [============>.................] - ETA: 2:21 - loss: 0.4135 - mae: 0.2564 - mse: 0.1286 - ssim_metric: 0.4723
151/326 [============>.................] - ETA: 2:20 - loss: 0.4141 - mae: 0.2568 - mse: 0.1289 - ssim_metric: 0.4717
152/326 [============>.................] - ETA: 2:19 - loss: 0.4146 - mae: 0.2569 - mse: 0.1291 - ssim_metric: 0.4716
153/326 [=============>................] - ETA: 2:18 - loss: 0.4142 - mae: 0.2568 - mse: 0.1289 - ssim_metric: 0.4716
154/326 [=============>................] - ETA: 2:17 - loss: 0.4140 - mae: 0.2567 - mse: 0.1288 - ssim_metric: 0.4716
155/326 [=============>................] - ETA: 2:17 - loss: 0.4140 - mae: 0.2567 - mse: 0.1289 - ssim_metric: 0.4716
156/326 [=============>................] - ETA: 2:16 - loss: 0.4137 - mae: 0.2566 - mse: 0.1287 - ssim_metric: 0.4718
157/326 [=============>................] - ETA: 2:15 - loss: 0.4138 - mae: 0.2566 - mse: 0.1288 - ssim_metric: 0.4717
158/326 [=============>................] - ETA: 2:14 - loss: 0.4146 - mae: 0.2568 - mse: 0.1290 - ssim_metric: 0.4718
159/326 [=============>................] - ETA: 2:13 - loss: 0.4149 - mae: 0.2568 - mse: 0.1291 - ssim_metric: 0.4719
160/326 [=============>................] - ETA: 2:13 - loss: 0.4147 - mae: 0.2567 - mse: 0.1291 - ssim_metric: 0.4720
161/326 [=============>................] - ETA: 2:12 - loss: 0.4150 - mae: 0.2569 - mse: 0.1292 - ssim_metric: 0.4716
162/326 [=============>................] - ETA: 2:11 - loss: 0.4147 - mae: 0.2569 - mse: 0.1291 - ssim_metric: 0.4714
163/326 [==============>...............] - ETA: 2:10 - loss: 0.4143 - mae: 0.2568 - mse: 0.1290 - ssim_metric: 0.4713
164/326 [==============>...............] - ETA: 2:09 - loss: 0.4142 - mae: 0.2568 - mse: 0.1289 - ssim_metric: 0.4713
165/326 [==============>...............] - ETA: 2:09 - loss: 0.4143 - mae: 0.2569 - mse: 0.1290 - ssim_metric: 0.4712
166/326 [==============>...............] - ETA: 2:08 - loss: 0.4147 - mae: 0.2571 - mse: 0.1291 - ssim_metric: 0.4708
167/326 [==============>...............] - ETA: 2:07 - loss: 0.4146 - mae: 0.2572 - mse: 0.1291 - ssim_metric: 0.4706
168/326 [==============>...............] - ETA: 2:06 - loss: 0.4150 - mae: 0.2574 - mse: 0.1293 - ssim_metric: 0.4704
169/326 [==============>...............] - ETA: 2:05 - loss: 0.4146 - mae: 0.2572 - mse: 0.1291 - ssim_metric: 0.4706
170/326 [==============>...............] - ETA: 2:05 - loss: 0.4148 - mae: 0.2574 - mse: 0.1292 - ssim_metric: 0.4705
171/326 [==============>...............] - ETA: 2:04 - loss: 0.4146 - mae: 0.2572 - mse: 0.1292 - ssim_metric: 0.4706
172/326 [==============>...............] - ETA: 2:03 - loss: 0.4142 - mae: 0.2570 - mse: 0.1290 - ssim_metric: 0.4711
173/326 [==============>...............] - ETA: 2:02 - loss: 0.4144 - mae: 0.2571 - mse: 0.1291 - ssim_metric: 0.4710
174/326 [===============>..............] - ETA: 2:01 - loss: 0.4143 - mae: 0.2570 - mse: 0.1290 - ssim_metric: 0.4708
175/326 [===============>..............] - ETA: 2:01 - loss: 0.4144 - mae: 0.2571 - mse: 0.1291 - ssim_metric: 0.4706
176/326 [===============>..............] - ETA: 2:00 - loss: 0.4145 - mae: 0.2571 - mse: 0.1291 - ssim_metric: 0.4706
177/326 [===============>..............] - ETA: 1:59 - loss: 0.4146 - mae: 0.2571 - mse: 0.1292 - ssim_metric: 0.4706
178/326 [===============>..............] - ETA: 1:58 - loss: 0.4154 - mae: 0.2575 - mse: 0.1295 - ssim_metric: 0.4701
179/326 [===============>..............] - ETA: 1:57 - loss: 0.4155 - mae: 0.2577 - mse: 0.1296 - ssim_metric: 0.4698
180/326 [===============>..............] - ETA: 1:57 - loss: 0.4155 - mae: 0.2578 - mse: 0.1296 - ssim_metric: 0.4693
181/326 [===============>..............] - ETA: 1:56 - loss: 0.4161 - mae: 0.2583 - mse: 0.1298 - ssim_metric: 0.4685
182/326 [===============>..............] - ETA: 1:55 - loss: 0.4161 - mae: 0.2585 - mse: 0.1298 - ssim_metric: 0.4679
183/326 [===============>..............] - ETA: 1:54 - loss: 0.4160 - mae: 0.2586 - mse: 0.1298 - ssim_metric: 0.4677
184/326 [===============>..............] - ETA: 1:53 - loss: 0.4160 - mae: 0.2587 - mse: 0.1298 - ssim_metric: 0.4676
185/326 [================>.............] - ETA: 1:53 - loss: 0.4161 - mae: 0.2588 - mse: 0.1298 - ssim_metric: 0.4674
186/326 [================>.............] - ETA: 1:52 - loss: 0.4168 - mae: 0.2592 - mse: 0.1301 - ssim_metric: 0.4669
187/326 [================>.............] - ETA: 1:51 - loss: 0.4173 - mae: 0.2594 - mse: 0.1303 - ssim_metric: 0.4668
188/326 [================>.............] - ETA: 1:50 - loss: 0.4177 - mae: 0.2594 - mse: 0.1304 - ssim_metric: 0.4672
189/326 [================>.............] - ETA: 1:49 - loss: 0.4174 - mae: 0.2593 - mse: 0.1302 - ssim_metric: 0.4675
190/326 [================>.............] - ETA: 1:49 - loss: 0.4172 - mae: 0.2593 - mse: 0.1301 - ssim_metric: 0.4674
191/326 [================>.............] - ETA: 1:48 - loss: 0.4171 - mae: 0.2593 - mse: 0.1301 - ssim_metric: 0.4672
192/326 [================>.............] - ETA: 1:47 - loss: 0.4169 - mae: 0.2592 - mse: 0.1300 - ssim_metric: 0.4675
193/326 [================>.............] - ETA: 1:46 - loss: 0.4170 - mae: 0.2593 - mse: 0.1301 - ssim_metric: 0.4675
194/326 [================>.............] - ETA: 1:45 - loss: 0.4165 - mae: 0.2590 - mse: 0.1299 - ssim_metric: 0.4679
195/326 [================>.............] - ETA: 1:45 - loss: 0.4168 - mae: 0.2590 - mse: 0.1300 - ssim_metric: 0.4681
196/326 [=================>............] - ETA: 1:44 - loss: 0.4172 - mae: 0.2591 - mse: 0.1301 - ssim_metric: 0.4681
197/326 [=================>............] - ETA: 1:43 - loss: 0.4170 - mae: 0.2589 - mse: 0.1300 - ssim_metric: 0.4686
198/326 [=================>............] - ETA: 1:42 - loss: 0.4169 - mae: 0.2588 - mse: 0.1300 - ssim_metric: 0.4690
199/326 [=================>............] - ETA: 1:41 - loss: 0.4169 - mae: 0.2587 - mse: 0.1300 - ssim_metric: 0.4691
200/326 [=================>............] - ETA: 1:41 - loss: 0.4168 - mae: 0.2586 - mse: 0.1300 - ssim_metric: 0.4692
201/326 [=================>............] - ETA: 1:40 - loss: 0.4167 - mae: 0.2586 - mse: 0.1299 - ssim_metric: 0.4693
202/326 [=================>............] - ETA: 1:39 - loss: 0.4171 - mae: 0.2587 - mse: 0.1301 - ssim_metric: 0.4695
203/326 [=================>............] - ETA: 1:38 - loss: 0.4176 - mae: 0.2589 - mse: 0.1302 - ssim_metric: 0.4691
204/326 [=================>............] - ETA: 1:37 - loss: 0.4174 - mae: 0.2589 - mse: 0.1302 - ssim_metric: 0.4691
205/326 [=================>............] - ETA: 1:37 - loss: 0.4171 - mae: 0.2588 - mse: 0.1300 - ssim_metric: 0.4691
206/326 [=================>............] - ETA: 1:36 - loss: 0.4170 - mae: 0.2588 - mse: 0.1300 - ssim_metric: 0.4690
207/326 [==================>...........] - ETA: 1:35 - loss: 0.4169 - mae: 0.2588 - mse: 0.1300 - ssim_metric: 0.4691
208/326 [==================>...........] - ETA: 1:34 - loss: 0.4168 - mae: 0.2588 - mse: 0.1299 - ssim_metric: 0.4691
209/326 [==================>...........] - ETA: 1:33 - loss: 0.4168 - mae: 0.2589 - mse: 0.1300 - ssim_metric: 0.4692
210/326 [==================>...........] - ETA: 1:33 - loss: 0.4171 - mae: 0.2590 - mse: 0.1301 - ssim_metric: 0.4690
211/326 [==================>...........] - ETA: 1:32 - loss: 0.4170 - mae: 0.2589 - mse: 0.1300 - ssim_metric: 0.4695
212/326 [==================>...........] - ETA: 1:31 - loss: 0.4169 - mae: 0.2588 - mse: 0.1300 - ssim_metric: 0.4696
213/326 [==================>...........] - ETA: 1:30 - loss: 0.4166 - mae: 0.2587 - mse: 0.1299 - ssim_metric: 0.4699
214/326 [==================>...........] - ETA: 1:29 - loss: 0.4168 - mae: 0.2587 - mse: 0.1300 - ssim_metric: 0.4698
215/326 [==================>...........] - ETA: 1:29 - loss: 0.4168 - mae: 0.2587 - mse: 0.1300 - ssim_metric: 0.4698
216/326 [==================>...........] - ETA: 1:28 - loss: 0.4166 - mae: 0.2586 - mse: 0.1299 - ssim_metric: 0.4701
217/326 [==================>...........] - ETA: 1:27 - loss: 0.4167 - mae: 0.2586 - mse: 0.1299 - ssim_metric: 0.4701
218/326 [===================>..........] - ETA: 1:26 - loss: 0.4167 - mae: 0.2586 - mse: 0.1300 - ssim_metric: 0.4700
219/326 [===================>..........] - ETA: 1:25 - loss: 0.4167 - mae: 0.2586 - mse: 0.1300 - ssim_metric: 0.4699
220/326 [===================>..........] - ETA: 1:25 - loss: 0.4170 - mae: 0.2588 - mse: 0.1300 - ssim_metric: 0.4695
221/326 [===================>..........] - ETA: 1:24 - loss: 0.4171 - mae: 0.2590 - mse: 0.1301 - ssim_metric: 0.4691
222/326 [===================>..........] - ETA: 1:23 - loss: 0.4173 - mae: 0.2592 - mse: 0.1302 - ssim_metric: 0.4687
223/326 [===================>..........] - ETA: 1:22 - loss: 0.4171 - mae: 0.2592 - mse: 0.1301 - ssim_metric: 0.4687
224/326 [===================>..........] - ETA: 1:21 - loss: 0.4173 - mae: 0.2593 - mse: 0.1302 - ssim_metric: 0.4684
225/326 [===================>..........] - ETA: 1:21 - loss: 0.4175 - mae: 0.2594 - mse: 0.1303 - ssim_metric: 0.4681
226/326 [===================>..........] - ETA: 1:20 - loss: 0.4175 - mae: 0.2594 - mse: 0.1303 - ssim_metric: 0.4681
227/326 [===================>..........] - ETA: 1:19 - loss: 0.4173 - mae: 0.2593 - mse: 0.1302 - ssim_metric: 0.4684
228/326 [===================>..........] - ETA: 1:18 - loss: 0.4172 - mae: 0.2592 - mse: 0.1302 - ssim_metric: 0.4686
229/326 [====================>.........] - ETA: 1:17 - loss: 0.4176 - mae: 0.2594 - mse: 0.1303 - ssim_metric: 0.4683
230/326 [====================>.........] - ETA: 1:16 - loss: 0.4175 - mae: 0.2594 - mse: 0.1303 - ssim_metric: 0.4682
231/326 [====================>.........] - ETA: 1:16 - loss: 0.4174 - mae: 0.2593 - mse: 0.1302 - ssim_metric: 0.4682
232/326 [====================>.........] - ETA: 1:15 - loss: 0.4172 - mae: 0.2593 - mse: 0.1302 - ssim_metric: 0.4682
233/326 [====================>.........] - ETA: 1:14 - loss: 0.4172 - mae: 0.2593 - mse: 0.1302 - ssim_metric: 0.4683
234/326 [====================>.........] - ETA: 1:13 - loss: 0.4175 - mae: 0.2594 - mse: 0.1303 - ssim_metric: 0.4679
235/326 [====================>.........] - ETA: 1:12 - loss: 0.4174 - mae: 0.2594 - mse: 0.1303 - ssim_metric: 0.4679
236/326 [====================>.........] - ETA: 1:12 - loss: 0.4169 - mae: 0.2592 - mse: 0.1301 - ssim_metric: 0.4682
237/326 [====================>.........] - ETA: 1:11 - loss: 0.4166 - mae: 0.2590 - mse: 0.1300 - ssim_metric: 0.4687
238/326 [====================>.........] - ETA: 1:10 - loss: 0.4167 - mae: 0.2590 - mse: 0.1300 - ssim_metric: 0.4687
239/326 [====================>.........] - ETA: 1:09 - loss: 0.4162 - mae: 0.2586 - mse: 0.1298 - ssim_metric: 0.4693
240/326 [=====================>........] - ETA: 1:08 - loss: 0.4161 - mae: 0.2585 - mse: 0.1298 - ssim_metric: 0.4696
241/326 [=====================>........] - ETA: 1:08 - loss: 0.4160 - mae: 0.2584 - mse: 0.1298 - ssim_metric: 0.4696
242/326 [=====================>........] - ETA: 1:07 - loss: 0.4155 - mae: 0.2581 - mse: 0.1296 - ssim_metric: 0.4701
243/326 [=====================>........] - ETA: 1:06 - loss: 0.4155 - mae: 0.2580 - mse: 0.1296 - ssim_metric: 0.4704
244/326 [=====================>........] - ETA: 1:05 - loss: 0.4155 - mae: 0.2580 - mse: 0.1296 - ssim_metric: 0.4704
245/326 [=====================>........] - ETA: 1:04 - loss: 0.4156 - mae: 0.2580 - mse: 0.1296 - ssim_metric: 0.4703
246/326 [=====================>........] - ETA: 1:04 - loss: 0.4154 - mae: 0.2579 - mse: 0.1295 - ssim_metric: 0.4705
247/326 [=====================>........] - ETA: 1:03 - loss: 0.4153 - mae: 0.2579 - mse: 0.1295 - ssim_metric: 0.4704
248/326 [=====================>........] - ETA: 1:02 - loss: 0.4156 - mae: 0.2580 - mse: 0.1296 - ssim_metric: 0.4703
249/326 [=====================>........] - ETA: 1:01 - loss: 0.4159 - mae: 0.2582 - mse: 0.1297 - ssim_metric: 0.4700
250/326 [======================>.......] - ETA: 1:00 - loss: 0.4157 - mae: 0.2582 - mse: 0.1297 - ssim_metric: 0.4699
251/326 [======================>.......] - ETA: 1:00 - loss: 0.4155 - mae: 0.2582 - mse: 0.1296 - ssim_metric: 0.4698
252/326 [======================>.......] - ETA: 59s - loss: 0.4151 - mae: 0.2580 - mse: 0.1295 - ssim_metric: 0.4700 
253/326 [======================>.......] - ETA: 58s - loss: 0.4156 - mae: 0.2581 - mse: 0.1296 - ssim_metric: 0.4698
254/326 [======================>.......] - ETA: 57s - loss: 0.4156 - mae: 0.2582 - mse: 0.1296 - ssim_metric: 0.4699
255/326 [======================>.......] - ETA: 56s - loss: 0.4153 - mae: 0.2581 - mse: 0.1295 - ssim_metric: 0.4700
256/326 [======================>.......] - ETA: 56s - loss: 0.4155 - mae: 0.2581 - mse: 0.1296 - ssim_metric: 0.4700
257/326 [======================>.......] - ETA: 55s - loss: 0.4155 - mae: 0.2581 - mse: 0.1296 - ssim_metric: 0.4700
258/326 [======================>.......] - ETA: 54s - loss: 0.4158 - mae: 0.2582 - mse: 0.1297 - ssim_metric: 0.4699
259/326 [======================>.......] - ETA: 53s - loss: 0.4160 - mae: 0.2583 - mse: 0.1298 - ssim_metric: 0.4697
260/326 [======================>.......] - ETA: 52s - loss: 0.4157 - mae: 0.2581 - mse: 0.1297 - ssim_metric: 0.4697
261/326 [=======================>......] - ETA: 52s - loss: 0.4158 - mae: 0.2582 - mse: 0.1297 - ssim_metric: 0.4696
262/326 [=======================>......] - ETA: 51s - loss: 0.4154 - mae: 0.2580 - mse: 0.1296 - ssim_metric: 0.4696
263/326 [=======================>......] - ETA: 50s - loss: 0.4158 - mae: 0.2582 - mse: 0.1297 - ssim_metric: 0.4693
264/326 [=======================>......] - ETA: 49s - loss: 0.4159 - mae: 0.2583 - mse: 0.1298 - ssim_metric: 0.4692
265/326 [=======================>......] - ETA: 48s - loss: 0.4159 - mae: 0.2584 - mse: 0.1298 - ssim_metric: 0.4690
266/326 [=======================>......] - ETA: 48s - loss: 0.4161 - mae: 0.2585 - mse: 0.1298 - ssim_metric: 0.4687
267/326 [=======================>......] - ETA: 47s - loss: 0.4162 - mae: 0.2586 - mse: 0.1299 - ssim_metric: 0.4684
268/326 [=======================>......] - ETA: 46s - loss: 0.4162 - mae: 0.2587 - mse: 0.1299 - ssim_metric: 0.4682
269/326 [=======================>......] - ETA: 45s - loss: 0.4161 - mae: 0.2587 - mse: 0.1299 - ssim_metric: 0.4682
270/326 [=======================>......] - ETA: 44s - loss: 0.4163 - mae: 0.2588 - mse: 0.1299 - ssim_metric: 0.4681
271/326 [=======================>......] - ETA: 44s - loss: 0.4164 - mae: 0.2588 - mse: 0.1300 - ssim_metric: 0.4681
272/326 [========================>.....] - ETA: 43s - loss: 0.4163 - mae: 0.2588 - mse: 0.1299 - ssim_metric: 0.4682
273/326 [========================>.....] - ETA: 42s - loss: 0.4160 - mae: 0.2586 - mse: 0.1298 - ssim_metric: 0.4685
274/326 [========================>.....] - ETA: 41s - loss: 0.4161 - mae: 0.2587 - mse: 0.1299 - ssim_metric: 0.4684
275/326 [========================>.....] - ETA: 40s - loss: 0.4162 - mae: 0.2586 - mse: 0.1299 - ssim_metric: 0.4687
276/326 [========================>.....] - ETA: 40s - loss: 0.4163 - mae: 0.2587 - mse: 0.1299 - ssim_metric: 0.4686
277/326 [========================>.....] - ETA: 39s - loss: 0.4165 - mae: 0.2588 - mse: 0.1300 - ssim_metric: 0.4683
278/326 [========================>.....] - ETA: 38s - loss: 0.4164 - mae: 0.2588 - mse: 0.1300 - ssim_metric: 0.4683
279/326 [========================>.....] - ETA: 37s - loss: 0.4162 - mae: 0.2587 - mse: 0.1299 - ssim_metric: 0.4685
280/326 [========================>.....] - ETA: 36s - loss: 0.4161 - mae: 0.2587 - mse: 0.1299 - ssim_metric: 0.4683
281/326 [========================>.....] - ETA: 36s - loss: 0.4162 - mae: 0.2588 - mse: 0.1299 - ssim_metric: 0.4681
282/326 [========================>.....] - ETA: 35s - loss: 0.4163 - mae: 0.2588 - mse: 0.1300 - ssim_metric: 0.4682
283/326 [=========================>....] - ETA: 34s - loss: 0.4168 - mae: 0.2590 - mse: 0.1301 - ssim_metric: 0.4680
284/326 [=========================>....] - ETA: 33s - loss: 0.4167 - mae: 0.2590 - mse: 0.1301 - ssim_metric: 0.4679
285/326 [=========================>....] - ETA: 32s - loss: 0.4169 - mae: 0.2592 - mse: 0.1302 - ssim_metric: 0.4676
286/326 [=========================>....] - ETA: 32s - loss: 0.4169 - mae: 0.2593 - mse: 0.1302 - ssim_metric: 0.4675
287/326 [=========================>....] - ETA: 31s - loss: 0.4172 - mae: 0.2594 - mse: 0.1303 - ssim_metric: 0.4672
288/326 [=========================>....] - ETA: 30s - loss: 0.4175 - mae: 0.2596 - mse: 0.1304 - ssim_metric: 0.4669
289/326 [=========================>....] - ETA: 29s - loss: 0.4176 - mae: 0.2597 - mse: 0.1304 - ssim_metric: 0.4667
290/326 [=========================>....] - ETA: 28s - loss: 0.4178 - mae: 0.2598 - mse: 0.1306 - ssim_metric: 0.4665
291/326 [=========================>....] - ETA: 28s - loss: 0.4179 - mae: 0.2599 - mse: 0.1306 - ssim_metric: 0.4663
292/326 [=========================>....] - ETA: 27s - loss: 0.4177 - mae: 0.2598 - mse: 0.1305 - ssim_metric: 0.4662
293/326 [=========================>....] - ETA: 26s - loss: 0.4175 - mae: 0.2598 - mse: 0.1304 - ssim_metric: 0.4663
294/326 [==========================>...] - ETA: 25s - loss: 0.4177 - mae: 0.2599 - mse: 0.1305 - ssim_metric: 0.4661
295/326 [==========================>...] - ETA: 24s - loss: 0.4178 - mae: 0.2599 - mse: 0.1305 - ssim_metric: 0.4661
296/326 [==========================>...] - ETA: 24s - loss: 0.4176 - mae: 0.2598 - mse: 0.1305 - ssim_metric: 0.4663
297/326 [==========================>...] - ETA: 23s - loss: 0.4178 - mae: 0.2599 - mse: 0.1305 - ssim_metric: 0.4663
298/326 [==========================>...] - ETA: 22s - loss: 0.4173 - mae: 0.2596 - mse: 0.1304 - ssim_metric: 0.4666
299/326 [==========================>...] - ETA: 21s - loss: 0.4171 - mae: 0.2595 - mse: 0.1303 - ssim_metric: 0.4669
300/326 [==========================>...] - ETA: 20s - loss: 0.4172 - mae: 0.2595 - mse: 0.1303 - ssim_metric: 0.4670
301/326 [==========================>...] - ETA: 20s - loss: 0.4169 - mae: 0.2593 - mse: 0.1302 - ssim_metric: 0.4673
302/326 [==========================>...] - ETA: 19s - loss: 0.4172 - mae: 0.2594 - mse: 0.1303 - ssim_metric: 0.4670
303/326 [==========================>...] - ETA: 18s - loss: 0.4172 - mae: 0.2594 - mse: 0.1303 - ssim_metric: 0.4669
304/326 [==========================>...] - ETA: 17s - loss: 0.4173 - mae: 0.2595 - mse: 0.1304 - ssim_metric: 0.4668
305/326 [===========================>..] - ETA: 16s - loss: 0.4173 - mae: 0.2595 - mse: 0.1304 - ssim_metric: 0.4668
306/326 [===========================>..] - ETA: 16s - loss: 0.4173 - mae: 0.2595 - mse: 0.1304 - ssim_metric: 0.4666
307/326 [===========================>..] - ETA: 15s - loss: 0.4174 - mae: 0.2596 - mse: 0.1304 - ssim_metric: 0.4665
308/326 [===========================>..] - ETA: 14s - loss: 0.4173 - mae: 0.2595 - mse: 0.1303 - ssim_metric: 0.4667
309/326 [===========================>..] - ETA: 13s - loss: 0.4172 - mae: 0.2595 - mse: 0.1303 - ssim_metric: 0.4667
310/326 [===========================>..] - ETA: 12s - loss: 0.4172 - mae: 0.2595 - mse: 0.1303 - ssim_metric: 0.4666
311/326 [===========================>..] - ETA: 12s - loss: 0.4170 - mae: 0.2594 - mse: 0.1303 - ssim_metric: 0.4668
312/326 [===========================>..] - ETA: 11s - loss: 0.4170 - mae: 0.2594 - mse: 0.1302 - ssim_metric: 0.4667
313/326 [===========================>..] - ETA: 10s - loss: 0.4171 - mae: 0.2594 - mse: 0.1303 - ssim_metric: 0.4668
314/326 [===========================>..] - ETA: 9s - loss: 0.4172 - mae: 0.2594 - mse: 0.1303 - ssim_metric: 0.4670 
315/326 [===========================>..] - ETA: 8s - loss: 0.4174 - mae: 0.2595 - mse: 0.1304 - ssim_metric: 0.4668
316/326 [============================>.] - ETA: 8s - loss: 0.4174 - mae: 0.2595 - mse: 0.1304 - ssim_metric: 0.4667
317/326 [============================>.] - ETA: 7s - loss: 0.4172 - mae: 0.2594 - mse: 0.1303 - ssim_metric: 0.4668
318/326 [============================>.] - ETA: 6s - loss: 0.4171 - mae: 0.2594 - mse: 0.1303 - ssim_metric: 0.4668
319/326 [============================>.] - ETA: 5s - loss: 0.4175 - mae: 0.2596 - mse: 0.1305 - ssim_metric: 0.4665
320/326 [============================>.] - ETA: 4s - loss: 0.4176 - mae: 0.2597 - mse: 0.1305 - ssim_metric: 0.4662
321/326 [============================>.] - ETA: 4s - loss: 0.4177 - mae: 0.2598 - mse: 0.1305 - ssim_metric: 0.4661
322/326 [============================>.] - ETA: 3s - loss: 0.4174 - mae: 0.2598 - mse: 0.1304 - ssim_metric: 0.4661
323/326 [============================>.] - ETA: 2s - loss: 0.4174 - mae: 0.2597 - mse: 0.1304 - ssim_metric: 0.4661
324/326 [============================>.] - ETA: 1s - loss: 0.4178 - mae: 0.2599 - mse: 0.1306 - ssim_metric: 0.4659
325/326 [============================>.] - ETA: 0s - loss: 0.4178 - mae: 0.2599 - mse: 0.1305 - ssim_metric: 0.4659
326/326 [==============================] - ETA: 0s - loss: 0.4179 - mae: 0.2600 - mse: 0.1306 - ssim_metric: 0.4659
Epoch 4: saving model to C:\d_surucusu\visual_navigation\benchmark\models_pipeline\20260909_223425\bce_b16\_JOB_bce_b16_10_09_2026__07_13_model_f48_k4_epoch_00004_helu_osigmoid_(1, 1)_.h5

Epoch 4: val_loss improved from 0.38614 to 0.37512, saving model to C:\d_surucusu\visual_navigation\benchmark\models_pipeline\20260909_223425\bce_b16\_JOB_bce_b16_10_09_2026__07_13_best_val_loss_model_f48_k4.h5

Epoch 4: val_mae improved from 0.24784 to 0.24022, saving model to C:\d_surucusu\visual_navigation\benchmark\models_pipeline\20260909_223425\bce_b16\_JOB_bce_b16_10_09_2026__07_13_best_mae_model_f48_k4.h5

Epoch 4: val_ssim_metric did not improve from 0.56049

326/326 [==============================] - 277s 850ms/step - loss: 0.4179 - mae: 0.2600 - mse: 0.1306 - ssim_metric: 0.4659 - val_loss: 0.3751 - val_mae: 0.2402 - val_mse: 0.1146 - val_ssim_metric: 0.4924
Epoch 5/20

  1/326 [..............................] - ETA: 4:37 - loss: 0.4473 - mae: 0.2759 - mse: 0.1440 - ssim_metric: 0.4210
  2/326 [..............................] - ETA: 4:19 - loss: 0.4383 - mae: 0.2680 - mse: 0.1396 - ssim_metric: 0.4534
  3/326 [..............................] - ETA: 4:18 - loss: 0.4580 - mae: 0.2824 - mse: 0.1468 - ssim_metric: 0.4393
  4/326 [..............................] - ETA: 4:17 - loss: 0.4528 - mae: 0.2824 - mse: 0.1452 - ssim_metric: 0.4349
  5/326 [..............................] - ETA: 4:17 - loss: 0.4414 - mae: 0.2791 - mse: 0.1407 - ssim_metric: 0.4398
  6/326 [..............................] - ETA: 4:16 - loss: 0.4398 - mae: 0.2822 - mse: 0.1401 - ssim_metric: 0.4279
  7/326 [..............................] - ETA: 4:15 - loss: 0.4353 - mae: 0.2812 - mse: 0.1384 - ssim_metric: 0.4289
  8/326 [..............................] - ETA: 4:15 - loss: 0.4237 - mae: 0.2750 - mse: 0.1337 - ssim_metric: 0.4347
  9/326 [..............................] - ETA: 4:14 - loss: 0.4126 - mae: 0.2683 - mse: 0.1293 - ssim_metric: 0.4443
 10/326 [..............................] - ETA: 4:13 - loss: 0.4097 - mae: 0.2648 - mse: 0.1281 - ssim_metric: 0.4533
 11/326 [>.............................] - ETA: 4:12 - loss: 0.4136 - mae: 0.2646 - mse: 0.1300 - ssim_metric: 0.4581
 12/326 [>.............................] - ETA: 4:11 - loss: 0.4144 - mae: 0.2623 - mse: 0.1303 - ssim_metric: 0.4638
 13/326 [>.............................] - ETA: 4:10 - loss: 0.4205 - mae: 0.2620 - mse: 0.1324 - ssim_metric: 0.4671
 14/326 [>.............................] - ETA: 4:09 - loss: 0.4322 - mae: 0.2658 - mse: 0.1365 - ssim_metric: 0.4632
 15/326 [>.............................] - ETA: 4:09 - loss: 0.4221 - mae: 0.2605 - mse: 0.1327 - ssim_metric: 0.4723
 16/326 [>.............................] - ETA: 4:08 - loss: 0.4257 - mae: 0.2625 - mse: 0.1341 - ssim_metric: 0.4699
 17/326 [>.............................] - ETA: 4:07 - loss: 0.4245 - mae: 0.2631 - mse: 0.1336 - ssim_metric: 0.4684
 18/326 [>.............................] - ETA: 4:06 - loss: 0.4269 - mae: 0.2659 - mse: 0.1346 - ssim_metric: 0.4626
 19/326 [>.............................] - ETA: 4:05 - loss: 0.4272 - mae: 0.2677 - mse: 0.1347 - ssim_metric: 0.4587
 20/326 [>.............................] - ETA: 4:05 - loss: 0.4239 - mae: 0.2677 - mse: 0.1332 - ssim_metric: 0.4567
 21/326 [>.............................] - ETA: 4:04 - loss: 0.4198 - mae: 0.2662 - mse: 0.1315 - ssim_metric: 0.4568
 22/326 [=>............................] - ETA: 4:03 - loss: 0.4154 - mae: 0.2640 - mse: 0.1298 - ssim_metric: 0.4585
 23/326 [=>............................] - ETA: 4:02 - loss: 0.4110 - mae: 0.2612 - mse: 0.1282 - ssim_metric: 0.4650
 24/326 [=>............................] - ETA: 4:01 - loss: 0.4098 - mae: 0.2597 - mse: 0.1278 - ssim_metric: 0.4683
 25/326 [=>............................] - ETA: 4:01 - loss: 0.4149 - mae: 0.2605 - mse: 0.1296 - ssim_metric: 0.4680
 26/326 [=>............................] - ETA: 4:00 - loss: 0.4166 - mae: 0.2598 - mse: 0.1302 - ssim_metric: 0.4711
 27/326 [=>............................] - ETA: 3:59 - loss: 0.4154 - mae: 0.2583 - mse: 0.1298 - ssim_metric: 0.4750
 28/326 [=>............................] - ETA: 3:58 - loss: 0.4173 - mae: 0.2578 - mse: 0.1303 - ssim_metric: 0.4762
 29/326 [=>............................] - ETA: 3:57 - loss: 0.4158 - mae: 0.2567 - mse: 0.1298 - ssim_metric: 0.4772
 30/326 [=>............................] - ETA: 3:57 - loss: 0.4175 - mae: 0.2573 - mse: 0.1304 - ssim_metric: 0.4759
 31/326 [=>............................] - ETA: 3:56 - loss: 0.4178 - mae: 0.2577 - mse: 0.1306 - ssim_metric: 0.4736
 32/326 [=>............................] - ETA: 3:55 - loss: 0.4188 - mae: 0.2588 - mse: 0.1311 - ssim_metric: 0.4705
 33/326 [==>...........................] - ETA: 3:54 - loss: 0.4166 - mae: 0.2585 - mse: 0.1301 - ssim_metric: 0.4696
 34/326 [==>...........................] - ETA: 3:53 - loss: 0.4178 - mae: 0.2600 - mse: 0.1307 - ssim_metric: 0.4650
 35/326 [==>...........................] - ETA: 3:53 - loss: 0.4159 - mae: 0.2594 - mse: 0.1299 - ssim_metric: 0.4647
 36/326 [==>...........................] - ETA: 3:52 - loss: 0.4163 - mae: 0.2602 - mse: 0.1301 - ssim_metric: 0.4626
 37/326 [==>...........................] - ETA: 3:51 - loss: 0.4136 - mae: 0.2589 - mse: 0.1290 - ssim_metric: 0.4639
 38/326 [==>...........................] - ETA: 3:50 - loss: 0.4116 - mae: 0.2579 - mse: 0.1283 - ssim_metric: 0.4646
 39/326 [==>...........................] - ETA: 3:49 - loss: 0.4116 - mae: 0.2577 - mse: 0.1282 - ssim_metric: 0.4655
 40/326 [==>...........................] - ETA: 3:49 - loss: 0.4100 - mae: 0.2567 - mse: 0.1277 - ssim_metric: 0.4670
 41/326 [==>...........................] - ETA: 3:48 - loss: 0.4083 - mae: 0.2553 - mse: 0.1271 - ssim_metric: 0.4703
 42/326 [==>...........................] - ETA: 3:47 - loss: 0.4044 - mae: 0.2527 - mse: 0.1256 - ssim_metric: 0.4748
 43/326 [==>...........................] - ETA: 3:46 - loss: 0.4046 - mae: 0.2518 - mse: 0.1256 - ssim_metric: 0.4768
 44/326 [===>..........................] - ETA: 3:45 - loss: 0.4058 - mae: 0.2516 - mse: 0.1261 - ssim_metric: 0.4779
 45/326 [===>..........................] - ETA: 3:45 - loss: 0.4086 - mae: 0.2524 - mse: 0.1272 - ssim_metric: 0.4767
 46/326 [===>..........................] - ETA: 3:44 - loss: 0.4088 - mae: 0.2522 - mse: 0.1273 - ssim_metric: 0.4777
 47/326 [===>..........................] - ETA: 3:43 - loss: 0.4073 - mae: 0.2515 - mse: 0.1268 - ssim_metric: 0.4790
 48/326 [===>..........................] - ETA: 3:42 - loss: 0.4044 - mae: 0.2502 - mse: 0.1256 - ssim_metric: 0.4807
 49/326 [===>..........................] - ETA: 3:42 - loss: 0.4077 - mae: 0.2514 - mse: 0.1267 - ssim_metric: 0.4790
 50/326 [===>..........................] - ETA: 3:41 - loss: 0.4073 - mae: 0.2516 - mse: 0.1266 - ssim_metric: 0.4789
 51/326 [===>..........................] - ETA: 3:40 - loss: 0.4058 - mae: 0.2514 - mse: 0.1260 - ssim_metric: 0.4776
 52/326 [===>..........................] - ETA: 3:39 - loss: 0.4062 - mae: 0.2518 - mse: 0.1262 - ssim_metric: 0.4774
 53/326 [===>..........................] - ETA: 3:38 - loss: 0.4059 - mae: 0.2517 - mse: 0.1260 - ssim_metric: 0.4771
 54/326 [===>..........................] - ETA: 3:37 - loss: 0.4063 - mae: 0.2520 - mse: 0.1262 - ssim_metric: 0.4768
 55/326 [====>.........................] - ETA: 3:37 - loss: 0.4064 - mae: 0.2521 - mse: 0.1263 - ssim_metric: 0.4768
 56/326 [====>.........................] - ETA: 3:36 - loss: 0.4061 - mae: 0.2520 - mse: 0.1262 - ssim_metric: 0.4768
 57/326 [====>.........................] - ETA: 3:35 - loss: 0.4050 - mae: 0.2513 - mse: 0.1257 - ssim_metric: 0.4775
 58/326 [====>.........................] - ETA: 3:34 - loss: 0.4065 - mae: 0.2517 - mse: 0.1264 - ssim_metric: 0.4774
 59/326 [====>.........................] - ETA: 3:33 - loss: 0.4071 - mae: 0.2519 - mse: 0.1266 - ssim_metric: 0.4770
 60/326 [====>.........................] - ETA: 3:33 - loss: 0.4084 - mae: 0.2524 - mse: 0.1271 - ssim_metric: 0.4768
 61/326 [====>.........................] - ETA: 3:32 - loss: 0.4065 - mae: 0.2515 - mse: 0.1264 - ssim_metric: 0.4785
 62/326 [====>.........................] - ETA: 3:31 - loss: 0.4052 - mae: 0.2510 - mse: 0.1258 - ssim_metric: 0.4788
 63/326 [====>.........................] - ETA: 3:30 - loss: 0.4060 - mae: 0.2516 - mse: 0.1261 - ssim_metric: 0.4776
 64/326 [====>.........................] - ETA: 3:30 - loss: 0.4049 - mae: 0.2513 - mse: 0.1257 - ssim_metric: 0.4783
 65/326 [====>.........................] - ETA: 3:29 - loss: 0.4037 - mae: 0.2507 - mse: 0.1252 - ssim_metric: 0.4794
 66/326 [=====>........................] - ETA: 3:28 - loss: 0.4049 - mae: 0.2514 - mse: 0.1257 - ssim_metric: 0.4781
 67/326 [=====>........................] - ETA: 3:27 - loss: 0.4049 - mae: 0.2516 - mse: 0.1257 - ssim_metric: 0.4775
 68/326 [=====>........................] - ETA: 3:26 - loss: 0.4047 - mae: 0.2514 - mse: 0.1257 - ssim_metric: 0.4774
 69/326 [=====>........................] - ETA: 3:25 - loss: 0.4048 - mae: 0.2514 - mse: 0.1258 - ssim_metric: 0.4772
 70/326 [=====>........................] - ETA: 3:25 - loss: 0.4047 - mae: 0.2512 - mse: 0.1258 - ssim_metric: 0.4776
 71/326 [=====>........................] - ETA: 3:24 - loss: 0.4046 - mae: 0.2509 - mse: 0.1258 - ssim_metric: 0.4781
 72/326 [=====>........................] - ETA: 3:23 - loss: 0.4069 - mae: 0.2516 - mse: 0.1265 - ssim_metric: 0.4773
 73/326 [=====>........................] - ETA: 3:22 - loss: 0.4069 - mae: 0.2514 - mse: 0.1265 - ssim_metric: 0.4776
 74/326 [=====>........................] - ETA: 3:21 - loss: 0.4064 - mae: 0.2513 - mse: 0.1263 - ssim_metric: 0.4775
 75/326 [=====>........................] - ETA: 3:21 - loss: 0.4055 - mae: 0.2509 - mse: 0.1260 - ssim_metric: 0.4778
 76/326 [=====>........................] - ETA: 3:20 - loss: 0.4041 - mae: 0.2503 - mse: 0.1255 - ssim_metric: 0.4784
 77/326 [======>.......................] - ETA: 3:19 - loss: 0.4048 - mae: 0.2509 - mse: 0.1257 - ssim_metric: 0.4772
 78/326 [======>.......................] - ETA: 3:18 - loss: 0.4046 - mae: 0.2510 - mse: 0.1257 - ssim_metric: 0.4772
 79/326 [======>.......................] - ETA: 3:17 - loss: 0.4054 - mae: 0.2514 - mse: 0.1260 - ssim_metric: 0.4767
 80/326 [======>.......................] - ETA: 3:17 - loss: 0.4061 - mae: 0.2516 - mse: 0.1263 - ssim_metric: 0.4767
 81/326 [======>.......................] - ETA: 3:16 - loss: 0.4058 - mae: 0.2515 - mse: 0.1262 - ssim_metric: 0.4769
 82/326 [======>.......................] - ETA: 3:15 - loss: 0.4060 - mae: 0.2516 - mse: 0.1263 - ssim_metric: 0.4769
 83/326 [======>.......................] - ETA: 3:14 - loss: 0.4057 - mae: 0.2516 - mse: 0.1262 - ssim_metric: 0.4766
 84/326 [======>.......................] - ETA: 3:13 - loss: 0.4062 - mae: 0.2520 - mse: 0.1264 - ssim_metric: 0.4762
 85/326 [======>.......................] - ETA: 3:13 - loss: 0.4051 - mae: 0.2516 - mse: 0.1259 - ssim_metric: 0.4767
 86/326 [======>.......................] - ETA: 3:12 - loss: 0.4051 - mae: 0.2517 - mse: 0.1260 - ssim_metric: 0.4766
 87/326 [=======>......................] - ETA: 3:11 - loss: 0.4047 - mae: 0.2516 - mse: 0.1258 - ssim_metric: 0.4767
 88/326 [=======>......................] - ETA: 3:10 - loss: 0.4038 - mae: 0.2512 - mse: 0.1255 - ssim_metric: 0.4769
 89/326 [=======>......................] - ETA: 3:09 - loss: 0.4032 - mae: 0.2508 - mse: 0.1253 - ssim_metric: 0.4774
 90/326 [=======>......................] - ETA: 3:09 - loss: 0.4043 - mae: 0.2511 - mse: 0.1257 - ssim_metric: 0.4768
 91/326 [=======>......................] - ETA: 3:08 - loss: 0.4041 - mae: 0.2510 - mse: 0.1256 - ssim_metric: 0.4772
 92/326 [=======>......................] - ETA: 3:07 - loss: 0.4039 - mae: 0.2508 - mse: 0.1255 - ssim_metric: 0.4772
 93/326 [=======>......................] - ETA: 3:06 - loss: 0.4045 - mae: 0.2508 - mse: 0.1257 - ssim_metric: 0.4776
 94/326 [=======>......................] - ETA: 3:05 - loss: 0.4051 - mae: 0.2508 - mse: 0.1259 - ssim_metric: 0.4779
 95/326 [=======>......................] - ETA: 3:05 - loss: 0.4061 - mae: 0.2511 - mse: 0.1263 - ssim_metric: 0.4774
 96/326 [=======>......................] - ETA: 3:04 - loss: 0.4058 - mae: 0.2510 - mse: 0.1262 - ssim_metric: 0.4774
 97/326 [=======>......................] - ETA: 3:03 - loss: 0.4057 - mae: 0.2512 - mse: 0.1261 - ssim_metric: 0.4770
 98/326 [========>.....................] - ETA: 3:02 - loss: 0.4050 - mae: 0.2510 - mse: 0.1259 - ssim_metric: 0.4770
 99/326 [========>.....................] - ETA: 3:01 - loss: 0.4046 - mae: 0.2509 - mse: 0.1257 - ssim_metric: 0.4770
100/326 [========>.....................] - ETA: 3:01 - loss: 0.4047 - mae: 0.2510 - mse: 0.1258 - ssim_metric: 0.4766
101/326 [========>.....................] - ETA: 3:00 - loss: 0.4041 - mae: 0.2508 - mse: 0.1255 - ssim_metric: 0.4767
102/326 [========>.....................] - ETA: 2:59 - loss: 0.4034 - mae: 0.2506 - mse: 0.1253 - ssim_metric: 0.4769
103/326 [========>.....................] - ETA: 2:58 - loss: 0.4047 - mae: 0.2510 - mse: 0.1257 - ssim_metric: 0.4763
104/326 [========>.....................] - ETA: 2:57 - loss: 0.4046 - mae: 0.2509 - mse: 0.1256 - ssim_metric: 0.4766
105/326 [========>.....................] - ETA: 2:57 - loss: 0.4041 - mae: 0.2506 - mse: 0.1255 - ssim_metric: 0.4769
106/326 [========>.....................] - ETA: 2:56 - loss: 0.4031 - mae: 0.2502 - mse: 0.1251 - ssim_metric: 0.4777
107/326 [========>.....................] - ETA: 2:55 - loss: 0.4030 - mae: 0.2500 - mse: 0.1251 - ssim_metric: 0.4782
108/326 [========>.....................] - ETA: 2:54 - loss: 0.4047 - mae: 0.2505 - mse: 0.1256 - ssim_metric: 0.4778
109/326 [=========>....................] - ETA: 2:53 - loss: 0.4043 - mae: 0.2502 - mse: 0.1255 - ssim_metric: 0.4785
110/326 [=========>....................] - ETA: 2:53 - loss: 0.4050 - mae: 0.2505 - mse: 0.1258 - ssim_metric: 0.4782
111/326 [=========>....................] - ETA: 2:52 - loss: 0.4046 - mae: 0.2503 - mse: 0.1256 - ssim_metric: 0.4786
112/326 [=========>....................] - ETA: 2:51 - loss: 0.4047 - mae: 0.2504 - mse: 0.1257 - ssim_metric: 0.4785
113/326 [=========>....................] - ETA: 2:50 - loss: 0.4045 - mae: 0.2504 - mse: 0.1256 - ssim_metric: 0.4787
114/326 [=========>....................] - ETA: 2:49 - loss: 0.4042 - mae: 0.2504 - mse: 0.1255 - ssim_metric: 0.4787
115/326 [=========>....................] - ETA: 2:49 - loss: 0.4045 - mae: 0.2506 - mse: 0.1256 - ssim_metric: 0.4785
116/326 [=========>....................] - ETA: 2:48 - loss: 0.4046 - mae: 0.2507 - mse: 0.1256 - ssim_metric: 0.4782
117/326 [=========>....................] - ETA: 2:47 - loss: 0.4050 - mae: 0.2510 - mse: 0.1258 - ssim_metric: 0.4780
118/326 [=========>....................] - ETA: 2:46 - loss: 0.4044 - mae: 0.2506 - mse: 0.1256 - ssim_metric: 0.4790
119/326 [=========>....................] - ETA: 2:45 - loss: 0.4041 - mae: 0.2505 - mse: 0.1255 - ssim_metric: 0.4794
120/326 [==========>...................] - ETA: 2:45 - loss: 0.4038 - mae: 0.2503 - mse: 0.1254 - ssim_metric: 0.4798
121/326 [==========>...................] - ETA: 2:44 - loss: 0.4032 - mae: 0.2501 - mse: 0.1251 - ssim_metric: 0.4805
122/326 [==========>...................] - ETA: 2:43 - loss: 0.4036 - mae: 0.2501 - mse: 0.1253 - ssim_metric: 0.4807
123/326 [==========>...................] - ETA: 2:42 - loss: 0.4039 - mae: 0.2502 - mse: 0.1254 - ssim_metric: 0.4805
124/326 [==========>...................] - ETA: 2:41 - loss: 0.4044 - mae: 0.2504 - mse: 0.1256 - ssim_metric: 0.4797
125/326 [==========>...................] - ETA: 2:41 - loss: 0.4044 - mae: 0.2503 - mse: 0.1256 - ssim_metric: 0.4799
126/326 [==========>...................] - ETA: 2:40 - loss: 0.4039 - mae: 0.2501 - mse: 0.1254 - ssim_metric: 0.4799
127/326 [==========>...................] - ETA: 2:39 - loss: 0.4035 - mae: 0.2500 - mse: 0.1252 - ssim_metric: 0.4801
128/326 [==========>...................] - ETA: 2:38 - loss: 0.4030 - mae: 0.2497 - mse: 0.1251 - ssim_metric: 0.4804
129/326 [==========>...................] - ETA: 2:37 - loss: 0.4030 - mae: 0.2497 - mse: 0.1250 - ssim_metric: 0.4807
130/326 [==========>...................] - ETA: 2:37 - loss: 0.4041 - mae: 0.2501 - mse: 0.1254 - ssim_metric: 0.4801
131/326 [===========>..................] - ETA: 2:36 - loss: 0.4043 - mae: 0.2502 - mse: 0.1255 - ssim_metric: 0.4802
132/326 [===========>..................] - ETA: 2:35 - loss: 0.4043 - mae: 0.2501 - mse: 0.1255 - ssim_metric: 0.4804
133/326 [===========>..................] - ETA: 2:34 - loss: 0.4042 - mae: 0.2501 - mse: 0.1255 - ssim_metric: 0.4803
134/326 [===========>..................] - ETA: 2:33 - loss: 0.4046 - mae: 0.2504 - mse: 0.1257 - ssim_metric: 0.4800
135/326 [===========>..................] - ETA: 2:33 - loss: 0.4050 - mae: 0.2507 - mse: 0.1258 - ssim_metric: 0.4793
136/326 [===========>..................] - ETA: 2:32 - loss: 0.4053 - mae: 0.2509 - mse: 0.1259 - ssim_metric: 0.4785
137/326 [===========>..................] - ETA: 2:31 - loss: 0.4050 - mae: 0.2510 - mse: 0.1258 - ssim_metric: 0.4781
138/326 [===========>..................] - ETA: 2:30 - loss: 0.4054 - mae: 0.2514 - mse: 0.1260 - ssim_metric: 0.4771
139/326 [===========>..................] - ETA: 2:29 - loss: 0.4053 - mae: 0.2515 - mse: 0.1259 - ssim_metric: 0.4766
140/326 [===========>..................] - ETA: 2:29 - loss: 0.4055 - mae: 0.2516 - mse: 0.1260 - ssim_metric: 0.4763
141/326 [===========>..................] - ETA: 2:28 - loss: 0.4056 - mae: 0.2517 - mse: 0.1261 - ssim_metric: 0.4762
142/326 [============>.................] - ETA: 2:27 - loss: 0.4053 - mae: 0.2515 - mse: 0.1260 - ssim_metric: 0.4766
143/326 [============>.................] - ETA: 2:26 - loss: 0.4056 - mae: 0.2517 - mse: 0.1261 - ssim_metric: 0.4764
144/326 [============>.................] - ETA: 2:25 - loss: 0.4054 - mae: 0.2516 - mse: 0.1260 - ssim_metric: 0.4763
145/326 [============>.................] - ETA: 2:25 - loss: 0.4051 - mae: 0.2514 - mse: 0.1259 - ssim_metric: 0.4768
146/326 [============>.................] - ETA: 2:24 - loss: 0.4050 - mae: 0.2513 - mse: 0.1258 - ssim_metric: 0.4772
147/326 [============>.................] - ETA: 2:23 - loss: 0.4056 - mae: 0.2515 - mse: 0.1261 - ssim_metric: 0.4769
148/326 [============>.................] - ETA: 2:22 - loss: 0.4052 - mae: 0.2513 - mse: 0.1259 - ssim_metric: 0.4773
149/326 [============>.................] - ETA: 2:21 - loss: 0.4056 - mae: 0.2515 - mse: 0.1261 - ssim_metric: 0.4768
150/326 [============>.................] - ETA: 2:21 - loss: 0.4053 - mae: 0.2515 - mse: 0.1260 - ssim_metric: 0.4767
151/326 [============>.................] - ETA: 2:20 - loss: 0.4060 - mae: 0.2518 - mse: 0.1263 - ssim_metric: 0.4760
152/326 [============>.................] - ETA: 2:19 - loss: 0.4065 - mae: 0.2520 - mse: 0.1264 - ssim_metric: 0.4759
153/326 [=============>................] - ETA: 2:18 - loss: 0.4061 - mae: 0.2519 - mse: 0.1263 - ssim_metric: 0.4758
154/326 [=============>................] - ETA: 2:17 - loss: 0.4059 - mae: 0.2519 - mse: 0.1262 - ssim_metric: 0.4757
155/326 [=============>................] - ETA: 2:17 - loss: 0.4059 - mae: 0.2519 - mse: 0.1263 - ssim_metric: 0.4756
156/326 [=============>................] - ETA: 2:16 - loss: 0.4056 - mae: 0.2518 - mse: 0.1261 - ssim_metric: 0.4757
157/326 [=============>................] - ETA: 2:15 - loss: 0.4058 - mae: 0.2519 - mse: 0.1262 - ssim_metric: 0.4755
158/326 [=============>................] - ETA: 2:14 - loss: 0.4066 - mae: 0.2520 - mse: 0.1264 - ssim_metric: 0.4756
159/326 [=============>................] - ETA: 2:13 - loss: 0.4068 - mae: 0.2520 - mse: 0.1265 - ssim_metric: 0.4756
160/326 [=============>................] - ETA: 2:13 - loss: 0.4067 - mae: 0.2519 - mse: 0.1265 - ssim_metric: 0.4758
161/326 [=============>................] - ETA: 2:12 - loss: 0.4069 - mae: 0.2521 - mse: 0.1266 - ssim_metric: 0.4754
162/326 [=============>................] - ETA: 2:11 - loss: 0.4066 - mae: 0.2521 - mse: 0.1265 - ssim_metric: 0.4752
163/326 [==============>...............] - ETA: 2:10 - loss: 0.4063 - mae: 0.2521 - mse: 0.1264 - ssim_metric: 0.4751
164/326 [==============>...............] - ETA: 2:09 - loss: 0.4062 - mae: 0.2521 - mse: 0.1264 - ssim_metric: 0.4751
165/326 [==============>...............] - ETA: 2:09 - loss: 0.4063 - mae: 0.2521 - mse: 0.1264 - ssim_metric: 0.4750
166/326 [==============>...............] - ETA: 2:08 - loss: 0.4068 - mae: 0.2524 - mse: 0.1266 - ssim_metric: 0.4746
167/326 [==============>...............] - ETA: 2:07 - loss: 0.4067 - mae: 0.2525 - mse: 0.1266 - ssim_metric: 0.4743
168/326 [==============>...............] - ETA: 2:06 - loss: 0.4071 - mae: 0.2527 - mse: 0.1267 - ssim_metric: 0.4741
169/326 [==============>...............] - ETA: 2:05 - loss: 0.4067 - mae: 0.2525 - mse: 0.1266 - ssim_metric: 0.4744
170/326 [==============>...............] - ETA: 2:05 - loss: 0.4069 - mae: 0.2526 - mse: 0.1267 - ssim_metric: 0.4742
171/326 [==============>...............] - ETA: 2:04 - loss: 0.4067 - mae: 0.2525 - mse: 0.1266 - ssim_metric: 0.4743
172/326 [==============>...............] - ETA: 2:03 - loss: 0.4063 - mae: 0.2523 - mse: 0.1264 - ssim_metric: 0.4748
173/326 [==============>...............] - ETA: 2:02 - loss: 0.4066 - mae: 0.2524 - mse: 0.1265 - ssim_metric: 0.4747
174/326 [===============>..............] - ETA: 2:01 - loss: 0.4064 - mae: 0.2523 - mse: 0.1265 - ssim_metric: 0.4746
175/326 [===============>..............] - ETA: 2:01 - loss: 0.4066 - mae: 0.2524 - mse: 0.1266 - ssim_metric: 0.4744
176/326 [===============>..............] - ETA: 2:00 - loss: 0.4066 - mae: 0.2524 - mse: 0.1266 - ssim_metric: 0.4744
177/326 [===============>..............] - ETA: 1:59 - loss: 0.4067 - mae: 0.2524 - mse: 0.1266 - ssim_metric: 0.4745
178/326 [===============>..............] - ETA: 1:58 - loss: 0.4075 - mae: 0.2528 - mse: 0.1270 - ssim_metric: 0.4739
179/326 [===============>..............] - ETA: 1:57 - loss: 0.4077 - mae: 0.2529 - mse: 0.1270 - ssim_metric: 0.4737
180/326 [===============>..............] - ETA: 1:57 - loss: 0.4077 - mae: 0.2531 - mse: 0.1270 - ssim_metric: 0.4733
181/326 [===============>..............] - ETA: 1:56 - loss: 0.4083 - mae: 0.2536 - mse: 0.1273 - ssim_metric: 0.4725
182/326 [===============>..............] - ETA: 1:55 - loss: 0.4083 - mae: 0.2538 - mse: 0.1273 - ssim_metric: 0.4718
183/326 [===============>..............] - ETA: 1:54 - loss: 0.4082 - mae: 0.2539 - mse: 0.1272 - ssim_metric: 0.4716
184/326 [===============>..............] - ETA: 1:53 - loss: 0.4082 - mae: 0.2540 - mse: 0.1272 - ssim_metric: 0.4715
185/326 [================>.............] - ETA: 1:53 - loss: 0.4084 - mae: 0.2541 - mse: 0.1273 - ssim_metric: 0.4712
186/326 [================>.............] - ETA: 1:52 - loss: 0.4090 - mae: 0.2545 - mse: 0.1275 - ssim_metric: 0.4707
187/326 [================>.............] - ETA: 1:51 - loss: 0.4095 - mae: 0.2547 - mse: 0.1277 - ssim_metric: 0.4706
188/326 [================>.............] - ETA: 1:50 - loss: 0.4099 - mae: 0.2547 - mse: 0.1278 - ssim_metric: 0.4709
189/326 [================>.............] - ETA: 1:49 - loss: 0.4096 - mae: 0.2546 - mse: 0.1277 - ssim_metric: 0.4712
190/326 [================>.............] - ETA: 1:49 - loss: 0.4093 - mae: 0.2546 - mse: 0.1276 - ssim_metric: 0.4711
191/326 [================>.............] - ETA: 1:48 - loss: 0.4092 - mae: 0.2546 - mse: 0.1275 - ssim_metric: 0.4709
192/326 [================>.............] - ETA: 1:47 - loss: 0.4091 - mae: 0.2545 - mse: 0.1275 - ssim_metric: 0.4711
193/326 [================>.............] - ETA: 1:46 - loss: 0.4092 - mae: 0.2546 - mse: 0.1275 - ssim_metric: 0.4710
194/326 [================>.............] - ETA: 1:45 - loss: 0.4087 - mae: 0.2543 - mse: 0.1274 - ssim_metric: 0.4714
195/326 [================>.............] - ETA: 1:45 - loss: 0.4090 - mae: 0.2543 - mse: 0.1275 - ssim_metric: 0.4715
196/326 [=================>............] - ETA: 1:44 - loss: 0.4094 - mae: 0.2544 - mse: 0.1276 - ssim_metric: 0.4715
197/326 [=================>............] - ETA: 1:43 - loss: 0.4092 - mae: 0.2542 - mse: 0.1275 - ssim_metric: 0.4719
198/326 [=================>............] - ETA: 1:42 - loss: 0.4091 - mae: 0.2541 - mse: 0.1275 - ssim_metric: 0.4722
199/326 [=================>............] - ETA: 1:41 - loss: 0.4090 - mae: 0.2540 - mse: 0.1274 - ssim_metric: 0.4724
200/326 [=================>............] - ETA: 1:40 - loss: 0.4090 - mae: 0.2540 - mse: 0.1274 - ssim_metric: 0.4725
201/326 [=================>............] - ETA: 1:40 - loss: 0.4089 - mae: 0.2539 - mse: 0.1274 - ssim_metric: 0.4724
202/326 [=================>............] - ETA: 1:39 - loss: 0.4093 - mae: 0.2540 - mse: 0.1275 - ssim_metric: 0.4726
203/326 [=================>............] - ETA: 1:38 - loss: 0.4098 - mae: 0.2542 - mse: 0.1277 - ssim_metric: 0.4722
204/326 [=================>............] - ETA: 1:37 - loss: 0.4096 - mae: 0.2542 - mse: 0.1276 - ssim_metric: 0.4722
205/326 [=================>............] - ETA: 1:36 - loss: 0.4092 - mae: 0.2541 - mse: 0.1275 - ssim_metric: 0.4721
206/326 [=================>............] - ETA: 1:36 - loss: 0.4091 - mae: 0.2541 - mse: 0.1275 - ssim_metric: 0.4721
207/326 [==================>...........] - ETA: 1:35 - loss: 0.4090 - mae: 0.2542 - mse: 0.1274 - ssim_metric: 0.4720
208/326 [==================>...........] - ETA: 1:34 - loss: 0.4090 - mae: 0.2541 - mse: 0.1274 - ssim_metric: 0.4720
209/326 [==================>...........] - ETA: 1:33 - loss: 0.4090 - mae: 0.2542 - mse: 0.1274 - ssim_metric: 0.4721
210/326 [==================>...........] - ETA: 1:32 - loss: 0.4093 - mae: 0.2543 - mse: 0.1275 - ssim_metric: 0.4719
211/326 [==================>...........] - ETA: 1:32 - loss: 0.4092 - mae: 0.2542 - mse: 0.1275 - ssim_metric: 0.4723
212/326 [==================>...........] - ETA: 1:31 - loss: 0.4091 - mae: 0.2541 - mse: 0.1274 - ssim_metric: 0.4724
213/326 [==================>...........] - ETA: 1:30 - loss: 0.4088 - mae: 0.2540 - mse: 0.1274 - ssim_metric: 0.4725
214/326 [==================>...........] - ETA: 1:29 - loss: 0.4090 - mae: 0.2541 - mse: 0.1274 - ssim_metric: 0.4724
215/326 [==================>...........] - ETA: 1:28 - loss: 0.4090 - mae: 0.2541 - mse: 0.1274 - ssim_metric: 0.4723
216/326 [==================>...........] - ETA: 1:28 - loss: 0.4088 - mae: 0.2539 - mse: 0.1273 - ssim_metric: 0.4726
217/326 [==================>...........] - ETA: 1:27 - loss: 0.4089 - mae: 0.2540 - mse: 0.1274 - ssim_metric: 0.4726
218/326 [===================>..........] - ETA: 1:26 - loss: 0.4089 - mae: 0.2540 - mse: 0.1274 - ssim_metric: 0.4724
219/326 [===================>..........] - ETA: 1:25 - loss: 0.4089 - mae: 0.2540 - mse: 0.1274 - ssim_metric: 0.4724
220/326 [===================>..........] - ETA: 1:24 - loss: 0.4092 - mae: 0.2541 - mse: 0.1275 - ssim_metric: 0.4721
221/326 [===================>..........] - ETA: 1:24 - loss: 0.4093 - mae: 0.2543 - mse: 0.1276 - ssim_metric: 0.4717
222/326 [===================>..........] - ETA: 1:23 - loss: 0.4095 - mae: 0.2545 - mse: 0.1277 - ssim_metric: 0.4713
223/326 [===================>..........] - ETA: 1:22 - loss: 0.4093 - mae: 0.2545 - mse: 0.1276 - ssim_metric: 0.4712
224/326 [===================>..........] - ETA: 1:21 - loss: 0.4096 - mae: 0.2546 - mse: 0.1277 - ssim_metric: 0.4708
225/326 [===================>..........] - ETA: 1:20 - loss: 0.4097 - mae: 0.2547 - mse: 0.1278 - ssim_metric: 0.4706
226/326 [===================>..........] - ETA: 1:20 - loss: 0.4097 - mae: 0.2548 - mse: 0.1278 - ssim_metric: 0.4706
227/326 [===================>..........] - ETA: 1:19 - loss: 0.4095 - mae: 0.2546 - mse: 0.1277 - ssim_metric: 0.4708
228/326 [===================>..........] - ETA: 1:18 - loss: 0.4095 - mae: 0.2545 - mse: 0.1277 - ssim_metric: 0.4710
229/326 [====================>.........] - ETA: 1:17 - loss: 0.4099 - mae: 0.2547 - mse: 0.1278 - ssim_metric: 0.4706
230/326 [====================>.........] - ETA: 1:16 - loss: 0.4098 - mae: 0.2547 - mse: 0.1278 - ssim_metric: 0.4705
231/326 [====================>.........] - ETA: 1:16 - loss: 0.4097 - mae: 0.2546 - mse: 0.1277 - ssim_metric: 0.4704
232/326 [====================>.........] - ETA: 1:15 - loss: 0.4095 - mae: 0.2546 - mse: 0.1277 - ssim_metric: 0.4705
233/326 [====================>.........] - ETA: 1:14 - loss: 0.4096 - mae: 0.2546 - mse: 0.1277 - ssim_metric: 0.4706
234/326 [====================>.........] - ETA: 1:13 - loss: 0.4099 - mae: 0.2548 - mse: 0.1278 - ssim_metric: 0.4701
235/326 [====================>.........] - ETA: 1:12 - loss: 0.4098 - mae: 0.2548 - mse: 0.1278 - ssim_metric: 0.4700
236/326 [====================>.........] - ETA: 1:12 - loss: 0.4093 - mae: 0.2545 - mse: 0.1276 - ssim_metric: 0.4704
237/326 [====================>.........] - ETA: 1:11 - loss: 0.4090 - mae: 0.2544 - mse: 0.1275 - ssim_metric: 0.4707
238/326 [====================>.........] - ETA: 1:10 - loss: 0.4091 - mae: 0.2544 - mse: 0.1275 - ssim_metric: 0.4708
239/326 [====================>.........] - ETA: 1:09 - loss: 0.4086 - mae: 0.2540 - mse: 0.1273 - ssim_metric: 0.4714
240/326 [=====================>........] - ETA: 1:08 - loss: 0.4085 - mae: 0.2539 - mse: 0.1273 - ssim_metric: 0.4717
241/326 [=====================>........] - ETA: 1:08 - loss: 0.4085 - mae: 0.2538 - mse: 0.1273 - ssim_metric: 0.4718
242/326 [=====================>........] - ETA: 1:07 - loss: 0.4080 - mae: 0.2535 - mse: 0.1271 - ssim_metric: 0.4722
243/326 [=====================>........] - ETA: 1:06 - loss: 0.4079 - mae: 0.2534 - mse: 0.1271 - ssim_metric: 0.4726
244/326 [=====================>........] - ETA: 1:05 - loss: 0.4079 - mae: 0.2534 - mse: 0.1271 - ssim_metric: 0.4726
245/326 [=====================>........] - ETA: 1:04 - loss: 0.4080 - mae: 0.2534 - mse: 0.1271 - ssim_metric: 0.4725
246/326 [=====================>........] - ETA: 1:04 - loss: 0.4079 - mae: 0.2533 - mse: 0.1271 - ssim_metric: 0.4726
247/326 [=====================>........] - ETA: 1:03 - loss: 0.4078 - mae: 0.2533 - mse: 0.1271 - ssim_metric: 0.4725
248/326 [=====================>........] - ETA: 1:02 - loss: 0.4081 - mae: 0.2535 - mse: 0.1272 - ssim_metric: 0.4724
249/326 [=====================>........] - ETA: 1:01 - loss: 0.4083 - mae: 0.2536 - mse: 0.1273 - ssim_metric: 0.4721
250/326 [======================>.......] - ETA: 1:00 - loss: 0.4082 - mae: 0.2536 - mse: 0.1272 - ssim_metric: 0.4719
251/326 [======================>.......] - ETA: 1:00 - loss: 0.4080 - mae: 0.2536 - mse: 0.1272 - ssim_metric: 0.4719
252/326 [======================>.......] - ETA: 59s - loss: 0.4076 - mae: 0.2534 - mse: 0.1270 - ssim_metric: 0.4720 
253/326 [======================>.......] - ETA: 58s - loss: 0.4081 - mae: 0.2536 - mse: 0.1272 - ssim_metric: 0.4718
254/326 [======================>.......] - ETA: 57s - loss: 0.4081 - mae: 0.2536 - mse: 0.1272 - ssim_metric: 0.4718
255/326 [======================>.......] - ETA: 56s - loss: 0.4078 - mae: 0.2535 - mse: 0.1271 - ssim_metric: 0.4719
256/326 [======================>.......] - ETA: 56s - loss: 0.4080 - mae: 0.2536 - mse: 0.1272 - ssim_metric: 0.4719
257/326 [======================>.......] - ETA: 55s - loss: 0.4080 - mae: 0.2536 - mse: 0.1272 - ssim_metric: 0.4719
258/326 [======================>.......] - ETA: 54s - loss: 0.4083 - mae: 0.2536 - mse: 0.1273 - ssim_metric: 0.4718
259/326 [======================>.......] - ETA: 53s - loss: 0.4085 - mae: 0.2537 - mse: 0.1274 - ssim_metric: 0.4715
260/326 [======================>.......] - ETA: 52s - loss: 0.4082 - mae: 0.2536 - mse: 0.1273 - ssim_metric: 0.4715
261/326 [=======================>......] - ETA: 52s - loss: 0.4083 - mae: 0.2536 - mse: 0.1273 - ssim_metric: 0.4714
262/326 [=======================>......] - ETA: 51s - loss: 0.4079 - mae: 0.2535 - mse: 0.1271 - ssim_metric: 0.4714
263/326 [=======================>......] - ETA: 50s - loss: 0.4084 - mae: 0.2537 - mse: 0.1273 - ssim_metric: 0.4711
264/326 [=======================>......] - ETA: 49s - loss: 0.4084 - mae: 0.2537 - mse: 0.1273 - ssim_metric: 0.4710
265/326 [=======================>......] - ETA: 48s - loss: 0.4085 - mae: 0.2538 - mse: 0.1274 - ssim_metric: 0.4708
266/326 [=======================>......] - ETA: 48s - loss: 0.4086 - mae: 0.2539 - mse: 0.1274 - ssim_metric: 0.4705
267/326 [=======================>......] - ETA: 47s - loss: 0.4087 - mae: 0.2540 - mse: 0.1274 - ssim_metric: 0.4702
268/326 [=======================>......] - ETA: 46s - loss: 0.4088 - mae: 0.2542 - mse: 0.1275 - ssim_metric: 0.4700
269/326 [=======================>......] - ETA: 45s - loss: 0.4087 - mae: 0.2541 - mse: 0.1274 - ssim_metric: 0.4700
270/326 [=======================>......] - ETA: 44s - loss: 0.4089 - mae: 0.2542 - mse: 0.1275 - ssim_metric: 0.4699
271/326 [=======================>......] - ETA: 44s - loss: 0.4090 - mae: 0.2543 - mse: 0.1275 - ssim_metric: 0.4698
272/326 [========================>.....] - ETA: 43s - loss: 0.4089 - mae: 0.2542 - mse: 0.1275 - ssim_metric: 0.4699
273/326 [========================>.....] - ETA: 42s - loss: 0.4085 - mae: 0.2541 - mse: 0.1274 - ssim_metric: 0.4702
274/326 [========================>.....] - ETA: 41s - loss: 0.4087 - mae: 0.2541 - mse: 0.1274 - ssim_metric: 0.4701
275/326 [========================>.....] - ETA: 40s - loss: 0.4088 - mae: 0.2541 - mse: 0.1275 - ssim_metric: 0.4703
276/326 [========================>.....] - ETA: 40s - loss: 0.4089 - mae: 0.2541 - mse: 0.1275 - ssim_metric: 0.4703
277/326 [========================>.....] - ETA: 39s - loss: 0.4091 - mae: 0.2542 - mse: 0.1276 - ssim_metric: 0.4700
278/326 [========================>.....] - ETA: 38s - loss: 0.4090 - mae: 0.2542 - mse: 0.1276 - ssim_metric: 0.4700
279/326 [========================>.....] - ETA: 37s - loss: 0.4087 - mae: 0.2541 - mse: 0.1275 - ssim_metric: 0.4702
280/326 [========================>.....] - ETA: 36s - loss: 0.4087 - mae: 0.2541 - mse: 0.1274 - ssim_metric: 0.4701
281/326 [========================>.....] - ETA: 36s - loss: 0.4089 - mae: 0.2542 - mse: 0.1275 - ssim_metric: 0.4698
282/326 [========================>.....] - ETA: 35s - loss: 0.4090 - mae: 0.2543 - mse: 0.1276 - ssim_metric: 0.4699
283/326 [=========================>....] - ETA: 34s - loss: 0.4094 - mae: 0.2545 - mse: 0.1277 - ssim_metric: 0.4697
284/326 [=========================>....] - ETA: 33s - loss: 0.4093 - mae: 0.2545 - mse: 0.1277 - ssim_metric: 0.4696
285/326 [=========================>....] - ETA: 32s - loss: 0.4095 - mae: 0.2546 - mse: 0.1278 - ssim_metric: 0.4693
286/326 [=========================>....] - ETA: 32s - loss: 0.4095 - mae: 0.2547 - mse: 0.1278 - ssim_metric: 0.4693
287/326 [=========================>....] - ETA: 31s - loss: 0.4098 - mae: 0.2548 - mse: 0.1279 - ssim_metric: 0.4691
288/326 [=========================>....] - ETA: 30s - loss: 0.4102 - mae: 0.2550 - mse: 0.1280 - ssim_metric: 0.4688
289/326 [=========================>....] - ETA: 29s - loss: 0.4102 - mae: 0.2550 - mse: 0.1280 - ssim_metric: 0.4687
290/326 [=========================>....] - ETA: 28s - loss: 0.4105 - mae: 0.2552 - mse: 0.1281 - ssim_metric: 0.4684
291/326 [=========================>....] - ETA: 28s - loss: 0.4106 - mae: 0.2553 - mse: 0.1282 - ssim_metric: 0.4682
292/326 [=========================>....] - ETA: 27s - loss: 0.4104 - mae: 0.2553 - mse: 0.1281 - ssim_metric: 0.4680
293/326 [=========================>....] - ETA: 26s - loss: 0.4103 - mae: 0.2553 - mse: 0.1280 - ssim_metric: 0.4680
294/326 [==========================>...] - ETA: 25s - loss: 0.4105 - mae: 0.2554 - mse: 0.1281 - ssim_metric: 0.4678
295/326 [==========================>...] - ETA: 24s - loss: 0.4105 - mae: 0.2554 - mse: 0.1281 - ssim_metric: 0.4677
296/326 [==========================>...] - ETA: 24s - loss: 0.4103 - mae: 0.2553 - mse: 0.1281 - ssim_metric: 0.4679
297/326 [==========================>...] - ETA: 23s - loss: 0.4104 - mae: 0.2554 - mse: 0.1281 - ssim_metric: 0.4679
298/326 [==========================>...] - ETA: 22s - loss: 0.4100 - mae: 0.2552 - mse: 0.1280 - ssim_metric: 0.4682
299/326 [==========================>...] - ETA: 21s - loss: 0.4098 - mae: 0.2551 - mse: 0.1279 - ssim_metric: 0.4684
300/326 [==========================>...] - ETA: 20s - loss: 0.4098 - mae: 0.2550 - mse: 0.1279 - ssim_metric: 0.4684
301/326 [==========================>...] - ETA: 20s - loss: 0.4095 - mae: 0.2548 - mse: 0.1278 - ssim_metric: 0.4688
302/326 [==========================>...] - ETA: 19s - loss: 0.4099 - mae: 0.2550 - mse: 0.1279 - ssim_metric: 0.4684
303/326 [==========================>...] - ETA: 18s - loss: 0.4099 - mae: 0.2550 - mse: 0.1279 - ssim_metric: 0.4683
304/326 [==========================>...] - ETA: 17s - loss: 0.4100 - mae: 0.2551 - mse: 0.1280 - ssim_metric: 0.4682
305/326 [===========================>..] - ETA: 16s - loss: 0.4100 - mae: 0.2551 - mse: 0.1280 - ssim_metric: 0.4682
306/326 [===========================>..] - ETA: 16s - loss: 0.4100 - mae: 0.2551 - mse: 0.1280 - ssim_metric: 0.4681
307/326 [===========================>..] - ETA: 15s - loss: 0.4101 - mae: 0.2551 - mse: 0.1280 - ssim_metric: 0.4681
308/326 [===========================>..] - ETA: 14s - loss: 0.4100 - mae: 0.2550 - mse: 0.1280 - ssim_metric: 0.4684
309/326 [===========================>..] - ETA: 13s - loss: 0.4099 - mae: 0.2550 - mse: 0.1279 - ssim_metric: 0.4685
310/326 [===========================>..] - ETA: 12s - loss: 0.4099 - mae: 0.2550 - mse: 0.1279 - ssim_metric: 0.4683
311/326 [===========================>..] - ETA: 12s - loss: 0.4098 - mae: 0.2549 - mse: 0.1279 - ssim_metric: 0.4685
312/326 [===========================>..] - ETA: 11s - loss: 0.4097 - mae: 0.2549 - mse: 0.1279 - ssim_metric: 0.4684
313/326 [===========================>..] - ETA: 10s - loss: 0.4098 - mae: 0.2550 - mse: 0.1279 - ssim_metric: 0.4684
314/326 [===========================>..] - ETA: 9s - loss: 0.4100 - mae: 0.2549 - mse: 0.1280 - ssim_metric: 0.4685 
315/326 [===========================>..] - ETA: 8s - loss: 0.4102 - mae: 0.2550 - mse: 0.1280 - ssim_metric: 0.4683
316/326 [============================>.] - ETA: 8s - loss: 0.4101 - mae: 0.2551 - mse: 0.1280 - ssim_metric: 0.4682
317/326 [============================>.] - ETA: 7s - loss: 0.4100 - mae: 0.2550 - mse: 0.1280 - ssim_metric: 0.4684
318/326 [============================>.] - ETA: 6s - loss: 0.4098 - mae: 0.2550 - mse: 0.1279 - ssim_metric: 0.4684
319/326 [============================>.] - ETA: 5s - loss: 0.4103 - mae: 0.2552 - mse: 0.1281 - ssim_metric: 0.4681
320/326 [============================>.] - ETA: 4s - loss: 0.4103 - mae: 0.2552 - mse: 0.1281 - ssim_metric: 0.4679
321/326 [============================>.] - ETA: 4s - loss: 0.4104 - mae: 0.2553 - mse: 0.1281 - ssim_metric: 0.4678
322/326 [============================>.] - ETA: 3s - loss: 0.4102 - mae: 0.2553 - mse: 0.1281 - ssim_metric: 0.4678
323/326 [============================>.] - ETA: 2s - loss: 0.4102 - mae: 0.2553 - mse: 0.1280 - ssim_metric: 0.4678
324/326 [============================>.] - ETA: 1s - loss: 0.4106 - mae: 0.2555 - mse: 0.1282 - ssim_metric: 0.4676
325/326 [============================>.] - ETA: 0s - loss: 0.4106 - mae: 0.2555 - mse: 0.1282 - ssim_metric: 0.4675
326/326 [==============================] - ETA: 0s - loss: 0.4107 - mae: 0.2555 - mse: 0.1282 - ssim_metric: 0.4675
Epoch 5: saving model to C:\d_surucusu\visual_navigation\benchmark\models_pipeline\20260909_223425\bce_b16\_JOB_bce_b16_10_09_2026__07_13_model_f48_k4_epoch_00005_helu_osigmoid_(1, 1)_.h5

Epoch 5: val_loss improved from 0.37512 to 0.37035, saving model to C:\d_surucusu\visual_navigation\benchmark\models_pipeline\20260909_223425\bce_b16\_JOB_bce_b16_10_09_2026__07_13_best_val_loss_model_f48_k4.h5

Epoch 5: val_mae improved from 0.24022 to 0.23694, saving model to C:\d_surucusu\visual_navigation\benchmark\models_pipeline\20260909_223425\bce_b16\_JOB_bce_b16_10_09_2026__07_13_best_mae_model_f48_k4.h5

Epoch 5: val_ssim_metric did not improve from 0.56049

326/326 [==============================] - 277s 850ms/step - loss: 0.4107 - mae: 0.2555 - mse: 0.1282 - ssim_metric: 0.4675 - val_loss: 0.3704 - val_mae: 0.2369 - val_mse: 0.1131 - val_ssim_metric: 0.4929
Epoch 6/20

  1/326 [..............................] - ETA: 4:37 - loss: 0.4389 - mae: 0.2718 - mse: 0.1411 - ssim_metric: 0.4210
  2/326 [..............................] - ETA: 4:19 - loss: 0.4329 - mae: 0.2649 - mse: 0.1374 - ssim_metric: 0.4533
  3/326 [..............................] - ETA: 4:18 - loss: 0.4526 - mae: 0.2791 - mse: 0.1447 - ssim_metric: 0.4384
  4/326 [..............................] - ETA: 4:18 - loss: 0.4465 - mae: 0.2784 - mse: 0.1426 - ssim_metric: 0.4345
  5/326 [..............................] - ETA: 4:17 - loss: 0.4354 - mae: 0.2751 - mse: 0.1383 - ssim_metric: 0.4392
  6/326 [..............................] - ETA: 4:16 - loss: 0.4333 - mae: 0.2777 - mse: 0.1376 - ssim_metric: 0.4275
  7/326 [..............................] - ETA: 4:15 - loss: 0.4292 - mae: 0.2769 - mse: 0.1360 - ssim_metric: 0.4279
  8/326 [..............................] - ETA: 4:14 - loss: 0.4176 - mae: 0.2706 - mse: 0.1313 - ssim_metric: 0.4341
  9/326 [..............................] - ETA: 4:14 - loss: 0.4069 - mae: 0.2642 - mse: 0.1272 - ssim_metric: 0.4431
 10/326 [..............................] - ETA: 4:13 - loss: 0.4041 - mae: 0.2609 - mse: 0.1261 - ssim_metric: 0.4516
 11/326 [>.............................] - ETA: 4:12 - loss: 0.4079 - mae: 0.2608 - mse: 0.1279 - ssim_metric: 0.4562
 12/326 [>.............................] - ETA: 4:11 - loss: 0.4084 - mae: 0.2586 - mse: 0.1282 - ssim_metric: 0.4614
 13/326 [>.............................] - ETA: 4:10 - loss: 0.4142 - mae: 0.2584 - mse: 0.1302 - ssim_metric: 0.4647
 14/326 [>.............................] - ETA: 4:10 - loss: 0.4263 - mae: 0.2623 - mse: 0.1343 - ssim_metric: 0.4607
 15/326 [>.............................] - ETA: 4:09 - loss: 0.4162 - mae: 0.2567 - mse: 0.1306 - ssim_metric: 0.4704
 16/326 [>.............................] - ETA: 4:08 - loss: 0.4198 - mae: 0.2585 - mse: 0.1320 - ssim_metric: 0.4684
 17/326 [>.............................] - ETA: 4:07 - loss: 0.4185 - mae: 0.2588 - mse: 0.1315 - ssim_metric: 0.4674
 18/326 [>.............................] - ETA: 4:07 - loss: 0.4208 - mae: 0.2615 - mse: 0.1325 - ssim_metric: 0.4618
 19/326 [>.............................] - ETA: 4:06 - loss: 0.4212 - mae: 0.2632 - mse: 0.1326 - ssim_metric: 0.4580
 20/326 [>.............................] - ETA: 4:05 - loss: 0.4178 - mae: 0.2631 - mse: 0.1311 - ssim_metric: 0.4560
 21/326 [>.............................] - ETA: 4:04 - loss: 0.4135 - mae: 0.2614 - mse: 0.1294 - ssim_metric: 0.4563
 22/326 [=>............................] - ETA: 4:03 - loss: 0.4090 - mae: 0.2591 - mse: 0.1277 - ssim_metric: 0.4584
 23/326 [=>............................] - ETA: 4:03 - loss: 0.4046 - mae: 0.2564 - mse: 0.1261 - ssim_metric: 0.4649
 24/326 [=>............................] - ETA: 4:02 - loss: 0.4035 - mae: 0.2550 - mse: 0.1257 - ssim_metric: 0.4678
 25/326 [=>............................] - ETA: 4:01 - loss: 0.4085 - mae: 0.2558 - mse: 0.1275 - ssim_metric: 0.4672
 26/326 [=>............................] - ETA: 4:00 - loss: 0.4103 - mae: 0.2554 - mse: 0.1281 - ssim_metric: 0.4697
 27/326 [=>............................] - ETA: 3:59 - loss: 0.4092 - mae: 0.2541 - mse: 0.1277 - ssim_metric: 0.4730
 28/326 [=>............................] - ETA: 3:59 - loss: 0.4110 - mae: 0.2537 - mse: 0.1281 - ssim_metric: 0.4738
 29/326 [=>............................] - ETA: 3:58 - loss: 0.4096 - mae: 0.2528 - mse: 0.1277 - ssim_metric: 0.4742
 30/326 [=>............................] - ETA: 3:57 - loss: 0.4115 - mae: 0.2537 - mse: 0.1284 - ssim_metric: 0.4722
 31/326 [=>............................] - ETA: 3:56 - loss: 0.4118 - mae: 0.2542 - mse: 0.1286 - ssim_metric: 0.4695
 32/326 [=>............................] - ETA: 3:55 - loss: 0.4131 - mae: 0.2553 - mse: 0.1292 - ssim_metric: 0.4662
 33/326 [==>...........................] - ETA: 3:54 - loss: 0.4107 - mae: 0.2550 - mse: 0.1281 - ssim_metric: 0.4653
 34/326 [==>...........................] - ETA: 3:54 - loss: 0.4121 - mae: 0.2563 - mse: 0.1287 - ssim_metric: 0.4610
 35/326 [==>...........................] - ETA: 3:53 - loss: 0.4100 - mae: 0.2555 - mse: 0.1279 - ssim_metric: 0.4614
 36/326 [==>...........................] - ETA: 3:52 - loss: 0.4103 - mae: 0.2560 - mse: 0.1280 - ssim_metric: 0.4599
 37/326 [==>...........................] - ETA: 3:51 - loss: 0.4075 - mae: 0.2545 - mse: 0.1270 - ssim_metric: 0.4621
 38/326 [==>...........................] - ETA: 3:51 - loss: 0.4056 - mae: 0.2535 - mse: 0.1263 - ssim_metric: 0.4632
 39/326 [==>...........................] - ETA: 3:50 - loss: 0.4056 - mae: 0.2532 - mse: 0.1262 - ssim_metric: 0.4641
 40/326 [==>...........................] - ETA: 3:49 - loss: 0.4041 - mae: 0.2524 - mse: 0.1257 - ssim_metric: 0.4655
 41/326 [==>...........................] - ETA: 3:48 - loss: 0.4024 - mae: 0.2510 - mse: 0.1251 - ssim_metric: 0.4686
 42/326 [==>...........................] - ETA: 3:47 - loss: 0.3985 - mae: 0.2486 - mse: 0.1237 - ssim_metric: 0.4729
 43/326 [==>...........................] - ETA: 3:46 - loss: 0.3986 - mae: 0.2478 - mse: 0.1236 - ssim_metric: 0.4746
 44/326 [===>..........................] - ETA: 3:46 - loss: 0.3996 - mae: 0.2477 - mse: 0.1240 - ssim_metric: 0.4754
 45/326 [===>..........................] - ETA: 3:45 - loss: 0.4022 - mae: 0.2487 - mse: 0.1251 - ssim_metric: 0.4739
 46/326 [===>..........................] - ETA: 3:44 - loss: 0.4024 - mae: 0.2486 - mse: 0.1252 - ssim_metric: 0.4746
 47/326 [===>..........................] - ETA: 3:43 - loss: 0.4011 - mae: 0.2480 - mse: 0.1247 - ssim_metric: 0.4757
 48/326 [===>..........................] - ETA: 3:42 - loss: 0.3983 - mae: 0.2468 - mse: 0.1236 - ssim_metric: 0.4771
 49/326 [===>..........................] - ETA: 3:42 - loss: 0.4017 - mae: 0.2479 - mse: 0.1247 - ssim_metric: 0.4755
 50/326 [===>..........................] - ETA: 3:41 - loss: 0.4013 - mae: 0.2480 - mse: 0.1246 - ssim_metric: 0.4755
 51/326 [===>..........................] - ETA: 3:40 - loss: 0.3997 - mae: 0.2477 - mse: 0.1240 - ssim_metric: 0.4747
 52/326 [===>..........................] - ETA: 3:39 - loss: 0.4001 - mae: 0.2480 - mse: 0.1241 - ssim_metric: 0.4747
 53/326 [===>..........................] - ETA: 3:38 - loss: 0.3998 - mae: 0.2477 - mse: 0.1240 - ssim_metric: 0.4748
 54/326 [===>..........................] - ETA: 3:38 - loss: 0.4003 - mae: 0.2479 - mse: 0.1242 - ssim_metric: 0.4749
 55/326 [====>.........................] - ETA: 3:37 - loss: 0.4004 - mae: 0.2479 - mse: 0.1243 - ssim_metric: 0.4750
 56/326 [====>.........................] - ETA: 3:36 - loss: 0.4001 - mae: 0.2478 - mse: 0.1242 - ssim_metric: 0.4750
 57/326 [====>.........................] - ETA: 3:35 - loss: 0.3989 - mae: 0.2472 - mse: 0.1237 - ssim_metric: 0.4758
 58/326 [====>.........................] - ETA: 3:34 - loss: 0.4004 - mae: 0.2476 - mse: 0.1244 - ssim_metric: 0.4755
 59/326 [====>.........................] - ETA: 3:34 - loss: 0.4011 - mae: 0.2479 - mse: 0.1246 - ssim_metric: 0.4749
 60/326 [====>.........................] - ETA: 3:33 - loss: 0.4022 - mae: 0.2484 - mse: 0.1250 - ssim_metric: 0.4745
 61/326 [====>.........................] - ETA: 3:32 - loss: 0.4003 - mae: 0.2475 - mse: 0.1243 - ssim_metric: 0.4760
 62/326 [====>.........................] - ETA: 3:31 - loss: 0.3990 - mae: 0.2471 - mse: 0.1238 - ssim_metric: 0.4763
 63/326 [====>.........................] - ETA: 3:30 - loss: 0.3998 - mae: 0.2477 - mse: 0.1241 - ssim_metric: 0.4750
 64/326 [====>.........................] - ETA: 3:30 - loss: 0.3988 - mae: 0.2474 - mse: 0.1237 - ssim_metric: 0.4758
 65/326 [====>.........................] - ETA: 3:29 - loss: 0.3976 - mae: 0.2468 - mse: 0.1232 - ssim_metric: 0.4770
 66/326 [=====>........................] - ETA: 3:28 - loss: 0.3988 - mae: 0.2475 - mse: 0.1237 - ssim_metric: 0.4758
 67/326 [=====>........................] - ETA: 3:27 - loss: 0.3987 - mae: 0.2475 - mse: 0.1237 - ssim_metric: 0.4753
 68/326 [=====>........................] - ETA: 3:26 - loss: 0.3986 - mae: 0.2473 - mse: 0.1237 - ssim_metric: 0.4753
 69/326 [=====>........................] - ETA: 3:26 - loss: 0.3987 - mae: 0.2473 - mse: 0.1238 - ssim_metric: 0.4751
 70/326 [=====>........................] - ETA: 3:25 - loss: 0.3986 - mae: 0.2471 - mse: 0.1238 - ssim_metric: 0.4755
 71/326 [=====>........................] - ETA: 3:24 - loss: 0.3985 - mae: 0.2469 - mse: 0.1238 - ssim_metric: 0.4759
 72/326 [=====>........................] - ETA: 3:23 - loss: 0.4007 - mae: 0.2475 - mse: 0.1245 - ssim_metric: 0.4751
 73/326 [=====>........................] - ETA: 3:22 - loss: 0.4008 - mae: 0.2474 - mse: 0.1245 - ssim_metric: 0.4752
 74/326 [=====>........................] - ETA: 3:22 - loss: 0.4003 - mae: 0.2474 - mse: 0.1243 - ssim_metric: 0.4750
 75/326 [=====>........................] - ETA: 3:21 - loss: 0.3994 - mae: 0.2470 - mse: 0.1240 - ssim_metric: 0.4752
 76/326 [=====>........................] - ETA: 3:20 - loss: 0.3980 - mae: 0.2464 - mse: 0.1235 - ssim_metric: 0.4756
 77/326 [======>.......................] - ETA: 3:19 - loss: 0.3987 - mae: 0.2470 - mse: 0.1237 - ssim_metric: 0.4744
 78/326 [======>.......................] - ETA: 3:18 - loss: 0.3985 - mae: 0.2471 - mse: 0.1237 - ssim_metric: 0.4743
 79/326 [======>.......................] - ETA: 3:18 - loss: 0.3993 - mae: 0.2474 - mse: 0.1240 - ssim_metric: 0.4739
 80/326 [======>.......................] - ETA: 3:17 - loss: 0.4001 - mae: 0.2477 - mse: 0.1243 - ssim_metric: 0.4739
 81/326 [======>.......................] - ETA: 3:16 - loss: 0.3998 - mae: 0.2475 - mse: 0.1242 - ssim_metric: 0.4743
 82/326 [======>.......................] - ETA: 3:15 - loss: 0.4000 - mae: 0.2476 - mse: 0.1243 - ssim_metric: 0.4743
 83/326 [======>.......................] - ETA: 3:15 - loss: 0.3997 - mae: 0.2476 - mse: 0.1242 - ssim_metric: 0.4741
 84/326 [======>.......................] - ETA: 3:14 - loss: 0.4003 - mae: 0.2480 - mse: 0.1244 - ssim_metric: 0.4737
 85/326 [======>.......................] - ETA: 3:13 - loss: 0.3991 - mae: 0.2475 - mse: 0.1239 - ssim_metric: 0.4742
 86/326 [======>.......................] - ETA: 3:12 - loss: 0.3992 - mae: 0.2476 - mse: 0.1240 - ssim_metric: 0.4740
 87/326 [=======>......................] - ETA: 3:11 - loss: 0.3988 - mae: 0.2475 - mse: 0.1238 - ssim_metric: 0.4741
 88/326 [=======>......................] - ETA: 3:11 - loss: 0.3979 - mae: 0.2471 - mse: 0.1235 - ssim_metric: 0.4742
 89/326 [=======>......................] - ETA: 3:10 - loss: 0.3973 - mae: 0.2468 - mse: 0.1233 - ssim_metric: 0.4746
 90/326 [=======>......................] - ETA: 3:09 - loss: 0.3984 - mae: 0.2472 - mse: 0.1237 - ssim_metric: 0.4739
 91/326 [=======>......................] - ETA: 3:08 - loss: 0.3982 - mae: 0.2470 - mse: 0.1237 - ssim_metric: 0.4743
 92/326 [=======>......................] - ETA: 3:07 - loss: 0.3980 - mae: 0.2469 - mse: 0.1236 - ssim_metric: 0.4743
 93/326 [=======>......................] - ETA: 3:06 - loss: 0.3987 - mae: 0.2469 - mse: 0.1238 - ssim_metric: 0.4747
 94/326 [=======>......................] - ETA: 3:06 - loss: 0.3993 - mae: 0.2469 - mse: 0.1240 - ssim_metric: 0.4750
 95/326 [=======>......................] - ETA: 3:05 - loss: 0.4003 - mae: 0.2473 - mse: 0.1244 - ssim_metric: 0.4744
 96/326 [=======>......................] - ETA: 3:04 - loss: 0.4001 - mae: 0.2473 - mse: 0.1243 - ssim_metric: 0.4741
 97/326 [=======>......................] - ETA: 3:03 - loss: 0.4000 - mae: 0.2475 - mse: 0.1242 - ssim_metric: 0.4738
 98/326 [========>.....................] - ETA: 3:02 - loss: 0.3993 - mae: 0.2472 - mse: 0.1240 - ssim_metric: 0.4739
 99/326 [========>.....................] - ETA: 3:02 - loss: 0.3988 - mae: 0.2471 - mse: 0.1238 - ssim_metric: 0.4740
100/326 [========>.....................] - ETA: 3:01 - loss: 0.3989 - mae: 0.2472 - mse: 0.1239 - ssim_metric: 0.4738
101/326 [========>.....................] - ETA: 3:00 - loss: 0.3984 - mae: 0.2470 - mse: 0.1236 - ssim_metric: 0.4738
102/326 [========>.....................] - ETA: 2:59 - loss: 0.3977 - mae: 0.2468 - mse: 0.1234 - ssim_metric: 0.4740
103/326 [========>.....................] - ETA: 2:58 - loss: 0.3991 - mae: 0.2472 - mse: 0.1238 - ssim_metric: 0.4734
104/326 [========>.....................] - ETA: 2:58 - loss: 0.3990 - mae: 0.2472 - mse: 0.1238 - ssim_metric: 0.4736
105/326 [========>.....................] - ETA: 2:57 - loss: 0.3985 - mae: 0.2469 - mse: 0.1236 - ssim_metric: 0.4738
106/326 [========>.....................] - ETA: 2:56 - loss: 0.3976 - mae: 0.2465 - mse: 0.1233 - ssim_metric: 0.4745
107/326 [========>.....................] - ETA: 2:55 - loss: 0.3975 - mae: 0.2463 - mse: 0.1233 - ssim_metric: 0.4749
108/326 [========>.....................] - ETA: 2:54 - loss: 0.3994 - mae: 0.2469 - mse: 0.1239 - ssim_metric: 0.4745
109/326 [=========>....................] - ETA: 2:54 - loss: 0.3990 - mae: 0.2466 - mse: 0.1237 - ssim_metric: 0.4753
110/326 [=========>....................] - ETA: 2:53 - loss: 0.3997 - mae: 0.2468 - mse: 0.1240 - ssim_metric: 0.4750
111/326 [=========>....................] - ETA: 2:52 - loss: 0.3993 - mae: 0.2466 - mse: 0.1238 - ssim_metric: 0.4755
112/326 [=========>....................] - ETA: 2:51 - loss: 0.3994 - mae: 0.2467 - mse: 0.1239 - ssim_metric: 0.4754
113/326 [=========>....................] - ETA: 2:50 - loss: 0.3992 - mae: 0.2466 - mse: 0.1238 - ssim_metric: 0.4756
114/326 [=========>....................] - ETA: 2:50 - loss: 0.3989 - mae: 0.2466 - mse: 0.1237 - ssim_metric: 0.4756
115/326 [=========>....................] - ETA: 2:49 - loss: 0.3991 - mae: 0.2469 - mse: 0.1238 - ssim_metric: 0.4753
116/326 [=========>....................] - ETA: 2:48 - loss: 0.3992 - mae: 0.2470 - mse: 0.1239 - ssim_metric: 0.4749
117/326 [=========>....................] - ETA: 2:47 - loss: 0.3997 - mae: 0.2473 - mse: 0.1240 - ssim_metric: 0.4746
118/326 [=========>....................] - ETA: 2:46 - loss: 0.3991 - mae: 0.2470 - mse: 0.1238 - ssim_metric: 0.4756
119/326 [=========>....................] - ETA: 2:46 - loss: 0.3988 - mae: 0.2468 - mse: 0.1237 - ssim_metric: 0.4759
120/326 [==========>...................] - ETA: 2:45 - loss: 0.3985 - mae: 0.2467 - mse: 0.1236 - ssim_metric: 0.4762
121/326 [==========>...................] - ETA: 2:44 - loss: 0.3979 - mae: 0.2463 - mse: 0.1234 - ssim_metric: 0.4770
122/326 [==========>...................] - ETA: 2:43 - loss: 0.3983 - mae: 0.2463 - mse: 0.1235 - ssim_metric: 0.4774
123/326 [==========>...................] - ETA: 2:42 - loss: 0.3986 - mae: 0.2464 - mse: 0.1236 - ssim_metric: 0.4772
124/326 [==========>...................] - ETA: 2:42 - loss: 0.3991 - mae: 0.2466 - mse: 0.1238 - ssim_metric: 0.4766
125/326 [==========>...................] - ETA: 2:41 - loss: 0.3991 - mae: 0.2465 - mse: 0.1238 - ssim_metric: 0.4768
126/326 [==========>...................] - ETA: 2:40 - loss: 0.3987 - mae: 0.2464 - mse: 0.1236 - ssim_metric: 0.4767
127/326 [==========>...................] - ETA: 2:39 - loss: 0.3983 - mae: 0.2463 - mse: 0.1235 - ssim_metric: 0.4768
128/326 [==========>...................] - ETA: 2:38 - loss: 0.3978 - mae: 0.2460 - mse: 0.1233 - ssim_metric: 0.4770
129/326 [==========>...................] - ETA: 2:38 - loss: 0.3978 - mae: 0.2461 - mse: 0.1233 - ssim_metric: 0.4771
130/326 [==========>...................] - ETA: 2:37 - loss: 0.3989 - mae: 0.2466 - mse: 0.1237 - ssim_metric: 0.4764
131/326 [===========>..................] - ETA: 2:36 - loss: 0.3992 - mae: 0.2467 - mse: 0.1238 - ssim_metric: 0.4763
132/326 [===========>..................] - ETA: 2:35 - loss: 0.3992 - mae: 0.2467 - mse: 0.1238 - ssim_metric: 0.4764
133/326 [===========>..................] - ETA: 2:34 - loss: 0.3991 - mae: 0.2467 - mse: 0.1238 - ssim_metric: 0.4762
134/326 [===========>..................] - ETA: 2:34 - loss: 0.3995 - mae: 0.2470 - mse: 0.1240 - ssim_metric: 0.4758
135/326 [===========>..................] - ETA: 2:33 - loss: 0.3999 - mae: 0.2473 - mse: 0.1241 - ssim_metric: 0.4751
136/326 [===========>..................] - ETA: 2:32 - loss: 0.4002 - mae: 0.2476 - mse: 0.1242 - ssim_metric: 0.4744
137/326 [===========>..................] - ETA: 2:31 - loss: 0.3999 - mae: 0.2476 - mse: 0.1241 - ssim_metric: 0.4740
138/326 [===========>..................] - ETA: 2:30 - loss: 0.4003 - mae: 0.2480 - mse: 0.1243 - ssim_metric: 0.4730
139/326 [===========>..................] - ETA: 2:30 - loss: 0.4002 - mae: 0.2481 - mse: 0.1242 - ssim_metric: 0.4726
140/326 [===========>..................] - ETA: 2:29 - loss: 0.4003 - mae: 0.2481 - mse: 0.1243 - ssim_metric: 0.4725
141/326 [===========>..................] - ETA: 2:28 - loss: 0.4005 - mae: 0.2482 - mse: 0.1244 - ssim_metric: 0.4725
142/326 [============>.................] - ETA: 2:27 - loss: 0.4001 - mae: 0.2480 - mse: 0.1243 - ssim_metric: 0.4730
143/326 [============>.................] - ETA: 2:26 - loss: 0.4004 - mae: 0.2481 - mse: 0.1244 - ssim_metric: 0.4729
144/326 [============>.................] - ETA: 2:26 - loss: 0.4003 - mae: 0.2480 - mse: 0.1243 - ssim_metric: 0.4729
145/326 [============>.................] - ETA: 2:25 - loss: 0.4000 - mae: 0.2478 - mse: 0.1242 - ssim_metric: 0.4734
146/326 [============>.................] - ETA: 2:24 - loss: 0.3998 - mae: 0.2477 - mse: 0.1241 - ssim_metric: 0.4737
147/326 [============>.................] - ETA: 2:23 - loss: 0.4005 - mae: 0.2480 - mse: 0.1244 - ssim_metric: 0.4735
148/326 [============>.................] - ETA: 2:22 - loss: 0.4000 - mae: 0.2478 - mse: 0.1242 - ssim_metric: 0.4738
149/326 [============>.................] - ETA: 2:22 - loss: 0.4004 - mae: 0.2480 - mse: 0.1244 - ssim_metric: 0.4733
150/326 [============>.................] - ETA: 2:21 - loss: 0.4002 - mae: 0.2480 - mse: 0.1243 - ssim_metric: 0.4732
151/326 [============>.................] - ETA: 2:20 - loss: 0.4008 - mae: 0.2484 - mse: 0.1245 - ssim_metric: 0.4725
152/326 [============>.................] - ETA: 2:19 - loss: 0.4013 - mae: 0.2486 - mse: 0.1247 - ssim_metric: 0.4724
153/326 [=============>................] - ETA: 2:18 - loss: 0.4009 - mae: 0.2485 - mse: 0.1246 - ssim_metric: 0.4724
154/326 [=============>................] - ETA: 2:18 - loss: 0.4007 - mae: 0.2484 - mse: 0.1245 - ssim_metric: 0.4723
155/326 [=============>................] - ETA: 2:17 - loss: 0.4008 - mae: 0.2484 - mse: 0.1246 - ssim_metric: 0.4723
156/326 [=============>................] - ETA: 2:16 - loss: 0.4005 - mae: 0.2483 - mse: 0.1244 - ssim_metric: 0.4725
157/326 [=============>................] - ETA: 2:15 - loss: 0.4006 - mae: 0.2484 - mse: 0.1245 - ssim_metric: 0.4722
158/326 [=============>................] - ETA: 2:14 - loss: 0.4015 - mae: 0.2485 - mse: 0.1247 - ssim_metric: 0.4722
159/326 [=============>................] - ETA: 2:14 - loss: 0.4017 - mae: 0.2486 - mse: 0.1248 - ssim_metric: 0.4722
160/326 [=============>................] - ETA: 2:13 - loss: 0.4015 - mae: 0.2485 - mse: 0.1248 - ssim_metric: 0.4724
161/326 [=============>................] - ETA: 2:12 - loss: 0.4018 - mae: 0.2487 - mse: 0.1249 - ssim_metric: 0.4720
162/326 [=============>................] - ETA: 2:11 - loss: 0.4015 - mae: 0.2487 - mse: 0.1248 - ssim_metric: 0.4719
163/326 [==============>...............] - ETA: 2:10 - loss: 0.4011 - mae: 0.2486 - mse: 0.1247 - ssim_metric: 0.4719
164/326 [==============>...............] - ETA: 2:09 - loss: 0.4010 - mae: 0.2486 - mse: 0.1246 - ssim_metric: 0.4720
165/326 [==============>...............] - ETA: 2:09 - loss: 0.4011 - mae: 0.2486 - mse: 0.1247 - ssim_metric: 0.4720
166/326 [==============>...............] - ETA: 2:08 - loss: 0.4016 - mae: 0.2488 - mse: 0.1248 - ssim_metric: 0.4716
167/326 [==============>...............] - ETA: 2:07 - loss: 0.4015 - mae: 0.2489 - mse: 0.1248 - ssim_metric: 0.4714
168/326 [==============>...............] - ETA: 2:06 - loss: 0.4019 - mae: 0.2491 - mse: 0.1250 - ssim_metric: 0.4711
169/326 [==============>...............] - ETA: 2:05 - loss: 0.4015 - mae: 0.2490 - mse: 0.1249 - ssim_metric: 0.4714
170/326 [==============>...............] - ETA: 2:05 - loss: 0.4017 - mae: 0.2491 - mse: 0.1249 - ssim_metric: 0.4712
171/326 [==============>...............] - ETA: 2:04 - loss: 0.4016 - mae: 0.2490 - mse: 0.1249 - ssim_metric: 0.4713
172/326 [==============>...............] - ETA: 2:03 - loss: 0.4012 - mae: 0.2488 - mse: 0.1247 - ssim_metric: 0.4719
173/326 [==============>...............] - ETA: 2:02 - loss: 0.4014 - mae: 0.2489 - mse: 0.1248 - ssim_metric: 0.4717
174/326 [===============>..............] - ETA: 2:01 - loss: 0.4012 - mae: 0.2489 - mse: 0.1248 - ssim_metric: 0.4716
175/326 [===============>..............] - ETA: 2:01 - loss: 0.4014 - mae: 0.2489 - mse: 0.1249 - ssim_metric: 0.4714
176/326 [===============>..............] - ETA: 2:00 - loss: 0.4015 - mae: 0.2490 - mse: 0.1249 - ssim_metric: 0.4714
177/326 [===============>..............] - ETA: 1:59 - loss: 0.4015 - mae: 0.2490 - mse: 0.1249 - ssim_metric: 0.4715
178/326 [===============>..............] - ETA: 1:58 - loss: 0.4024 - mae: 0.2494 - mse: 0.1252 - ssim_metric: 0.4709
179/326 [===============>..............] - ETA: 1:57 - loss: 0.4025 - mae: 0.2495 - mse: 0.1253 - ssim_metric: 0.4708
180/326 [===============>..............] - ETA: 1:57 - loss: 0.4026 - mae: 0.2496 - mse: 0.1253 - ssim_metric: 0.4703
181/326 [===============>..............] - ETA: 1:56 - loss: 0.4031 - mae: 0.2501 - mse: 0.1255 - ssim_metric: 0.4695
182/326 [===============>..............] - ETA: 1:55 - loss: 0.4032 - mae: 0.2503 - mse: 0.1256 - ssim_metric: 0.4689
183/326 [===============>..............] - ETA: 1:54 - loss: 0.4031 - mae: 0.2504 - mse: 0.1255 - ssim_metric: 0.4686
184/326 [===============>..............] - ETA: 1:53 - loss: 0.4031 - mae: 0.2505 - mse: 0.1255 - ssim_metric: 0.4686
185/326 [================>.............] - ETA: 1:53 - loss: 0.4032 - mae: 0.2506 - mse: 0.1256 - ssim_metric: 0.4683
186/326 [================>.............] - ETA: 1:52 - loss: 0.4038 - mae: 0.2510 - mse: 0.1258 - ssim_metric: 0.4678
187/326 [================>.............] - ETA: 1:51 - loss: 0.4043 - mae: 0.2512 - mse: 0.1260 - ssim_metric: 0.4677
188/326 [================>.............] - ETA: 1:50 - loss: 0.4047 - mae: 0.2512 - mse: 0.1261 - ssim_metric: 0.4681
189/326 [================>.............] - ETA: 1:49 - loss: 0.4044 - mae: 0.2511 - mse: 0.1260 - ssim_metric: 0.4683
190/326 [================>.............] - ETA: 1:49 - loss: 0.4042 - mae: 0.2511 - mse: 0.1259 - ssim_metric: 0.4682
191/326 [================>.............] - ETA: 1:48 - loss: 0.4041 - mae: 0.2511 - mse: 0.1258 - ssim_metric: 0.4679
192/326 [================>.............] - ETA: 1:47 - loss: 0.4040 - mae: 0.2510 - mse: 0.1258 - ssim_metric: 0.4681
193/326 [================>.............] - ETA: 1:46 - loss: 0.4041 - mae: 0.2511 - mse: 0.1258 - ssim_metric: 0.4680
194/326 [================>.............] - ETA: 1:45 - loss: 0.4036 - mae: 0.2508 - mse: 0.1257 - ssim_metric: 0.4683
195/326 [================>.............] - ETA: 1:45 - loss: 0.4039 - mae: 0.2508 - mse: 0.1258 - ssim_metric: 0.4685
196/326 [=================>............] - ETA: 1:44 - loss: 0.4043 - mae: 0.2509 - mse: 0.1259 - ssim_metric: 0.4685
197/326 [=================>............] - ETA: 1:43 - loss: 0.4041 - mae: 0.2507 - mse: 0.1258 - ssim_metric: 0.4689
198/326 [=================>............] - ETA: 1:42 - loss: 0.4040 - mae: 0.2506 - mse: 0.1258 - ssim_metric: 0.4691
199/326 [=================>............] - ETA: 1:41 - loss: 0.4039 - mae: 0.2505 - mse: 0.1257 - ssim_metric: 0.4693
200/326 [=================>............] - ETA: 1:41 - loss: 0.4039 - mae: 0.2505 - mse: 0.1257 - ssim_metric: 0.4693
201/326 [=================>............] - ETA: 1:40 - loss: 0.4038 - mae: 0.2505 - mse: 0.1257 - ssim_metric: 0.4693
202/326 [=================>............] - ETA: 1:39 - loss: 0.4042 - mae: 0.2506 - mse: 0.1258 - ssim_metric: 0.4695
203/326 [=================>............] - ETA: 1:38 - loss: 0.4047 - mae: 0.2508 - mse: 0.1260 - ssim_metric: 0.4691
204/326 [=================>............] - ETA: 1:37 - loss: 0.4045 - mae: 0.2508 - mse: 0.1260 - ssim_metric: 0.4690
205/326 [=================>............] - ETA: 1:37 - loss: 0.4042 - mae: 0.2507 - mse: 0.1258 - ssim_metric: 0.4689
206/326 [=================>............] - ETA: 1:36 - loss: 0.4041 - mae: 0.2507 - mse: 0.1258 - ssim_metric: 0.4689
207/326 [==================>...........] - ETA: 1:35 - loss: 0.4040 - mae: 0.2508 - mse: 0.1257 - ssim_metric: 0.4688
208/326 [==================>...........] - ETA: 1:34 - loss: 0.4039 - mae: 0.2507 - mse: 0.1257 - ssim_metric: 0.4688
209/326 [==================>...........] - ETA: 1:33 - loss: 0.4040 - mae: 0.2508 - mse: 0.1257 - ssim_metric: 0.4688
210/326 [==================>...........] - ETA: 1:33 - loss: 0.4042 - mae: 0.2509 - mse: 0.1258 - ssim_metric: 0.4687
211/326 [==================>...........] - ETA: 1:32 - loss: 0.4041 - mae: 0.2508 - mse: 0.1258 - ssim_metric: 0.4690
212/326 [==================>...........] - ETA: 1:31 - loss: 0.4040 - mae: 0.2508 - mse: 0.1258 - ssim_metric: 0.4691
213/326 [==================>...........] - ETA: 1:30 - loss: 0.4037 - mae: 0.2506 - mse: 0.1257 - ssim_metric: 0.4693
214/326 [==================>...........] - ETA: 1:29 - loss: 0.4039 - mae: 0.2507 - mse: 0.1257 - ssim_metric: 0.4692
215/326 [==================>...........] - ETA: 1:29 - loss: 0.4039 - mae: 0.2507 - mse: 0.1257 - ssim_metric: 0.4691
216/326 [==================>...........] - ETA: 1:28 - loss: 0.4037 - mae: 0.2505 - mse: 0.1256 - ssim_metric: 0.4694
217/326 [==================>...........] - ETA: 1:27 - loss: 0.4038 - mae: 0.2506 - mse: 0.1257 - ssim_metric: 0.4693
218/326 [===================>..........] - ETA: 1:26 - loss: 0.4039 - mae: 0.2506 - mse: 0.1257 - ssim_metric: 0.4692
219/326 [===================>..........] - ETA: 1:25 - loss: 0.4038 - mae: 0.2506 - mse: 0.1257 - ssim_metric: 0.4692
220/326 [===================>..........] - ETA: 1:25 - loss: 0.4041 - mae: 0.2507 - mse: 0.1258 - ssim_metric: 0.4689
221/326 [===================>..........] - ETA: 1:24 - loss: 0.4043 - mae: 0.2509 - mse: 0.1259 - ssim_metric: 0.4685
222/326 [===================>..........] - ETA: 1:23 - loss: 0.4044 - mae: 0.2511 - mse: 0.1260 - ssim_metric: 0.4681
223/326 [===================>..........] - ETA: 1:22 - loss: 0.4043 - mae: 0.2511 - mse: 0.1259 - ssim_metric: 0.4680
224/326 [===================>..........] - ETA: 1:21 - loss: 0.4045 - mae: 0.2512 - mse: 0.1260 - ssim_metric: 0.4676
225/326 [===================>..........] - ETA: 1:21 - loss: 0.4047 - mae: 0.2513 - mse: 0.1261 - ssim_metric: 0.4673
226/326 [===================>..........] - ETA: 1:20 - loss: 0.4047 - mae: 0.2514 - mse: 0.1261 - ssim_metric: 0.4673
227/326 [===================>..........] - ETA: 1:19 - loss: 0.4045 - mae: 0.2512 - mse: 0.1260 - ssim_metric: 0.4676
228/326 [===================>..........] - ETA: 1:18 - loss: 0.4044 - mae: 0.2511 - mse: 0.1260 - ssim_metric: 0.4678
229/326 [====================>.........] - ETA: 1:17 - loss: 0.4048 - mae: 0.2513 - mse: 0.1261 - ssim_metric: 0.4674
230/326 [====================>.........] - ETA: 1:17 - loss: 0.4047 - mae: 0.2513 - mse: 0.1261 - ssim_metric: 0.4673
231/326 [====================>.........] - ETA: 1:16 - loss: 0.4047 - mae: 0.2513 - mse: 0.1261 - ssim_metric: 0.4672
232/326 [====================>.........] - ETA: 1:15 - loss: 0.4045 - mae: 0.2512 - mse: 0.1260 - ssim_metric: 0.4673
233/326 [====================>.........] - ETA: 1:14 - loss: 0.4046 - mae: 0.2512 - mse: 0.1260 - ssim_metric: 0.4674
234/326 [====================>.........] - ETA: 1:13 - loss: 0.4048 - mae: 0.2514 - mse: 0.1261 - ssim_metric: 0.4670
235/326 [====================>.........] - ETA: 1:13 - loss: 0.4048 - mae: 0.2514 - mse: 0.1261 - ssim_metric: 0.4670
236/326 [====================>.........] - ETA: 1:12 - loss: 0.4043 - mae: 0.2511 - mse: 0.1259 - ssim_metric: 0.4674
237/326 [====================>.........] - ETA: 1:11 - loss: 0.4040 - mae: 0.2510 - mse: 0.1258 - ssim_metric: 0.4677
238/326 [====================>.........] - ETA: 1:10 - loss: 0.4041 - mae: 0.2510 - mse: 0.1259 - ssim_metric: 0.4678
239/326 [====================>.........] - ETA: 1:09 - loss: 0.4036 - mae: 0.2506 - mse: 0.1257 - ssim_metric: 0.4683
240/326 [=====================>........] - ETA: 1:09 - loss: 0.4035 - mae: 0.2505 - mse: 0.1257 - ssim_metric: 0.4686
241/326 [=====================>........] - ETA: 1:08 - loss: 0.4035 - mae: 0.2504 - mse: 0.1256 - ssim_metric: 0.4686
242/326 [=====================>........] - ETA: 1:07 - loss: 0.4030 - mae: 0.2501 - mse: 0.1255 - ssim_metric: 0.4691
243/326 [=====================>........] - ETA: 1:06 - loss: 0.4029 - mae: 0.2500 - mse: 0.1254 - ssim_metric: 0.4694
244/326 [=====================>........] - ETA: 1:05 - loss: 0.4030 - mae: 0.2500 - mse: 0.1255 - ssim_metric: 0.4695
245/326 [=====================>........] - ETA: 1:04 - loss: 0.4030 - mae: 0.2501 - mse: 0.1255 - ssim_metric: 0.4694
246/326 [=====================>........] - ETA: 1:04 - loss: 0.4029 - mae: 0.2500 - mse: 0.1254 - ssim_metric: 0.4696
247/326 [=====================>........] - ETA: 1:03 - loss: 0.4028 - mae: 0.2500 - mse: 0.1254 - ssim_metric: 0.4694
248/326 [=====================>........] - ETA: 1:02 - loss: 0.4031 - mae: 0.2501 - mse: 0.1255 - ssim_metric: 0.4693
249/326 [=====================>........] - ETA: 1:01 - loss: 0.4034 - mae: 0.2503 - mse: 0.1256 - ssim_metric: 0.4690
250/326 [======================>.......] - ETA: 1:00 - loss: 0.4032 - mae: 0.2503 - mse: 0.1256 - ssim_metric: 0.4689
251/326 [======================>.......] - ETA: 1:00 - loss: 0.4031 - mae: 0.2502 - mse: 0.1255 - ssim_metric: 0.4688
252/326 [======================>.......] - ETA: 59s - loss: 0.4026 - mae: 0.2501 - mse: 0.1254 - ssim_metric: 0.4689 
253/326 [======================>.......] - ETA: 58s - loss: 0.4032 - mae: 0.2503 - mse: 0.1255 - ssim_metric: 0.4687
254/326 [======================>.......] - ETA: 57s - loss: 0.4031 - mae: 0.2503 - mse: 0.1255 - ssim_metric: 0.4687
255/326 [======================>.......] - ETA: 56s - loss: 0.4029 - mae: 0.2502 - mse: 0.1254 - ssim_metric: 0.4689
256/326 [======================>.......] - ETA: 56s - loss: 0.4031 - mae: 0.2503 - mse: 0.1255 - ssim_metric: 0.4688
257/326 [======================>.......] - ETA: 55s - loss: 0.4031 - mae: 0.2502 - mse: 0.1255 - ssim_metric: 0.4688
258/326 [======================>.......] - ETA: 54s - loss: 0.4034 - mae: 0.2503 - mse: 0.1256 - ssim_metric: 0.4687
259/326 [======================>.......] - ETA: 53s - loss: 0.4036 - mae: 0.2504 - mse: 0.1257 - ssim_metric: 0.4684
260/326 [======================>.......] - ETA: 52s - loss: 0.4033 - mae: 0.2503 - mse: 0.1256 - ssim_metric: 0.4685
261/326 [=======================>......] - ETA: 52s - loss: 0.4034 - mae: 0.2503 - mse: 0.1256 - ssim_metric: 0.4684
262/326 [=======================>......] - ETA: 51s - loss: 0.4030 - mae: 0.2501 - mse: 0.1255 - ssim_metric: 0.4684
263/326 [=======================>......] - ETA: 50s - loss: 0.4034 - mae: 0.2503 - mse: 0.1256 - ssim_metric: 0.4681
264/326 [=======================>......] - ETA: 49s - loss: 0.4035 - mae: 0.2504 - mse: 0.1257 - ssim_metric: 0.4680
265/326 [=======================>......] - ETA: 48s - loss: 0.4036 - mae: 0.2505 - mse: 0.1257 - ssim_metric: 0.4678
266/326 [=======================>......] - ETA: 48s - loss: 0.4037 - mae: 0.2506 - mse: 0.1258 - ssim_metric: 0.4675
267/326 [=======================>......] - ETA: 47s - loss: 0.4038 - mae: 0.2507 - mse: 0.1258 - ssim_metric: 0.4672
268/326 [=======================>......] - ETA: 46s - loss: 0.4039 - mae: 0.2508 - mse: 0.1258 - ssim_metric: 0.4669
269/326 [=======================>......] - ETA: 45s - loss: 0.4038 - mae: 0.2508 - mse: 0.1258 - ssim_metric: 0.4669
270/326 [=======================>......] - ETA: 44s - loss: 0.4040 - mae: 0.2509 - mse: 0.1259 - ssim_metric: 0.4667
271/326 [=======================>......] - ETA: 44s - loss: 0.4041 - mae: 0.2510 - mse: 0.1259 - ssim_metric: 0.4667
272/326 [========================>.....] - ETA: 43s - loss: 0.4040 - mae: 0.2509 - mse: 0.1259 - ssim_metric: 0.4668
273/326 [========================>.....] - ETA: 42s - loss: 0.4037 - mae: 0.2508 - mse: 0.1258 - ssim_metric: 0.4670
274/326 [========================>.....] - ETA: 41s - loss: 0.4038 - mae: 0.2508 - mse: 0.1258 - ssim_metric: 0.4670
275/326 [========================>.....] - ETA: 40s - loss: 0.4039 - mae: 0.2508 - mse: 0.1259 - ssim_metric: 0.4672
276/326 [========================>.....] - ETA: 40s - loss: 0.4040 - mae: 0.2508 - mse: 0.1259 - ssim_metric: 0.4671
277/326 [========================>.....] - ETA: 39s - loss: 0.4042 - mae: 0.2510 - mse: 0.1260 - ssim_metric: 0.4669
278/326 [========================>.....] - ETA: 38s - loss: 0.4041 - mae: 0.2509 - mse: 0.1259 - ssim_metric: 0.4669
279/326 [========================>.....] - ETA: 37s - loss: 0.4039 - mae: 0.2508 - mse: 0.1258 - ssim_metric: 0.4671
280/326 [========================>.....] - ETA: 36s - loss: 0.4038 - mae: 0.2508 - mse: 0.1258 - ssim_metric: 0.4670
281/326 [========================>.....] - ETA: 36s - loss: 0.4040 - mae: 0.2509 - mse: 0.1259 - ssim_metric: 0.4667
282/326 [========================>.....] - ETA: 35s - loss: 0.4041 - mae: 0.2510 - mse: 0.1259 - ssim_metric: 0.4668
283/326 [=========================>....] - ETA: 34s - loss: 0.4046 - mae: 0.2511 - mse: 0.1261 - ssim_metric: 0.4667
284/326 [=========================>....] - ETA: 33s - loss: 0.4045 - mae: 0.2512 - mse: 0.1260 - ssim_metric: 0.4666
285/326 [=========================>....] - ETA: 32s - loss: 0.4047 - mae: 0.2513 - mse: 0.1261 - ssim_metric: 0.4663
286/326 [=========================>....] - ETA: 32s - loss: 0.4047 - mae: 0.2514 - mse: 0.1261 - ssim_metric: 0.4663
287/326 [=========================>....] - ETA: 31s - loss: 0.4050 - mae: 0.2515 - mse: 0.1263 - ssim_metric: 0.4661
288/326 [=========================>....] - ETA: 30s - loss: 0.4054 - mae: 0.2517 - mse: 0.1264 - ssim_metric: 0.4659
289/326 [=========================>....] - ETA: 29s - loss: 0.4054 - mae: 0.2517 - mse: 0.1264 - ssim_metric: 0.4657
290/326 [=========================>....] - ETA: 28s - loss: 0.4057 - mae: 0.2519 - mse: 0.1265 - ssim_metric: 0.4655
291/326 [=========================>....] - ETA: 28s - loss: 0.4058 - mae: 0.2520 - mse: 0.1266 - ssim_metric: 0.4653
292/326 [=========================>....] - ETA: 27s - loss: 0.4056 - mae: 0.2520 - mse: 0.1265 - ssim_metric: 0.4651
293/326 [=========================>....] - ETA: 26s - loss: 0.4055 - mae: 0.2520 - mse: 0.1264 - ssim_metric: 0.4651
294/326 [==========================>...] - ETA: 25s - loss: 0.4057 - mae: 0.2521 - mse: 0.1265 - ssim_metric: 0.4648
295/326 [==========================>...] - ETA: 24s - loss: 0.4057 - mae: 0.2522 - mse: 0.1265 - ssim_metric: 0.4647
296/326 [==========================>...] - ETA: 24s - loss: 0.4055 - mae: 0.2521 - mse: 0.1265 - ssim_metric: 0.4649
297/326 [==========================>...] - ETA: 23s - loss: 0.4057 - mae: 0.2521 - mse: 0.1265 - ssim_metric: 0.4649
298/326 [==========================>...] - ETA: 22s - loss: 0.4052 - mae: 0.2520 - mse: 0.1263 - ssim_metric: 0.4652
299/326 [==========================>...] - ETA: 21s - loss: 0.4050 - mae: 0.2518 - mse: 0.1263 - ssim_metric: 0.4654
300/326 [==========================>...] - ETA: 20s - loss: 0.4051 - mae: 0.2518 - mse: 0.1263 - ssim_metric: 0.4655
301/326 [==========================>...] - ETA: 20s - loss: 0.4048 - mae: 0.2516 - mse: 0.1262 - ssim_metric: 0.4659
302/326 [==========================>...] - ETA: 19s - loss: 0.4051 - mae: 0.2518 - mse: 0.1263 - ssim_metric: 0.4656
303/326 [==========================>...] - ETA: 18s - loss: 0.4051 - mae: 0.2518 - mse: 0.1263 - ssim_metric: 0.4655
304/326 [==========================>...] - ETA: 17s - loss: 0.4052 - mae: 0.2518 - mse: 0.1263 - ssim_metric: 0.4655
305/326 [===========================>..] - ETA: 16s - loss: 0.4052 - mae: 0.2518 - mse: 0.1264 - ssim_metric: 0.4655
306/326 [===========================>..] - ETA: 16s - loss: 0.4052 - mae: 0.2519 - mse: 0.1264 - ssim_metric: 0.4654
307/326 [===========================>..] - ETA: 15s - loss: 0.4053 - mae: 0.2519 - mse: 0.1264 - ssim_metric: 0.4654
308/326 [===========================>..] - ETA: 14s - loss: 0.4052 - mae: 0.2518 - mse: 0.1263 - ssim_metric: 0.4656
309/326 [===========================>..] - ETA: 13s - loss: 0.4052 - mae: 0.2518 - mse: 0.1263 - ssim_metric: 0.4657
310/326 [===========================>..] - ETA: 12s - loss: 0.4051 - mae: 0.2518 - mse: 0.1263 - ssim_metric: 0.4656
311/326 [===========================>..] - ETA: 12s - loss: 0.4050 - mae: 0.2517 - mse: 0.1263 - ssim_metric: 0.4658
312/326 [===========================>..] - ETA: 11s - loss: 0.4049 - mae: 0.2517 - mse: 0.1263 - ssim_metric: 0.4657
313/326 [===========================>..] - ETA: 10s - loss: 0.4051 - mae: 0.2517 - mse: 0.1263 - ssim_metric: 0.4657
314/326 [===========================>..] - ETA: 9s - loss: 0.4052 - mae: 0.2517 - mse: 0.1264 - ssim_metric: 0.4659 
315/326 [===========================>..] - ETA: 8s - loss: 0.4054 - mae: 0.2518 - mse: 0.1264 - ssim_metric: 0.4657
316/326 [============================>.] - ETA: 8s - loss: 0.4054 - mae: 0.2518 - mse: 0.1264 - ssim_metric: 0.4656
317/326 [============================>.] - ETA: 7s - loss: 0.4052 - mae: 0.2518 - mse: 0.1264 - ssim_metric: 0.4657
318/326 [============================>.] - ETA: 6s - loss: 0.4051 - mae: 0.2517 - mse: 0.1263 - ssim_metric: 0.4657
319/326 [============================>.] - ETA: 5s - loss: 0.4056 - mae: 0.2520 - mse: 0.1265 - ssim_metric: 0.4654
320/326 [============================>.] - ETA: 4s - loss: 0.4056 - mae: 0.2520 - mse: 0.1265 - ssim_metric: 0.4652
321/326 [============================>.] - ETA: 4s - loss: 0.4057 - mae: 0.2521 - mse: 0.1265 - ssim_metric: 0.4650
322/326 [============================>.] - ETA: 3s - loss: 0.4055 - mae: 0.2521 - mse: 0.1265 - ssim_metric: 0.4650
323/326 [============================>.] - ETA: 2s - loss: 0.4054 - mae: 0.2521 - mse: 0.1264 - ssim_metric: 0.4650
324/326 [============================>.] - ETA: 1s - loss: 0.4059 - mae: 0.2523 - mse: 0.1266 - ssim_metric: 0.4648
325/326 [============================>.] - ETA: 0s - loss: 0.4059 - mae: 0.2523 - mse: 0.1266 - ssim_metric: 0.4647
326/326 [==============================] - ETA: 0s - loss: 0.4060 - mae: 0.2523 - mse: 0.1266 - ssim_metric: 0.4648
Epoch 6: saving model to C:\d_surucusu\visual_navigation\benchmark\models_pipeline\20260909_223425\bce_b16\_JOB_bce_b16_10_09_2026__07_13_model_f48_k4_epoch_00006_helu_osigmoid_(1, 1)_.h5

Epoch 6: val_loss improved from 0.37035 to 0.36670, saving model to C:\d_surucusu\visual_navigation\benchmark\models_pipeline\20260909_223425\bce_b16\_JOB_bce_b16_10_09_2026__07_13_best_val_loss_model_f48_k4.h5

Epoch 6: val_mae improved from 0.23694 to 0.23259, saving model to C:\d_surucusu\visual_navigation\benchmark\models_pipeline\20260909_223425\bce_b16\_JOB_bce_b16_10_09_2026__07_13_best_mae_model_f48_k4.h5

Epoch 6: val_ssim_metric did not improve from 0.56049

326/326 [==============================] - 277s 851ms/step - loss: 0.4060 - mae: 0.2523 - mse: 0.1266 - ssim_metric: 0.4648 - val_loss: 0.3667 - val_mae: 0.2326 - val_mse: 0.1119 - val_ssim_metric: 0.4900
Epoch 7/20

  1/326 [..............................] - ETA: 4:36 - loss: 0.4329 - mae: 0.2663 - mse: 0.1390 - ssim_metric: 0.4205
  2/326 [..............................] - ETA: 4:18 - loss: 0.4304 - mae: 0.2615 - mse: 0.1363 - ssim_metric: 0.4469
  3/326 [..............................] - ETA: 4:18 - loss: 0.4496 - mae: 0.2765 - mse: 0.1434 - ssim_metric: 0.4286
  4/326 [..............................] - ETA: 4:17 - loss: 0.4426 - mae: 0.2755 - mse: 0.1409 - ssim_metric: 0.4238
  5/326 [..............................] - ETA: 4:17 - loss: 0.4314 - mae: 0.2719 - mse: 0.1367 - ssim_metric: 0.4296
  6/326 [..............................] - ETA: 4:16 - loss: 0.4293 - mae: 0.2747 - mse: 0.1360 - ssim_metric: 0.4185
  7/326 [..............................] - ETA: 4:15 - loss: 0.4254 - mae: 0.2741 - mse: 0.1346 - ssim_metric: 0.4193
  8/326 [..............................] - ETA: 4:14 - loss: 0.4140 - mae: 0.2679 - mse: 0.1300 - ssim_metric: 0.4258
  9/326 [..............................] - ETA: 4:14 - loss: 0.4035 - mae: 0.2618 - mse: 0.1259 - ssim_metric: 0.4350
 10/326 [..............................] - ETA: 4:13 - loss: 0.4009 - mae: 0.2587 - mse: 0.1249 - ssim_metric: 0.4434
 11/326 [>.............................] - ETA: 4:12 - loss: 0.4043 - mae: 0.2588 - mse: 0.1266 - ssim_metric: 0.4481
 12/326 [>.............................] - ETA: 4:11 - loss: 0.4046 - mae: 0.2567 - mse: 0.1269 - ssim_metric: 0.4533
 13/326 [>.............................] - ETA: 4:11 - loss: 0.4103 - mae: 0.2566 - mse: 0.1289 - ssim_metric: 0.4571
 14/326 [>.............................] - ETA: 4:10 - loss: 0.4225 - mae: 0.2605 - mse: 0.1330 - ssim_metric: 0.4534
 15/326 [>.............................] - ETA: 4:09 - loss: 0.4124 - mae: 0.2549 - mse: 0.1293 - ssim_metric: 0.4637
 16/326 [>.............................] - ETA: 4:08 - loss: 0.4159 - mae: 0.2565 - mse: 0.1307 - ssim_metric: 0.4621
 17/326 [>.............................] - ETA: 4:08 - loss: 0.4148 - mae: 0.2568 - mse: 0.1302 - ssim_metric: 0.4614
 18/326 [>.............................] - ETA: 4:07 - loss: 0.4171 - mae: 0.2596 - mse: 0.1312 - ssim_metric: 0.4557
 19/326 [>.............................] - ETA: 4:06 - loss: 0.4176 - mae: 0.2612 - mse: 0.1314 - ssim_metric: 0.4520
 20/326 [>.............................] - ETA: 4:05 - loss: 0.4142 - mae: 0.2610 - mse: 0.1299 - ssim_metric: 0.4500
 21/326 [>.............................] - ETA: 4:04 - loss: 0.4099 - mae: 0.2592 - mse: 0.1282 - ssim_metric: 0.4507
 22/326 [=>............................] - ETA: 4:03 - loss: 0.4055 - mae: 0.2569 - mse: 0.1265 - ssim_metric: 0.4532
 23/326 [=>............................] - ETA: 4:03 - loss: 0.4012 - mae: 0.2540 - mse: 0.1250 - ssim_metric: 0.4602
 24/326 [=>............................] - ETA: 4:02 - loss: 0.4001 - mae: 0.2525 - mse: 0.1246 - ssim_metric: 0.4636
 25/326 [=>............................] - ETA: 4:01 - loss: 0.4051 - mae: 0.2534 - mse: 0.1263 - ssim_metric: 0.4632
 26/326 [=>............................] - ETA: 4:00 - loss: 0.4068 - mae: 0.2529 - mse: 0.1269 - ssim_metric: 0.4658
 27/326 [=>............................] - ETA: 3:59 - loss: 0.4056 - mae: 0.2516 - mse: 0.1265 - ssim_metric: 0.4691
 28/326 [=>............................] - ETA: 3:59 - loss: 0.4073 - mae: 0.2513 - mse: 0.1270 - ssim_metric: 0.4696
 29/326 [=>............................] - ETA: 3:58 - loss: 0.4060 - mae: 0.2506 - mse: 0.1266 - ssim_metric: 0.4697
 30/326 [=>............................] - ETA: 3:57 - loss: 0.4078 - mae: 0.2516 - mse: 0.1273 - ssim_metric: 0.4673
 31/326 [=>............................] - ETA: 3:56 - loss: 0.4082 - mae: 0.2522 - mse: 0.1274 - ssim_metric: 0.4642
 32/326 [=>............................] - ETA: 3:55 - loss: 0.4094 - mae: 0.2534 - mse: 0.1280 - ssim_metric: 0.4609
 33/326 [==>...........................] - ETA: 3:55 - loss: 0.4071 - mae: 0.2531 - mse: 0.1270 - ssim_metric: 0.4596
 34/326 [==>...........................] - ETA: 3:54 - loss: 0.4084 - mae: 0.2543 - mse: 0.1275 - ssim_metric: 0.4557
 35/326 [==>...........................] - ETA: 3:53 - loss: 0.4062 - mae: 0.2533 - mse: 0.1267 - ssim_metric: 0.4566
 36/326 [==>...........................] - ETA: 3:52 - loss: 0.4065 - mae: 0.2537 - mse: 0.1268 - ssim_metric: 0.4555
 37/326 [==>...........................] - ETA: 3:51 - loss: 0.4037 - mae: 0.2520 - mse: 0.1258 - ssim_metric: 0.4582
 38/326 [==>...........................] - ETA: 3:51 - loss: 0.4017 - mae: 0.2508 - mse: 0.1250 - ssim_metric: 0.4597
 39/326 [==>...........................] - ETA: 3:50 - loss: 0.4018 - mae: 0.2505 - mse: 0.1250 - ssim_metric: 0.4608
 40/326 [==>...........................] - ETA: 3:49 - loss: 0.4002 - mae: 0.2497 - mse: 0.1245 - ssim_metric: 0.4623
 41/326 [==>...........................] - ETA: 3:48 - loss: 0.3986 - mae: 0.2483 - mse: 0.1239 - ssim_metric: 0.4655
 42/326 [==>...........................] - ETA: 3:47 - loss: 0.3948 - mae: 0.2459 - mse: 0.1225 - ssim_metric: 0.4698
 43/326 [==>...........................] - ETA: 3:47 - loss: 0.3948 - mae: 0.2452 - mse: 0.1224 - ssim_metric: 0.4713
 44/326 [===>..........................] - ETA: 3:46 - loss: 0.3958 - mae: 0.2452 - mse: 0.1229 - ssim_metric: 0.4719
 45/326 [===>..........................] - ETA: 3:45 - loss: 0.3983 - mae: 0.2462 - mse: 0.1238 - ssim_metric: 0.4702
 46/326 [===>..........................] - ETA: 3:44 - loss: 0.3985 - mae: 0.2462 - mse: 0.1239 - ssim_metric: 0.4709
 47/326 [===>..........................] - ETA: 3:43 - loss: 0.3971 - mae: 0.2456 - mse: 0.1235 - ssim_metric: 0.4717
 48/326 [===>..........................] - ETA: 3:43 - loss: 0.3944 - mae: 0.2444 - mse: 0.1224 - ssim_metric: 0.4730
 49/326 [===>..........................] - ETA: 3:42 - loss: 0.3978 - mae: 0.2456 - mse: 0.1235 - ssim_metric: 0.4715
 50/326 [===>..........................] - ETA: 3:41 - loss: 0.3973 - mae: 0.2457 - mse: 0.1233 - ssim_metric: 0.4716
 51/326 [===>..........................] - ETA: 3:40 - loss: 0.3957 - mae: 0.2452 - mse: 0.1227 - ssim_metric: 0.4709
 52/326 [===>..........................] - ETA: 3:39 - loss: 0.3962 - mae: 0.2455 - mse: 0.1229 - ssim_metric: 0.4710
 53/326 [===>..........................] - ETA: 3:39 - loss: 0.3958 - mae: 0.2452 - mse: 0.1227 - ssim_metric: 0.4711
 54/326 [===>..........................] - ETA: 3:38 - loss: 0.3964 - mae: 0.2453 - mse: 0.1230 - ssim_metric: 0.4713
 55/326 [====>.........................] - ETA: 3:37 - loss: 0.3965 - mae: 0.2454 - mse: 0.1230 - ssim_metric: 0.4714
 56/326 [====>.........................] - ETA: 3:36 - loss: 0.3962 - mae: 0.2453 - mse: 0.1229 - ssim_metric: 0.4713
 57/326 [====>.........................] - ETA: 3:35 - loss: 0.3950 - mae: 0.2446 - mse: 0.1225 - ssim_metric: 0.4721
 58/326 [====>.........................] - ETA: 3:35 - loss: 0.3964 - mae: 0.2451 - mse: 0.1231 - ssim_metric: 0.4718
 59/326 [====>.........................] - ETA: 3:34 - loss: 0.3971 - mae: 0.2454 - mse: 0.1233 - ssim_metric: 0.4711
 60/326 [====>.........................] - ETA: 3:33 - loss: 0.3982 - mae: 0.2459 - mse: 0.1237 - ssim_metric: 0.4707
 61/326 [====>.........................] - ETA: 3:32 - loss: 0.3962 - mae: 0.2450 - mse: 0.1230 - ssim_metric: 0.4724
 62/326 [====>.........................] - ETA: 3:31 - loss: 0.3949 - mae: 0.2445 - mse: 0.1225 - ssim_metric: 0.4727
 63/326 [====>.........................] - ETA: 3:31 - loss: 0.3957 - mae: 0.2450 - mse: 0.1228 - ssim_metric: 0.4715
 64/326 [====>.........................] - ETA: 3:30 - loss: 0.3947 - mae: 0.2447 - mse: 0.1224 - ssim_metric: 0.4723
 65/326 [====>.........................] - ETA: 3:29 - loss: 0.3934 - mae: 0.2441 - mse: 0.1219 - ssim_metric: 0.4736
 66/326 [=====>........................] - ETA: 3:28 - loss: 0.3946 - mae: 0.2447 - mse: 0.1224 - ssim_metric: 0.4726
 67/326 [=====>........................] - ETA: 3:27 - loss: 0.3946 - mae: 0.2448 - mse: 0.1224 - ssim_metric: 0.4721
 68/326 [=====>........................] - ETA: 3:27 - loss: 0.3944 - mae: 0.2445 - mse: 0.1224 - ssim_metric: 0.4724
 69/326 [=====>........................] - ETA: 3:26 - loss: 0.3946 - mae: 0.2445 - mse: 0.1225 - ssim_metric: 0.4723
 70/326 [=====>........................] - ETA: 3:25 - loss: 0.3945 - mae: 0.2444 - mse: 0.1225 - ssim_metric: 0.4727
 71/326 [=====>........................] - ETA: 3:24 - loss: 0.3944 - mae: 0.2442 - mse: 0.1224 - ssim_metric: 0.4730
 72/326 [=====>........................] - ETA: 3:23 - loss: 0.3965 - mae: 0.2449 - mse: 0.1231 - ssim_metric: 0.4721
 73/326 [=====>........................] - ETA: 3:22 - loss: 0.3966 - mae: 0.2448 - mse: 0.1231 - ssim_metric: 0.4722
 74/326 [=====>........................] - ETA: 3:22 - loss: 0.3961 - mae: 0.2448 - mse: 0.1230 - ssim_metric: 0.4718
 75/326 [=====>........................] - ETA: 3:21 - loss: 0.3953 - mae: 0.2445 - mse: 0.1227 - ssim_metric: 0.4719
 76/326 [=====>........................] - ETA: 3:20 - loss: 0.3939 - mae: 0.2439 - mse: 0.1222 - ssim_metric: 0.4723
 77/326 [======>.......................] - ETA: 3:19 - loss: 0.3946 - mae: 0.2445 - mse: 0.1224 - ssim_metric: 0.4710
 78/326 [======>.......................] - ETA: 3:18 - loss: 0.3943 - mae: 0.2445 - mse: 0.1223 - ssim_metric: 0.4710
 79/326 [======>.......................] - ETA: 3:18 - loss: 0.3952 - mae: 0.2448 - mse: 0.1227 - ssim_metric: 0.4708
 80/326 [======>.......................] - ETA: 3:17 - loss: 0.3960 - mae: 0.2450 - mse: 0.1230 - ssim_metric: 0.4708
 81/326 [======>.......................] - ETA: 3:16 - loss: 0.3957 - mae: 0.2448 - mse: 0.1229 - ssim_metric: 0.4713
 82/326 [======>.......................] - ETA: 3:15 - loss: 0.3959 - mae: 0.2449 - mse: 0.1230 - ssim_metric: 0.4713
 83/326 [======>.......................] - ETA: 3:14 - loss: 0.3957 - mae: 0.2448 - mse: 0.1229 - ssim_metric: 0.4712
 84/326 [======>.......................] - ETA: 3:14 - loss: 0.3962 - mae: 0.2452 - mse: 0.1231 - ssim_metric: 0.4708
 85/326 [======>.......................] - ETA: 3:13 - loss: 0.3951 - mae: 0.2447 - mse: 0.1226 - ssim_metric: 0.4714
 86/326 [======>.......................] - ETA: 3:12 - loss: 0.3951 - mae: 0.2449 - mse: 0.1227 - ssim_metric: 0.4711
 87/326 [=======>......................] - ETA: 3:11 - loss: 0.3947 - mae: 0.2448 - mse: 0.1226 - ssim_metric: 0.4711
 88/326 [=======>......................] - ETA: 3:10 - loss: 0.3939 - mae: 0.2444 - mse: 0.1223 - ssim_metric: 0.4711
 89/326 [=======>......................] - ETA: 3:10 - loss: 0.3933 - mae: 0.2442 - mse: 0.1221 - ssim_metric: 0.4715
 90/326 [=======>......................] - ETA: 3:09 - loss: 0.3943 - mae: 0.2445 - mse: 0.1224 - ssim_metric: 0.4708
 91/326 [=======>......................] - ETA: 3:08 - loss: 0.3942 - mae: 0.2444 - mse: 0.1224 - ssim_metric: 0.4712
 92/326 [=======>......................] - ETA: 3:07 - loss: 0.3940 - mae: 0.2443 - mse: 0.1223 - ssim_metric: 0.4712
 93/326 [=======>......................] - ETA: 3:06 - loss: 0.3948 - mae: 0.2444 - mse: 0.1225 - ssim_metric: 0.4716
 94/326 [=======>......................] - ETA: 3:06 - loss: 0.3954 - mae: 0.2443 - mse: 0.1227 - ssim_metric: 0.4720
 95/326 [=======>......................] - ETA: 3:05 - loss: 0.3964 - mae: 0.2447 - mse: 0.1231 - ssim_metric: 0.4715
 96/326 [=======>......................] - ETA: 3:04 - loss: 0.3961 - mae: 0.2446 - mse: 0.1230 - ssim_metric: 0.4715
 97/326 [=======>......................] - ETA: 3:03 - loss: 0.3961 - mae: 0.2448 - mse: 0.1230 - ssim_metric: 0.4712
 98/326 [========>.....................] - ETA: 3:02 - loss: 0.3954 - mae: 0.2446 - mse: 0.1227 - ssim_metric: 0.4713
 99/326 [========>.....................] - ETA: 3:02 - loss: 0.3950 - mae: 0.2445 - mse: 0.1226 - ssim_metric: 0.4713
100/326 [========>.....................] - ETA: 3:01 - loss: 0.3950 - mae: 0.2447 - mse: 0.1226 - ssim_metric: 0.4710
101/326 [========>.....................] - ETA: 3:00 - loss: 0.3944 - mae: 0.2445 - mse: 0.1224 - ssim_metric: 0.4711
102/326 [========>.....................] - ETA: 2:59 - loss: 0.3937 - mae: 0.2442 - mse: 0.1221 - ssim_metric: 0.4714
103/326 [========>.....................] - ETA: 2:58 - loss: 0.3952 - mae: 0.2446 - mse: 0.1225 - ssim_metric: 0.4708
104/326 [========>.....................] - ETA: 2:58 - loss: 0.3951 - mae: 0.2445 - mse: 0.1225 - ssim_metric: 0.4711
105/326 [========>.....................] - ETA: 2:57 - loss: 0.3946 - mae: 0.2443 - mse: 0.1224 - ssim_metric: 0.4714
106/326 [========>.....................] - ETA: 2:56 - loss: 0.3938 - mae: 0.2439 - mse: 0.1220 - ssim_metric: 0.4722
107/326 [========>.....................] - ETA: 2:55 - loss: 0.3936 - mae: 0.2437 - mse: 0.1220 - ssim_metric: 0.4726
108/326 [========>.....................] - ETA: 2:54 - loss: 0.3954 - mae: 0.2443 - mse: 0.1226 - ssim_metric: 0.4722
109/326 [=========>....................] - ETA: 2:54 - loss: 0.3951 - mae: 0.2440 - mse: 0.1224 - ssim_metric: 0.4729
110/326 [=========>....................] - ETA: 2:53 - loss: 0.3958 - mae: 0.2442 - mse: 0.1227 - ssim_metric: 0.4727
111/326 [=========>....................] - ETA: 2:52 - loss: 0.3953 - mae: 0.2440 - mse: 0.1226 - ssim_metric: 0.4732
112/326 [=========>....................] - ETA: 2:51 - loss: 0.3954 - mae: 0.2440 - mse: 0.1226 - ssim_metric: 0.4732
113/326 [=========>....................] - ETA: 2:50 - loss: 0.3953 - mae: 0.2440 - mse: 0.1226 - ssim_metric: 0.4734
114/326 [=========>....................] - ETA: 2:50 - loss: 0.3950 - mae: 0.2440 - mse: 0.1225 - ssim_metric: 0.4734
115/326 [=========>....................] - ETA: 2:49 - loss: 0.3953 - mae: 0.2443 - mse: 0.1226 - ssim_metric: 0.4730
116/326 [=========>....................] - ETA: 2:48 - loss: 0.3954 - mae: 0.2444 - mse: 0.1226 - ssim_metric: 0.4726
117/326 [=========>....................] - ETA: 2:47 - loss: 0.3958 - mae: 0.2447 - mse: 0.1228 - ssim_metric: 0.4723
118/326 [=========>....................] - ETA: 2:46 - loss: 0.3952 - mae: 0.2444 - mse: 0.1226 - ssim_metric: 0.4732
119/326 [=========>....................] - ETA: 2:46 - loss: 0.3949 - mae: 0.2442 - mse: 0.1224 - ssim_metric: 0.4735
120/326 [==========>...................] - ETA: 2:45 - loss: 0.3946 - mae: 0.2442 - mse: 0.1223 - ssim_metric: 0.4737
121/326 [==========>...................] - ETA: 2:44 - loss: 0.3940 - mae: 0.2438 - mse: 0.1221 - ssim_metric: 0.4744
122/326 [==========>...................] - ETA: 2:43 - loss: 0.3944 - mae: 0.2438 - mse: 0.1222 - ssim_metric: 0.4747
123/326 [==========>...................] - ETA: 2:42 - loss: 0.3947 - mae: 0.2439 - mse: 0.1224 - ssim_metric: 0.4746
124/326 [==========>...................] - ETA: 2:42 - loss: 0.3953 - mae: 0.2441 - mse: 0.1226 - ssim_metric: 0.4740
125/326 [==========>...................] - ETA: 2:41 - loss: 0.3953 - mae: 0.2440 - mse: 0.1226 - ssim_metric: 0.4743
126/326 [==========>...................] - ETA: 2:40 - loss: 0.3948 - mae: 0.2438 - mse: 0.1224 - ssim_metric: 0.4743
127/326 [==========>...................] - ETA: 2:39 - loss: 0.3944 - mae: 0.2437 - mse: 0.1222 - ssim_metric: 0.4744
128/326 [==========>...................] - ETA: 2:38 - loss: 0.3939 - mae: 0.2435 - mse: 0.1221 - ssim_metric: 0.4746
129/326 [==========>...................] - ETA: 2:38 - loss: 0.3939 - mae: 0.2435 - mse: 0.1220 - ssim_metric: 0.4748
130/326 [==========>...................] - ETA: 2:37 - loss: 0.3950 - mae: 0.2440 - mse: 0.1224 - ssim_metric: 0.4740
131/326 [===========>..................] - ETA: 2:36 - loss: 0.3952 - mae: 0.2441 - mse: 0.1225 - ssim_metric: 0.4739
132/326 [===========>..................] - ETA: 2:35 - loss: 0.3953 - mae: 0.2441 - mse: 0.1225 - ssim_metric: 0.4740
133/326 [===========>..................] - ETA: 2:34 - loss: 0.3952 - mae: 0.2441 - mse: 0.1225 - ssim_metric: 0.4738
134/326 [===========>..................] - ETA: 2:34 - loss: 0.3956 - mae: 0.2444 - mse: 0.1227 - ssim_metric: 0.4734
135/326 [===========>..................] - ETA: 2:33 - loss: 0.3960 - mae: 0.2447 - mse: 0.1228 - ssim_metric: 0.4728
136/326 [===========>..................] - ETA: 2:32 - loss: 0.3962 - mae: 0.2450 - mse: 0.1229 - ssim_metric: 0.4721
137/326 [===========>..................] - ETA: 2:31 - loss: 0.3959 - mae: 0.2450 - mse: 0.1228 - ssim_metric: 0.4718
138/326 [===========>..................] - ETA: 2:30 - loss: 0.3963 - mae: 0.2453 - mse: 0.1230 - ssim_metric: 0.4708
139/326 [===========>..................] - ETA: 2:30 - loss: 0.3962 - mae: 0.2454 - mse: 0.1229 - ssim_metric: 0.4705
140/326 [===========>..................] - ETA: 2:29 - loss: 0.3963 - mae: 0.2454 - mse: 0.1230 - ssim_metric: 0.4705
141/326 [===========>..................] - ETA: 2:28 - loss: 0.3964 - mae: 0.2454 - mse: 0.1231 - ssim_metric: 0.4706
142/326 [============>.................] - ETA: 2:27 - loss: 0.3961 - mae: 0.2452 - mse: 0.1229 - ssim_metric: 0.4711
143/326 [============>.................] - ETA: 2:26 - loss: 0.3963 - mae: 0.2453 - mse: 0.1230 - ssim_metric: 0.4710
144/326 [============>.................] - ETA: 2:26 - loss: 0.3962 - mae: 0.2453 - mse: 0.1230 - ssim_metric: 0.4710
145/326 [============>.................] - ETA: 2:25 - loss: 0.3959 - mae: 0.2451 - mse: 0.1229 - ssim_metric: 0.4714
146/326 [============>.................] - ETA: 2:24 - loss: 0.3957 - mae: 0.2450 - mse: 0.1228 - ssim_metric: 0.4717
147/326 [============>.................] - ETA: 2:23 - loss: 0.3964 - mae: 0.2452 - mse: 0.1231 - ssim_metric: 0.4714
148/326 [============>.................] - ETA: 2:22 - loss: 0.3959 - mae: 0.2451 - mse: 0.1229 - ssim_metric: 0.4717
149/326 [============>.................] - ETA: 2:22 - loss: 0.3963 - mae: 0.2454 - mse: 0.1231 - ssim_metric: 0.4711
150/326 [============>.................] - ETA: 2:21 - loss: 0.3961 - mae: 0.2453 - mse: 0.1230 - ssim_metric: 0.4710
151/326 [============>.................] - ETA: 2:20 - loss: 0.3967 - mae: 0.2457 - mse: 0.1232 - ssim_metric: 0.4702
152/326 [============>.................] - ETA: 2:19 - loss: 0.3972 - mae: 0.2459 - mse: 0.1234 - ssim_metric: 0.4701
153/326 [=============>................] - ETA: 2:18 - loss: 0.3968 - mae: 0.2458 - mse: 0.1233 - ssim_metric: 0.4701
154/326 [=============>................] - ETA: 2:18 - loss: 0.3966 - mae: 0.2457 - mse: 0.1232 - ssim_metric: 0.4701
155/326 [=============>................] - ETA: 2:17 - loss: 0.3967 - mae: 0.2457 - mse: 0.1232 - ssim_metric: 0.4700
156/326 [=============>................] - ETA: 2:16 - loss: 0.3965 - mae: 0.2456 - mse: 0.1231 - ssim_metric: 0.4701
157/326 [=============>................] - ETA: 2:15 - loss: 0.3966 - mae: 0.2457 - mse: 0.1232 - ssim_metric: 0.4700
158/326 [=============>................] - ETA: 2:14 - loss: 0.3974 - mae: 0.2458 - mse: 0.1234 - ssim_metric: 0.4700
159/326 [=============>................] - ETA: 2:14 - loss: 0.3976 - mae: 0.2459 - mse: 0.1235 - ssim_metric: 0.4699
160/326 [=============>................] - ETA: 2:13 - loss: 0.3975 - mae: 0.2459 - mse: 0.1235 - ssim_metric: 0.4699
161/326 [=============>................] - ETA: 2:12 - loss: 0.3977 - mae: 0.2462 - mse: 0.1236 - ssim_metric: 0.4693
162/326 [=============>................] - ETA: 2:11 - loss: 0.3976 - mae: 0.2463 - mse: 0.1235 - ssim_metric: 0.4689
163/326 [==============>...............] - ETA: 2:10 - loss: 0.3973 - mae: 0.2463 - mse: 0.1234 - ssim_metric: 0.4687
164/326 [==============>...............] - ETA: 2:10 - loss: 0.3972 - mae: 0.2463 - mse: 0.1234 - ssim_metric: 0.4688
165/326 [==============>...............] - ETA: 2:09 - loss: 0.3973 - mae: 0.2463 - mse: 0.1234 - ssim_metric: 0.4688
166/326 [==============>...............] - ETA: 2:08 - loss: 0.3979 - mae: 0.2466 - mse: 0.1236 - ssim_metric: 0.4685
167/326 [==============>...............] - ETA: 2:07 - loss: 0.3978 - mae: 0.2466 - mse: 0.1236 - ssim_metric: 0.4684
168/326 [==============>...............] - ETA: 2:06 - loss: 0.3982 - mae: 0.2468 - mse: 0.1238 - ssim_metric: 0.4683
169/326 [==============>...............] - ETA: 2:05 - loss: 0.3978 - mae: 0.2466 - mse: 0.1236 - ssim_metric: 0.4687
170/326 [==============>...............] - ETA: 2:05 - loss: 0.3980 - mae: 0.2467 - mse: 0.1237 - ssim_metric: 0.4685
171/326 [==============>...............] - ETA: 2:04 - loss: 0.3979 - mae: 0.2467 - mse: 0.1237 - ssim_metric: 0.4687
172/326 [==============>...............] - ETA: 2:03 - loss: 0.3975 - mae: 0.2464 - mse: 0.1235 - ssim_metric: 0.4693
173/326 [==============>...............] - ETA: 2:02 - loss: 0.3978 - mae: 0.2465 - mse: 0.1236 - ssim_metric: 0.4692
174/326 [===============>..............] - ETA: 2:01 - loss: 0.3976 - mae: 0.2464 - mse: 0.1236 - ssim_metric: 0.4691
175/326 [===============>..............] - ETA: 2:01 - loss: 0.3978 - mae: 0.2465 - mse: 0.1237 - ssim_metric: 0.4690
176/326 [===============>..............] - ETA: 2:00 - loss: 0.3978 - mae: 0.2465 - mse: 0.1237 - ssim_metric: 0.4690
177/326 [===============>..............] - ETA: 1:59 - loss: 0.3979 - mae: 0.2465 - mse: 0.1237 - ssim_metric: 0.4691
178/326 [===============>..............] - ETA: 1:58 - loss: 0.3987 - mae: 0.2469 - mse: 0.1240 - ssim_metric: 0.4686
179/326 [===============>..............] - ETA: 1:57 - loss: 0.3988 - mae: 0.2471 - mse: 0.1241 - ssim_metric: 0.4683
180/326 [===============>..............] - ETA: 1:57 - loss: 0.3989 - mae: 0.2473 - mse: 0.1241 - ssim_metric: 0.4677
181/326 [===============>..............] - ETA: 1:56 - loss: 0.3996 - mae: 0.2478 - mse: 0.1244 - ssim_metric: 0.4668
182/326 [===============>..............] - ETA: 1:55 - loss: 0.3996 - mae: 0.2480 - mse: 0.1244 - ssim_metric: 0.4662
183/326 [===============>..............] - ETA: 1:54 - loss: 0.3995 - mae: 0.2481 - mse: 0.1243 - ssim_metric: 0.4660
184/326 [===============>..............] - ETA: 1:53 - loss: 0.3995 - mae: 0.2482 - mse: 0.1243 - ssim_metric: 0.4661
185/326 [================>.............] - ETA: 1:53 - loss: 0.3996 - mae: 0.2482 - mse: 0.1244 - ssim_metric: 0.4659
186/326 [================>.............] - ETA: 1:52 - loss: 0.4003 - mae: 0.2486 - mse: 0.1247 - ssim_metric: 0.4654
187/326 [================>.............] - ETA: 1:51 - loss: 0.4007 - mae: 0.2488 - mse: 0.1248 - ssim_metric: 0.4653
188/326 [================>.............] - ETA: 1:50 - loss: 0.4011 - mae: 0.2488 - mse: 0.1249 - ssim_metric: 0.4657
189/326 [================>.............] - ETA: 1:49 - loss: 0.4008 - mae: 0.2487 - mse: 0.1248 - ssim_metric: 0.4659
190/326 [================>.............] - ETA: 1:49 - loss: 0.4006 - mae: 0.2487 - mse: 0.1247 - ssim_metric: 0.4657
191/326 [================>.............] - ETA: 1:48 - loss: 0.4005 - mae: 0.2488 - mse: 0.1247 - ssim_metric: 0.4655
192/326 [================>.............] - ETA: 1:47 - loss: 0.4004 - mae: 0.2487 - mse: 0.1246 - ssim_metric: 0.4656
193/326 [================>.............] - ETA: 1:46 - loss: 0.4005 - mae: 0.2488 - mse: 0.1247 - ssim_metric: 0.4656
194/326 [================>.............] - ETA: 1:45 - loss: 0.4001 - mae: 0.2485 - mse: 0.1245 - ssim_metric: 0.4660
195/326 [================>.............] - ETA: 1:45 - loss: 0.4004 - mae: 0.2485 - mse: 0.1246 - ssim_metric: 0.4662
196/326 [=================>............] - ETA: 1:44 - loss: 0.4008 - mae: 0.2486 - mse: 0.1248 - ssim_metric: 0.4663
197/326 [=================>............] - ETA: 1:43 - loss: 0.4006 - mae: 0.2484 - mse: 0.1247 - ssim_metric: 0.4667
198/326 [=================>............] - ETA: 1:42 - loss: 0.4005 - mae: 0.2483 - mse: 0.1246 - ssim_metric: 0.4669
199/326 [=================>............] - ETA: 1:41 - loss: 0.4005 - mae: 0.2482 - mse: 0.1246 - ssim_metric: 0.4671
200/326 [=================>............] - ETA: 1:41 - loss: 0.4005 - mae: 0.2483 - mse: 0.1246 - ssim_metric: 0.4671
201/326 [=================>............] - ETA: 1:40 - loss: 0.4004 - mae: 0.2482 - mse: 0.1246 - ssim_metric: 0.4670
202/326 [=================>............] - ETA: 1:39 - loss: 0.4008 - mae: 0.2483 - mse: 0.1247 - ssim_metric: 0.4671
203/326 [=================>............] - ETA: 1:38 - loss: 0.4013 - mae: 0.2486 - mse: 0.1249 - ssim_metric: 0.4666
204/326 [=================>............] - ETA: 1:37 - loss: 0.4011 - mae: 0.2486 - mse: 0.1248 - ssim_metric: 0.4665
205/326 [=================>............] - ETA: 1:37 - loss: 0.4008 - mae: 0.2485 - mse: 0.1247 - ssim_metric: 0.4664
206/326 [=================>............] - ETA: 1:36 - loss: 0.4007 - mae: 0.2485 - mse: 0.1247 - ssim_metric: 0.4663
207/326 [==================>...........] - ETA: 1:35 - loss: 0.4006 - mae: 0.2486 - mse: 0.1246 - ssim_metric: 0.4663
208/326 [==================>...........] - ETA: 1:34 - loss: 0.4005 - mae: 0.2485 - mse: 0.1246 - ssim_metric: 0.4664
209/326 [==================>...........] - ETA: 1:33 - loss: 0.4005 - mae: 0.2485 - mse: 0.1246 - ssim_metric: 0.4665
210/326 [==================>...........] - ETA: 1:33 - loss: 0.4008 - mae: 0.2487 - mse: 0.1247 - ssim_metric: 0.4663
211/326 [==================>...........] - ETA: 1:32 - loss: 0.4007 - mae: 0.2485 - mse: 0.1247 - ssim_metric: 0.4668
212/326 [==================>...........] - ETA: 1:31 - loss: 0.4006 - mae: 0.2485 - mse: 0.1247 - ssim_metric: 0.4669
213/326 [==================>...........] - ETA: 1:30 - loss: 0.4003 - mae: 0.2483 - mse: 0.1246 - ssim_metric: 0.4671
214/326 [==================>...........] - ETA: 1:29 - loss: 0.4005 - mae: 0.2484 - mse: 0.1246 - ssim_metric: 0.4671
215/326 [==================>...........] - ETA: 1:29 - loss: 0.4005 - mae: 0.2484 - mse: 0.1246 - ssim_metric: 0.4669
216/326 [==================>...........] - ETA: 1:28 - loss: 0.4003 - mae: 0.2482 - mse: 0.1246 - ssim_metric: 0.4672
217/326 [==================>...........] - ETA: 1:27 - loss: 0.4004 - mae: 0.2483 - mse: 0.1246 - ssim_metric: 0.4672
218/326 [===================>..........] - ETA: 1:26 - loss: 0.4004 - mae: 0.2483 - mse: 0.1246 - ssim_metric: 0.4670
219/326 [===================>..........] - ETA: 1:25 - loss: 0.4004 - mae: 0.2483 - mse: 0.1246 - ssim_metric: 0.4671
220/326 [===================>..........] - ETA: 1:25 - loss: 0.4007 - mae: 0.2484 - mse: 0.1247 - ssim_metric: 0.4667
221/326 [===================>..........] - ETA: 1:24 - loss: 0.4009 - mae: 0.2486 - mse: 0.1248 - ssim_metric: 0.4663
222/326 [===================>..........] - ETA: 1:23 - loss: 0.4011 - mae: 0.2488 - mse: 0.1249 - ssim_metric: 0.4659
223/326 [===================>..........] - ETA: 1:22 - loss: 0.4009 - mae: 0.2488 - mse: 0.1248 - ssim_metric: 0.4658
224/326 [===================>..........] - ETA: 1:21 - loss: 0.4011 - mae: 0.2489 - mse: 0.1249 - ssim_metric: 0.4655
225/326 [===================>..........] - ETA: 1:21 - loss: 0.4013 - mae: 0.2490 - mse: 0.1250 - ssim_metric: 0.4653
226/326 [===================>..........] - ETA: 1:20 - loss: 0.4013 - mae: 0.2491 - mse: 0.1250 - ssim_metric: 0.4653
227/326 [===================>..........] - ETA: 1:19 - loss: 0.4011 - mae: 0.2489 - mse: 0.1249 - ssim_metric: 0.4656
228/326 [===================>..........] - ETA: 1:18 - loss: 0.4010 - mae: 0.2488 - mse: 0.1249 - ssim_metric: 0.4657
229/326 [====================>.........] - ETA: 1:17 - loss: 0.4014 - mae: 0.2491 - mse: 0.1250 - ssim_metric: 0.4653
230/326 [====================>.........] - ETA: 1:17 - loss: 0.4014 - mae: 0.2491 - mse: 0.1250 - ssim_metric: 0.4652
231/326 [====================>.........] - ETA: 1:16 - loss: 0.4013 - mae: 0.2490 - mse: 0.1250 - ssim_metric: 0.4652
232/326 [====================>.........] - ETA: 1:15 - loss: 0.4011 - mae: 0.2490 - mse: 0.1249 - ssim_metric: 0.4652
233/326 [====================>.........] - ETA: 1:14 - loss: 0.4012 - mae: 0.2490 - mse: 0.1249 - ssim_metric: 0.4653
234/326 [====================>.........] - ETA: 1:13 - loss: 0.4014 - mae: 0.2492 - mse: 0.1250 - ssim_metric: 0.4649
235/326 [====================>.........] - ETA: 1:13 - loss: 0.4014 - mae: 0.2492 - mse: 0.1250 - ssim_metric: 0.4649
236/326 [====================>.........] - ETA: 1:12 - loss: 0.4009 - mae: 0.2489 - mse: 0.1248 - ssim_metric: 0.4654
237/326 [====================>.........] - ETA: 1:11 - loss: 0.4006 - mae: 0.2487 - mse: 0.1247 - ssim_metric: 0.4658
238/326 [====================>.........] - ETA: 1:10 - loss: 0.4008 - mae: 0.2487 - mse: 0.1248 - ssim_metric: 0.4659
239/326 [====================>.........] - ETA: 1:09 - loss: 0.4002 - mae: 0.2484 - mse: 0.1246 - ssim_metric: 0.4665
240/326 [=====================>........] - ETA: 1:08 - loss: 0.4002 - mae: 0.2483 - mse: 0.1246 - ssim_metric: 0.4668
241/326 [=====================>........] - ETA: 1:08 - loss: 0.4001 - mae: 0.2481 - mse: 0.1246 - ssim_metric: 0.4669
242/326 [=====================>........] - ETA: 1:07 - loss: 0.3996 - mae: 0.2479 - mse: 0.1244 - ssim_metric: 0.4674
243/326 [=====================>........] - ETA: 1:06 - loss: 0.3995 - mae: 0.2477 - mse: 0.1244 - ssim_metric: 0.4677
244/326 [=====================>........] - ETA: 1:05 - loss: 0.3996 - mae: 0.2478 - mse: 0.1244 - ssim_metric: 0.4677
245/326 [=====================>........] - ETA: 1:04 - loss: 0.3997 - mae: 0.2478 - mse: 0.1244 - ssim_metric: 0.4675
246/326 [=====================>........] - ETA: 1:04 - loss: 0.3995 - mae: 0.2478 - mse: 0.1244 - ssim_metric: 0.4676
247/326 [=====================>........] - ETA: 1:03 - loss: 0.3995 - mae: 0.2478 - mse: 0.1244 - ssim_metric: 0.4675
248/326 [=====================>........] - ETA: 1:02 - loss: 0.3998 - mae: 0.2480 - mse: 0.1245 - ssim_metric: 0.4673
249/326 [=====================>........] - ETA: 1:01 - loss: 0.4001 - mae: 0.2481 - mse: 0.1246 - ssim_metric: 0.4670
250/326 [======================>.......] - ETA: 1:00 - loss: 0.3999 - mae: 0.2481 - mse: 0.1245 - ssim_metric: 0.4669
251/326 [======================>.......] - ETA: 1:00 - loss: 0.3997 - mae: 0.2480 - mse: 0.1245 - ssim_metric: 0.4668
252/326 [======================>.......] - ETA: 59s - loss: 0.3993 - mae: 0.2479 - mse: 0.1243 - ssim_metric: 0.4670 
253/326 [======================>.......] - ETA: 58s - loss: 0.3999 - mae: 0.2480 - mse: 0.1245 - ssim_metric: 0.4668
254/326 [======================>.......] - ETA: 57s - loss: 0.3998 - mae: 0.2481 - mse: 0.1245 - ssim_metric: 0.4669
255/326 [======================>.......] - ETA: 56s - loss: 0.3995 - mae: 0.2480 - mse: 0.1244 - ssim_metric: 0.4670
256/326 [======================>.......] - ETA: 56s - loss: 0.3998 - mae: 0.2480 - mse: 0.1244 - ssim_metric: 0.4668
257/326 [======================>.......] - ETA: 55s - loss: 0.3998 - mae: 0.2480 - mse: 0.1244 - ssim_metric: 0.4669
258/326 [======================>.......] - ETA: 54s - loss: 0.4000 - mae: 0.2481 - mse: 0.1245 - ssim_metric: 0.4667
259/326 [======================>.......] - ETA: 53s - loss: 0.4002 - mae: 0.2482 - mse: 0.1246 - ssim_metric: 0.4664
260/326 [======================>.......] - ETA: 52s - loss: 0.3999 - mae: 0.2481 - mse: 0.1245 - ssim_metric: 0.4665
261/326 [=======================>......] - ETA: 52s - loss: 0.4000 - mae: 0.2481 - mse: 0.1245 - ssim_metric: 0.4664
262/326 [=======================>......] - ETA: 51s - loss: 0.3997 - mae: 0.2479 - mse: 0.1244 - ssim_metric: 0.4664
263/326 [=======================>......] - ETA: 50s - loss: 0.4001 - mae: 0.2481 - mse: 0.1246 - ssim_metric: 0.4662
264/326 [=======================>......] - ETA: 49s - loss: 0.4002 - mae: 0.2481 - mse: 0.1246 - ssim_metric: 0.4661
265/326 [=======================>......] - ETA: 48s - loss: 0.4003 - mae: 0.2482 - mse: 0.1246 - ssim_metric: 0.4659
266/326 [=======================>......] - ETA: 48s - loss: 0.4004 - mae: 0.2484 - mse: 0.1247 - ssim_metric: 0.4656
267/326 [=======================>......] - ETA: 47s - loss: 0.4005 - mae: 0.2485 - mse: 0.1247 - ssim_metric: 0.4653
268/326 [=======================>......] - ETA: 46s - loss: 0.4006 - mae: 0.2486 - mse: 0.1248 - ssim_metric: 0.4651
269/326 [=======================>......] - ETA: 45s - loss: 0.4005 - mae: 0.2486 - mse: 0.1247 - ssim_metric: 0.4650
270/326 [=======================>......] - ETA: 44s - loss: 0.4007 - mae: 0.2487 - mse: 0.1248 - ssim_metric: 0.4648
271/326 [=======================>......] - ETA: 44s - loss: 0.4008 - mae: 0.2488 - mse: 0.1248 - ssim_metric: 0.4648
272/326 [========================>.....] - ETA: 43s - loss: 0.4007 - mae: 0.2487 - mse: 0.1248 - ssim_metric: 0.4648
273/326 [========================>.....] - ETA: 42s - loss: 0.4004 - mae: 0.2486 - mse: 0.1247 - ssim_metric: 0.4651
274/326 [========================>.....] - ETA: 41s - loss: 0.4005 - mae: 0.2486 - mse: 0.1247 - ssim_metric: 0.4650
275/326 [========================>.....] - ETA: 40s - loss: 0.4006 - mae: 0.2486 - mse: 0.1248 - ssim_metric: 0.4652
276/326 [========================>.....] - ETA: 40s - loss: 0.4007 - mae: 0.2487 - mse: 0.1248 - ssim_metric: 0.4652
277/326 [========================>.....] - ETA: 39s - loss: 0.4009 - mae: 0.2488 - mse: 0.1249 - ssim_metric: 0.4649
278/326 [========================>.....] - ETA: 38s - loss: 0.4008 - mae: 0.2487 - mse: 0.1249 - ssim_metric: 0.4650
279/326 [========================>.....] - ETA: 37s - loss: 0.4006 - mae: 0.2486 - mse: 0.1248 - ssim_metric: 0.4652
280/326 [========================>.....] - ETA: 36s - loss: 0.4005 - mae: 0.2486 - mse: 0.1247 - ssim_metric: 0.4652
281/326 [========================>.....] - ETA: 36s - loss: 0.4007 - mae: 0.2487 - mse: 0.1248 - ssim_metric: 0.4649
282/326 [========================>.....] - ETA: 35s - loss: 0.4009 - mae: 0.2488 - mse: 0.1249 - ssim_metric: 0.4650
283/326 [=========================>....] - ETA: 34s - loss: 0.4013 - mae: 0.2490 - mse: 0.1250 - ssim_metric: 0.4648
284/326 [=========================>....] - ETA: 33s - loss: 0.4012 - mae: 0.2490 - mse: 0.1250 - ssim_metric: 0.4647
285/326 [=========================>....] - ETA: 32s - loss: 0.4014 - mae: 0.2492 - mse: 0.1251 - ssim_metric: 0.4645
286/326 [=========================>....] - ETA: 32s - loss: 0.4014 - mae: 0.2492 - mse: 0.1251 - ssim_metric: 0.4644
287/326 [=========================>....] - ETA: 31s - loss: 0.4018 - mae: 0.2493 - mse: 0.1252 - ssim_metric: 0.4642
288/326 [=========================>....] - ETA: 30s - loss: 0.4021 - mae: 0.2495 - mse: 0.1254 - ssim_metric: 0.4640
289/326 [=========================>....] - ETA: 29s - loss: 0.4021 - mae: 0.2495 - mse: 0.1254 - ssim_metric: 0.4639
290/326 [=========================>....] - ETA: 28s - loss: 0.4024 - mae: 0.2497 - mse: 0.1255 - ssim_metric: 0.4637
291/326 [=========================>....] - ETA: 28s - loss: 0.4026 - mae: 0.2498 - mse: 0.1255 - ssim_metric: 0.4634
292/326 [=========================>....] - ETA: 27s - loss: 0.4023 - mae: 0.2497 - mse: 0.1254 - ssim_metric: 0.4633
293/326 [=========================>....] - ETA: 26s - loss: 0.4022 - mae: 0.2497 - mse: 0.1254 - ssim_metric: 0.4633
294/326 [==========================>...] - ETA: 25s - loss: 0.4024 - mae: 0.2499 - mse: 0.1254 - ssim_metric: 0.4630
295/326 [==========================>...] - ETA: 24s - loss: 0.4024 - mae: 0.2500 - mse: 0.1255 - ssim_metric: 0.4629
296/326 [==========================>...] - ETA: 24s - loss: 0.4022 - mae: 0.2498 - mse: 0.1254 - ssim_metric: 0.4631
297/326 [==========================>...] - ETA: 23s - loss: 0.4024 - mae: 0.2499 - mse: 0.1254 - ssim_metric: 0.4630
298/326 [==========================>...] - ETA: 22s - loss: 0.4020 - mae: 0.2497 - mse: 0.1253 - ssim_metric: 0.4633
299/326 [==========================>...] - ETA: 21s - loss: 0.4018 - mae: 0.2496 - mse: 0.1252 - ssim_metric: 0.4635
300/326 [==========================>...] - ETA: 20s - loss: 0.4018 - mae: 0.2496 - mse: 0.1252 - ssim_metric: 0.4637
301/326 [==========================>...] - ETA: 20s - loss: 0.4015 - mae: 0.2494 - mse: 0.1251 - ssim_metric: 0.4640
302/326 [==========================>...] - ETA: 19s - loss: 0.4019 - mae: 0.2495 - mse: 0.1252 - ssim_metric: 0.4637
303/326 [==========================>...] - ETA: 18s - loss: 0.4019 - mae: 0.2495 - mse: 0.1252 - ssim_metric: 0.4637
304/326 [==========================>...] - ETA: 17s - loss: 0.4020 - mae: 0.2496 - mse: 0.1253 - ssim_metric: 0.4637
305/326 [===========================>..] - ETA: 16s - loss: 0.4020 - mae: 0.2496 - mse: 0.1253 - ssim_metric: 0.4637
306/326 [===========================>..] - ETA: 16s - loss: 0.4020 - mae: 0.2496 - mse: 0.1253 - ssim_metric: 0.4635
307/326 [===========================>..] - ETA: 15s - loss: 0.4021 - mae: 0.2497 - mse: 0.1253 - ssim_metric: 0.4635
308/326 [===========================>..] - ETA: 14s - loss: 0.4020 - mae: 0.2496 - mse: 0.1253 - ssim_metric: 0.4637
309/326 [===========================>..] - ETA: 13s - loss: 0.4019 - mae: 0.2496 - mse: 0.1253 - ssim_metric: 0.4638
310/326 [===========================>..] - ETA: 12s - loss: 0.4019 - mae: 0.2496 - mse: 0.1253 - ssim_metric: 0.4637
311/326 [===========================>..] - ETA: 12s - loss: 0.4018 - mae: 0.2495 - mse: 0.1252 - ssim_metric: 0.4639
312/326 [===========================>..] - ETA: 11s - loss: 0.4017 - mae: 0.2495 - mse: 0.1252 - ssim_metric: 0.4638
313/326 [===========================>..] - ETA: 10s - loss: 0.4018 - mae: 0.2495 - mse: 0.1252 - ssim_metric: 0.4639
314/326 [===========================>..] - ETA: 9s - loss: 0.4020 - mae: 0.2495 - mse: 0.1253 - ssim_metric: 0.4641 
315/326 [===========================>..] - ETA: 8s - loss: 0.4022 - mae: 0.2496 - mse: 0.1254 - ssim_metric: 0.4639
316/326 [============================>.] - ETA: 8s - loss: 0.4022 - mae: 0.2496 - mse: 0.1254 - ssim_metric: 0.4638
317/326 [============================>.] - ETA: 7s - loss: 0.4020 - mae: 0.2495 - mse: 0.1253 - ssim_metric: 0.4640
318/326 [============================>.] - ETA: 6s - loss: 0.4018 - mae: 0.2495 - mse: 0.1252 - ssim_metric: 0.4640
319/326 [============================>.] - ETA: 5s - loss: 0.4023 - mae: 0.2497 - mse: 0.1254 - ssim_metric: 0.4637
320/326 [============================>.] - ETA: 4s - loss: 0.4023 - mae: 0.2498 - mse: 0.1254 - ssim_metric: 0.4635
321/326 [============================>.] - ETA: 4s - loss: 0.4024 - mae: 0.2499 - mse: 0.1255 - ssim_metric: 0.4633
322/326 [============================>.] - ETA: 3s - loss: 0.4022 - mae: 0.2499 - mse: 0.1254 - ssim_metric: 0.4632
323/326 [============================>.] - ETA: 2s - loss: 0.4022 - mae: 0.2498 - mse: 0.1254 - ssim_metric: 0.4632
324/326 [============================>.] - ETA: 1s - loss: 0.4026 - mae: 0.2500 - mse: 0.1255 - ssim_metric: 0.4630
325/326 [============================>.] - ETA: 0s - loss: 0.4026 - mae: 0.2500 - mse: 0.1255 - ssim_metric: 0.4629
326/326 [==============================] - ETA: 0s - loss: 0.4027 - mae: 0.2501 - mse: 0.1256 - ssim_metric: 0.4630
Epoch 7: saving model to C:\d_surucusu\visual_navigation\benchmark\models_pipeline\20260909_223425\bce_b16\_JOB_bce_b16_10_09_2026__07_13_model_f48_k4_epoch_00007_helu_osigmoid_(1, 1)_.h5

Epoch 7: val_loss improved from 0.36670 to 0.36417, saving model to C:\d_surucusu\visual_navigation\benchmark\models_pipeline\20260909_223425\bce_b16\_JOB_bce_b16_10_09_2026__07_13_best_val_loss_model_f48_k4.h5

Epoch 7: val_mae improved from 0.23259 to 0.23026, saving model to C:\d_surucusu\visual_navigation\benchmark\models_pipeline\20260909_223425\bce_b16\_JOB_bce_b16_10_09_2026__07_13_best_mae_model_f48_k4.h5

Epoch 7: val_ssim_metric did not improve from 0.56049

326/326 [==============================] - 277s 850ms/step - loss: 0.4027 - mae: 0.2501 - mse: 0.1256 - ssim_metric: 0.4630 - val_loss: 0.3642 - val_mae: 0.2303 - val_mse: 0.1112 - val_ssim_metric: 0.4957
Epoch 8/20

  1/326 [..............................] - ETA: 4:37 - loss: 0.4306 - mae: 0.2642 - mse: 0.1384 - ssim_metric: 0.4251
  2/326 [..............................] - ETA: 4:19 - loss: 0.4261 - mae: 0.2572 - mse: 0.1352 - ssim_metric: 0.4592
  3/326 [..............................] - ETA: 4:18 - loss: 0.4455 - mae: 0.2719 - mse: 0.1423 - ssim_metric: 0.4409
  4/326 [..............................] - ETA: 4:17 - loss: 0.4379 - mae: 0.2706 - mse: 0.1395 - ssim_metric: 0.4351
  5/326 [..............................] - ETA: 4:16 - loss: 0.4269 - mae: 0.2676 - mse: 0.1353 - ssim_metric: 0.4381
  6/326 [..............................] - ETA: 4:16 - loss: 0.4253 - mae: 0.2709 - mse: 0.1348 - ssim_metric: 0.4250
  7/326 [..............................] - ETA: 4:15 - loss: 0.4219 - mae: 0.2710 - mse: 0.1335 - ssim_metric: 0.4228
  8/326 [..............................] - ETA: 4:14 - loss: 0.4106 - mae: 0.2652 - mse: 0.1290 - ssim_metric: 0.4283
  9/326 [..............................] - ETA: 4:13 - loss: 0.4003 - mae: 0.2593 - mse: 0.1250 - ssim_metric: 0.4368
 10/326 [..............................] - ETA: 4:13 - loss: 0.3977 - mae: 0.2566 - mse: 0.1240 - ssim_metric: 0.4447
 11/326 [>.............................] - ETA: 4:12 - loss: 0.4012 - mae: 0.2569 - mse: 0.1257 - ssim_metric: 0.4489
 12/326 [>.............................] - ETA: 4:11 - loss: 0.4014 - mae: 0.2548 - mse: 0.1259 - ssim_metric: 0.4540
 13/326 [>.............................] - ETA: 4:10 - loss: 0.4072 - mae: 0.2547 - mse: 0.1278 - ssim_metric: 0.4579
 14/326 [>.............................] - ETA: 4:09 - loss: 0.4196 - mae: 0.2585 - mse: 0.1320 - ssim_metric: 0.4545
 15/326 [>.............................] - ETA: 4:09 - loss: 0.4095 - mae: 0.2528 - mse: 0.1283 - ssim_metric: 0.4651
 16/326 [>.............................] - ETA: 4:08 - loss: 0.4130 - mae: 0.2545 - mse: 0.1297 - ssim_metric: 0.4636
 17/326 [>.............................] - ETA: 4:07 - loss: 0.4117 - mae: 0.2546 - mse: 0.1292 - ssim_metric: 0.4633
 18/326 [>.............................] - ETA: 4:06 - loss: 0.4141 - mae: 0.2573 - mse: 0.1302 - ssim_metric: 0.4578
 19/326 [>.............................] - ETA: 4:05 - loss: 0.4146 - mae: 0.2589 - mse: 0.1303 - ssim_metric: 0.4541
 20/326 [>.............................] - ETA: 4:05 - loss: 0.4109 - mae: 0.2585 - mse: 0.1287 - ssim_metric: 0.4525
 21/326 [>.............................] - ETA: 4:04 - loss: 0.4066 - mae: 0.2568 - mse: 0.1270 - ssim_metric: 0.4528
 22/326 [=>............................] - ETA: 4:03 - loss: 0.4023 - mae: 0.2546 - mse: 0.1254 - ssim_metric: 0.4549
 23/326 [=>............................] - ETA: 4:02 - loss: 0.3979 - mae: 0.2518 - mse: 0.1238 - ssim_metric: 0.4616
 24/326 [=>............................] - ETA: 4:02 - loss: 0.3967 - mae: 0.2503 - mse: 0.1234 - ssim_metric: 0.4646
 25/326 [=>............................] - ETA: 4:01 - loss: 0.4014 - mae: 0.2512 - mse: 0.1251 - ssim_metric: 0.4639
 26/326 [=>............................] - ETA: 4:00 - loss: 0.4031 - mae: 0.2508 - mse: 0.1257 - ssim_metric: 0.4663
 27/326 [=>............................] - ETA: 3:59 - loss: 0.4018 - mae: 0.2495 - mse: 0.1252 - ssim_metric: 0.4694
 28/326 [=>............................] - ETA: 3:58 - loss: 0.4037 - mae: 0.2492 - mse: 0.1257 - ssim_metric: 0.4700
 29/326 [=>............................] - ETA: 3:57 - loss: 0.4024 - mae: 0.2484 - mse: 0.1253 - ssim_metric: 0.4703
 30/326 [=>............................] - ETA: 3:57 - loss: 0.4046 - mae: 0.2494 - mse: 0.1261 - ssim_metric: 0.4682
 31/326 [=>............................] - ETA: 3:56 - loss: 0.4051 - mae: 0.2500 - mse: 0.1263 - ssim_metric: 0.4652
 32/326 [=>............................] - ETA: 3:55 - loss: 0.4062 - mae: 0.2510 - mse: 0.1269 - ssim_metric: 0.4620
 33/326 [==>...........................] - ETA: 3:54 - loss: 0.4039 - mae: 0.2507 - mse: 0.1259 - ssim_metric: 0.4607
 34/326 [==>...........................] - ETA: 3:53 - loss: 0.4051 - mae: 0.2519 - mse: 0.1264 - ssim_metric: 0.4566
 35/326 [==>...........................] - ETA: 3:53 - loss: 0.4030 - mae: 0.2510 - mse: 0.1256 - ssim_metric: 0.4571
 36/326 [==>...........................] - ETA: 3:52 - loss: 0.4033 - mae: 0.2514 - mse: 0.1257 - ssim_metric: 0.4558
 37/326 [==>...........................] - ETA: 3:51 - loss: 0.4005 - mae: 0.2498 - mse: 0.1246 - ssim_metric: 0.4584
 38/326 [==>...........................] - ETA: 3:50 - loss: 0.3985 - mae: 0.2486 - mse: 0.1239 - ssim_metric: 0.4601
 39/326 [==>...........................] - ETA: 3:49 - loss: 0.3987 - mae: 0.2483 - mse: 0.1239 - ssim_metric: 0.4611
 40/326 [==>...........................] - ETA: 3:49 - loss: 0.3971 - mae: 0.2473 - mse: 0.1234 - ssim_metric: 0.4628
 41/326 [==>...........................] - ETA: 3:48 - loss: 0.3954 - mae: 0.2459 - mse: 0.1228 - ssim_metric: 0.4662
 42/326 [==>...........................] - ETA: 3:47 - loss: 0.3915 - mae: 0.2434 - mse: 0.1214 - ssim_metric: 0.4707
 43/326 [==>...........................] - ETA: 3:46 - loss: 0.3917 - mae: 0.2427 - mse: 0.1214 - ssim_metric: 0.4723
 44/326 [===>..........................] - ETA: 3:45 - loss: 0.3927 - mae: 0.2427 - mse: 0.1218 - ssim_metric: 0.4730
 45/326 [===>..........................] - ETA: 3:45 - loss: 0.3951 - mae: 0.2437 - mse: 0.1227 - ssim_metric: 0.4712
 46/326 [===>..........................] - ETA: 3:44 - loss: 0.3953 - mae: 0.2437 - mse: 0.1228 - ssim_metric: 0.4717
 47/326 [===>..........................] - ETA: 3:43 - loss: 0.3939 - mae: 0.2432 - mse: 0.1224 - ssim_metric: 0.4724
 48/326 [===>..........................] - ETA: 3:42 - loss: 0.3911 - mae: 0.2420 - mse: 0.1213 - ssim_metric: 0.4736
 49/326 [===>..........................] - ETA: 3:42 - loss: 0.3945 - mae: 0.2433 - mse: 0.1224 - ssim_metric: 0.4720
 50/326 [===>..........................] - ETA: 3:41 - loss: 0.3941 - mae: 0.2434 - mse: 0.1222 - ssim_metric: 0.4718
 51/326 [===>..........................] - ETA: 3:40 - loss: 0.3925 - mae: 0.2430 - mse: 0.1216 - ssim_metric: 0.4709
 52/326 [===>..........................] - ETA: 3:39 - loss: 0.3930 - mae: 0.2433 - mse: 0.1218 - ssim_metric: 0.4708
 53/326 [===>..........................] - ETA: 3:38 - loss: 0.3926 - mae: 0.2431 - mse: 0.1216 - ssim_metric: 0.4708
 54/326 [===>..........................] - ETA: 3:37 - loss: 0.3932 - mae: 0.2432 - mse: 0.1219 - ssim_metric: 0.4708
 55/326 [====>.........................] - ETA: 3:37 - loss: 0.3934 - mae: 0.2433 - mse: 0.1219 - ssim_metric: 0.4708
 56/326 [====>.........................] - ETA: 3:36 - loss: 0.3931 - mae: 0.2432 - mse: 0.1218 - ssim_metric: 0.4708
 57/326 [====>.........................] - ETA: 3:35 - loss: 0.3919 - mae: 0.2425 - mse: 0.1214 - ssim_metric: 0.4716
 58/326 [====>.........................] - ETA: 3:34 - loss: 0.3933 - mae: 0.2430 - mse: 0.1220 - ssim_metric: 0.4714
 59/326 [====>.........................] - ETA: 3:33 - loss: 0.3941 - mae: 0.2432 - mse: 0.1222 - ssim_metric: 0.4708
 60/326 [====>.........................] - ETA: 3:33 - loss: 0.3950 - mae: 0.2437 - mse: 0.1226 - ssim_metric: 0.4705
 61/326 [====>.........................] - ETA: 3:32 - loss: 0.3931 - mae: 0.2428 - mse: 0.1219 - ssim_metric: 0.4721
 62/326 [====>.........................] - ETA: 3:31 - loss: 0.3917 - mae: 0.2423 - mse: 0.1214 - ssim_metric: 0.4724
 63/326 [====>.........................] - ETA: 3:30 - loss: 0.3925 - mae: 0.2428 - mse: 0.1217 - ssim_metric: 0.4713
 64/326 [====>.........................] - ETA: 3:29 - loss: 0.3914 - mae: 0.2424 - mse: 0.1213 - ssim_metric: 0.4722
 65/326 [====>.........................] - ETA: 3:29 - loss: 0.3901 - mae: 0.2418 - mse: 0.1208 - ssim_metric: 0.4735
 66/326 [=====>........................] - ETA: 3:28 - loss: 0.3914 - mae: 0.2424 - mse: 0.1213 - ssim_metric: 0.4725
 67/326 [=====>........................] - ETA: 3:27 - loss: 0.3914 - mae: 0.2425 - mse: 0.1213 - ssim_metric: 0.4721
 68/326 [=====>........................] - ETA: 3:26 - loss: 0.3912 - mae: 0.2422 - mse: 0.1213 - ssim_metric: 0.4724
 69/326 [=====>........................] - ETA: 3:25 - loss: 0.3913 - mae: 0.2422 - mse: 0.1214 - ssim_metric: 0.4724
 70/326 [=====>........................] - ETA: 3:25 - loss: 0.3912 - mae: 0.2421 - mse: 0.1214 - ssim_metric: 0.4729
 71/326 [=====>........................] - ETA: 3:24 - loss: 0.3911 - mae: 0.2419 - mse: 0.1213 - ssim_metric: 0.4733
 72/326 [=====>........................] - ETA: 3:23 - loss: 0.3934 - mae: 0.2426 - mse: 0.1220 - ssim_metric: 0.4724
 73/326 [=====>........................] - ETA: 3:22 - loss: 0.3934 - mae: 0.2425 - mse: 0.1220 - ssim_metric: 0.4725
 74/326 [=====>........................] - ETA: 3:21 - loss: 0.3929 - mae: 0.2425 - mse: 0.1219 - ssim_metric: 0.4720
 75/326 [=====>........................] - ETA: 3:21 - loss: 0.3921 - mae: 0.2423 - mse: 0.1216 - ssim_metric: 0.4721
 76/326 [=====>........................] - ETA: 3:20 - loss: 0.3908 - mae: 0.2417 - mse: 0.1211 - ssim_metric: 0.4724
 77/326 [======>.......................] - ETA: 3:19 - loss: 0.3915 - mae: 0.2424 - mse: 0.1213 - ssim_metric: 0.4711
 78/326 [======>.......................] - ETA: 3:18 - loss: 0.3912 - mae: 0.2424 - mse: 0.1212 - ssim_metric: 0.4710
 79/326 [======>.......................] - ETA: 3:17 - loss: 0.3921 - mae: 0.2427 - mse: 0.1216 - ssim_metric: 0.4708
 80/326 [======>.......................] - ETA: 3:17 - loss: 0.3928 - mae: 0.2429 - mse: 0.1219 - ssim_metric: 0.4707
 81/326 [======>.......................] - ETA: 3:16 - loss: 0.3925 - mae: 0.2427 - mse: 0.1218 - ssim_metric: 0.4713
 82/326 [======>.......................] - ETA: 3:15 - loss: 0.3928 - mae: 0.2428 - mse: 0.1219 - ssim_metric: 0.4714
 83/326 [======>.......................] - ETA: 3:14 - loss: 0.3925 - mae: 0.2427 - mse: 0.1218 - ssim_metric: 0.4713
 84/326 [======>.......................] - ETA: 3:13 - loss: 0.3930 - mae: 0.2431 - mse: 0.1220 - ssim_metric: 0.4709
 85/326 [======>.......................] - ETA: 3:13 - loss: 0.3919 - mae: 0.2426 - mse: 0.1215 - ssim_metric: 0.4716
 86/326 [======>.......................] - ETA: 3:12 - loss: 0.3919 - mae: 0.2427 - mse: 0.1216 - ssim_metric: 0.4713
 87/326 [=======>......................] - ETA: 3:11 - loss: 0.3916 - mae: 0.2426 - mse: 0.1215 - ssim_metric: 0.4714
 88/326 [=======>......................] - ETA: 3:10 - loss: 0.3907 - mae: 0.2423 - mse: 0.1212 - ssim_metric: 0.4715
 89/326 [=======>......................] - ETA: 3:09 - loss: 0.3902 - mae: 0.2420 - mse: 0.1210 - ssim_metric: 0.4719
 90/326 [=======>......................] - ETA: 3:09 - loss: 0.3912 - mae: 0.2424 - mse: 0.1213 - ssim_metric: 0.4712
 91/326 [=======>......................] - ETA: 3:08 - loss: 0.3910 - mae: 0.2422 - mse: 0.1213 - ssim_metric: 0.4716
 92/326 [=======>......................] - ETA: 3:07 - loss: 0.3908 - mae: 0.2421 - mse: 0.1212 - ssim_metric: 0.4717
 93/326 [=======>......................] - ETA: 3:06 - loss: 0.3916 - mae: 0.2422 - mse: 0.1214 - ssim_metric: 0.4721
 94/326 [=======>......................] - ETA: 3:05 - loss: 0.3922 - mae: 0.2422 - mse: 0.1216 - ssim_metric: 0.4725
 95/326 [=======>......................] - ETA: 3:05 - loss: 0.3933 - mae: 0.2426 - mse: 0.1221 - ssim_metric: 0.4720
 96/326 [=======>......................] - ETA: 3:04 - loss: 0.3930 - mae: 0.2424 - mse: 0.1219 - ssim_metric: 0.4722
 97/326 [=======>......................] - ETA: 3:03 - loss: 0.3928 - mae: 0.2425 - mse: 0.1219 - ssim_metric: 0.4723
 98/326 [========>.....................] - ETA: 3:02 - loss: 0.3921 - mae: 0.2423 - mse: 0.1216 - ssim_metric: 0.4724
 99/326 [========>.....................] - ETA: 3:01 - loss: 0.3917 - mae: 0.2423 - mse: 0.1215 - ssim_metric: 0.4725
100/326 [========>.....................] - ETA: 3:01 - loss: 0.3918 - mae: 0.2424 - mse: 0.1215 - ssim_metric: 0.4721
101/326 [========>.....................] - ETA: 3:00 - loss: 0.3912 - mae: 0.2423 - mse: 0.1213 - ssim_metric: 0.4721
102/326 [========>.....................] - ETA: 2:59 - loss: 0.3905 - mae: 0.2421 - mse: 0.1210 - ssim_metric: 0.4723
103/326 [========>.....................] - ETA: 2:58 - loss: 0.3920 - mae: 0.2425 - mse: 0.1214 - ssim_metric: 0.4717
104/326 [========>.....................] - ETA: 2:57 - loss: 0.3919 - mae: 0.2424 - mse: 0.1214 - ssim_metric: 0.4720
105/326 [========>.....................] - ETA: 2:57 - loss: 0.3914 - mae: 0.2421 - mse: 0.1213 - ssim_metric: 0.4724
106/326 [========>.....................] - ETA: 2:56 - loss: 0.3906 - mae: 0.2417 - mse: 0.1209 - ssim_metric: 0.4732
107/326 [========>.....................] - ETA: 2:55 - loss: 0.3904 - mae: 0.2415 - mse: 0.1209 - ssim_metric: 0.4736
108/326 [========>.....................] - ETA: 2:54 - loss: 0.3923 - mae: 0.2421 - mse: 0.1215 - ssim_metric: 0.4732
109/326 [=========>....................] - ETA: 2:53 - loss: 0.3920 - mae: 0.2418 - mse: 0.1214 - ssim_metric: 0.4739
110/326 [=========>....................] - ETA: 2:53 - loss: 0.3926 - mae: 0.2421 - mse: 0.1216 - ssim_metric: 0.4736
111/326 [=========>....................] - ETA: 2:52 - loss: 0.3922 - mae: 0.2419 - mse: 0.1215 - ssim_metric: 0.4739
112/326 [=========>....................] - ETA: 2:51 - loss: 0.3923 - mae: 0.2420 - mse: 0.1215 - ssim_metric: 0.4738
113/326 [=========>....................] - ETA: 2:50 - loss: 0.3922 - mae: 0.2419 - mse: 0.1215 - ssim_metric: 0.4739
114/326 [=========>....................] - ETA: 2:49 - loss: 0.3919 - mae: 0.2419 - mse: 0.1214 - ssim_metric: 0.4738
115/326 [=========>....................] - ETA: 2:49 - loss: 0.3921 - mae: 0.2421 - mse: 0.1215 - ssim_metric: 0.4734
116/326 [=========>....................] - ETA: 2:48 - loss: 0.3923 - mae: 0.2423 - mse: 0.1215 - ssim_metric: 0.4730
117/326 [=========>....................] - ETA: 2:47 - loss: 0.3927 - mae: 0.2425 - mse: 0.1217 - ssim_metric: 0.4726
118/326 [=========>....................] - ETA: 2:46 - loss: 0.3921 - mae: 0.2422 - mse: 0.1215 - ssim_metric: 0.4735
119/326 [=========>....................] - ETA: 2:45 - loss: 0.3917 - mae: 0.2420 - mse: 0.1213 - ssim_metric: 0.4738
120/326 [==========>...................] - ETA: 2:45 - loss: 0.3915 - mae: 0.2420 - mse: 0.1212 - ssim_metric: 0.4740
121/326 [==========>...................] - ETA: 2:44 - loss: 0.3909 - mae: 0.2417 - mse: 0.1210 - ssim_metric: 0.4746
122/326 [==========>...................] - ETA: 2:43 - loss: 0.3913 - mae: 0.2417 - mse: 0.1212 - ssim_metric: 0.4749
123/326 [==========>...................] - ETA: 2:42 - loss: 0.3917 - mae: 0.2418 - mse: 0.1213 - ssim_metric: 0.4748
124/326 [==========>...................] - ETA: 2:41 - loss: 0.3921 - mae: 0.2420 - mse: 0.1215 - ssim_metric: 0.4742
125/326 [==========>...................] - ETA: 2:41 - loss: 0.3922 - mae: 0.2419 - mse: 0.1215 - ssim_metric: 0.4745
126/326 [==========>...................] - ETA: 2:40 - loss: 0.3917 - mae: 0.2417 - mse: 0.1213 - ssim_metric: 0.4746
127/326 [==========>...................] - ETA: 2:39 - loss: 0.3914 - mae: 0.2416 - mse: 0.1212 - ssim_metric: 0.4747
128/326 [==========>...................] - ETA: 2:38 - loss: 0.3909 - mae: 0.2414 - mse: 0.1210 - ssim_metric: 0.4749
129/326 [==========>...................] - ETA: 2:37 - loss: 0.3909 - mae: 0.2414 - mse: 0.1210 - ssim_metric: 0.4750
130/326 [==========>...................] - ETA: 2:37 - loss: 0.3919 - mae: 0.2419 - mse: 0.1214 - ssim_metric: 0.4742
131/326 [===========>..................] - ETA: 2:36 - loss: 0.3922 - mae: 0.2421 - mse: 0.1215 - ssim_metric: 0.4740
132/326 [===========>..................] - ETA: 2:35 - loss: 0.3922 - mae: 0.2421 - mse: 0.1215 - ssim_metric: 0.4742
133/326 [===========>..................] - ETA: 2:34 - loss: 0.3921 - mae: 0.2421 - mse: 0.1215 - ssim_metric: 0.4741
134/326 [===========>..................] - ETA: 2:33 - loss: 0.3926 - mae: 0.2423 - mse: 0.1216 - ssim_metric: 0.4737
135/326 [===========>..................] - ETA: 2:33 - loss: 0.3929 - mae: 0.2426 - mse: 0.1218 - ssim_metric: 0.4731
136/326 [===========>..................] - ETA: 2:32 - loss: 0.3931 - mae: 0.2428 - mse: 0.1219 - ssim_metric: 0.4726
137/326 [===========>..................] - ETA: 2:31 - loss: 0.3928 - mae: 0.2428 - mse: 0.1217 - ssim_metric: 0.4723
138/326 [===========>..................] - ETA: 2:30 - loss: 0.3932 - mae: 0.2431 - mse: 0.1219 - ssim_metric: 0.4714
139/326 [===========>..................] - ETA: 2:29 - loss: 0.3931 - mae: 0.2432 - mse: 0.1219 - ssim_metric: 0.4711
140/326 [===========>..................] - ETA: 2:29 - loss: 0.3932 - mae: 0.2432 - mse: 0.1219 - ssim_metric: 0.4711
141/326 [===========>..................] - ETA: 2:28 - loss: 0.3933 - mae: 0.2432 - mse: 0.1220 - ssim_metric: 0.4712
142/326 [============>.................] - ETA: 2:27 - loss: 0.3929 - mae: 0.2431 - mse: 0.1219 - ssim_metric: 0.4717
143/326 [============>.................] - ETA: 2:26 - loss: 0.3932 - mae: 0.2432 - mse: 0.1219 - ssim_metric: 0.4715
144/326 [============>.................] - ETA: 2:25 - loss: 0.3930 - mae: 0.2431 - mse: 0.1219 - ssim_metric: 0.4714
145/326 [============>.................] - ETA: 2:24 - loss: 0.3928 - mae: 0.2429 - mse: 0.1218 - ssim_metric: 0.4718
146/326 [============>.................] - ETA: 2:24 - loss: 0.3926 - mae: 0.2428 - mse: 0.1217 - ssim_metric: 0.4721
147/326 [============>.................] - ETA: 2:23 - loss: 0.3933 - mae: 0.2431 - mse: 0.1220 - ssim_metric: 0.4719
148/326 [============>.................] - ETA: 2:22 - loss: 0.3929 - mae: 0.2429 - mse: 0.1218 - ssim_metric: 0.4722
149/326 [============>.................] - ETA: 2:21 - loss: 0.3932 - mae: 0.2431 - mse: 0.1220 - ssim_metric: 0.4717
150/326 [============>.................] - ETA: 2:20 - loss: 0.3930 - mae: 0.2431 - mse: 0.1219 - ssim_metric: 0.4716
151/326 [============>.................] - ETA: 2:20 - loss: 0.3936 - mae: 0.2435 - mse: 0.1221 - ssim_metric: 0.4708
152/326 [============>.................] - ETA: 2:19 - loss: 0.3942 - mae: 0.2437 - mse: 0.1223 - ssim_metric: 0.4706
153/326 [=============>................] - ETA: 2:18 - loss: 0.3938 - mae: 0.2435 - mse: 0.1222 - ssim_metric: 0.4707
154/326 [=============>................] - ETA: 2:17 - loss: 0.3936 - mae: 0.2435 - mse: 0.1221 - ssim_metric: 0.4707
155/326 [=============>................] - ETA: 2:16 - loss: 0.3937 - mae: 0.2435 - mse: 0.1222 - ssim_metric: 0.4707
156/326 [=============>................] - ETA: 2:16 - loss: 0.3934 - mae: 0.2433 - mse: 0.1220 - ssim_metric: 0.4709
157/326 [=============>................] - ETA: 2:15 - loss: 0.3935 - mae: 0.2434 - mse: 0.1221 - ssim_metric: 0.4708
158/326 [=============>................] - ETA: 2:14 - loss: 0.3943 - mae: 0.2436 - mse: 0.1223 - ssim_metric: 0.4708
159/326 [=============>................] - ETA: 2:13 - loss: 0.3945 - mae: 0.2437 - mse: 0.1224 - ssim_metric: 0.4707
160/326 [=============>................] - ETA: 2:12 - loss: 0.3944 - mae: 0.2436 - mse: 0.1224 - ssim_metric: 0.4708
161/326 [=============>................] - ETA: 2:12 - loss: 0.3946 - mae: 0.2439 - mse: 0.1225 - ssim_metric: 0.4703
162/326 [=============>................] - ETA: 2:11 - loss: 0.3943 - mae: 0.2438 - mse: 0.1224 - ssim_metric: 0.4701
163/326 [==============>...............] - ETA: 2:10 - loss: 0.3940 - mae: 0.2437 - mse: 0.1222 - ssim_metric: 0.4702
164/326 [==============>...............] - ETA: 2:09 - loss: 0.3939 - mae: 0.2437 - mse: 0.1222 - ssim_metric: 0.4703
165/326 [==============>...............] - ETA: 2:08 - loss: 0.3940 - mae: 0.2437 - mse: 0.1223 - ssim_metric: 0.4703
166/326 [==============>...............] - ETA: 2:08 - loss: 0.3945 - mae: 0.2440 - mse: 0.1224 - ssim_metric: 0.4699
167/326 [==============>...............] - ETA: 2:07 - loss: 0.3944 - mae: 0.2440 - mse: 0.1224 - ssim_metric: 0.4698
168/326 [==============>...............] - ETA: 2:06 - loss: 0.3948 - mae: 0.2442 - mse: 0.1226 - ssim_metric: 0.4696
169/326 [==============>...............] - ETA: 2:05 - loss: 0.3945 - mae: 0.2441 - mse: 0.1225 - ssim_metric: 0.4699
170/326 [==============>...............] - ETA: 2:04 - loss: 0.3947 - mae: 0.2442 - mse: 0.1225 - ssim_metric: 0.4697
171/326 [==============>...............] - ETA: 2:04 - loss: 0.3945 - mae: 0.2441 - mse: 0.1225 - ssim_metric: 0.4698
172/326 [==============>...............] - ETA: 2:03 - loss: 0.3941 - mae: 0.2439 - mse: 0.1223 - ssim_metric: 0.4704
173/326 [==============>...............] - ETA: 2:02 - loss: 0.3943 - mae: 0.2440 - mse: 0.1224 - ssim_metric: 0.4702
174/326 [===============>..............] - ETA: 2:01 - loss: 0.3942 - mae: 0.2439 - mse: 0.1224 - ssim_metric: 0.4700
175/326 [===============>..............] - ETA: 2:00 - loss: 0.3943 - mae: 0.2440 - mse: 0.1225 - ssim_metric: 0.4698
176/326 [===============>..............] - ETA: 2:00 - loss: 0.3944 - mae: 0.2441 - mse: 0.1225 - ssim_metric: 0.4698
177/326 [===============>..............] - ETA: 1:59 - loss: 0.3945 - mae: 0.2441 - mse: 0.1225 - ssim_metric: 0.4699
178/326 [===============>..............] - ETA: 1:58 - loss: 0.3953 - mae: 0.2445 - mse: 0.1228 - ssim_metric: 0.4693
179/326 [===============>..............] - ETA: 1:57 - loss: 0.3955 - mae: 0.2446 - mse: 0.1229 - ssim_metric: 0.4691
180/326 [===============>..............] - ETA: 1:56 - loss: 0.3955 - mae: 0.2448 - mse: 0.1229 - ssim_metric: 0.4685
181/326 [===============>..............] - ETA: 1:56 - loss: 0.3961 - mae: 0.2453 - mse: 0.1232 - ssim_metric: 0.4675
182/326 [===============>..............] - ETA: 1:55 - loss: 0.3962 - mae: 0.2455 - mse: 0.1232 - ssim_metric: 0.4669
183/326 [===============>..............] - ETA: 1:54 - loss: 0.3960 - mae: 0.2456 - mse: 0.1231 - ssim_metric: 0.4667
184/326 [===============>..............] - ETA: 1:53 - loss: 0.3960 - mae: 0.2457 - mse: 0.1231 - ssim_metric: 0.4667
185/326 [================>.............] - ETA: 1:52 - loss: 0.3962 - mae: 0.2458 - mse: 0.1232 - ssim_metric: 0.4665
186/326 [================>.............] - ETA: 1:52 - loss: 0.3968 - mae: 0.2461 - mse: 0.1234 - ssim_metric: 0.4660
187/326 [================>.............] - ETA: 1:51 - loss: 0.3973 - mae: 0.2463 - mse: 0.1236 - ssim_metric: 0.4659
188/326 [================>.............] - ETA: 1:50 - loss: 0.3977 - mae: 0.2464 - mse: 0.1237 - ssim_metric: 0.4662
189/326 [================>.............] - ETA: 1:49 - loss: 0.3974 - mae: 0.2463 - mse: 0.1236 - ssim_metric: 0.4664
190/326 [================>.............] - ETA: 1:48 - loss: 0.3972 - mae: 0.2463 - mse: 0.1235 - ssim_metric: 0.4662
191/326 [================>.............] - ETA: 1:48 - loss: 0.3971 - mae: 0.2463 - mse: 0.1235 - ssim_metric: 0.4659
192/326 [================>.............] - ETA: 1:47 - loss: 0.3970 - mae: 0.2463 - mse: 0.1234 - ssim_metric: 0.4661
193/326 [================>.............] - ETA: 1:46 - loss: 0.3972 - mae: 0.2463 - mse: 0.1235 - ssim_metric: 0.4661
194/326 [================>.............] - ETA: 1:45 - loss: 0.3967 - mae: 0.2461 - mse: 0.1233 - ssim_metric: 0.4665
195/326 [================>.............] - ETA: 1:44 - loss: 0.3970 - mae: 0.2461 - mse: 0.1234 - ssim_metric: 0.4667
196/326 [=================>............] - ETA: 1:44 - loss: 0.3975 - mae: 0.2462 - mse: 0.1236 - ssim_metric: 0.4667
197/326 [=================>............] - ETA: 1:43 - loss: 0.3972 - mae: 0.2460 - mse: 0.1235 - ssim_metric: 0.4671
198/326 [=================>............] - ETA: 1:42 - loss: 0.3971 - mae: 0.2459 - mse: 0.1234 - ssim_metric: 0.4674
199/326 [=================>............] - ETA: 1:41 - loss: 0.3971 - mae: 0.2458 - mse: 0.1234 - ssim_metric: 0.4675
200/326 [=================>............] - ETA: 1:40 - loss: 0.3971 - mae: 0.2459 - mse: 0.1234 - ssim_metric: 0.4674
201/326 [=================>............] - ETA: 1:40 - loss: 0.3970 - mae: 0.2459 - mse: 0.1234 - ssim_metric: 0.4673
202/326 [=================>............] - ETA: 1:39 - loss: 0.3974 - mae: 0.2460 - mse: 0.1235 - ssim_metric: 0.4674
203/326 [=================>............] - ETA: 1:38 - loss: 0.3979 - mae: 0.2463 - mse: 0.1237 - ssim_metric: 0.4669
204/326 [=================>............] - ETA: 1:37 - loss: 0.3977 - mae: 0.2463 - mse: 0.1237 - ssim_metric: 0.4668
205/326 [=================>............] - ETA: 1:36 - loss: 0.3974 - mae: 0.2462 - mse: 0.1235 - ssim_metric: 0.4668
206/326 [=================>............] - ETA: 1:36 - loss: 0.3973 - mae: 0.2462 - mse: 0.1235 - ssim_metric: 0.4667
207/326 [==================>...........] - ETA: 1:35 - loss: 0.3973 - mae: 0.2462 - mse: 0.1235 - ssim_metric: 0.4667
208/326 [==================>...........] - ETA: 1:34 - loss: 0.3972 - mae: 0.2462 - mse: 0.1235 - ssim_metric: 0.4668
209/326 [==================>...........] - ETA: 1:33 - loss: 0.3972 - mae: 0.2462 - mse: 0.1235 - ssim_metric: 0.4669
210/326 [==================>...........] - ETA: 1:32 - loss: 0.3975 - mae: 0.2463 - mse: 0.1236 - ssim_metric: 0.4668
211/326 [==================>...........] - ETA: 1:32 - loss: 0.3974 - mae: 0.2462 - mse: 0.1235 - ssim_metric: 0.4673
212/326 [==================>...........] - ETA: 1:31 - loss: 0.3973 - mae: 0.2461 - mse: 0.1235 - ssim_metric: 0.4674
213/326 [==================>...........] - ETA: 1:30 - loss: 0.3970 - mae: 0.2460 - mse: 0.1234 - ssim_metric: 0.4677
214/326 [==================>...........] - ETA: 1:29 - loss: 0.3972 - mae: 0.2460 - mse: 0.1235 - ssim_metric: 0.4676
215/326 [==================>...........] - ETA: 1:28 - loss: 0.3972 - mae: 0.2460 - mse: 0.1235 - ssim_metric: 0.4675
216/326 [==================>...........] - ETA: 1:28 - loss: 0.3970 - mae: 0.2459 - mse: 0.1234 - ssim_metric: 0.4678
217/326 [==================>...........] - ETA: 1:27 - loss: 0.3971 - mae: 0.2459 - mse: 0.1234 - ssim_metric: 0.4678
218/326 [===================>..........] - ETA: 1:26 - loss: 0.3972 - mae: 0.2460 - mse: 0.1235 - ssim_metric: 0.4677
219/326 [===================>..........] - ETA: 1:25 - loss: 0.3972 - mae: 0.2459 - mse: 0.1235 - ssim_metric: 0.4677
220/326 [===================>..........] - ETA: 1:24 - loss: 0.3974 - mae: 0.2461 - mse: 0.1236 - ssim_metric: 0.4673
221/326 [===================>..........] - ETA: 1:24 - loss: 0.3976 - mae: 0.2463 - mse: 0.1237 - ssim_metric: 0.4669
222/326 [===================>..........] - ETA: 1:23 - loss: 0.3978 - mae: 0.2465 - mse: 0.1237 - ssim_metric: 0.4665
223/326 [===================>..........] - ETA: 1:22 - loss: 0.3976 - mae: 0.2465 - mse: 0.1237 - ssim_metric: 0.4665
224/326 [===================>..........] - ETA: 1:21 - loss: 0.3979 - mae: 0.2466 - mse: 0.1238 - ssim_metric: 0.4661
225/326 [===================>..........] - ETA: 1:20 - loss: 0.3980 - mae: 0.2467 - mse: 0.1238 - ssim_metric: 0.4659
226/326 [===================>..........] - ETA: 1:20 - loss: 0.3981 - mae: 0.2468 - mse: 0.1238 - ssim_metric: 0.4659
227/326 [===================>..........] - ETA: 1:19 - loss: 0.3979 - mae: 0.2466 - mse: 0.1238 - ssim_metric: 0.4661
228/326 [===================>..........] - ETA: 1:18 - loss: 0.3978 - mae: 0.2466 - mse: 0.1237 - ssim_metric: 0.4663
229/326 [====================>.........] - ETA: 1:17 - loss: 0.3982 - mae: 0.2468 - mse: 0.1239 - ssim_metric: 0.4658
230/326 [====================>.........] - ETA: 1:16 - loss: 0.3981 - mae: 0.2468 - mse: 0.1239 - ssim_metric: 0.4657
231/326 [====================>.........] - ETA: 1:16 - loss: 0.3980 - mae: 0.2468 - mse: 0.1238 - ssim_metric: 0.4656
232/326 [====================>.........] - ETA: 1:15 - loss: 0.3979 - mae: 0.2467 - mse: 0.1238 - ssim_metric: 0.4657
233/326 [====================>.........] - ETA: 1:14 - loss: 0.3980 - mae: 0.2468 - mse: 0.1238 - ssim_metric: 0.4658
234/326 [====================>.........] - ETA: 1:13 - loss: 0.3982 - mae: 0.2469 - mse: 0.1239 - ssim_metric: 0.4654
235/326 [====================>.........] - ETA: 1:12 - loss: 0.3982 - mae: 0.2469 - mse: 0.1239 - ssim_metric: 0.4655
236/326 [====================>.........] - ETA: 1:12 - loss: 0.3976 - mae: 0.2466 - mse: 0.1237 - ssim_metric: 0.4660
237/326 [====================>.........] - ETA: 1:11 - loss: 0.3974 - mae: 0.2464 - mse: 0.1236 - ssim_metric: 0.4664
238/326 [====================>.........] - ETA: 1:10 - loss: 0.3976 - mae: 0.2464 - mse: 0.1237 - ssim_metric: 0.4665
239/326 [====================>.........] - ETA: 1:09 - loss: 0.3970 - mae: 0.2461 - mse: 0.1235 - ssim_metric: 0.4672
240/326 [=====================>........] - ETA: 1:08 - loss: 0.3970 - mae: 0.2460 - mse: 0.1235 - ssim_metric: 0.4675
241/326 [=====================>........] - ETA: 1:08 - loss: 0.3969 - mae: 0.2459 - mse: 0.1234 - ssim_metric: 0.4676
242/326 [=====================>........] - ETA: 1:07 - loss: 0.3964 - mae: 0.2456 - mse: 0.1233 - ssim_metric: 0.4680
243/326 [=====================>........] - ETA: 1:06 - loss: 0.3964 - mae: 0.2455 - mse: 0.1232 - ssim_metric: 0.4683
244/326 [=====================>........] - ETA: 1:05 - loss: 0.3964 - mae: 0.2455 - mse: 0.1233 - ssim_metric: 0.4684
245/326 [=====================>........] - ETA: 1:04 - loss: 0.3965 - mae: 0.2456 - mse: 0.1233 - ssim_metric: 0.4682
246/326 [=====================>........] - ETA: 1:04 - loss: 0.3964 - mae: 0.2455 - mse: 0.1232 - ssim_metric: 0.4684
247/326 [=====================>........] - ETA: 1:03 - loss: 0.3963 - mae: 0.2455 - mse: 0.1232 - ssim_metric: 0.4683
248/326 [=====================>........] - ETA: 1:02 - loss: 0.3966 - mae: 0.2457 - mse: 0.1233 - ssim_metric: 0.4682
249/326 [=====================>........] - ETA: 1:01 - loss: 0.3969 - mae: 0.2459 - mse: 0.1234 - ssim_metric: 0.4678
250/326 [======================>.......] - ETA: 1:00 - loss: 0.3967 - mae: 0.2458 - mse: 0.1234 - ssim_metric: 0.4677
251/326 [======================>.......] - ETA: 1:00 - loss: 0.3965 - mae: 0.2458 - mse: 0.1233 - ssim_metric: 0.4677
252/326 [======================>.......] - ETA: 59s - loss: 0.3961 - mae: 0.2456 - mse: 0.1232 - ssim_metric: 0.4678 
253/326 [======================>.......] - ETA: 58s - loss: 0.3967 - mae: 0.2458 - mse: 0.1234 - ssim_metric: 0.4677
254/326 [======================>.......] - ETA: 57s - loss: 0.3966 - mae: 0.2458 - mse: 0.1234 - ssim_metric: 0.4677
255/326 [======================>.......] - ETA: 56s - loss: 0.3963 - mae: 0.2457 - mse: 0.1232 - ssim_metric: 0.4678
256/326 [======================>.......] - ETA: 56s - loss: 0.3966 - mae: 0.2458 - mse: 0.1233 - ssim_metric: 0.4677
257/326 [======================>.......] - ETA: 55s - loss: 0.3966 - mae: 0.2458 - mse: 0.1233 - ssim_metric: 0.4677
258/326 [======================>.......] - ETA: 54s - loss: 0.3968 - mae: 0.2459 - mse: 0.1234 - ssim_metric: 0.4675
259/326 [======================>.......] - ETA: 53s - loss: 0.3970 - mae: 0.2460 - mse: 0.1235 - ssim_metric: 0.4672
260/326 [======================>.......] - ETA: 52s - loss: 0.3967 - mae: 0.2459 - mse: 0.1234 - ssim_metric: 0.4673
261/326 [=======================>......] - ETA: 52s - loss: 0.3969 - mae: 0.2459 - mse: 0.1234 - ssim_metric: 0.4672
262/326 [=======================>......] - ETA: 51s - loss: 0.3965 - mae: 0.2457 - mse: 0.1233 - ssim_metric: 0.4673
263/326 [=======================>......] - ETA: 50s - loss: 0.3970 - mae: 0.2459 - mse: 0.1235 - ssim_metric: 0.4670
264/326 [=======================>......] - ETA: 49s - loss: 0.3970 - mae: 0.2459 - mse: 0.1235 - ssim_metric: 0.4670
265/326 [=======================>......] - ETA: 48s - loss: 0.3971 - mae: 0.2460 - mse: 0.1235 - ssim_metric: 0.4668
266/326 [=======================>......] - ETA: 48s - loss: 0.3972 - mae: 0.2462 - mse: 0.1236 - ssim_metric: 0.4665
267/326 [=======================>......] - ETA: 47s - loss: 0.3973 - mae: 0.2463 - mse: 0.1236 - ssim_metric: 0.4662
268/326 [=======================>......] - ETA: 46s - loss: 0.3974 - mae: 0.2464 - mse: 0.1236 - ssim_metric: 0.4659
269/326 [=======================>......] - ETA: 45s - loss: 0.3973 - mae: 0.2464 - mse: 0.1236 - ssim_metric: 0.4659
270/326 [=======================>......] - ETA: 44s - loss: 0.3975 - mae: 0.2465 - mse: 0.1237 - ssim_metric: 0.4657
271/326 [=======================>......] - ETA: 44s - loss: 0.3976 - mae: 0.2466 - mse: 0.1237 - ssim_metric: 0.4656
272/326 [========================>.....] - ETA: 43s - loss: 0.3975 - mae: 0.2465 - mse: 0.1237 - ssim_metric: 0.4657
273/326 [========================>.....] - ETA: 42s - loss: 0.3972 - mae: 0.2464 - mse: 0.1236 - ssim_metric: 0.4659
274/326 [========================>.....] - ETA: 41s - loss: 0.3973 - mae: 0.2465 - mse: 0.1236 - ssim_metric: 0.4658
275/326 [========================>.....] - ETA: 40s - loss: 0.3975 - mae: 0.2465 - mse: 0.1237 - ssim_metric: 0.4661
276/326 [========================>.....] - ETA: 40s - loss: 0.3975 - mae: 0.2465 - mse: 0.1237 - ssim_metric: 0.4660
277/326 [========================>.....] - ETA: 39s - loss: 0.3978 - mae: 0.2466 - mse: 0.1238 - ssim_metric: 0.4658
278/326 [========================>.....] - ETA: 38s - loss: 0.3977 - mae: 0.2465 - mse: 0.1238 - ssim_metric: 0.4659
279/326 [========================>.....] - ETA: 37s - loss: 0.3974 - mae: 0.2464 - mse: 0.1237 - ssim_metric: 0.4662
280/326 [========================>.....] - ETA: 36s - loss: 0.3973 - mae: 0.2464 - mse: 0.1236 - ssim_metric: 0.4662
281/326 [========================>.....] - ETA: 36s - loss: 0.3976 - mae: 0.2465 - mse: 0.1237 - ssim_metric: 0.4659
282/326 [========================>.....] - ETA: 35s - loss: 0.3977 - mae: 0.2466 - mse: 0.1238 - ssim_metric: 0.4660
283/326 [=========================>....] - ETA: 34s - loss: 0.3981 - mae: 0.2468 - mse: 0.1239 - ssim_metric: 0.4658
284/326 [=========================>....] - ETA: 33s - loss: 0.3980 - mae: 0.2468 - mse: 0.1239 - ssim_metric: 0.4657
285/326 [=========================>....] - ETA: 32s - loss: 0.3982 - mae: 0.2470 - mse: 0.1240 - ssim_metric: 0.4654
286/326 [=========================>....] - ETA: 32s - loss: 0.3982 - mae: 0.2470 - mse: 0.1240 - ssim_metric: 0.4652
287/326 [=========================>....] - ETA: 31s - loss: 0.3985 - mae: 0.2472 - mse: 0.1241 - ssim_metric: 0.4651
288/326 [=========================>....] - ETA: 30s - loss: 0.3989 - mae: 0.2474 - mse: 0.1242 - ssim_metric: 0.4648
289/326 [=========================>....] - ETA: 29s - loss: 0.3989 - mae: 0.2474 - mse: 0.1242 - ssim_metric: 0.4646
290/326 [=========================>....] - ETA: 28s - loss: 0.3992 - mae: 0.2475 - mse: 0.1243 - ssim_metric: 0.4643
291/326 [=========================>....] - ETA: 28s - loss: 0.3996 - mae: 0.2478 - mse: 0.1245 - ssim_metric: 0.4639
292/326 [=========================>....] - ETA: 27s - loss: 0.3993 - mae: 0.2477 - mse: 0.1244 - ssim_metric: 0.4638
293/326 [=========================>....] - ETA: 26s - loss: 0.3992 - mae: 0.2477 - mse: 0.1243 - ssim_metric: 0.4638
294/326 [==========================>...] - ETA: 25s - loss: 0.3994 - mae: 0.2479 - mse: 0.1244 - ssim_metric: 0.4633
295/326 [==========================>...] - ETA: 24s - loss: 0.3995 - mae: 0.2481 - mse: 0.1245 - ssim_metric: 0.4630
296/326 [==========================>...] - ETA: 24s - loss: 0.3993 - mae: 0.2480 - mse: 0.1244 - ssim_metric: 0.4629
297/326 [==========================>...] - ETA: 23s - loss: 0.3995 - mae: 0.2481 - mse: 0.1245 - ssim_metric: 0.4628
298/326 [==========================>...] - ETA: 22s - loss: 0.3992 - mae: 0.2480 - mse: 0.1243 - ssim_metric: 0.4630
299/326 [==========================>...] - ETA: 21s - loss: 0.3990 - mae: 0.2478 - mse: 0.1242 - ssim_metric: 0.4633
300/326 [==========================>...] - ETA: 20s - loss: 0.3991 - mae: 0.2478 - mse: 0.1243 - ssim_metric: 0.4635
301/326 [==========================>...] - ETA: 20s - loss: 0.3989 - mae: 0.2476 - mse: 0.1242 - ssim_metric: 0.4639
302/326 [==========================>...] - ETA: 19s - loss: 0.3994 - mae: 0.2477 - mse: 0.1244 - ssim_metric: 0.4637
303/326 [==========================>...] - ETA: 18s - loss: 0.3994 - mae: 0.2477 - mse: 0.1244 - ssim_metric: 0.4637
304/326 [==========================>...] - ETA: 17s - loss: 0.3995 - mae: 0.2478 - mse: 0.1244 - ssim_metric: 0.4637
305/326 [===========================>..] - ETA: 16s - loss: 0.3995 - mae: 0.2478 - mse: 0.1244 - ssim_metric: 0.4637
306/326 [===========================>..] - ETA: 16s - loss: 0.3996 - mae: 0.2479 - mse: 0.1244 - ssim_metric: 0.4634
307/326 [===========================>..] - ETA: 15s - loss: 0.3997 - mae: 0.2480 - mse: 0.1245 - ssim_metric: 0.4633
308/326 [===========================>..] - ETA: 14s - loss: 0.3997 - mae: 0.2480 - mse: 0.1245 - ssim_metric: 0.4634
309/326 [===========================>..] - ETA: 13s - loss: 0.3997 - mae: 0.2480 - mse: 0.1245 - ssim_metric: 0.4634
310/326 [===========================>..] - ETA: 12s - loss: 0.3997 - mae: 0.2481 - mse: 0.1245 - ssim_metric: 0.4633
311/326 [===========================>..] - ETA: 12s - loss: 0.3996 - mae: 0.2480 - mse: 0.1244 - ssim_metric: 0.4635
312/326 [===========================>..] - ETA: 11s - loss: 0.3995 - mae: 0.2480 - mse: 0.1244 - ssim_metric: 0.4634
313/326 [===========================>..] - ETA: 10s - loss: 0.3997 - mae: 0.2480 - mse: 0.1245 - ssim_metric: 0.4635
314/326 [===========================>..] - ETA: 9s - loss: 0.3999 - mae: 0.2479 - mse: 0.1246 - ssim_metric: 0.4638 
315/326 [===========================>..] - ETA: 8s - loss: 0.4002 - mae: 0.2480 - mse: 0.1246 - ssim_metric: 0.4635
316/326 [============================>.] - ETA: 8s - loss: 0.4001 - mae: 0.2480 - mse: 0.1246 - ssim_metric: 0.4633
317/326 [============================>.] - ETA: 7s - loss: 0.4000 - mae: 0.2480 - mse: 0.1246 - ssim_metric: 0.4634
318/326 [============================>.] - ETA: 6s - loss: 0.3999 - mae: 0.2480 - mse: 0.1245 - ssim_metric: 0.4633
319/326 [============================>.] - ETA: 5s - loss: 0.4003 - mae: 0.2482 - mse: 0.1247 - ssim_metric: 0.4630
320/326 [============================>.] - ETA: 4s - loss: 0.4003 - mae: 0.2483 - mse: 0.1247 - ssim_metric: 0.4627
321/326 [============================>.] - ETA: 4s - loss: 0.4004 - mae: 0.2484 - mse: 0.1247 - ssim_metric: 0.4624
322/326 [============================>.] - ETA: 3s - loss: 0.4003 - mae: 0.2484 - mse: 0.1247 - ssim_metric: 0.4624
323/326 [============================>.] - ETA: 2s - loss: 0.4003 - mae: 0.2484 - mse: 0.1247 - ssim_metric: 0.4623
324/326 [============================>.] - ETA: 1s - loss: 0.4007 - mae: 0.2486 - mse: 0.1248 - ssim_metric: 0.4621
325/326 [============================>.] - ETA: 0s - loss: 0.4007 - mae: 0.2486 - mse: 0.1248 - ssim_metric: 0.4620
326/326 [==============================] - ETA: 0s - loss: 0.4008 - mae: 0.2486 - mse: 0.1249 - ssim_metric: 0.4621
Epoch 8: saving model to C:\d_surucusu\visual_navigation\benchmark\models_pipeline\20260909_223425\bce_b16\_JOB_bce_b16_10_09_2026__07_13_model_f48_k4_epoch_00008_helu_osigmoid_(1, 1)_.h5

Epoch 8: val_loss did not improve from 0.36417

Epoch 8: val_mae improved from 0.23026 to 0.22919, saving model to C:\d_surucusu\visual_navigation\benchmark\models_pipeline\20260909_223425\bce_b16\_JOB_bce_b16_10_09_2026__07_13_best_mae_model_f48_k4.h5

Epoch 8: val_ssim_metric did not improve from 0.56049

326/326 [==============================] - 277s 850ms/step - loss: 0.4008 - mae: 0.2486 - mse: 0.1249 - ssim_metric: 0.4621 - val_loss: 0.3709 - val_mae: 0.2292 - val_mse: 0.1134 - val_ssim_metric: 0.4914
Epoch 9/20

  1/326 [..............................] - ETA: 4:36 - loss: 0.4385 - mae: 0.2620 - mse: 0.1412 - ssim_metric: 0.4289
  2/326 [..............................] - ETA: 4:18 - loss: 0.4352 - mae: 0.2570 - mse: 0.1381 - ssim_metric: 0.4577
  3/326 [..............................] - ETA: 4:18 - loss: 0.4550 - mae: 0.2727 - mse: 0.1454 - ssim_metric: 0.4356
  4/326 [..............................] - ETA: 4:17 - loss: 0.4457 - mae: 0.2722 - mse: 0.1420 - ssim_metric: 0.4245
  5/326 [..............................] - ETA: 4:16 - loss: 0.4348 - mae: 0.2696 - mse: 0.1379 - ssim_metric: 0.4253
  6/326 [..............................] - ETA: 4:15 - loss: 0.4323 - mae: 0.2723 - mse: 0.1371 - ssim_metric: 0.4120
  7/326 [..............................] - ETA: 4:15 - loss: 0.4279 - mae: 0.2710 - mse: 0.1355 - ssim_metric: 0.4134
  8/326 [..............................] - ETA: 4:14 - loss: 0.4156 - mae: 0.2634 - mse: 0.1307 - ssim_metric: 0.4217
  9/326 [..............................] - ETA: 4:13 - loss: 0.4050 - mae: 0.2564 - mse: 0.1266 - ssim_metric: 0.4324
 10/326 [..............................] - ETA: 4:12 - loss: 0.4029 - mae: 0.2532 - mse: 0.1256 - ssim_metric: 0.4411
 11/326 [>.............................] - ETA: 4:12 - loss: 0.4056 - mae: 0.2533 - mse: 0.1270 - ssim_metric: 0.4453
 12/326 [>.............................] - ETA: 4:11 - loss: 0.4055 - mae: 0.2516 - mse: 0.1271 - ssim_metric: 0.4492
 13/326 [>.............................] - ETA: 4:10 - loss: 0.4110 - mae: 0.2521 - mse: 0.1290 - ssim_metric: 0.4510
 14/326 [>.............................] - ETA: 4:09 - loss: 0.4224 - mae: 0.2569 - mse: 0.1331 - ssim_metric: 0.4443
 15/326 [>.............................] - ETA: 4:09 - loss: 0.4133 - mae: 0.2532 - mse: 0.1295 - ssim_metric: 0.4482
 16/326 [>.............................] - ETA: 4:08 - loss: 0.4165 - mae: 0.2562 - mse: 0.1309 - ssim_metric: 0.4426
 17/326 [>.............................] - ETA: 4:07 - loss: 0.4158 - mae: 0.2576 - mse: 0.1305 - ssim_metric: 0.4389
 18/326 [>.............................] - ETA: 4:06 - loss: 0.4185 - mae: 0.2608 - mse: 0.1315 - ssim_metric: 0.4322
 19/326 [>.............................] - ETA: 4:05 - loss: 0.4188 - mae: 0.2624 - mse: 0.1316 - ssim_metric: 0.4289
 20/326 [>.............................] - ETA: 4:05 - loss: 0.4145 - mae: 0.2613 - mse: 0.1298 - ssim_metric: 0.4286
 21/326 [>.............................] - ETA: 4:04 - loss: 0.4096 - mae: 0.2586 - mse: 0.1279 - ssim_metric: 0.4322
 22/326 [=>............................] - ETA: 4:03 - loss: 0.4050 - mae: 0.2555 - mse: 0.1263 - ssim_metric: 0.4379
 23/326 [=>............................] - ETA: 4:02 - loss: 0.4005 - mae: 0.2518 - mse: 0.1247 - ssim_metric: 0.4479
 24/326 [=>............................] - ETA: 4:02 - loss: 0.3998 - mae: 0.2497 - mse: 0.1244 - ssim_metric: 0.4535
 25/326 [=>............................] - ETA: 4:01 - loss: 0.4055 - mae: 0.2503 - mse: 0.1263 - ssim_metric: 0.4540
 26/326 [=>............................] - ETA: 4:00 - loss: 0.4068 - mae: 0.2497 - mse: 0.1267 - ssim_metric: 0.4572
 27/326 [=>............................] - ETA: 3:59 - loss: 0.4052 - mae: 0.2489 - mse: 0.1262 - ssim_metric: 0.4596
 28/326 [=>............................] - ETA: 3:58 - loss: 0.4067 - mae: 0.2495 - mse: 0.1267 - ssim_metric: 0.4581
 29/326 [=>............................] - ETA: 3:58 - loss: 0.4055 - mae: 0.2498 - mse: 0.1263 - ssim_metric: 0.4559
 30/326 [=>............................] - ETA: 3:57 - loss: 0.4077 - mae: 0.2516 - mse: 0.1271 - ssim_metric: 0.4523
 31/326 [=>............................] - ETA: 3:56 - loss: 0.4081 - mae: 0.2527 - mse: 0.1272 - ssim_metric: 0.4484
 32/326 [=>............................] - ETA: 3:55 - loss: 0.4094 - mae: 0.2542 - mse: 0.1278 - ssim_metric: 0.4450
 33/326 [==>...........................] - ETA: 3:54 - loss: 0.4066 - mae: 0.2535 - mse: 0.1266 - ssim_metric: 0.4449
 34/326 [==>...........................] - ETA: 3:53 - loss: 0.4075 - mae: 0.2541 - mse: 0.1271 - ssim_metric: 0.4428
 35/326 [==>...........................] - ETA: 3:53 - loss: 0.4051 - mae: 0.2526 - mse: 0.1262 - ssim_metric: 0.4458
 36/326 [==>...........................] - ETA: 3:52 - loss: 0.4053 - mae: 0.2525 - mse: 0.1263 - ssim_metric: 0.4463
 37/326 [==>...........................] - ETA: 3:51 - loss: 0.4023 - mae: 0.2504 - mse: 0.1252 - ssim_metric: 0.4507
 38/326 [==>...........................] - ETA: 3:50 - loss: 0.4003 - mae: 0.2487 - mse: 0.1245 - ssim_metric: 0.4539
 39/326 [==>...........................] - ETA: 3:50 - loss: 0.4004 - mae: 0.2480 - mse: 0.1244 - ssim_metric: 0.4559
 40/326 [==>...........................] - ETA: 3:49 - loss: 0.3987 - mae: 0.2469 - mse: 0.1239 - ssim_metric: 0.4582
 41/326 [==>...........................] - ETA: 3:48 - loss: 0.3969 - mae: 0.2455 - mse: 0.1232 - ssim_metric: 0.4613
 42/326 [==>...........................] - ETA: 3:47 - loss: 0.3929 - mae: 0.2432 - mse: 0.1218 - ssim_metric: 0.4653
 43/326 [==>...........................] - ETA: 3:46 - loss: 0.3929 - mae: 0.2427 - mse: 0.1218 - ssim_metric: 0.4662
 44/326 [===>..........................] - ETA: 3:46 - loss: 0.3938 - mae: 0.2428 - mse: 0.1221 - ssim_metric: 0.4663
 45/326 [===>..........................] - ETA: 3:45 - loss: 0.3959 - mae: 0.2439 - mse: 0.1230 - ssim_metric: 0.4640
 46/326 [===>..........................] - ETA: 3:44 - loss: 0.3960 - mae: 0.2441 - mse: 0.1231 - ssim_metric: 0.4641
 47/326 [===>..........................] - ETA: 3:43 - loss: 0.3948 - mae: 0.2438 - mse: 0.1227 - ssim_metric: 0.4644
 48/326 [===>..........................] - ETA: 3:42 - loss: 0.3920 - mae: 0.2426 - mse: 0.1216 - ssim_metric: 0.4655
 49/326 [===>..........................] - ETA: 3:42 - loss: 0.3955 - mae: 0.2436 - mse: 0.1227 - ssim_metric: 0.4644
 50/326 [===>..........................] - ETA: 3:41 - loss: 0.3949 - mae: 0.2435 - mse: 0.1225 - ssim_metric: 0.4648
 51/326 [===>..........................] - ETA: 3:40 - loss: 0.3930 - mae: 0.2427 - mse: 0.1217 - ssim_metric: 0.4649
 52/326 [===>..........................] - ETA: 3:39 - loss: 0.3935 - mae: 0.2428 - mse: 0.1219 - ssim_metric: 0.4653
 53/326 [===>..........................] - ETA: 3:38 - loss: 0.3931 - mae: 0.2424 - mse: 0.1218 - ssim_metric: 0.4657
 54/326 [===>..........................] - ETA: 3:38 - loss: 0.3937 - mae: 0.2425 - mse: 0.1220 - ssim_metric: 0.4660
 55/326 [====>.........................] - ETA: 3:37 - loss: 0.3939 - mae: 0.2426 - mse: 0.1221 - ssim_metric: 0.4658
 56/326 [====>.........................] - ETA: 3:36 - loss: 0.3935 - mae: 0.2425 - mse: 0.1220 - ssim_metric: 0.4654
 57/326 [====>.........................] - ETA: 3:35 - loss: 0.3923 - mae: 0.2420 - mse: 0.1215 - ssim_metric: 0.4658
 58/326 [====>.........................] - ETA: 3:34 - loss: 0.3935 - mae: 0.2425 - mse: 0.1220 - ssim_metric: 0.4652
 59/326 [====>.........................] - ETA: 3:34 - loss: 0.3943 - mae: 0.2430 - mse: 0.1223 - ssim_metric: 0.4641
 60/326 [====>.........................] - ETA: 3:33 - loss: 0.3952 - mae: 0.2435 - mse: 0.1227 - ssim_metric: 0.4636
 61/326 [====>.........................] - ETA: 3:32 - loss: 0.3932 - mae: 0.2427 - mse: 0.1220 - ssim_metric: 0.4651
 62/326 [====>.........................] - ETA: 3:31 - loss: 0.3919 - mae: 0.2422 - mse: 0.1214 - ssim_metric: 0.4654
 63/326 [====>.........................] - ETA: 3:30 - loss: 0.3926 - mae: 0.2426 - mse: 0.1217 - ssim_metric: 0.4645
 64/326 [====>.........................] - ETA: 3:29 - loss: 0.3915 - mae: 0.2421 - mse: 0.1213 - ssim_metric: 0.4659
 65/326 [====>.........................] - ETA: 3:29 - loss: 0.3901 - mae: 0.2412 - mse: 0.1207 - ssim_metric: 0.4680
 66/326 [=====>........................] - ETA: 3:28 - loss: 0.3915 - mae: 0.2417 - mse: 0.1213 - ssim_metric: 0.4677
 67/326 [=====>........................] - ETA: 3:27 - loss: 0.3914 - mae: 0.2415 - mse: 0.1213 - ssim_metric: 0.4679
 68/326 [=====>........................] - ETA: 3:26 - loss: 0.3913 - mae: 0.2412 - mse: 0.1213 - ssim_metric: 0.4687
 69/326 [=====>........................] - ETA: 3:25 - loss: 0.3915 - mae: 0.2412 - mse: 0.1214 - ssim_metric: 0.4687
 70/326 [=====>........................] - ETA: 3:25 - loss: 0.3913 - mae: 0.2411 - mse: 0.1214 - ssim_metric: 0.4691
 71/326 [=====>........................] - ETA: 3:24 - loss: 0.3911 - mae: 0.2410 - mse: 0.1213 - ssim_metric: 0.4690
 72/326 [=====>........................] - ETA: 3:23 - loss: 0.3933 - mae: 0.2419 - mse: 0.1220 - ssim_metric: 0.4676
 73/326 [=====>........................] - ETA: 3:22 - loss: 0.3934 - mae: 0.2421 - mse: 0.1220 - ssim_metric: 0.4671
 74/326 [=====>........................] - ETA: 3:21 - loss: 0.3930 - mae: 0.2423 - mse: 0.1219 - ssim_metric: 0.4663
 75/326 [=====>........................] - ETA: 3:21 - loss: 0.3923 - mae: 0.2421 - mse: 0.1216 - ssim_metric: 0.4661
 76/326 [=====>........................] - ETA: 3:20 - loss: 0.3909 - mae: 0.2415 - mse: 0.1211 - ssim_metric: 0.4665
 77/326 [======>.......................] - ETA: 3:19 - loss: 0.3915 - mae: 0.2421 - mse: 0.1213 - ssim_metric: 0.4654
 78/326 [======>.......................] - ETA: 3:18 - loss: 0.3913 - mae: 0.2420 - mse: 0.1213 - ssim_metric: 0.4658
 79/326 [======>.......................] - ETA: 3:17 - loss: 0.3923 - mae: 0.2422 - mse: 0.1217 - ssim_metric: 0.4660
 80/326 [======>.......................] - ETA: 3:17 - loss: 0.3932 - mae: 0.2424 - mse: 0.1220 - ssim_metric: 0.4664
 81/326 [======>.......................] - ETA: 3:16 - loss: 0.3928 - mae: 0.2421 - mse: 0.1219 - ssim_metric: 0.4671
 82/326 [======>.......................] - ETA: 3:15 - loss: 0.3931 - mae: 0.2421 - mse: 0.1220 - ssim_metric: 0.4674
 83/326 [======>.......................] - ETA: 3:14 - loss: 0.3929 - mae: 0.2421 - mse: 0.1219 - ssim_metric: 0.4671
 84/326 [======>.......................] - ETA: 3:13 - loss: 0.3933 - mae: 0.2425 - mse: 0.1221 - ssim_metric: 0.4666
 85/326 [======>.......................] - ETA: 3:13 - loss: 0.3923 - mae: 0.2422 - mse: 0.1217 - ssim_metric: 0.4669
 86/326 [======>.......................] - ETA: 3:12 - loss: 0.3923 - mae: 0.2423 - mse: 0.1217 - ssim_metric: 0.4664
 87/326 [=======>......................] - ETA: 3:11 - loss: 0.3920 - mae: 0.2423 - mse: 0.1216 - ssim_metric: 0.4663
 88/326 [=======>......................] - ETA: 3:10 - loss: 0.3912 - mae: 0.2419 - mse: 0.1213 - ssim_metric: 0.4664
 89/326 [=======>......................] - ETA: 3:09 - loss: 0.3906 - mae: 0.2416 - mse: 0.1211 - ssim_metric: 0.4670
 90/326 [=======>......................] - ETA: 3:09 - loss: 0.3915 - mae: 0.2419 - mse: 0.1215 - ssim_metric: 0.4666
 91/326 [=======>......................] - ETA: 3:08 - loss: 0.3914 - mae: 0.2417 - mse: 0.1214 - ssim_metric: 0.4673
 92/326 [=======>......................] - ETA: 3:07 - loss: 0.3912 - mae: 0.2415 - mse: 0.1213 - ssim_metric: 0.4675
 93/326 [=======>......................] - ETA: 3:06 - loss: 0.3920 - mae: 0.2416 - mse: 0.1216 - ssim_metric: 0.4681
 94/326 [=======>......................] - ETA: 3:05 - loss: 0.3927 - mae: 0.2416 - mse: 0.1218 - ssim_metric: 0.4686
 95/326 [=======>......................] - ETA: 3:05 - loss: 0.3938 - mae: 0.2421 - mse: 0.1222 - ssim_metric: 0.4681
 96/326 [=======>......................] - ETA: 3:04 - loss: 0.3935 - mae: 0.2420 - mse: 0.1221 - ssim_metric: 0.4683
 97/326 [=======>......................] - ETA: 3:03 - loss: 0.3934 - mae: 0.2421 - mse: 0.1220 - ssim_metric: 0.4683
 98/326 [========>.....................] - ETA: 3:02 - loss: 0.3927 - mae: 0.2420 - mse: 0.1218 - ssim_metric: 0.4683
 99/326 [========>.....................] - ETA: 3:01 - loss: 0.3923 - mae: 0.2420 - mse: 0.1217 - ssim_metric: 0.4683
100/326 [========>.....................] - ETA: 3:01 - loss: 0.3924 - mae: 0.2422 - mse: 0.1217 - ssim_metric: 0.4680
101/326 [========>.....................] - ETA: 3:00 - loss: 0.3918 - mae: 0.2421 - mse: 0.1215 - ssim_metric: 0.4680
102/326 [========>.....................] - ETA: 2:59 - loss: 0.3912 - mae: 0.2419 - mse: 0.1212 - ssim_metric: 0.4682
103/326 [========>.....................] - ETA: 2:58 - loss: 0.3927 - mae: 0.2423 - mse: 0.1216 - ssim_metric: 0.4677
104/326 [========>.....................] - ETA: 2:57 - loss: 0.3926 - mae: 0.2422 - mse: 0.1216 - ssim_metric: 0.4680
105/326 [========>.....................] - ETA: 2:57 - loss: 0.3920 - mae: 0.2419 - mse: 0.1214 - ssim_metric: 0.4685
106/326 [========>.....................] - ETA: 2:56 - loss: 0.3912 - mae: 0.2415 - mse: 0.1211 - ssim_metric: 0.4693
107/326 [========>.....................] - ETA: 2:55 - loss: 0.3910 - mae: 0.2413 - mse: 0.1211 - ssim_metric: 0.4697
108/326 [========>.....................] - ETA: 2:54 - loss: 0.3930 - mae: 0.2419 - mse: 0.1217 - ssim_metric: 0.4693
109/326 [=========>....................] - ETA: 2:53 - loss: 0.3927 - mae: 0.2416 - mse: 0.1215 - ssim_metric: 0.4700
110/326 [=========>....................] - ETA: 2:53 - loss: 0.3933 - mae: 0.2418 - mse: 0.1218 - ssim_metric: 0.4697
111/326 [=========>....................] - ETA: 2:52 - loss: 0.3929 - mae: 0.2416 - mse: 0.1216 - ssim_metric: 0.4699
112/326 [=========>....................] - ETA: 2:51 - loss: 0.3929 - mae: 0.2416 - mse: 0.1217 - ssim_metric: 0.4698
113/326 [=========>....................] - ETA: 2:50 - loss: 0.3928 - mae: 0.2416 - mse: 0.1216 - ssim_metric: 0.4699
114/326 [=========>....................] - ETA: 2:49 - loss: 0.3925 - mae: 0.2416 - mse: 0.1215 - ssim_metric: 0.4697
115/326 [=========>....................] - ETA: 2:49 - loss: 0.3927 - mae: 0.2418 - mse: 0.1216 - ssim_metric: 0.4692
116/326 [=========>....................] - ETA: 2:48 - loss: 0.3929 - mae: 0.2420 - mse: 0.1217 - ssim_metric: 0.4687
117/326 [=========>....................] - ETA: 2:47 - loss: 0.3932 - mae: 0.2423 - mse: 0.1218 - ssim_metric: 0.4683
118/326 [=========>....................] - ETA: 2:46 - loss: 0.3926 - mae: 0.2420 - mse: 0.1216 - ssim_metric: 0.4691
119/326 [=========>....................] - ETA: 2:45 - loss: 0.3923 - mae: 0.2418 - mse: 0.1215 - ssim_metric: 0.4694
120/326 [==========>...................] - ETA: 2:45 - loss: 0.3920 - mae: 0.2417 - mse: 0.1214 - ssim_metric: 0.4696
121/326 [==========>...................] - ETA: 2:44 - loss: 0.3915 - mae: 0.2414 - mse: 0.1212 - ssim_metric: 0.4703
122/326 [==========>...................] - ETA: 2:43 - loss: 0.3918 - mae: 0.2414 - mse: 0.1213 - ssim_metric: 0.4706
123/326 [==========>...................] - ETA: 2:42 - loss: 0.3922 - mae: 0.2415 - mse: 0.1214 - ssim_metric: 0.4706
124/326 [==========>...................] - ETA: 2:41 - loss: 0.3927 - mae: 0.2417 - mse: 0.1216 - ssim_metric: 0.4701
125/326 [==========>...................] - ETA: 2:41 - loss: 0.3928 - mae: 0.2416 - mse: 0.1216 - ssim_metric: 0.4705
126/326 [==========>...................] - ETA: 2:40 - loss: 0.3923 - mae: 0.2414 - mse: 0.1214 - ssim_metric: 0.4707
127/326 [==========>...................] - ETA: 2:39 - loss: 0.3919 - mae: 0.2413 - mse: 0.1213 - ssim_metric: 0.4708
128/326 [==========>...................] - ETA: 2:38 - loss: 0.3914 - mae: 0.2411 - mse: 0.1211 - ssim_metric: 0.4710
129/326 [==========>...................] - ETA: 2:37 - loss: 0.3914 - mae: 0.2412 - mse: 0.1211 - ssim_metric: 0.4712
130/326 [==========>...................] - ETA: 2:37 - loss: 0.3924 - mae: 0.2417 - mse: 0.1215 - ssim_metric: 0.4704
131/326 [===========>..................] - ETA: 2:36 - loss: 0.3927 - mae: 0.2418 - mse: 0.1216 - ssim_metric: 0.4703
132/326 [===========>..................] - ETA: 2:35 - loss: 0.3927 - mae: 0.2418 - mse: 0.1216 - ssim_metric: 0.4704
133/326 [===========>..................] - ETA: 2:34 - loss: 0.3926 - mae: 0.2418 - mse: 0.1216 - ssim_metric: 0.4704
134/326 [===========>..................] - ETA: 2:33 - loss: 0.3930 - mae: 0.2421 - mse: 0.1217 - ssim_metric: 0.4701
135/326 [===========>..................] - ETA: 2:33 - loss: 0.3934 - mae: 0.2423 - mse: 0.1219 - ssim_metric: 0.4695
136/326 [===========>..................] - ETA: 2:32 - loss: 0.3935 - mae: 0.2426 - mse: 0.1220 - ssim_metric: 0.4689
137/326 [===========>..................] - ETA: 2:31 - loss: 0.3932 - mae: 0.2425 - mse: 0.1218 - ssim_metric: 0.4688
138/326 [===========>..................] - ETA: 2:30 - loss: 0.3935 - mae: 0.2428 - mse: 0.1220 - ssim_metric: 0.4680
139/326 [===========>..................] - ETA: 2:29 - loss: 0.3934 - mae: 0.2429 - mse: 0.1219 - ssim_metric: 0.4678
140/326 [===========>..................] - ETA: 2:29 - loss: 0.3935 - mae: 0.2429 - mse: 0.1220 - ssim_metric: 0.4678
141/326 [===========>..................] - ETA: 2:28 - loss: 0.3936 - mae: 0.2429 - mse: 0.1220 - ssim_metric: 0.4679
142/326 [============>.................] - ETA: 2:27 - loss: 0.3932 - mae: 0.2427 - mse: 0.1219 - ssim_metric: 0.4684
143/326 [============>.................] - ETA: 2:26 - loss: 0.3935 - mae: 0.2428 - mse: 0.1220 - ssim_metric: 0.4682
144/326 [============>.................] - ETA: 2:25 - loss: 0.3933 - mae: 0.2427 - mse: 0.1219 - ssim_metric: 0.4682
145/326 [============>.................] - ETA: 2:25 - loss: 0.3930 - mae: 0.2426 - mse: 0.1218 - ssim_metric: 0.4686
146/326 [============>.................] - ETA: 2:24 - loss: 0.3929 - mae: 0.2425 - mse: 0.1218 - ssim_metric: 0.4690
147/326 [============>.................] - ETA: 2:23 - loss: 0.3935 - mae: 0.2427 - mse: 0.1220 - ssim_metric: 0.4687
148/326 [============>.................] - ETA: 2:22 - loss: 0.3930 - mae: 0.2425 - mse: 0.1219 - ssim_metric: 0.4691
149/326 [============>.................] - ETA: 2:21 - loss: 0.3934 - mae: 0.2428 - mse: 0.1220 - ssim_metric: 0.4685
150/326 [============>.................] - ETA: 2:21 - loss: 0.3931 - mae: 0.2427 - mse: 0.1219 - ssim_metric: 0.4684
151/326 [============>.................] - ETA: 2:20 - loss: 0.3937 - mae: 0.2431 - mse: 0.1221 - ssim_metric: 0.4677
152/326 [============>.................] - ETA: 2:19 - loss: 0.3943 - mae: 0.2433 - mse: 0.1223 - ssim_metric: 0.4675
153/326 [=============>................] - ETA: 2:18 - loss: 0.3939 - mae: 0.2432 - mse: 0.1222 - ssim_metric: 0.4676
154/326 [=============>................] - ETA: 2:17 - loss: 0.3937 - mae: 0.2431 - mse: 0.1221 - ssim_metric: 0.4677
155/326 [=============>................] - ETA: 2:17 - loss: 0.3938 - mae: 0.2431 - mse: 0.1222 - ssim_metric: 0.4677
156/326 [=============>................] - ETA: 2:16 - loss: 0.3935 - mae: 0.2430 - mse: 0.1220 - ssim_metric: 0.4680
157/326 [=============>................] - ETA: 2:15 - loss: 0.3935 - mae: 0.2430 - mse: 0.1221 - ssim_metric: 0.4679
158/326 [=============>................] - ETA: 2:14 - loss: 0.3944 - mae: 0.2432 - mse: 0.1223 - ssim_metric: 0.4679
159/326 [=============>................] - ETA: 2:13 - loss: 0.3946 - mae: 0.2433 - mse: 0.1224 - ssim_metric: 0.4679
160/326 [=============>................] - ETA: 2:13 - loss: 0.3944 - mae: 0.2432 - mse: 0.1224 - ssim_metric: 0.4680
161/326 [=============>................] - ETA: 2:12 - loss: 0.3947 - mae: 0.2435 - mse: 0.1225 - ssim_metric: 0.4676
162/326 [=============>................] - ETA: 2:11 - loss: 0.3944 - mae: 0.2434 - mse: 0.1224 - ssim_metric: 0.4674
163/326 [==============>...............] - ETA: 2:10 - loss: 0.3940 - mae: 0.2434 - mse: 0.1222 - ssim_metric: 0.4674
164/326 [==============>...............] - ETA: 2:09 - loss: 0.3939 - mae: 0.2433 - mse: 0.1222 - ssim_metric: 0.4676
165/326 [==============>...............] - ETA: 2:09 - loss: 0.3940 - mae: 0.2433 - mse: 0.1222 - ssim_metric: 0.4676
166/326 [==============>...............] - ETA: 2:08 - loss: 0.3946 - mae: 0.2436 - mse: 0.1224 - ssim_metric: 0.4672
167/326 [==============>...............] - ETA: 2:07 - loss: 0.3945 - mae: 0.2436 - mse: 0.1224 - ssim_metric: 0.4671
168/326 [==============>...............] - ETA: 2:06 - loss: 0.3948 - mae: 0.2438 - mse: 0.1226 - ssim_metric: 0.4669
169/326 [==============>...............] - ETA: 2:05 - loss: 0.3945 - mae: 0.2437 - mse: 0.1224 - ssim_metric: 0.4672
170/326 [==============>...............] - ETA: 2:05 - loss: 0.3946 - mae: 0.2438 - mse: 0.1225 - ssim_metric: 0.4670
171/326 [==============>...............] - ETA: 2:04 - loss: 0.3945 - mae: 0.2437 - mse: 0.1224 - ssim_metric: 0.4671
172/326 [==============>...............] - ETA: 2:03 - loss: 0.3941 - mae: 0.2434 - mse: 0.1223 - ssim_metric: 0.4676
173/326 [==============>...............] - ETA: 2:02 - loss: 0.3943 - mae: 0.2435 - mse: 0.1224 - ssim_metric: 0.4674
174/326 [===============>..............] - ETA: 2:01 - loss: 0.3941 - mae: 0.2435 - mse: 0.1223 - ssim_metric: 0.4672
175/326 [===============>..............] - ETA: 2:01 - loss: 0.3943 - mae: 0.2436 - mse: 0.1224 - ssim_metric: 0.4670
176/326 [===============>..............] - ETA: 2:00 - loss: 0.3943 - mae: 0.2436 - mse: 0.1224 - ssim_metric: 0.4670
177/326 [===============>..............] - ETA: 1:59 - loss: 0.3944 - mae: 0.2436 - mse: 0.1225 - ssim_metric: 0.4671
178/326 [===============>..............] - ETA: 1:58 - loss: 0.3953 - mae: 0.2440 - mse: 0.1228 - ssim_metric: 0.4665
179/326 [===============>..............] - ETA: 1:57 - loss: 0.3954 - mae: 0.2441 - mse: 0.1229 - ssim_metric: 0.4662
180/326 [===============>..............] - ETA: 1:57 - loss: 0.3955 - mae: 0.2443 - mse: 0.1229 - ssim_metric: 0.4656
181/326 [===============>..............] - ETA: 1:56 - loss: 0.3961 - mae: 0.2449 - mse: 0.1231 - ssim_metric: 0.4645
182/326 [===============>..............] - ETA: 1:55 - loss: 0.3961 - mae: 0.2451 - mse: 0.1231 - ssim_metric: 0.4639
183/326 [===============>..............] - ETA: 1:54 - loss: 0.3960 - mae: 0.2451 - mse: 0.1231 - ssim_metric: 0.4638
184/326 [===============>..............] - ETA: 1:53 - loss: 0.3959 - mae: 0.2452 - mse: 0.1231 - ssim_metric: 0.4639
185/326 [================>.............] - ETA: 1:53 - loss: 0.3961 - mae: 0.2452 - mse: 0.1231 - ssim_metric: 0.4638
186/326 [================>.............] - ETA: 1:52 - loss: 0.3967 - mae: 0.2456 - mse: 0.1234 - ssim_metric: 0.4633
187/326 [================>.............] - ETA: 1:51 - loss: 0.3972 - mae: 0.2458 - mse: 0.1236 - ssim_metric: 0.4632
188/326 [================>.............] - ETA: 1:50 - loss: 0.3976 - mae: 0.2459 - mse: 0.1236 - ssim_metric: 0.4636
189/326 [================>.............] - ETA: 1:49 - loss: 0.3973 - mae: 0.2458 - mse: 0.1235 - ssim_metric: 0.4638
190/326 [================>.............] - ETA: 1:49 - loss: 0.3971 - mae: 0.2458 - mse: 0.1235 - ssim_metric: 0.4637
191/326 [================>.............] - ETA: 1:48 - loss: 0.3970 - mae: 0.2458 - mse: 0.1234 - ssim_metric: 0.4636
192/326 [================>.............] - ETA: 1:47 - loss: 0.3969 - mae: 0.2458 - mse: 0.1234 - ssim_metric: 0.4639
193/326 [================>.............] - ETA: 1:46 - loss: 0.3970 - mae: 0.2459 - mse: 0.1234 - ssim_metric: 0.4640
194/326 [================>.............] - ETA: 1:45 - loss: 0.3966 - mae: 0.2456 - mse: 0.1233 - ssim_metric: 0.4645
195/326 [================>.............] - ETA: 1:45 - loss: 0.3969 - mae: 0.2456 - mse: 0.1234 - ssim_metric: 0.4648
196/326 [=================>............] - ETA: 1:44 - loss: 0.3973 - mae: 0.2457 - mse: 0.1235 - ssim_metric: 0.4649
197/326 [=================>............] - ETA: 1:43 - loss: 0.3971 - mae: 0.2455 - mse: 0.1234 - ssim_metric: 0.4654
198/326 [=================>............] - ETA: 1:42 - loss: 0.3970 - mae: 0.2454 - mse: 0.1234 - ssim_metric: 0.4656
199/326 [=================>............] - ETA: 1:41 - loss: 0.3970 - mae: 0.2454 - mse: 0.1234 - ssim_metric: 0.4658
200/326 [=================>............] - ETA: 1:41 - loss: 0.3970 - mae: 0.2454 - mse: 0.1234 - ssim_metric: 0.4658
201/326 [=================>............] - ETA: 1:40 - loss: 0.3969 - mae: 0.2454 - mse: 0.1233 - ssim_metric: 0.4657
202/326 [=================>............] - ETA: 1:39 - loss: 0.3973 - mae: 0.2455 - mse: 0.1235 - ssim_metric: 0.4658
203/326 [=================>............] - ETA: 1:38 - loss: 0.3978 - mae: 0.2458 - mse: 0.1237 - ssim_metric: 0.4654
204/326 [=================>............] - ETA: 1:37 - loss: 0.3976 - mae: 0.2458 - mse: 0.1236 - ssim_metric: 0.4653
205/326 [=================>............] - ETA: 1:36 - loss: 0.3973 - mae: 0.2457 - mse: 0.1235 - ssim_metric: 0.4653
206/326 [=================>............] - ETA: 1:36 - loss: 0.3972 - mae: 0.2457 - mse: 0.1234 - ssim_metric: 0.4653
207/326 [==================>...........] - ETA: 1:35 - loss: 0.3971 - mae: 0.2458 - mse: 0.1234 - ssim_metric: 0.4653
208/326 [==================>...........] - ETA: 1:34 - loss: 0.3970 - mae: 0.2457 - mse: 0.1234 - ssim_metric: 0.4654
209/326 [==================>...........] - ETA: 1:33 - loss: 0.3971 - mae: 0.2457 - mse: 0.1234 - ssim_metric: 0.4655
210/326 [==================>...........] - ETA: 1:32 - loss: 0.3973 - mae: 0.2459 - mse: 0.1235 - ssim_metric: 0.4654
211/326 [==================>...........] - ETA: 1:32 - loss: 0.3972 - mae: 0.2457 - mse: 0.1235 - ssim_metric: 0.4659
212/326 [==================>...........] - ETA: 1:31 - loss: 0.3971 - mae: 0.2457 - mse: 0.1234 - ssim_metric: 0.4661
213/326 [==================>...........] - ETA: 1:30 - loss: 0.3968 - mae: 0.2455 - mse: 0.1233 - ssim_metric: 0.4664
214/326 [==================>...........] - ETA: 1:29 - loss: 0.3970 - mae: 0.2456 - mse: 0.1234 - ssim_metric: 0.4663
215/326 [==================>...........] - ETA: 1:28 - loss: 0.3970 - mae: 0.2456 - mse: 0.1234 - ssim_metric: 0.4662
216/326 [==================>...........] - ETA: 1:28 - loss: 0.3968 - mae: 0.2454 - mse: 0.1233 - ssim_metric: 0.4665
217/326 [==================>...........] - ETA: 1:27 - loss: 0.3969 - mae: 0.2455 - mse: 0.1233 - ssim_metric: 0.4664
218/326 [===================>..........] - ETA: 1:26 - loss: 0.3969 - mae: 0.2455 - mse: 0.1234 - ssim_metric: 0.4663
219/326 [===================>..........] - ETA: 1:25 - loss: 0.3969 - mae: 0.2455 - mse: 0.1234 - ssim_metric: 0.4663
220/326 [===================>..........] - ETA: 1:24 - loss: 0.3971 - mae: 0.2457 - mse: 0.1234 - ssim_metric: 0.4659
221/326 [===================>..........] - ETA: 1:24 - loss: 0.3973 - mae: 0.2458 - mse: 0.1235 - ssim_metric: 0.4656
222/326 [===================>..........] - ETA: 1:23 - loss: 0.3975 - mae: 0.2460 - mse: 0.1236 - ssim_metric: 0.4651
223/326 [===================>..........] - ETA: 1:22 - loss: 0.3973 - mae: 0.2460 - mse: 0.1235 - ssim_metric: 0.4652
224/326 [===================>..........] - ETA: 1:21 - loss: 0.3976 - mae: 0.2461 - mse: 0.1236 - ssim_metric: 0.4649
225/326 [===================>..........] - ETA: 1:20 - loss: 0.3977 - mae: 0.2462 - mse: 0.1237 - ssim_metric: 0.4647
226/326 [===================>..........] - ETA: 1:20 - loss: 0.3978 - mae: 0.2463 - mse: 0.1237 - ssim_metric: 0.4647
227/326 [===================>..........] - ETA: 1:19 - loss: 0.3976 - mae: 0.2461 - mse: 0.1236 - ssim_metric: 0.4650
228/326 [===================>..........] - ETA: 1:18 - loss: 0.3975 - mae: 0.2461 - mse: 0.1236 - ssim_metric: 0.4652
229/326 [====================>.........] - ETA: 1:17 - loss: 0.3979 - mae: 0.2463 - mse: 0.1238 - ssim_metric: 0.4648
230/326 [====================>.........] - ETA: 1:16 - loss: 0.3978 - mae: 0.2463 - mse: 0.1237 - ssim_metric: 0.4647
231/326 [====================>.........] - ETA: 1:16 - loss: 0.3978 - mae: 0.2462 - mse: 0.1237 - ssim_metric: 0.4647
232/326 [====================>.........] - ETA: 1:15 - loss: 0.3976 - mae: 0.2462 - mse: 0.1237 - ssim_metric: 0.4648
233/326 [====================>.........] - ETA: 1:14 - loss: 0.3977 - mae: 0.2462 - mse: 0.1237 - ssim_metric: 0.4649
234/326 [====================>.........] - ETA: 1:13 - loss: 0.3979 - mae: 0.2464 - mse: 0.1238 - ssim_metric: 0.4646
235/326 [====================>.........] - ETA: 1:12 - loss: 0.3979 - mae: 0.2464 - mse: 0.1238 - ssim_metric: 0.4646
236/326 [====================>.........] - ETA: 1:12 - loss: 0.3974 - mae: 0.2461 - mse: 0.1236 - ssim_metric: 0.4651
237/326 [====================>.........] - ETA: 1:11 - loss: 0.3971 - mae: 0.2459 - mse: 0.1235 - ssim_metric: 0.4656
238/326 [====================>.........] - ETA: 1:10 - loss: 0.3973 - mae: 0.2460 - mse: 0.1235 - ssim_metric: 0.4657
239/326 [====================>.........] - ETA: 1:09 - loss: 0.3967 - mae: 0.2456 - mse: 0.1234 - ssim_metric: 0.4663
240/326 [=====================>........] - ETA: 1:08 - loss: 0.3967 - mae: 0.2455 - mse: 0.1234 - ssim_metric: 0.4666
241/326 [=====================>........] - ETA: 1:08 - loss: 0.3966 - mae: 0.2454 - mse: 0.1233 - ssim_metric: 0.4667
242/326 [=====================>........] - ETA: 1:07 - loss: 0.3961 - mae: 0.2451 - mse: 0.1231 - ssim_metric: 0.4672
243/326 [=====================>........] - ETA: 1:06 - loss: 0.3960 - mae: 0.2450 - mse: 0.1231 - ssim_metric: 0.4675
244/326 [=====================>........] - ETA: 1:05 - loss: 0.3961 - mae: 0.2450 - mse: 0.1231 - ssim_metric: 0.4676
245/326 [=====================>........] - ETA: 1:04 - loss: 0.3962 - mae: 0.2451 - mse: 0.1232 - ssim_metric: 0.4674
246/326 [=====================>........] - ETA: 1:04 - loss: 0.3960 - mae: 0.2450 - mse: 0.1231 - ssim_metric: 0.4676
247/326 [=====================>........] - ETA: 1:03 - loss: 0.3960 - mae: 0.2450 - mse: 0.1231 - ssim_metric: 0.4675
248/326 [=====================>........] - ETA: 1:02 - loss: 0.3963 - mae: 0.2451 - mse: 0.1232 - ssim_metric: 0.4674
249/326 [=====================>........] - ETA: 1:01 - loss: 0.3965 - mae: 0.2453 - mse: 0.1233 - ssim_metric: 0.4671
250/326 [======================>.......] - ETA: 1:00 - loss: 0.3963 - mae: 0.2453 - mse: 0.1232 - ssim_metric: 0.4670
251/326 [======================>.......] - ETA: 1:00 - loss: 0.3962 - mae: 0.2453 - mse: 0.1232 - ssim_metric: 0.4669
252/326 [======================>.......] - ETA: 59s - loss: 0.3958 - mae: 0.2451 - mse: 0.1230 - ssim_metric: 0.4670 
253/326 [======================>.......] - ETA: 58s - loss: 0.3963 - mae: 0.2453 - mse: 0.1232 - ssim_metric: 0.4668
254/326 [======================>.......] - ETA: 57s - loss: 0.3963 - mae: 0.2453 - mse: 0.1232 - ssim_metric: 0.4669
255/326 [======================>.......] - ETA: 56s - loss: 0.3960 - mae: 0.2452 - mse: 0.1231 - ssim_metric: 0.4670
256/326 [======================>.......] - ETA: 56s - loss: 0.3962 - mae: 0.2453 - mse: 0.1232 - ssim_metric: 0.4669
257/326 [======================>.......] - ETA: 55s - loss: 0.3962 - mae: 0.2453 - mse: 0.1232 - ssim_metric: 0.4670
258/326 [======================>.......] - ETA: 54s - loss: 0.3965 - mae: 0.2454 - mse: 0.1233 - ssim_metric: 0.4668
259/326 [======================>.......] - ETA: 53s - loss: 0.3967 - mae: 0.2455 - mse: 0.1234 - ssim_metric: 0.4666
260/326 [======================>.......] - ETA: 52s - loss: 0.3963 - mae: 0.2453 - mse: 0.1233 - ssim_metric: 0.4667
261/326 [=======================>......] - ETA: 52s - loss: 0.3965 - mae: 0.2453 - mse: 0.1233 - ssim_metric: 0.4667
262/326 [=======================>......] - ETA: 51s - loss: 0.3961 - mae: 0.2452 - mse: 0.1231 - ssim_metric: 0.4667
263/326 [=======================>......] - ETA: 50s - loss: 0.3966 - mae: 0.2454 - mse: 0.1233 - ssim_metric: 0.4665
264/326 [=======================>......] - ETA: 49s - loss: 0.3967 - mae: 0.2454 - mse: 0.1233 - ssim_metric: 0.4664
265/326 [=======================>......] - ETA: 48s - loss: 0.3967 - mae: 0.2455 - mse: 0.1234 - ssim_metric: 0.4663
266/326 [=======================>......] - ETA: 48s - loss: 0.3968 - mae: 0.2456 - mse: 0.1234 - ssim_metric: 0.4659
267/326 [=======================>......] - ETA: 47s - loss: 0.3969 - mae: 0.2457 - mse: 0.1235 - ssim_metric: 0.4657
268/326 [=======================>......] - ETA: 46s - loss: 0.3970 - mae: 0.2459 - mse: 0.1235 - ssim_metric: 0.4654
269/326 [=======================>......] - ETA: 45s - loss: 0.3969 - mae: 0.2459 - mse: 0.1234 - ssim_metric: 0.4653
270/326 [=======================>......] - ETA: 44s - loss: 0.3971 - mae: 0.2460 - mse: 0.1235 - ssim_metric: 0.4651
271/326 [=======================>......] - ETA: 44s - loss: 0.3972 - mae: 0.2460 - mse: 0.1236 - ssim_metric: 0.4651
272/326 [========================>.....] - ETA: 43s - loss: 0.3971 - mae: 0.2460 - mse: 0.1235 - ssim_metric: 0.4651
273/326 [========================>.....] - ETA: 42s - loss: 0.3968 - mae: 0.2459 - mse: 0.1234 - ssim_metric: 0.4653
274/326 [========================>.....] - ETA: 41s - loss: 0.3969 - mae: 0.2459 - mse: 0.1235 - ssim_metric: 0.4653
275/326 [========================>.....] - ETA: 40s - loss: 0.3971 - mae: 0.2459 - mse: 0.1235 - ssim_metric: 0.4655
276/326 [========================>.....] - ETA: 40s - loss: 0.3971 - mae: 0.2459 - mse: 0.1235 - ssim_metric: 0.4655
277/326 [========================>.....] - ETA: 39s - loss: 0.3973 - mae: 0.2461 - mse: 0.1236 - ssim_metric: 0.4652
278/326 [========================>.....] - ETA: 38s - loss: 0.3972 - mae: 0.2460 - mse: 0.1236 - ssim_metric: 0.4653
279/326 [========================>.....] - ETA: 37s - loss: 0.3970 - mae: 0.2459 - mse: 0.1235 - ssim_metric: 0.4656
280/326 [========================>.....] - ETA: 36s - loss: 0.3968 - mae: 0.2459 - mse: 0.1235 - ssim_metric: 0.4656
281/326 [========================>.....] - ETA: 36s - loss: 0.3971 - mae: 0.2460 - mse: 0.1236 - ssim_metric: 0.4654
282/326 [========================>.....] - ETA: 35s - loss: 0.3972 - mae: 0.2460 - mse: 0.1236 - ssim_metric: 0.4655
283/326 [=========================>....] - ETA: 34s - loss: 0.3977 - mae: 0.2462 - mse: 0.1237 - ssim_metric: 0.4653
284/326 [=========================>....] - ETA: 33s - loss: 0.3976 - mae: 0.2463 - mse: 0.1237 - ssim_metric: 0.4652
285/326 [=========================>....] - ETA: 32s - loss: 0.3978 - mae: 0.2464 - mse: 0.1238 - ssim_metric: 0.4649
286/326 [=========================>....] - ETA: 32s - loss: 0.3978 - mae: 0.2465 - mse: 0.1238 - ssim_metric: 0.4648
287/326 [=========================>....] - ETA: 31s - loss: 0.3981 - mae: 0.2466 - mse: 0.1239 - ssim_metric: 0.4646
288/326 [=========================>....] - ETA: 30s - loss: 0.3985 - mae: 0.2468 - mse: 0.1241 - ssim_metric: 0.4644
289/326 [=========================>....] - ETA: 29s - loss: 0.3985 - mae: 0.2468 - mse: 0.1241 - ssim_metric: 0.4642
290/326 [=========================>....] - ETA: 28s - loss: 0.3988 - mae: 0.2470 - mse: 0.1242 - ssim_metric: 0.4640
291/326 [=========================>....] - ETA: 28s - loss: 0.3989 - mae: 0.2471 - mse: 0.1242 - ssim_metric: 0.4639
292/326 [=========================>....] - ETA: 27s - loss: 0.3986 - mae: 0.2470 - mse: 0.1241 - ssim_metric: 0.4638
293/326 [=========================>....] - ETA: 26s - loss: 0.3985 - mae: 0.2470 - mse: 0.1241 - ssim_metric: 0.4638
294/326 [==========================>...] - ETA: 25s - loss: 0.3987 - mae: 0.2472 - mse: 0.1241 - ssim_metric: 0.4635
295/326 [==========================>...] - ETA: 24s - loss: 0.3988 - mae: 0.2472 - mse: 0.1242 - ssim_metric: 0.4634
296/326 [==========================>...] - ETA: 24s - loss: 0.3985 - mae: 0.2471 - mse: 0.1241 - ssim_metric: 0.4636
297/326 [==========================>...] - ETA: 23s - loss: 0.3987 - mae: 0.2471 - mse: 0.1241 - ssim_metric: 0.4637
298/326 [==========================>...] - ETA: 22s - loss: 0.3982 - mae: 0.2469 - mse: 0.1240 - ssim_metric: 0.4640
299/326 [==========================>...] - ETA: 21s - loss: 0.3980 - mae: 0.2468 - mse: 0.1239 - ssim_metric: 0.4642
300/326 [==========================>...] - ETA: 20s - loss: 0.3981 - mae: 0.2467 - mse: 0.1239 - ssim_metric: 0.4644
301/326 [==========================>...] - ETA: 20s - loss: 0.3978 - mae: 0.2466 - mse: 0.1238 - ssim_metric: 0.4647
302/326 [==========================>...] - ETA: 19s - loss: 0.3981 - mae: 0.2467 - mse: 0.1239 - ssim_metric: 0.4644
303/326 [==========================>...] - ETA: 18s - loss: 0.3981 - mae: 0.2467 - mse: 0.1239 - ssim_metric: 0.4643
304/326 [==========================>...] - ETA: 17s - loss: 0.3982 - mae: 0.2468 - mse: 0.1240 - ssim_metric: 0.4643
305/326 [===========================>..] - ETA: 16s - loss: 0.3982 - mae: 0.2468 - mse: 0.1240 - ssim_metric: 0.4642
306/326 [===========================>..] - ETA: 16s - loss: 0.3982 - mae: 0.2468 - mse: 0.1240 - ssim_metric: 0.4641
307/326 [===========================>..] - ETA: 15s - loss: 0.3983 - mae: 0.2469 - mse: 0.1240 - ssim_metric: 0.4640
308/326 [===========================>..] - ETA: 14s - loss: 0.3982 - mae: 0.2468 - mse: 0.1240 - ssim_metric: 0.4643
309/326 [===========================>..] - ETA: 13s - loss: 0.3982 - mae: 0.2468 - mse: 0.1239 - ssim_metric: 0.4644
310/326 [===========================>..] - ETA: 12s - loss: 0.3981 - mae: 0.2468 - mse: 0.1239 - ssim_metric: 0.4643
311/326 [===========================>..] - ETA: 12s - loss: 0.3980 - mae: 0.2467 - mse: 0.1239 - ssim_metric: 0.4644
312/326 [===========================>..] - ETA: 11s - loss: 0.3979 - mae: 0.2467 - mse: 0.1239 - ssim_metric: 0.4644
313/326 [===========================>..] - ETA: 10s - loss: 0.3980 - mae: 0.2467 - mse: 0.1239 - ssim_metric: 0.4644
314/326 [===========================>..] - ETA: 9s - loss: 0.3983 - mae: 0.2467 - mse: 0.1240 - ssim_metric: 0.4646 
315/326 [===========================>..] - ETA: 8s - loss: 0.3985 - mae: 0.2468 - mse: 0.1241 - ssim_metric: 0.4644
316/326 [============================>.] - ETA: 8s - loss: 0.3984 - mae: 0.2468 - mse: 0.1240 - ssim_metric: 0.4642
317/326 [============================>.] - ETA: 7s - loss: 0.3982 - mae: 0.2467 - mse: 0.1240 - ssim_metric: 0.4644
318/326 [============================>.] - ETA: 6s - loss: 0.3981 - mae: 0.2467 - mse: 0.1239 - ssim_metric: 0.4644
319/326 [============================>.] - ETA: 5s - loss: 0.3985 - mae: 0.2469 - mse: 0.1241 - ssim_metric: 0.4641
320/326 [============================>.] - ETA: 4s - loss: 0.3985 - mae: 0.2470 - mse: 0.1241 - ssim_metric: 0.4639
321/326 [============================>.] - ETA: 4s - loss: 0.3986 - mae: 0.2471 - mse: 0.1241 - ssim_metric: 0.4637
322/326 [============================>.] - ETA: 3s - loss: 0.3984 - mae: 0.2470 - mse: 0.1240 - ssim_metric: 0.4637
323/326 [============================>.] - ETA: 2s - loss: 0.3984 - mae: 0.2470 - mse: 0.1240 - ssim_metric: 0.4637
324/326 [============================>.] - ETA: 1s - loss: 0.3988 - mae: 0.2472 - mse: 0.1242 - ssim_metric: 0.4635
325/326 [============================>.] - ETA: 0s - loss: 0.3988 - mae: 0.2472 - mse: 0.1242 - ssim_metric: 0.4634
326/326 [==============================] - ETA: 0s - loss: 0.3989 - mae: 0.2473 - mse: 0.1242 - ssim_metric: 0.4635
Epoch 9: saving model to C:\d_surucusu\visual_navigation\benchmark\models_pipeline\20260909_223425\bce_b16\_JOB_bce_b16_10_09_2026__07_13_model_f48_k4_epoch_00009_helu_osigmoid_(1, 1)_.h5

Epoch 9: val_loss improved from 0.36417 to 0.36035, saving model to C:\d_surucusu\visual_navigation\benchmark\models_pipeline\20260909_223425\bce_b16\_JOB_bce_b16_10_09_2026__07_13_best_val_loss_model_f48_k4.h5

Epoch 9: val_mae improved from 0.22919 to 0.22758, saving model to C:\d_surucusu\visual_navigation\benchmark\models_pipeline\20260909_223425\bce_b16\_JOB_bce_b16_10_09_2026__07_13_best_mae_model_f48_k4.h5

Epoch 9: val_ssim_metric did not improve from 0.56049

326/326 [==============================] - 277s 850ms/step - loss: 0.3989 - mae: 0.2473 - mse: 0.1242 - ssim_metric: 0.4635 - val_loss: 0.3604 - val_mae: 0.2276 - val_mse: 0.1100 - val_ssim_metric: 0.4979
Epoch 10/20

  1/326 [..............................] - ETA: 4:37 - loss: 0.4250 - mae: 0.2609 - mse: 0.1365 - ssim_metric: 0.4291
  2/326 [..............................] - ETA: 4:19 - loss: 0.4199 - mae: 0.2537 - mse: 0.1332 - ssim_metric: 0.4638
  3/326 [..............................] - ETA: 4:18 - loss: 0.4398 - mae: 0.2685 - mse: 0.1404 - ssim_metric: 0.4452
  4/326 [..............................] - ETA: 4:18 - loss: 0.4315 - mae: 0.2665 - mse: 0.1373 - ssim_metric: 0.4398
  5/326 [..............................] - ETA: 4:17 - loss: 0.4206 - mae: 0.2633 - mse: 0.1333 - ssim_metric: 0.4441
  6/326 [..............................] - ETA: 4:16 - loss: 0.4189 - mae: 0.2664 - mse: 0.1327 - ssim_metric: 0.4311
  7/326 [..............................] - ETA: 4:15 - loss: 0.4161 - mae: 0.2668 - mse: 0.1315 - ssim_metric: 0.4276
  8/326 [..............................] - ETA: 4:14 - loss: 0.4052 - mae: 0.2611 - mse: 0.1272 - ssim_metric: 0.4329
  9/326 [..............................] - ETA: 4:14 - loss: 0.3952 - mae: 0.2556 - mse: 0.1234 - ssim_metric: 0.4412
 10/326 [..............................] - ETA: 4:13 - loss: 0.3925 - mae: 0.2531 - mse: 0.1223 - ssim_metric: 0.4482
 11/326 [>.............................] - ETA: 4:12 - loss: 0.3958 - mae: 0.2536 - mse: 0.1239 - ssim_metric: 0.4519
 12/326 [>.............................] - ETA: 4:11 - loss: 0.3960 - mae: 0.2518 - mse: 0.1241 - ssim_metric: 0.4567
 13/326 [>.............................] - ETA: 4:10 - loss: 0.4013 - mae: 0.2517 - mse: 0.1259 - ssim_metric: 0.4601
 14/326 [>.............................] - ETA: 4:10 - loss: 0.4140 - mae: 0.2558 - mse: 0.1301 - ssim_metric: 0.4562
 15/326 [>.............................] - ETA: 4:09 - loss: 0.4039 - mae: 0.2499 - mse: 0.1265 - ssim_metric: 0.4675
 16/326 [>.............................] - ETA: 4:08 - loss: 0.4076 - mae: 0.2514 - mse: 0.1279 - ssim_metric: 0.4663
 17/326 [>.............................] - ETA: 4:07 - loss: 0.4063 - mae: 0.2514 - mse: 0.1274 - ssim_metric: 0.4666
 18/326 [>.............................] - ETA: 4:06 - loss: 0.4088 - mae: 0.2540 - mse: 0.1285 - ssim_metric: 0.4610
 19/326 [>.............................] - ETA: 4:06 - loss: 0.4093 - mae: 0.2555 - mse: 0.1286 - ssim_metric: 0.4575
 20/326 [>.............................] - ETA: 4:05 - loss: 0.4056 - mae: 0.2550 - mse: 0.1270 - ssim_metric: 0.4560
 21/326 [>.............................] - ETA: 4:04 - loss: 0.4012 - mae: 0.2532 - mse: 0.1253 - ssim_metric: 0.4570
 22/326 [=>............................] - ETA: 4:03 - loss: 0.3969 - mae: 0.2510 - mse: 0.1237 - ssim_metric: 0.4593
 23/326 [=>............................] - ETA: 4:02 - loss: 0.3926 - mae: 0.2482 - mse: 0.1222 - ssim_metric: 0.4660
 24/326 [=>............................] - ETA: 4:02 - loss: 0.3914 - mae: 0.2469 - mse: 0.1217 - ssim_metric: 0.4687
 25/326 [=>............................] - ETA: 4:01 - loss: 0.3957 - mae: 0.2478 - mse: 0.1233 - ssim_metric: 0.4677
 26/326 [=>............................] - ETA: 4:00 - loss: 0.3972 - mae: 0.2475 - mse: 0.1238 - ssim_metric: 0.4698
 27/326 [=>............................] - ETA: 3:59 - loss: 0.3960 - mae: 0.2463 - mse: 0.1234 - ssim_metric: 0.4728
 28/326 [=>............................] - ETA: 3:59 - loss: 0.3978 - mae: 0.2459 - mse: 0.1239 - ssim_metric: 0.4735
 29/326 [=>............................] - ETA: 3:58 - loss: 0.3965 - mae: 0.2451 - mse: 0.1235 - ssim_metric: 0.4738
 30/326 [=>............................] - ETA: 3:57 - loss: 0.3994 - mae: 0.2462 - mse: 0.1244 - ssim_metric: 0.4718
 31/326 [=>............................] - ETA: 3:56 - loss: 0.3996 - mae: 0.2466 - mse: 0.1245 - ssim_metric: 0.4692
 32/326 [=>............................] - ETA: 3:55 - loss: 0.4006 - mae: 0.2476 - mse: 0.1250 - ssim_metric: 0.4659
 33/326 [==>...........................] - ETA: 3:55 - loss: 0.3979 - mae: 0.2469 - mse: 0.1239 - ssim_metric: 0.4649
 34/326 [==>...........................] - ETA: 3:54 - loss: 0.3991 - mae: 0.2481 - mse: 0.1244 - ssim_metric: 0.4609
 35/326 [==>...........................] - ETA: 3:53 - loss: 0.3970 - mae: 0.2473 - mse: 0.1236 - ssim_metric: 0.4614
 36/326 [==>...........................] - ETA: 3:52 - loss: 0.3973 - mae: 0.2478 - mse: 0.1237 - ssim_metric: 0.4598
 37/326 [==>...........................] - ETA: 3:51 - loss: 0.3945 - mae: 0.2463 - mse: 0.1227 - ssim_metric: 0.4622
 38/326 [==>...........................] - ETA: 3:51 - loss: 0.3926 - mae: 0.2451 - mse: 0.1220 - ssim_metric: 0.4638
 39/326 [==>...........................] - ETA: 3:50 - loss: 0.3927 - mae: 0.2448 - mse: 0.1219 - ssim_metric: 0.4649
 40/326 [==>...........................] - ETA: 3:49 - loss: 0.3911 - mae: 0.2439 - mse: 0.1214 - ssim_metric: 0.4666
 41/326 [==>...........................] - ETA: 3:48 - loss: 0.3894 - mae: 0.2424 - mse: 0.1208 - ssim_metric: 0.4701
 42/326 [==>...........................] - ETA: 3:47 - loss: 0.3856 - mae: 0.2400 - mse: 0.1194 - ssim_metric: 0.4747
 43/326 [==>...........................] - ETA: 3:47 - loss: 0.3858 - mae: 0.2393 - mse: 0.1194 - ssim_metric: 0.4764
 44/326 [===>..........................] - ETA: 3:46 - loss: 0.3868 - mae: 0.2392 - mse: 0.1198 - ssim_metric: 0.4772
 45/326 [===>..........................] - ETA: 3:45 - loss: 0.3892 - mae: 0.2402 - mse: 0.1208 - ssim_metric: 0.4754
 46/326 [===>..........................] - ETA: 3:44 - loss: 0.3894 - mae: 0.2402 - mse: 0.1209 - ssim_metric: 0.4760
 47/326 [===>..........................] - ETA: 3:43 - loss: 0.3881 - mae: 0.2397 - mse: 0.1204 - ssim_metric: 0.4767
 48/326 [===>..........................] - ETA: 3:43 - loss: 0.3852 - mae: 0.2384 - mse: 0.1193 - ssim_metric: 0.4781
 49/326 [===>..........................] - ETA: 3:42 - loss: 0.3887 - mae: 0.2396 - mse: 0.1204 - ssim_metric: 0.4765
 50/326 [===>..........................] - ETA: 3:41 - loss: 0.3883 - mae: 0.2397 - mse: 0.1203 - ssim_metric: 0.4762
 51/326 [===>..........................] - ETA: 3:40 - loss: 0.3866 - mae: 0.2392 - mse: 0.1196 - ssim_metric: 0.4754
 52/326 [===>..........................] - ETA: 3:39 - loss: 0.3871 - mae: 0.2395 - mse: 0.1198 - ssim_metric: 0.4750
 53/326 [===>..........................] - ETA: 3:39 - loss: 0.3867 - mae: 0.2393 - mse: 0.1196 - ssim_metric: 0.4748
 54/326 [===>..........................] - ETA: 3:38 - loss: 0.3874 - mae: 0.2395 - mse: 0.1199 - ssim_metric: 0.4747
 55/326 [====>.........................] - ETA: 3:37 - loss: 0.3876 - mae: 0.2396 - mse: 0.1200 - ssim_metric: 0.4743
 56/326 [====>.........................] - ETA: 3:36 - loss: 0.3873 - mae: 0.2395 - mse: 0.1199 - ssim_metric: 0.4740
 57/326 [====>.........................] - ETA: 3:35 - loss: 0.3861 - mae: 0.2389 - mse: 0.1195 - ssim_metric: 0.4746
 58/326 [====>.........................] - ETA: 3:34 - loss: 0.3875 - mae: 0.2394 - mse: 0.1200 - ssim_metric: 0.4743
 59/326 [====>.........................] - ETA: 3:34 - loss: 0.3882 - mae: 0.2397 - mse: 0.1203 - ssim_metric: 0.4736
 60/326 [====>.........................] - ETA: 3:33 - loss: 0.3892 - mae: 0.2402 - mse: 0.1207 - ssim_metric: 0.4732
 61/326 [====>.........................] - ETA: 3:32 - loss: 0.3872 - mae: 0.2392 - mse: 0.1200 - ssim_metric: 0.4749
 62/326 [====>.........................] - ETA: 3:31 - loss: 0.3858 - mae: 0.2386 - mse: 0.1194 - ssim_metric: 0.4754
 63/326 [====>.........................] - ETA: 3:30 - loss: 0.3866 - mae: 0.2391 - mse: 0.1197 - ssim_metric: 0.4744
 64/326 [====>.........................] - ETA: 3:30 - loss: 0.3856 - mae: 0.2386 - mse: 0.1193 - ssim_metric: 0.4754
 65/326 [====>.........................] - ETA: 3:29 - loss: 0.3843 - mae: 0.2379 - mse: 0.1188 - ssim_metric: 0.4769
 66/326 [=====>........................] - ETA: 3:28 - loss: 0.3856 - mae: 0.2385 - mse: 0.1194 - ssim_metric: 0.4761
 67/326 [=====>........................] - ETA: 3:27 - loss: 0.3856 - mae: 0.2385 - mse: 0.1194 - ssim_metric: 0.4757
 68/326 [=====>........................] - ETA: 3:26 - loss: 0.3854 - mae: 0.2383 - mse: 0.1193 - ssim_metric: 0.4762
 69/326 [=====>........................] - ETA: 3:26 - loss: 0.3856 - mae: 0.2383 - mse: 0.1195 - ssim_metric: 0.4761
 70/326 [=====>........................] - ETA: 3:25 - loss: 0.3855 - mae: 0.2382 - mse: 0.1195 - ssim_metric: 0.4764
 71/326 [=====>........................] - ETA: 3:24 - loss: 0.3853 - mae: 0.2381 - mse: 0.1194 - ssim_metric: 0.4766
 72/326 [=====>........................] - ETA: 3:23 - loss: 0.3876 - mae: 0.2388 - mse: 0.1201 - ssim_metric: 0.4755
 73/326 [=====>........................] - ETA: 3:22 - loss: 0.3876 - mae: 0.2388 - mse: 0.1201 - ssim_metric: 0.4755
 74/326 [=====>........................] - ETA: 3:22 - loss: 0.3872 - mae: 0.2389 - mse: 0.1200 - ssim_metric: 0.4749
 75/326 [=====>........................] - ETA: 3:21 - loss: 0.3864 - mae: 0.2387 - mse: 0.1197 - ssim_metric: 0.4749
 76/326 [=====>........................] - ETA: 3:20 - loss: 0.3850 - mae: 0.2381 - mse: 0.1192 - ssim_metric: 0.4753
 77/326 [======>.......................] - ETA: 3:19 - loss: 0.3857 - mae: 0.2388 - mse: 0.1194 - ssim_metric: 0.4739
 78/326 [======>.......................] - ETA: 3:18 - loss: 0.3855 - mae: 0.2388 - mse: 0.1194 - ssim_metric: 0.4740
 79/326 [======>.......................] - ETA: 3:18 - loss: 0.3864 - mae: 0.2391 - mse: 0.1197 - ssim_metric: 0.4738
 80/326 [======>.......................] - ETA: 3:17 - loss: 0.3872 - mae: 0.2393 - mse: 0.1200 - ssim_metric: 0.4737
 81/326 [======>.......................] - ETA: 3:16 - loss: 0.3868 - mae: 0.2391 - mse: 0.1199 - ssim_metric: 0.4744
 82/326 [======>.......................] - ETA: 3:15 - loss: 0.3871 - mae: 0.2391 - mse: 0.1200 - ssim_metric: 0.4745
 83/326 [======>.......................] - ETA: 3:14 - loss: 0.3869 - mae: 0.2390 - mse: 0.1199 - ssim_metric: 0.4744
 84/326 [======>.......................] - ETA: 3:14 - loss: 0.3874 - mae: 0.2394 - mse: 0.1201 - ssim_metric: 0.4740
 85/326 [======>.......................] - ETA: 3:13 - loss: 0.3863 - mae: 0.2389 - mse: 0.1197 - ssim_metric: 0.4746
 86/326 [======>.......................] - ETA: 3:12 - loss: 0.3863 - mae: 0.2391 - mse: 0.1197 - ssim_metric: 0.4742
 87/326 [=======>......................] - ETA: 3:11 - loss: 0.3860 - mae: 0.2390 - mse: 0.1196 - ssim_metric: 0.4742
 88/326 [=======>......................] - ETA: 3:10 - loss: 0.3852 - mae: 0.2387 - mse: 0.1193 - ssim_metric: 0.4743
 89/326 [=======>......................] - ETA: 3:10 - loss: 0.3847 - mae: 0.2384 - mse: 0.1191 - ssim_metric: 0.4746
 90/326 [=======>......................] - ETA: 3:09 - loss: 0.3856 - mae: 0.2388 - mse: 0.1195 - ssim_metric: 0.4739
 91/326 [=======>......................] - ETA: 3:08 - loss: 0.3854 - mae: 0.2387 - mse: 0.1194 - ssim_metric: 0.4743
 92/326 [=======>......................] - ETA: 3:07 - loss: 0.3853 - mae: 0.2385 - mse: 0.1194 - ssim_metric: 0.4744
 93/326 [=======>......................] - ETA: 3:06 - loss: 0.3862 - mae: 0.2387 - mse: 0.1196 - ssim_metric: 0.4748
 94/326 [=======>......................] - ETA: 3:06 - loss: 0.3868 - mae: 0.2387 - mse: 0.1198 - ssim_metric: 0.4751
 95/326 [=======>......................] - ETA: 3:05 - loss: 0.3879 - mae: 0.2391 - mse: 0.1202 - ssim_metric: 0.4746
 96/326 [=======>......................] - ETA: 3:04 - loss: 0.3876 - mae: 0.2390 - mse: 0.1201 - ssim_metric: 0.4748
 97/326 [=======>......................] - ETA: 3:03 - loss: 0.3875 - mae: 0.2391 - mse: 0.1201 - ssim_metric: 0.4746
 98/326 [========>.....................] - ETA: 3:02 - loss: 0.3868 - mae: 0.2389 - mse: 0.1198 - ssim_metric: 0.4746
 99/326 [========>.....................] - ETA: 3:02 - loss: 0.3864 - mae: 0.2389 - mse: 0.1197 - ssim_metric: 0.4747
100/326 [========>.....................] - ETA: 3:01 - loss: 0.3864 - mae: 0.2390 - mse: 0.1197 - ssim_metric: 0.4743
101/326 [========>.....................] - ETA: 3:00 - loss: 0.3858 - mae: 0.2388 - mse: 0.1195 - ssim_metric: 0.4744
102/326 [========>.....................] - ETA: 2:59 - loss: 0.3852 - mae: 0.2386 - mse: 0.1192 - ssim_metric: 0.4746
103/326 [========>.....................] - ETA: 2:58 - loss: 0.3868 - mae: 0.2390 - mse: 0.1197 - ssim_metric: 0.4741
104/326 [========>.....................] - ETA: 2:58 - loss: 0.3867 - mae: 0.2389 - mse: 0.1197 - ssim_metric: 0.4745
105/326 [========>.....................] - ETA: 2:57 - loss: 0.3862 - mae: 0.2386 - mse: 0.1195 - ssim_metric: 0.4749
106/326 [========>.....................] - ETA: 2:56 - loss: 0.3853 - mae: 0.2382 - mse: 0.1192 - ssim_metric: 0.4758
107/326 [========>.....................] - ETA: 2:55 - loss: 0.3852 - mae: 0.2380 - mse: 0.1191 - ssim_metric: 0.4761
108/326 [========>.....................] - ETA: 2:54 - loss: 0.3872 - mae: 0.2386 - mse: 0.1198 - ssim_metric: 0.4757
109/326 [=========>....................] - ETA: 2:54 - loss: 0.3869 - mae: 0.2384 - mse: 0.1196 - ssim_metric: 0.4763
110/326 [=========>....................] - ETA: 2:53 - loss: 0.3875 - mae: 0.2386 - mse: 0.1199 - ssim_metric: 0.4759
111/326 [=========>....................] - ETA: 2:52 - loss: 0.3872 - mae: 0.2385 - mse: 0.1198 - ssim_metric: 0.4761
112/326 [=========>....................] - ETA: 2:51 - loss: 0.3873 - mae: 0.2385 - mse: 0.1198 - ssim_metric: 0.4759
113/326 [=========>....................] - ETA: 2:50 - loss: 0.3872 - mae: 0.2385 - mse: 0.1198 - ssim_metric: 0.4759
114/326 [=========>....................] - ETA: 2:50 - loss: 0.3869 - mae: 0.2385 - mse: 0.1197 - ssim_metric: 0.4757
115/326 [=========>....................] - ETA: 2:49 - loss: 0.3872 - mae: 0.2388 - mse: 0.1198 - ssim_metric: 0.4752
116/326 [=========>....................] - ETA: 2:48 - loss: 0.3874 - mae: 0.2390 - mse: 0.1199 - ssim_metric: 0.4746
117/326 [=========>....................] - ETA: 2:47 - loss: 0.3877 - mae: 0.2392 - mse: 0.1200 - ssim_metric: 0.4742
118/326 [=========>....................] - ETA: 2:46 - loss: 0.3871 - mae: 0.2389 - mse: 0.1198 - ssim_metric: 0.4749
119/326 [=========>....................] - ETA: 2:46 - loss: 0.3868 - mae: 0.2388 - mse: 0.1196 - ssim_metric: 0.4753
120/326 [==========>...................] - ETA: 2:45 - loss: 0.3866 - mae: 0.2387 - mse: 0.1196 - ssim_metric: 0.4754
121/326 [==========>...................] - ETA: 2:44 - loss: 0.3860 - mae: 0.2384 - mse: 0.1194 - ssim_metric: 0.4761
122/326 [==========>...................] - ETA: 2:43 - loss: 0.3864 - mae: 0.2384 - mse: 0.1195 - ssim_metric: 0.4764
123/326 [==========>...................] - ETA: 2:42 - loss: 0.3868 - mae: 0.2384 - mse: 0.1196 - ssim_metric: 0.4764
124/326 [==========>...................] - ETA: 2:42 - loss: 0.3873 - mae: 0.2386 - mse: 0.1198 - ssim_metric: 0.4760
125/326 [==========>...................] - ETA: 2:41 - loss: 0.3874 - mae: 0.2385 - mse: 0.1198 - ssim_metric: 0.4764
126/326 [==========>...................] - ETA: 2:40 - loss: 0.3869 - mae: 0.2383 - mse: 0.1197 - ssim_metric: 0.4765
127/326 [==========>...................] - ETA: 2:39 - loss: 0.3866 - mae: 0.2383 - mse: 0.1195 - ssim_metric: 0.4766
128/326 [==========>...................] - ETA: 2:38 - loss: 0.3861 - mae: 0.2381 - mse: 0.1194 - ssim_metric: 0.4768
129/326 [==========>...................] - ETA: 2:38 - loss: 0.3861 - mae: 0.2381 - mse: 0.1194 - ssim_metric: 0.4770
130/326 [==========>...................] - ETA: 2:37 - loss: 0.3871 - mae: 0.2387 - mse: 0.1197 - ssim_metric: 0.4761
131/326 [===========>..................] - ETA: 2:36 - loss: 0.3874 - mae: 0.2388 - mse: 0.1198 - ssim_metric: 0.4761
132/326 [===========>..................] - ETA: 2:35 - loss: 0.3875 - mae: 0.2388 - mse: 0.1199 - ssim_metric: 0.4762
133/326 [===========>..................] - ETA: 2:34 - loss: 0.3873 - mae: 0.2388 - mse: 0.1198 - ssim_metric: 0.4761
134/326 [===========>..................] - ETA: 2:34 - loss: 0.3878 - mae: 0.2391 - mse: 0.1200 - ssim_metric: 0.4758
135/326 [===========>..................] - ETA: 2:33 - loss: 0.3882 - mae: 0.2394 - mse: 0.1202 - ssim_metric: 0.4752
136/326 [===========>..................] - ETA: 2:32 - loss: 0.3883 - mae: 0.2396 - mse: 0.1202 - ssim_metric: 0.4747
137/326 [===========>..................] - ETA: 2:31 - loss: 0.3880 - mae: 0.2396 - mse: 0.1201 - ssim_metric: 0.4745
138/326 [===========>..................] - ETA: 2:30 - loss: 0.3884 - mae: 0.2399 - mse: 0.1203 - ssim_metric: 0.4737
139/326 [===========>..................] - ETA: 2:29 - loss: 0.3883 - mae: 0.2400 - mse: 0.1202 - ssim_metric: 0.4735
140/326 [===========>..................] - ETA: 2:29 - loss: 0.3884 - mae: 0.2400 - mse: 0.1203 - ssim_metric: 0.4735
141/326 [===========>..................] - ETA: 2:28 - loss: 0.3884 - mae: 0.2400 - mse: 0.1203 - ssim_metric: 0.4736
142/326 [============>.................] - ETA: 2:27 - loss: 0.3881 - mae: 0.2398 - mse: 0.1202 - ssim_metric: 0.4741
143/326 [============>.................] - ETA: 2:26 - loss: 0.3884 - mae: 0.2399 - mse: 0.1203 - ssim_metric: 0.4739
144/326 [============>.................] - ETA: 2:25 - loss: 0.3882 - mae: 0.2398 - mse: 0.1202 - ssim_metric: 0.4739
145/326 [============>.................] - ETA: 2:25 - loss: 0.3879 - mae: 0.2397 - mse: 0.1201 - ssim_metric: 0.4743
146/326 [============>.................] - ETA: 2:24 - loss: 0.3878 - mae: 0.2396 - mse: 0.1201 - ssim_metric: 0.4746
147/326 [============>.................] - ETA: 2:23 - loss: 0.3884 - mae: 0.2398 - mse: 0.1203 - ssim_metric: 0.4743
148/326 [============>.................] - ETA: 2:22 - loss: 0.3880 - mae: 0.2396 - mse: 0.1202 - ssim_metric: 0.4745
149/326 [============>.................] - ETA: 2:21 - loss: 0.3884 - mae: 0.2399 - mse: 0.1203 - ssim_metric: 0.4739
150/326 [============>.................] - ETA: 2:21 - loss: 0.3881 - mae: 0.2399 - mse: 0.1202 - ssim_metric: 0.4737
151/326 [============>.................] - ETA: 2:20 - loss: 0.3887 - mae: 0.2403 - mse: 0.1205 - ssim_metric: 0.4729
152/326 [============>.................] - ETA: 2:19 - loss: 0.3893 - mae: 0.2405 - mse: 0.1206 - ssim_metric: 0.4727
153/326 [=============>................] - ETA: 2:18 - loss: 0.3889 - mae: 0.2403 - mse: 0.1205 - ssim_metric: 0.4728
154/326 [=============>................] - ETA: 2:17 - loss: 0.3887 - mae: 0.2402 - mse: 0.1204 - ssim_metric: 0.4728
155/326 [=============>................] - ETA: 2:17 - loss: 0.3888 - mae: 0.2403 - mse: 0.1205 - ssim_metric: 0.4728
156/326 [=============>................] - ETA: 2:16 - loss: 0.3885 - mae: 0.2401 - mse: 0.1204 - ssim_metric: 0.4730
157/326 [=============>................] - ETA: 2:15 - loss: 0.3886 - mae: 0.2402 - mse: 0.1204 - ssim_metric: 0.4729
158/326 [=============>................] - ETA: 2:14 - loss: 0.3895 - mae: 0.2403 - mse: 0.1207 - ssim_metric: 0.4728
159/326 [=============>................] - ETA: 2:13 - loss: 0.3897 - mae: 0.2405 - mse: 0.1208 - ssim_metric: 0.4727
160/326 [=============>................] - ETA: 2:13 - loss: 0.3896 - mae: 0.2404 - mse: 0.1207 - ssim_metric: 0.4728
161/326 [=============>................] - ETA: 2:12 - loss: 0.3898 - mae: 0.2407 - mse: 0.1209 - ssim_metric: 0.4723
162/326 [=============>................] - ETA: 2:11 - loss: 0.3895 - mae: 0.2407 - mse: 0.1208 - ssim_metric: 0.4721
163/326 [==============>...............] - ETA: 2:10 - loss: 0.3892 - mae: 0.2406 - mse: 0.1206 - ssim_metric: 0.4721
164/326 [==============>...............] - ETA: 2:09 - loss: 0.3891 - mae: 0.2406 - mse: 0.1206 - ssim_metric: 0.4722
165/326 [==============>...............] - ETA: 2:09 - loss: 0.3892 - mae: 0.2406 - mse: 0.1206 - ssim_metric: 0.4721
166/326 [==============>...............] - ETA: 2:08 - loss: 0.3898 - mae: 0.2409 - mse: 0.1208 - ssim_metric: 0.4717
167/326 [==============>...............] - ETA: 2:07 - loss: 0.3897 - mae: 0.2409 - mse: 0.1208 - ssim_metric: 0.4716
168/326 [==============>...............] - ETA: 2:06 - loss: 0.3900 - mae: 0.2411 - mse: 0.1210 - ssim_metric: 0.4714
169/326 [==============>...............] - ETA: 2:05 - loss: 0.3897 - mae: 0.2410 - mse: 0.1208 - ssim_metric: 0.4717
170/326 [==============>...............] - ETA: 2:05 - loss: 0.3899 - mae: 0.2411 - mse: 0.1209 - ssim_metric: 0.4714
171/326 [==============>...............] - ETA: 2:04 - loss: 0.3897 - mae: 0.2410 - mse: 0.1209 - ssim_metric: 0.4716
172/326 [==============>...............] - ETA: 2:03 - loss: 0.3894 - mae: 0.2407 - mse: 0.1207 - ssim_metric: 0.4721
173/326 [==============>...............] - ETA: 2:02 - loss: 0.3896 - mae: 0.2408 - mse: 0.1208 - ssim_metric: 0.4719
174/326 [===============>..............] - ETA: 2:01 - loss: 0.3894 - mae: 0.2408 - mse: 0.1208 - ssim_metric: 0.4717
175/326 [===============>..............] - ETA: 2:01 - loss: 0.3896 - mae: 0.2409 - mse: 0.1209 - ssim_metric: 0.4715
176/326 [===============>..............] - ETA: 2:00 - loss: 0.3896 - mae: 0.2409 - mse: 0.1209 - ssim_metric: 0.4715
177/326 [===============>..............] - ETA: 1:59 - loss: 0.3898 - mae: 0.2410 - mse: 0.1209 - ssim_metric: 0.4716
178/326 [===============>..............] - ETA: 1:58 - loss: 0.3907 - mae: 0.2413 - mse: 0.1212 - ssim_metric: 0.4710
179/326 [===============>..............] - ETA: 1:57 - loss: 0.3908 - mae: 0.2414 - mse: 0.1213 - ssim_metric: 0.4708
180/326 [===============>..............] - ETA: 1:57 - loss: 0.3909 - mae: 0.2416 - mse: 0.1213 - ssim_metric: 0.4702
181/326 [===============>..............] - ETA: 1:56 - loss: 0.3915 - mae: 0.2421 - mse: 0.1216 - ssim_metric: 0.4692
182/326 [===============>..............] - ETA: 1:55 - loss: 0.3915 - mae: 0.2423 - mse: 0.1216 - ssim_metric: 0.4686
183/326 [===============>..............] - ETA: 1:54 - loss: 0.3914 - mae: 0.2424 - mse: 0.1215 - ssim_metric: 0.4683
184/326 [===============>..............] - ETA: 1:53 - loss: 0.3914 - mae: 0.2425 - mse: 0.1215 - ssim_metric: 0.4682
185/326 [================>.............] - ETA: 1:53 - loss: 0.3915 - mae: 0.2426 - mse: 0.1216 - ssim_metric: 0.4680
186/326 [================>.............] - ETA: 1:52 - loss: 0.3921 - mae: 0.2429 - mse: 0.1218 - ssim_metric: 0.4674
187/326 [================>.............] - ETA: 1:51 - loss: 0.3926 - mae: 0.2432 - mse: 0.1220 - ssim_metric: 0.4673
188/326 [================>.............] - ETA: 1:50 - loss: 0.3930 - mae: 0.2432 - mse: 0.1221 - ssim_metric: 0.4675
189/326 [================>.............] - ETA: 1:49 - loss: 0.3927 - mae: 0.2432 - mse: 0.1220 - ssim_metric: 0.4677
190/326 [================>.............] - ETA: 1:49 - loss: 0.3925 - mae: 0.2431 - mse: 0.1219 - ssim_metric: 0.4675
191/326 [================>.............] - ETA: 1:48 - loss: 0.3924 - mae: 0.2432 - mse: 0.1219 - ssim_metric: 0.4673
192/326 [================>.............] - ETA: 1:47 - loss: 0.3923 - mae: 0.2431 - mse: 0.1218 - ssim_metric: 0.4675
193/326 [================>.............] - ETA: 1:46 - loss: 0.3925 - mae: 0.2432 - mse: 0.1219 - ssim_metric: 0.4675
194/326 [================>.............] - ETA: 1:45 - loss: 0.3920 - mae: 0.2429 - mse: 0.1217 - ssim_metric: 0.4680
195/326 [================>.............] - ETA: 1:45 - loss: 0.3923 - mae: 0.2429 - mse: 0.1218 - ssim_metric: 0.4682
196/326 [=================>............] - ETA: 1:44 - loss: 0.3927 - mae: 0.2430 - mse: 0.1220 - ssim_metric: 0.4683
197/326 [=================>............] - ETA: 1:43 - loss: 0.3925 - mae: 0.2428 - mse: 0.1219 - ssim_metric: 0.4688
198/326 [=================>............] - ETA: 1:42 - loss: 0.3924 - mae: 0.2427 - mse: 0.1218 - ssim_metric: 0.4690
199/326 [=================>............] - ETA: 1:41 - loss: 0.3924 - mae: 0.2427 - mse: 0.1218 - ssim_metric: 0.4692
200/326 [=================>............] - ETA: 1:41 - loss: 0.3924 - mae: 0.2428 - mse: 0.1218 - ssim_metric: 0.4691
201/326 [=================>............] - ETA: 1:40 - loss: 0.3923 - mae: 0.2427 - mse: 0.1218 - ssim_metric: 0.4691
202/326 [=================>............] - ETA: 1:39 - loss: 0.3927 - mae: 0.2429 - mse: 0.1219 - ssim_metric: 0.4692
203/326 [=================>............] - ETA: 1:38 - loss: 0.3932 - mae: 0.2432 - mse: 0.1221 - ssim_metric: 0.4688
204/326 [=================>............] - ETA: 1:37 - loss: 0.3930 - mae: 0.2431 - mse: 0.1221 - ssim_metric: 0.4687
205/326 [=================>............] - ETA: 1:37 - loss: 0.3927 - mae: 0.2431 - mse: 0.1219 - ssim_metric: 0.4687
206/326 [=================>............] - ETA: 1:36 - loss: 0.3926 - mae: 0.2431 - mse: 0.1219 - ssim_metric: 0.4687
207/326 [==================>...........] - ETA: 1:35 - loss: 0.3926 - mae: 0.2431 - mse: 0.1219 - ssim_metric: 0.4687
208/326 [==================>...........] - ETA: 1:34 - loss: 0.3925 - mae: 0.2430 - mse: 0.1219 - ssim_metric: 0.4689
209/326 [==================>...........] - ETA: 1:33 - loss: 0.3925 - mae: 0.2430 - mse: 0.1219 - ssim_metric: 0.4690
210/326 [==================>...........] - ETA: 1:33 - loss: 0.3927 - mae: 0.2431 - mse: 0.1220 - ssim_metric: 0.4689
211/326 [==================>...........] - ETA: 1:32 - loss: 0.3927 - mae: 0.2430 - mse: 0.1219 - ssim_metric: 0.4694
212/326 [==================>...........] - ETA: 1:31 - loss: 0.3925 - mae: 0.2429 - mse: 0.1219 - ssim_metric: 0.4696
213/326 [==================>...........] - ETA: 1:30 - loss: 0.3923 - mae: 0.2428 - mse: 0.1218 - ssim_metric: 0.4698
214/326 [==================>...........] - ETA: 1:29 - loss: 0.3924 - mae: 0.2429 - mse: 0.1219 - ssim_metric: 0.4697
215/326 [==================>...........] - ETA: 1:29 - loss: 0.3924 - mae: 0.2429 - mse: 0.1219 - ssim_metric: 0.4695
216/326 [==================>...........] - ETA: 1:28 - loss: 0.3922 - mae: 0.2427 - mse: 0.1218 - ssim_metric: 0.4698
217/326 [==================>...........] - ETA: 1:27 - loss: 0.3923 - mae: 0.2428 - mse: 0.1218 - ssim_metric: 0.4697
218/326 [===================>..........] - ETA: 1:26 - loss: 0.3924 - mae: 0.2428 - mse: 0.1218 - ssim_metric: 0.4696
219/326 [===================>..........] - ETA: 1:25 - loss: 0.3924 - mae: 0.2428 - mse: 0.1218 - ssim_metric: 0.4696
220/326 [===================>..........] - ETA: 1:25 - loss: 0.3926 - mae: 0.2430 - mse: 0.1219 - ssim_metric: 0.4692
221/326 [===================>..........] - ETA: 1:24 - loss: 0.3928 - mae: 0.2431 - mse: 0.1220 - ssim_metric: 0.4689
222/326 [===================>..........] - ETA: 1:23 - loss: 0.3930 - mae: 0.2433 - mse: 0.1221 - ssim_metric: 0.4684
223/326 [===================>..........] - ETA: 1:22 - loss: 0.3929 - mae: 0.2433 - mse: 0.1220 - ssim_metric: 0.4684
224/326 [===================>..........] - ETA: 1:21 - loss: 0.3931 - mae: 0.2435 - mse: 0.1221 - ssim_metric: 0.4681
225/326 [===================>..........] - ETA: 1:21 - loss: 0.3933 - mae: 0.2436 - mse: 0.1222 - ssim_metric: 0.4679
226/326 [===================>..........] - ETA: 1:20 - loss: 0.3933 - mae: 0.2436 - mse: 0.1222 - ssim_metric: 0.4680
227/326 [===================>..........] - ETA: 1:19 - loss: 0.3931 - mae: 0.2434 - mse: 0.1221 - ssim_metric: 0.4682
228/326 [===================>..........] - ETA: 1:18 - loss: 0.3931 - mae: 0.2434 - mse: 0.1221 - ssim_metric: 0.4684
229/326 [====================>.........] - ETA: 1:17 - loss: 0.3934 - mae: 0.2436 - mse: 0.1223 - ssim_metric: 0.4679
230/326 [====================>.........] - ETA: 1:16 - loss: 0.3934 - mae: 0.2437 - mse: 0.1222 - ssim_metric: 0.4678
231/326 [====================>.........] - ETA: 1:16 - loss: 0.3933 - mae: 0.2436 - mse: 0.1222 - ssim_metric: 0.4678
232/326 [====================>.........] - ETA: 1:15 - loss: 0.3931 - mae: 0.2436 - mse: 0.1222 - ssim_metric: 0.4678
233/326 [====================>.........] - ETA: 1:14 - loss: 0.3933 - mae: 0.2436 - mse: 0.1222 - ssim_metric: 0.4680
234/326 [====================>.........] - ETA: 1:13 - loss: 0.3935 - mae: 0.2438 - mse: 0.1223 - ssim_metric: 0.4676
235/326 [====================>.........] - ETA: 1:12 - loss: 0.3935 - mae: 0.2437 - mse: 0.1223 - ssim_metric: 0.4677
236/326 [====================>.........] - ETA: 1:12 - loss: 0.3930 - mae: 0.2435 - mse: 0.1221 - ssim_metric: 0.4681
237/326 [====================>.........] - ETA: 1:11 - loss: 0.3927 - mae: 0.2433 - mse: 0.1220 - ssim_metric: 0.4686
238/326 [====================>.........] - ETA: 1:10 - loss: 0.3929 - mae: 0.2433 - mse: 0.1221 - ssim_metric: 0.4686
239/326 [====================>.........] - ETA: 1:09 - loss: 0.3924 - mae: 0.2430 - mse: 0.1219 - ssim_metric: 0.4692
240/326 [=====================>........] - ETA: 1:08 - loss: 0.3924 - mae: 0.2429 - mse: 0.1219 - ssim_metric: 0.4695
241/326 [=====================>........] - ETA: 1:08 - loss: 0.3923 - mae: 0.2428 - mse: 0.1219 - ssim_metric: 0.4696
242/326 [=====================>........] - ETA: 1:07 - loss: 0.3918 - mae: 0.2426 - mse: 0.1217 - ssim_metric: 0.4700
243/326 [=====================>........] - ETA: 1:06 - loss: 0.3917 - mae: 0.2424 - mse: 0.1217 - ssim_metric: 0.4703
244/326 [=====================>........] - ETA: 1:05 - loss: 0.3918 - mae: 0.2425 - mse: 0.1217 - ssim_metric: 0.4703
245/326 [=====================>........] - ETA: 1:04 - loss: 0.3919 - mae: 0.2426 - mse: 0.1217 - ssim_metric: 0.4701
246/326 [=====================>........] - ETA: 1:04 - loss: 0.3917 - mae: 0.2425 - mse: 0.1217 - ssim_metric: 0.4703
247/326 [=====================>........] - ETA: 1:03 - loss: 0.3917 - mae: 0.2425 - mse: 0.1217 - ssim_metric: 0.4702
248/326 [=====================>........] - ETA: 1:02 - loss: 0.3920 - mae: 0.2426 - mse: 0.1218 - ssim_metric: 0.4701
249/326 [=====================>........] - ETA: 1:01 - loss: 0.3923 - mae: 0.2428 - mse: 0.1219 - ssim_metric: 0.4698
250/326 [======================>.......] - ETA: 1:00 - loss: 0.3921 - mae: 0.2428 - mse: 0.1218 - ssim_metric: 0.4697
251/326 [======================>.......] - ETA: 1:00 - loss: 0.3919 - mae: 0.2427 - mse: 0.1218 - ssim_metric: 0.4697
252/326 [======================>.......] - ETA: 59s - loss: 0.3915 - mae: 0.2426 - mse: 0.1216 - ssim_metric: 0.4699 
253/326 [======================>.......] - ETA: 58s - loss: 0.3921 - mae: 0.2428 - mse: 0.1218 - ssim_metric: 0.4697
254/326 [======================>.......] - ETA: 57s - loss: 0.3921 - mae: 0.2428 - mse: 0.1218 - ssim_metric: 0.4697
255/326 [======================>.......] - ETA: 56s - loss: 0.3918 - mae: 0.2427 - mse: 0.1217 - ssim_metric: 0.4698
256/326 [======================>.......] - ETA: 56s - loss: 0.3920 - mae: 0.2428 - mse: 0.1218 - ssim_metric: 0.4698
257/326 [======================>.......] - ETA: 55s - loss: 0.3920 - mae: 0.2428 - mse: 0.1218 - ssim_metric: 0.4698
258/326 [======================>.......] - ETA: 54s - loss: 0.3923 - mae: 0.2429 - mse: 0.1219 - ssim_metric: 0.4697
259/326 [======================>.......] - ETA: 53s - loss: 0.3925 - mae: 0.2430 - mse: 0.1220 - ssim_metric: 0.4694
260/326 [======================>.......] - ETA: 52s - loss: 0.3922 - mae: 0.2428 - mse: 0.1219 - ssim_metric: 0.4696
261/326 [=======================>......] - ETA: 52s - loss: 0.3923 - mae: 0.2428 - mse: 0.1219 - ssim_metric: 0.4695
262/326 [=======================>......] - ETA: 51s - loss: 0.3920 - mae: 0.2427 - mse: 0.1217 - ssim_metric: 0.4695
263/326 [=======================>......] - ETA: 50s - loss: 0.3924 - mae: 0.2429 - mse: 0.1219 - ssim_metric: 0.4693
264/326 [=======================>......] - ETA: 49s - loss: 0.3925 - mae: 0.2429 - mse: 0.1219 - ssim_metric: 0.4693
265/326 [=======================>......] - ETA: 48s - loss: 0.3926 - mae: 0.2430 - mse: 0.1220 - ssim_metric: 0.4691
266/326 [=======================>......] - ETA: 48s - loss: 0.3927 - mae: 0.2431 - mse: 0.1220 - ssim_metric: 0.4687
267/326 [=======================>......] - ETA: 47s - loss: 0.3928 - mae: 0.2432 - mse: 0.1221 - ssim_metric: 0.4685
268/326 [=======================>......] - ETA: 46s - loss: 0.3929 - mae: 0.2434 - mse: 0.1221 - ssim_metric: 0.4681
269/326 [=======================>......] - ETA: 45s - loss: 0.3928 - mae: 0.2434 - mse: 0.1221 - ssim_metric: 0.4680
270/326 [=======================>......] - ETA: 44s - loss: 0.3930 - mae: 0.2435 - mse: 0.1221 - ssim_metric: 0.4678
271/326 [=======================>......] - ETA: 44s - loss: 0.3931 - mae: 0.2436 - mse: 0.1222 - ssim_metric: 0.4677
272/326 [========================>.....] - ETA: 43s - loss: 0.3930 - mae: 0.2436 - mse: 0.1222 - ssim_metric: 0.4678
273/326 [========================>.....] - ETA: 42s - loss: 0.3927 - mae: 0.2434 - mse: 0.1220 - ssim_metric: 0.4680
274/326 [========================>.....] - ETA: 41s - loss: 0.3928 - mae: 0.2435 - mse: 0.1221 - ssim_metric: 0.4679
275/326 [========================>.....] - ETA: 40s - loss: 0.3930 - mae: 0.2435 - mse: 0.1221 - ssim_metric: 0.4682
276/326 [========================>.....] - ETA: 40s - loss: 0.3930 - mae: 0.2435 - mse: 0.1222 - ssim_metric: 0.4681
277/326 [========================>.....] - ETA: 39s - loss: 0.3932 - mae: 0.2436 - mse: 0.1222 - ssim_metric: 0.4680
278/326 [========================>.....] - ETA: 38s - loss: 0.3931 - mae: 0.2436 - mse: 0.1222 - ssim_metric: 0.4681
279/326 [========================>.....] - ETA: 37s - loss: 0.3929 - mae: 0.2434 - mse: 0.1221 - ssim_metric: 0.4684
280/326 [========================>.....] - ETA: 36s - loss: 0.3928 - mae: 0.2434 - mse: 0.1221 - ssim_metric: 0.4684
281/326 [========================>.....] - ETA: 36s - loss: 0.3931 - mae: 0.2435 - mse: 0.1222 - ssim_metric: 0.4682
282/326 [========================>.....] - ETA: 35s - loss: 0.3932 - mae: 0.2436 - mse: 0.1222 - ssim_metric: 0.4682
283/326 [=========================>....] - ETA: 34s - loss: 0.3936 - mae: 0.2438 - mse: 0.1224 - ssim_metric: 0.4680
284/326 [=========================>....] - ETA: 33s - loss: 0.3935 - mae: 0.2438 - mse: 0.1223 - ssim_metric: 0.4679
285/326 [=========================>....] - ETA: 32s - loss: 0.3937 - mae: 0.2440 - mse: 0.1224 - ssim_metric: 0.4676
286/326 [=========================>....] - ETA: 32s - loss: 0.3938 - mae: 0.2440 - mse: 0.1224 - ssim_metric: 0.4675
287/326 [=========================>....] - ETA: 31s - loss: 0.3941 - mae: 0.2442 - mse: 0.1226 - ssim_metric: 0.4673
288/326 [=========================>....] - ETA: 30s - loss: 0.3945 - mae: 0.2444 - mse: 0.1227 - ssim_metric: 0.4671
289/326 [=========================>....] - ETA: 29s - loss: 0.3945 - mae: 0.2444 - mse: 0.1227 - ssim_metric: 0.4669
290/326 [=========================>....] - ETA: 28s - loss: 0.3948 - mae: 0.2445 - mse: 0.1228 - ssim_metric: 0.4667
291/326 [=========================>....] - ETA: 28s - loss: 0.3949 - mae: 0.2447 - mse: 0.1229 - ssim_metric: 0.4665
292/326 [=========================>....] - ETA: 27s - loss: 0.3947 - mae: 0.2446 - mse: 0.1228 - ssim_metric: 0.4664
293/326 [=========================>....] - ETA: 26s - loss: 0.3946 - mae: 0.2446 - mse: 0.1227 - ssim_metric: 0.4664
294/326 [==========================>...] - ETA: 25s - loss: 0.3948 - mae: 0.2447 - mse: 0.1228 - ssim_metric: 0.4661
295/326 [==========================>...] - ETA: 24s - loss: 0.3948 - mae: 0.2448 - mse: 0.1228 - ssim_metric: 0.4659
296/326 [==========================>...] - ETA: 24s - loss: 0.3946 - mae: 0.2447 - mse: 0.1227 - ssim_metric: 0.4661
297/326 [==========================>...] - ETA: 23s - loss: 0.3947 - mae: 0.2447 - mse: 0.1228 - ssim_metric: 0.4661
298/326 [==========================>...] - ETA: 22s - loss: 0.3943 - mae: 0.2445 - mse: 0.1226 - ssim_metric: 0.4664
299/326 [==========================>...] - ETA: 21s - loss: 0.3941 - mae: 0.2444 - mse: 0.1226 - ssim_metric: 0.4667
300/326 [==========================>...] - ETA: 20s - loss: 0.3941 - mae: 0.2443 - mse: 0.1226 - ssim_metric: 0.4668
301/326 [==========================>...] - ETA: 20s - loss: 0.3939 - mae: 0.2442 - mse: 0.1225 - ssim_metric: 0.4671
302/326 [==========================>...] - ETA: 19s - loss: 0.3942 - mae: 0.2443 - mse: 0.1226 - ssim_metric: 0.4669
303/326 [==========================>...] - ETA: 18s - loss: 0.3942 - mae: 0.2443 - mse: 0.1226 - ssim_metric: 0.4668
304/326 [==========================>...] - ETA: 17s - loss: 0.3943 - mae: 0.2444 - mse: 0.1226 - ssim_metric: 0.4667
305/326 [===========================>..] - ETA: 16s - loss: 0.3943 - mae: 0.2444 - mse: 0.1226 - ssim_metric: 0.4667
306/326 [===========================>..] - ETA: 16s - loss: 0.3943 - mae: 0.2444 - mse: 0.1227 - ssim_metric: 0.4665
307/326 [===========================>..] - ETA: 15s - loss: 0.3944 - mae: 0.2445 - mse: 0.1227 - ssim_metric: 0.4665
308/326 [===========================>..] - ETA: 14s - loss: 0.3943 - mae: 0.2444 - mse: 0.1226 - ssim_metric: 0.4667
309/326 [===========================>..] - ETA: 13s - loss: 0.3943 - mae: 0.2444 - mse: 0.1226 - ssim_metric: 0.4667
310/326 [===========================>..] - ETA: 12s - loss: 0.3942 - mae: 0.2444 - mse: 0.1226 - ssim_metric: 0.4666
311/326 [===========================>..] - ETA: 12s - loss: 0.3941 - mae: 0.2444 - mse: 0.1226 - ssim_metric: 0.4667
312/326 [===========================>..] - ETA: 11s - loss: 0.3940 - mae: 0.2443 - mse: 0.1226 - ssim_metric: 0.4667
313/326 [===========================>..] - ETA: 10s - loss: 0.3942 - mae: 0.2444 - mse: 0.1226 - ssim_metric: 0.4667
314/326 [===========================>..] - ETA: 9s - loss: 0.3944 - mae: 0.2444 - mse: 0.1227 - ssim_metric: 0.4669 
315/326 [===========================>..] - ETA: 8s - loss: 0.3946 - mae: 0.2445 - mse: 0.1227 - ssim_metric: 0.4667
316/326 [============================>.] - ETA: 8s - loss: 0.3945 - mae: 0.2445 - mse: 0.1227 - ssim_metric: 0.4666
317/326 [============================>.] - ETA: 7s - loss: 0.3944 - mae: 0.2444 - mse: 0.1227 - ssim_metric: 0.4668
318/326 [============================>.] - ETA: 6s - loss: 0.3942 - mae: 0.2443 - mse: 0.1226 - ssim_metric: 0.4668
319/326 [============================>.] - ETA: 5s - loss: 0.3947 - mae: 0.2446 - mse: 0.1228 - ssim_metric: 0.4665
320/326 [============================>.] - ETA: 4s - loss: 0.3947 - mae: 0.2446 - mse: 0.1228 - ssim_metric: 0.4663
321/326 [============================>.] - ETA: 4s - loss: 0.3948 - mae: 0.2447 - mse: 0.1228 - ssim_metric: 0.4661
322/326 [============================>.] - ETA: 3s - loss: 0.3946 - mae: 0.2447 - mse: 0.1227 - ssim_metric: 0.4660
323/326 [============================>.] - ETA: 2s - loss: 0.3946 - mae: 0.2447 - mse: 0.1227 - ssim_metric: 0.4661
324/326 [============================>.] - ETA: 1s - loss: 0.3950 - mae: 0.2449 - mse: 0.1229 - ssim_metric: 0.4658
325/326 [============================>.] - ETA: 0s - loss: 0.3950 - mae: 0.2449 - mse: 0.1229 - ssim_metric: 0.4657
326/326 [==============================] - ETA: 0s - loss: 0.3951 - mae: 0.2449 - mse: 0.1229 - ssim_metric: 0.4658
Epoch 10: saving model to C:\d_surucusu\visual_navigation\benchmark\models_pipeline\20260909_223425\bce_b16\_JOB_bce_b16_10_09_2026__07_13_model_f48_k4_epoch_00010_helu_osigmoid_(1, 1)_.h5

Epoch 10: val_loss improved from 0.36035 to 0.35873, saving model to C:\d_surucusu\visual_navigation\benchmark\models_pipeline\20260909_223425\bce_b16\_JOB_bce_b16_10_09_2026__07_13_best_val_loss_model_f48_k4.h5

Epoch 10: val_mae improved from 0.22758 to 0.22539, saving model to C:\d_surucusu\visual_navigation\benchmark\models_pipeline\20260909_223425\bce_b16\_JOB_bce_b16_10_09_2026__07_13_best_mae_model_f48_k4.h5

Epoch 10: val_ssim_metric did not improve from 0.56049

326/326 [==============================] - 277s 851ms/step - loss: 0.3951 - mae: 0.2449 - mse: 0.1229 - ssim_metric: 0.4658 - val_loss: 0.3587 - val_mae: 0.2254 - val_mse: 0.1094 - val_ssim_metric: 0.4975
Epoch 11/20

  1/326 [..............................] - ETA: 4:37 - loss: 0.4225 - mae: 0.2583 - mse: 0.1357 - ssim_metric: 0.4301
  2/326 [..............................] - ETA: 4:19 - loss: 0.4185 - mae: 0.2516 - mse: 0.1327 - ssim_metric: 0.4636
  3/326 [..............................] - ETA: 4:18 - loss: 0.4378 - mae: 0.2664 - mse: 0.1397 - ssim_metric: 0.4436
  4/326 [..............................] - ETA: 4:17 - loss: 0.4293 - mae: 0.2642 - mse: 0.1365 - ssim_metric: 0.4382
  5/326 [..............................] - ETA: 4:17 - loss: 0.4187 - mae: 0.2612 - mse: 0.1326 - ssim_metric: 0.4415
  6/326 [..............................] - ETA: 4:16 - loss: 0.4175 - mae: 0.2646 - mse: 0.1322 - ssim_metric: 0.4279
  7/326 [..............................] - ETA: 4:15 - loss: 0.4149 - mae: 0.2653 - mse: 0.1311 - ssim_metric: 0.4235
  8/326 [..............................] - ETA: 4:15 - loss: 0.4040 - mae: 0.2597 - mse: 0.1268 - ssim_metric: 0.4287
  9/326 [..............................] - ETA: 4:14 - loss: 0.3940 - mae: 0.2543 - mse: 0.1230 - ssim_metric: 0.4372
 10/326 [..............................] - ETA: 4:13 - loss: 0.3912 - mae: 0.2519 - mse: 0.1219 - ssim_metric: 0.4444
 11/326 [>.............................] - ETA: 4:12 - loss: 0.3945 - mae: 0.2525 - mse: 0.1235 - ssim_metric: 0.4481
 12/326 [>.............................] - ETA: 4:11 - loss: 0.3947 - mae: 0.2507 - mse: 0.1237 - ssim_metric: 0.4532
 13/326 [>.............................] - ETA: 4:10 - loss: 0.4000 - mae: 0.2507 - mse: 0.1255 - ssim_metric: 0.4568
 14/326 [>.............................] - ETA: 4:10 - loss: 0.4124 - mae: 0.2548 - mse: 0.1296 - ssim_metric: 0.4531
 15/326 [>.............................] - ETA: 4:09 - loss: 0.4024 - mae: 0.2490 - mse: 0.1260 - ssim_metric: 0.4645
 16/326 [>.............................] - ETA: 4:08 - loss: 0.4060 - mae: 0.2505 - mse: 0.1274 - ssim_metric: 0.4634
 17/326 [>.............................] - ETA: 4:07 - loss: 0.4048 - mae: 0.2505 - mse: 0.1269 - ssim_metric: 0.4638
 18/326 [>.............................] - ETA: 4:06 - loss: 0.4072 - mae: 0.2531 - mse: 0.1280 - ssim_metric: 0.4585
 19/326 [>.............................] - ETA: 4:05 - loss: 0.4077 - mae: 0.2546 - mse: 0.1281 - ssim_metric: 0.4552
 20/326 [>.............................] - ETA: 4:05 - loss: 0.4039 - mae: 0.2540 - mse: 0.1265 - ssim_metric: 0.4540
 21/326 [>.............................] - ETA: 4:04 - loss: 0.3995 - mae: 0.2521 - mse: 0.1248 - ssim_metric: 0.4553
 22/326 [=>............................] - ETA: 4:03 - loss: 0.3951 - mae: 0.2498 - mse: 0.1232 - ssim_metric: 0.4580
 23/326 [=>............................] - ETA: 4:02 - loss: 0.3908 - mae: 0.2469 - mse: 0.1216 - ssim_metric: 0.4651
 24/326 [=>............................] - ETA: 4:02 - loss: 0.3896 - mae: 0.2455 - mse: 0.1212 - ssim_metric: 0.4681
 25/326 [=>............................] - ETA: 4:01 - loss: 0.3940 - mae: 0.2464 - mse: 0.1227 - ssim_metric: 0.4672
 26/326 [=>............................] - ETA: 4:00 - loss: 0.3955 - mae: 0.2461 - mse: 0.1233 - ssim_metric: 0.4694
 27/326 [=>............................] - ETA: 3:59 - loss: 0.3942 - mae: 0.2448 - mse: 0.1228 - ssim_metric: 0.4722
 28/326 [=>............................] - ETA: 3:58 - loss: 0.3961 - mae: 0.2445 - mse: 0.1233 - ssim_metric: 0.4729
 29/326 [=>............................] - ETA: 3:58 - loss: 0.3947 - mae: 0.2438 - mse: 0.1229 - ssim_metric: 0.4731
 30/326 [=>............................] - ETA: 3:57 - loss: 0.3977 - mae: 0.2449 - mse: 0.1239 - ssim_metric: 0.4709
 31/326 [=>............................] - ETA: 3:56 - loss: 0.3979 - mae: 0.2454 - mse: 0.1240 - ssim_metric: 0.4681
 32/326 [=>............................] - ETA: 3:55 - loss: 0.3988 - mae: 0.2465 - mse: 0.1245 - ssim_metric: 0.4648
 33/326 [==>...........................] - ETA: 3:54 - loss: 0.3963 - mae: 0.2459 - mse: 0.1234 - ssim_metric: 0.4636
 34/326 [==>...........................] - ETA: 3:54 - loss: 0.3974 - mae: 0.2471 - mse: 0.1238 - ssim_metric: 0.4598
 35/326 [==>...........................] - ETA: 3:53 - loss: 0.3953 - mae: 0.2462 - mse: 0.1230 - ssim_metric: 0.4604
 36/326 [==>...........................] - ETA: 3:52 - loss: 0.3956 - mae: 0.2467 - mse: 0.1231 - ssim_metric: 0.4590
 37/326 [==>...........................] - ETA: 3:51 - loss: 0.3927 - mae: 0.2451 - mse: 0.1221 - ssim_metric: 0.4617
 38/326 [==>...........................] - ETA: 3:51 - loss: 0.3908 - mae: 0.2439 - mse: 0.1214 - ssim_metric: 0.4635
 39/326 [==>...........................] - ETA: 3:50 - loss: 0.3908 - mae: 0.2435 - mse: 0.1213 - ssim_metric: 0.4646
 40/326 [==>...........................] - ETA: 3:49 - loss: 0.3893 - mae: 0.2425 - mse: 0.1208 - ssim_metric: 0.4665
 41/326 [==>...........................] - ETA: 3:48 - loss: 0.3876 - mae: 0.2411 - mse: 0.1202 - ssim_metric: 0.4700
 42/326 [==>...........................] - ETA: 3:47 - loss: 0.3837 - mae: 0.2386 - mse: 0.1188 - ssim_metric: 0.4746
 43/326 [==>...........................] - ETA: 3:47 - loss: 0.3839 - mae: 0.2380 - mse: 0.1188 - ssim_metric: 0.4762
 44/326 [===>..........................] - ETA: 3:46 - loss: 0.3849 - mae: 0.2379 - mse: 0.1192 - ssim_metric: 0.4769
 45/326 [===>..........................] - ETA: 3:45 - loss: 0.3872 - mae: 0.2389 - mse: 0.1201 - ssim_metric: 0.4750
 46/326 [===>..........................] - ETA: 3:44 - loss: 0.3875 - mae: 0.2390 - mse: 0.1203 - ssim_metric: 0.4754
 47/326 [===>..........................] - ETA: 3:43 - loss: 0.3862 - mae: 0.2385 - mse: 0.1198 - ssim_metric: 0.4759
 48/326 [===>..........................] - ETA: 3:42 - loss: 0.3834 - mae: 0.2372 - mse: 0.1187 - ssim_metric: 0.4772
 49/326 [===>..........................] - ETA: 3:42 - loss: 0.3869 - mae: 0.2384 - mse: 0.1198 - ssim_metric: 0.4756
 50/326 [===>..........................] - ETA: 3:41 - loss: 0.3865 - mae: 0.2384 - mse: 0.1197 - ssim_metric: 0.4754
 51/326 [===>..........................] - ETA: 3:40 - loss: 0.3847 - mae: 0.2379 - mse: 0.1190 - ssim_metric: 0.4747
 52/326 [===>..........................] - ETA: 3:39 - loss: 0.3852 - mae: 0.2382 - mse: 0.1192 - ssim_metric: 0.4746
 53/326 [===>..........................] - ETA: 3:38 - loss: 0.3848 - mae: 0.2379 - mse: 0.1190 - ssim_metric: 0.4745
 54/326 [===>..........................] - ETA: 3:38 - loss: 0.3855 - mae: 0.2381 - mse: 0.1193 - ssim_metric: 0.4745
 55/326 [====>.........................] - ETA: 3:37 - loss: 0.3858 - mae: 0.2382 - mse: 0.1194 - ssim_metric: 0.4742
 56/326 [====>.........................] - ETA: 3:36 - loss: 0.3854 - mae: 0.2381 - mse: 0.1193 - ssim_metric: 0.4740
 57/326 [====>.........................] - ETA: 3:35 - loss: 0.3842 - mae: 0.2375 - mse: 0.1188 - ssim_metric: 0.4746
 58/326 [====>.........................] - ETA: 3:34 - loss: 0.3856 - mae: 0.2380 - mse: 0.1194 - ssim_metric: 0.4742
 59/326 [====>.........................] - ETA: 3:34 - loss: 0.3863 - mae: 0.2384 - mse: 0.1196 - ssim_metric: 0.4734
 60/326 [====>.........................] - ETA: 3:33 - loss: 0.3872 - mae: 0.2388 - mse: 0.1200 - ssim_metric: 0.4730
 61/326 [====>.........................] - ETA: 3:32 - loss: 0.3853 - mae: 0.2379 - mse: 0.1193 - ssim_metric: 0.4746
 62/326 [====>.........................] - ETA: 3:31 - loss: 0.3839 - mae: 0.2373 - mse: 0.1188 - ssim_metric: 0.4750
 63/326 [====>.........................] - ETA: 3:30 - loss: 0.3847 - mae: 0.2378 - mse: 0.1191 - ssim_metric: 0.4740
 64/326 [====>.........................] - ETA: 3:30 - loss: 0.3836 - mae: 0.2373 - mse: 0.1187 - ssim_metric: 0.4750
 65/326 [====>.........................] - ETA: 3:29 - loss: 0.3823 - mae: 0.2366 - mse: 0.1182 - ssim_metric: 0.4767
 66/326 [=====>........................] - ETA: 3:28 - loss: 0.3837 - mae: 0.2372 - mse: 0.1187 - ssim_metric: 0.4760
 67/326 [=====>........................] - ETA: 3:27 - loss: 0.3836 - mae: 0.2372 - mse: 0.1187 - ssim_metric: 0.4757
 68/326 [=====>........................] - ETA: 3:26 - loss: 0.3835 - mae: 0.2369 - mse: 0.1187 - ssim_metric: 0.4762
 69/326 [=====>........................] - ETA: 3:26 - loss: 0.3836 - mae: 0.2369 - mse: 0.1188 - ssim_metric: 0.4762
 70/326 [=====>........................] - ETA: 3:25 - loss: 0.3835 - mae: 0.2368 - mse: 0.1188 - ssim_metric: 0.4766
 71/326 [=====>........................] - ETA: 3:24 - loss: 0.3834 - mae: 0.2367 - mse: 0.1188 - ssim_metric: 0.4768
 72/326 [=====>........................] - ETA: 3:23 - loss: 0.3856 - mae: 0.2375 - mse: 0.1195 - ssim_metric: 0.4757
 73/326 [=====>........................] - ETA: 3:22 - loss: 0.3856 - mae: 0.2375 - mse: 0.1195 - ssim_metric: 0.4756
 74/326 [=====>........................] - ETA: 3:22 - loss: 0.3853 - mae: 0.2376 - mse: 0.1193 - ssim_metric: 0.4751
 75/326 [=====>........................] - ETA: 3:21 - loss: 0.3845 - mae: 0.2374 - mse: 0.1191 - ssim_metric: 0.4750
 76/326 [=====>........................] - ETA: 3:20 - loss: 0.3831 - mae: 0.2368 - mse: 0.1185 - ssim_metric: 0.4754
 77/326 [======>.......................] - ETA: 3:19 - loss: 0.3838 - mae: 0.2374 - mse: 0.1188 - ssim_metric: 0.4741
 78/326 [======>.......................] - ETA: 3:18 - loss: 0.3836 - mae: 0.2374 - mse: 0.1187 - ssim_metric: 0.4742
 79/326 [======>.......................] - ETA: 3:18 - loss: 0.3845 - mae: 0.2377 - mse: 0.1191 - ssim_metric: 0.4740
 80/326 [======>.......................] - ETA: 3:17 - loss: 0.3853 - mae: 0.2379 - mse: 0.1193 - ssim_metric: 0.4740
 81/326 [======>.......................] - ETA: 3:16 - loss: 0.3849 - mae: 0.2377 - mse: 0.1192 - ssim_metric: 0.4746
 82/326 [======>.......................] - ETA: 3:15 - loss: 0.3852 - mae: 0.2377 - mse: 0.1193 - ssim_metric: 0.4746
 83/326 [======>.......................] - ETA: 3:14 - loss: 0.3850 - mae: 0.2377 - mse: 0.1193 - ssim_metric: 0.4744
 84/326 [======>.......................] - ETA: 3:14 - loss: 0.3855 - mae: 0.2381 - mse: 0.1195 - ssim_metric: 0.4739
 85/326 [======>.......................] - ETA: 3:13 - loss: 0.3844 - mae: 0.2376 - mse: 0.1191 - ssim_metric: 0.4744
 86/326 [======>.......................] - ETA: 3:12 - loss: 0.3845 - mae: 0.2378 - mse: 0.1191 - ssim_metric: 0.4740
 87/326 [=======>......................] - ETA: 3:11 - loss: 0.3842 - mae: 0.2377 - mse: 0.1190 - ssim_metric: 0.4740
 88/326 [=======>......................] - ETA: 3:10 - loss: 0.3833 - mae: 0.2374 - mse: 0.1187 - ssim_metric: 0.4741
 89/326 [=======>......................] - ETA: 3:10 - loss: 0.3828 - mae: 0.2371 - mse: 0.1185 - ssim_metric: 0.4744
 90/326 [=======>......................] - ETA: 3:09 - loss: 0.3838 - mae: 0.2375 - mse: 0.1189 - ssim_metric: 0.4738
 91/326 [=======>......................] - ETA: 3:08 - loss: 0.3836 - mae: 0.2374 - mse: 0.1188 - ssim_metric: 0.4743
 92/326 [=======>......................] - ETA: 3:07 - loss: 0.3834 - mae: 0.2372 - mse: 0.1187 - ssim_metric: 0.4744
 93/326 [=======>......................] - ETA: 3:06 - loss: 0.3844 - mae: 0.2374 - mse: 0.1190 - ssim_metric: 0.4748
 94/326 [=======>......................] - ETA: 3:06 - loss: 0.3850 - mae: 0.2374 - mse: 0.1192 - ssim_metric: 0.4751
 95/326 [=======>......................] - ETA: 3:05 - loss: 0.3860 - mae: 0.2378 - mse: 0.1196 - ssim_metric: 0.4746
 96/326 [=======>......................] - ETA: 3:04 - loss: 0.3857 - mae: 0.2377 - mse: 0.1195 - ssim_metric: 0.4747
 97/326 [=======>......................] - ETA: 3:03 - loss: 0.3856 - mae: 0.2378 - mse: 0.1194 - ssim_metric: 0.4745
 98/326 [========>.....................] - ETA: 3:02 - loss: 0.3849 - mae: 0.2377 - mse: 0.1192 - ssim_metric: 0.4745
 99/326 [========>.....................] - ETA: 3:02 - loss: 0.3845 - mae: 0.2376 - mse: 0.1191 - ssim_metric: 0.4744
100/326 [========>.....................] - ETA: 3:01 - loss: 0.3846 - mae: 0.2378 - mse: 0.1191 - ssim_metric: 0.4739
101/326 [========>.....................] - ETA: 3:00 - loss: 0.3840 - mae: 0.2376 - mse: 0.1189 - ssim_metric: 0.4740
102/326 [========>.....................] - ETA: 2:59 - loss: 0.3833 - mae: 0.2374 - mse: 0.1186 - ssim_metric: 0.4743
103/326 [========>.....................] - ETA: 2:58 - loss: 0.3850 - mae: 0.2378 - mse: 0.1190 - ssim_metric: 0.4739
104/326 [========>.....................] - ETA: 2:58 - loss: 0.3849 - mae: 0.2377 - mse: 0.1190 - ssim_metric: 0.4743
105/326 [========>.....................] - ETA: 2:57 - loss: 0.3844 - mae: 0.2373 - mse: 0.1189 - ssim_metric: 0.4749
106/326 [========>.....................] - ETA: 2:56 - loss: 0.3835 - mae: 0.2369 - mse: 0.1186 - ssim_metric: 0.4757
107/326 [========>.....................] - ETA: 2:55 - loss: 0.3834 - mae: 0.2367 - mse: 0.1185 - ssim_metric: 0.4762
108/326 [========>.....................] - ETA: 2:54 - loss: 0.3855 - mae: 0.2373 - mse: 0.1191 - ssim_metric: 0.4757
109/326 [=========>....................] - ETA: 2:54 - loss: 0.3852 - mae: 0.2371 - mse: 0.1190 - ssim_metric: 0.4763
110/326 [=========>....................] - ETA: 2:53 - loss: 0.3858 - mae: 0.2373 - mse: 0.1193 - ssim_metric: 0.4759
111/326 [=========>....................] - ETA: 2:52 - loss: 0.3854 - mae: 0.2372 - mse: 0.1191 - ssim_metric: 0.4760
112/326 [=========>....................] - ETA: 2:51 - loss: 0.3856 - mae: 0.2373 - mse: 0.1192 - ssim_metric: 0.4757
113/326 [=========>....................] - ETA: 2:50 - loss: 0.3854 - mae: 0.2373 - mse: 0.1192 - ssim_metric: 0.4757
114/326 [=========>....................] - ETA: 2:50 - loss: 0.3852 - mae: 0.2373 - mse: 0.1191 - ssim_metric: 0.4755
115/326 [=========>....................] - ETA: 2:49 - loss: 0.3854 - mae: 0.2375 - mse: 0.1192 - ssim_metric: 0.4750
116/326 [=========>....................] - ETA: 2:48 - loss: 0.3856 - mae: 0.2377 - mse: 0.1192 - ssim_metric: 0.4745
117/326 [=========>....................] - ETA: 2:47 - loss: 0.3860 - mae: 0.2380 - mse: 0.1194 - ssim_metric: 0.4741
118/326 [=========>....................] - ETA: 2:46 - loss: 0.3854 - mae: 0.2377 - mse: 0.1191 - ssim_metric: 0.4749
119/326 [=========>....................] - ETA: 2:46 - loss: 0.3850 - mae: 0.2375 - mse: 0.1190 - ssim_metric: 0.4753
120/326 [==========>...................] - ETA: 2:45 - loss: 0.3848 - mae: 0.2374 - mse: 0.1189 - ssim_metric: 0.4755
121/326 [==========>...................] - ETA: 2:44 - loss: 0.3843 - mae: 0.2371 - mse: 0.1187 - ssim_metric: 0.4762
122/326 [==========>...................] - ETA: 2:43 - loss: 0.3846 - mae: 0.2371 - mse: 0.1189 - ssim_metric: 0.4765
123/326 [==========>...................] - ETA: 2:42 - loss: 0.3850 - mae: 0.2372 - mse: 0.1190 - ssim_metric: 0.4765
124/326 [==========>...................] - ETA: 2:41 - loss: 0.3855 - mae: 0.2374 - mse: 0.1192 - ssim_metric: 0.4761
125/326 [==========>...................] - ETA: 2:41 - loss: 0.3856 - mae: 0.2373 - mse: 0.1192 - ssim_metric: 0.4765
126/326 [==========>...................] - ETA: 2:40 - loss: 0.3852 - mae: 0.2371 - mse: 0.1190 - ssim_metric: 0.4766
127/326 [==========>...................] - ETA: 2:39 - loss: 0.3848 - mae: 0.2370 - mse: 0.1189 - ssim_metric: 0.4767
128/326 [==========>...................] - ETA: 2:38 - loss: 0.3843 - mae: 0.2368 - mse: 0.1187 - ssim_metric: 0.4769
129/326 [==========>...................] - ETA: 2:37 - loss: 0.3844 - mae: 0.2369 - mse: 0.1187 - ssim_metric: 0.4770
130/326 [==========>...................] - ETA: 2:37 - loss: 0.3854 - mae: 0.2374 - mse: 0.1191 - ssim_metric: 0.4761
131/326 [===========>..................] - ETA: 2:36 - loss: 0.3857 - mae: 0.2376 - mse: 0.1192 - ssim_metric: 0.4761
132/326 [===========>..................] - ETA: 2:35 - loss: 0.3857 - mae: 0.2376 - mse: 0.1192 - ssim_metric: 0.4762
133/326 [===========>..................] - ETA: 2:34 - loss: 0.3856 - mae: 0.2376 - mse: 0.1192 - ssim_metric: 0.4762
134/326 [===========>..................] - ETA: 2:33 - loss: 0.3860 - mae: 0.2379 - mse: 0.1194 - ssim_metric: 0.4758
135/326 [===========>..................] - ETA: 2:33 - loss: 0.3864 - mae: 0.2382 - mse: 0.1195 - ssim_metric: 0.4753
136/326 [===========>..................] - ETA: 2:32 - loss: 0.3866 - mae: 0.2384 - mse: 0.1196 - ssim_metric: 0.4747
137/326 [===========>..................] - ETA: 2:31 - loss: 0.3862 - mae: 0.2384 - mse: 0.1195 - ssim_metric: 0.4746
138/326 [===========>..................] - ETA: 2:30 - loss: 0.3866 - mae: 0.2387 - mse: 0.1196 - ssim_metric: 0.4738
139/326 [===========>..................] - ETA: 2:29 - loss: 0.3865 - mae: 0.2387 - mse: 0.1196 - ssim_metric: 0.4735
140/326 [===========>..................] - ETA: 2:29 - loss: 0.3866 - mae: 0.2388 - mse: 0.1197 - ssim_metric: 0.4735
141/326 [===========>..................] - ETA: 2:28 - loss: 0.3866 - mae: 0.2388 - mse: 0.1197 - ssim_metric: 0.4736
142/326 [============>.................] - ETA: 2:27 - loss: 0.3863 - mae: 0.2386 - mse: 0.1196 - ssim_metric: 0.4741
143/326 [============>.................] - ETA: 2:26 - loss: 0.3865 - mae: 0.2387 - mse: 0.1197 - ssim_metric: 0.4739
144/326 [============>.................] - ETA: 2:25 - loss: 0.3864 - mae: 0.2386 - mse: 0.1196 - ssim_metric: 0.4739
145/326 [============>.................] - ETA: 2:25 - loss: 0.3861 - mae: 0.2384 - mse: 0.1195 - ssim_metric: 0.4744
146/326 [============>.................] - ETA: 2:24 - loss: 0.3860 - mae: 0.2383 - mse: 0.1195 - ssim_metric: 0.4747
147/326 [============>.................] - ETA: 2:23 - loss: 0.3866 - mae: 0.2385 - mse: 0.1197 - ssim_metric: 0.4744
148/326 [============>.................] - ETA: 2:22 - loss: 0.3862 - mae: 0.2383 - mse: 0.1195 - ssim_metric: 0.4747
149/326 [============>.................] - ETA: 2:21 - loss: 0.3865 - mae: 0.2386 - mse: 0.1197 - ssim_metric: 0.4741
150/326 [============>.................] - ETA: 2:21 - loss: 0.3863 - mae: 0.2386 - mse: 0.1196 - ssim_metric: 0.4739
151/326 [============>.................] - ETA: 2:20 - loss: 0.3869 - mae: 0.2390 - mse: 0.1198 - ssim_metric: 0.4731
152/326 [============>.................] - ETA: 2:19 - loss: 0.3875 - mae: 0.2392 - mse: 0.1200 - ssim_metric: 0.4728
153/326 [=============>................] - ETA: 2:18 - loss: 0.3871 - mae: 0.2390 - mse: 0.1199 - ssim_metric: 0.4729
154/326 [=============>................] - ETA: 2:17 - loss: 0.3869 - mae: 0.2390 - mse: 0.1198 - ssim_metric: 0.4729
155/326 [=============>................] - ETA: 2:17 - loss: 0.3871 - mae: 0.2390 - mse: 0.1199 - ssim_metric: 0.4729
156/326 [=============>................] - ETA: 2:16 - loss: 0.3867 - mae: 0.2388 - mse: 0.1197 - ssim_metric: 0.4732
157/326 [=============>................] - ETA: 2:15 - loss: 0.3868 - mae: 0.2389 - mse: 0.1198 - ssim_metric: 0.4730
158/326 [=============>................] - ETA: 2:14 - loss: 0.3877 - mae: 0.2391 - mse: 0.1200 - ssim_metric: 0.4730
159/326 [=============>................] - ETA: 2:13 - loss: 0.3880 - mae: 0.2392 - mse: 0.1201 - ssim_metric: 0.4729
160/326 [=============>................] - ETA: 2:13 - loss: 0.3878 - mae: 0.2391 - mse: 0.1201 - ssim_metric: 0.4730
161/326 [=============>................] - ETA: 2:12 - loss: 0.3880 - mae: 0.2394 - mse: 0.1202 - ssim_metric: 0.4725
162/326 [=============>................] - ETA: 2:11 - loss: 0.3878 - mae: 0.2394 - mse: 0.1201 - ssim_metric: 0.4723
163/326 [==============>...............] - ETA: 2:10 - loss: 0.3875 - mae: 0.2393 - mse: 0.1200 - ssim_metric: 0.4723
164/326 [==============>...............] - ETA: 2:09 - loss: 0.3873 - mae: 0.2393 - mse: 0.1200 - ssim_metric: 0.4725
165/326 [==============>...............] - ETA: 2:09 - loss: 0.3874 - mae: 0.2393 - mse: 0.1200 - ssim_metric: 0.4724
166/326 [==============>...............] - ETA: 2:08 - loss: 0.3880 - mae: 0.2396 - mse: 0.1202 - ssim_metric: 0.4720
167/326 [==============>...............] - ETA: 2:07 - loss: 0.3879 - mae: 0.2396 - mse: 0.1202 - ssim_metric: 0.4719
168/326 [==============>...............] - ETA: 2:06 - loss: 0.3883 - mae: 0.2398 - mse: 0.1203 - ssim_metric: 0.4717
169/326 [==============>...............] - ETA: 2:05 - loss: 0.3879 - mae: 0.2397 - mse: 0.1202 - ssim_metric: 0.4720
170/326 [==============>...............] - ETA: 2:05 - loss: 0.3881 - mae: 0.2398 - mse: 0.1203 - ssim_metric: 0.4718
171/326 [==============>...............] - ETA: 2:04 - loss: 0.3880 - mae: 0.2397 - mse: 0.1202 - ssim_metric: 0.4719
172/326 [==============>...............] - ETA: 2:03 - loss: 0.3876 - mae: 0.2394 - mse: 0.1201 - ssim_metric: 0.4724
173/326 [==============>...............] - ETA: 2:02 - loss: 0.3878 - mae: 0.2395 - mse: 0.1202 - ssim_metric: 0.4722
174/326 [===============>..............] - ETA: 2:01 - loss: 0.3877 - mae: 0.2395 - mse: 0.1201 - ssim_metric: 0.4721
175/326 [===============>..............] - ETA: 2:01 - loss: 0.3878 - mae: 0.2396 - mse: 0.1202 - ssim_metric: 0.4719
176/326 [===============>..............] - ETA: 2:00 - loss: 0.3878 - mae: 0.2396 - mse: 0.1202 - ssim_metric: 0.4718
177/326 [===============>..............] - ETA: 1:59 - loss: 0.3880 - mae: 0.2397 - mse: 0.1203 - ssim_metric: 0.4719
178/326 [===============>..............] - ETA: 1:58 - loss: 0.3889 - mae: 0.2400 - mse: 0.1206 - ssim_metric: 0.4713
179/326 [===============>..............] - ETA: 1:57 - loss: 0.3890 - mae: 0.2401 - mse: 0.1207 - ssim_metric: 0.4711
180/326 [===============>..............] - ETA: 1:57 - loss: 0.3891 - mae: 0.2403 - mse: 0.1207 - ssim_metric: 0.4705
181/326 [===============>..............] - ETA: 1:56 - loss: 0.3897 - mae: 0.2408 - mse: 0.1209 - ssim_metric: 0.4695
182/326 [===============>..............] - ETA: 1:55 - loss: 0.3897 - mae: 0.2410 - mse: 0.1209 - ssim_metric: 0.4689
183/326 [===============>..............] - ETA: 1:54 - loss: 0.3896 - mae: 0.2411 - mse: 0.1209 - ssim_metric: 0.4686
184/326 [===============>..............] - ETA: 1:53 - loss: 0.3896 - mae: 0.2412 - mse: 0.1209 - ssim_metric: 0.4685
185/326 [================>.............] - ETA: 1:53 - loss: 0.3897 - mae: 0.2413 - mse: 0.1210 - ssim_metric: 0.4683
186/326 [================>.............] - ETA: 1:52 - loss: 0.3903 - mae: 0.2416 - mse: 0.1212 - ssim_metric: 0.4677
187/326 [================>.............] - ETA: 1:51 - loss: 0.3908 - mae: 0.2418 - mse: 0.1214 - ssim_metric: 0.4675
188/326 [================>.............] - ETA: 1:50 - loss: 0.3912 - mae: 0.2419 - mse: 0.1215 - ssim_metric: 0.4678
189/326 [================>.............] - ETA: 1:49 - loss: 0.3909 - mae: 0.2418 - mse: 0.1214 - ssim_metric: 0.4679
190/326 [================>.............] - ETA: 1:49 - loss: 0.3907 - mae: 0.2418 - mse: 0.1213 - ssim_metric: 0.4677
191/326 [================>.............] - ETA: 1:48 - loss: 0.3907 - mae: 0.2419 - mse: 0.1212 - ssim_metric: 0.4674
192/326 [================>.............] - ETA: 1:47 - loss: 0.3906 - mae: 0.2419 - mse: 0.1212 - ssim_metric: 0.4676
193/326 [================>.............] - ETA: 1:46 - loss: 0.3907 - mae: 0.2419 - mse: 0.1213 - ssim_metric: 0.4676
194/326 [================>.............] - ETA: 1:45 - loss: 0.3903 - mae: 0.2417 - mse: 0.1211 - ssim_metric: 0.4680
195/326 [================>.............] - ETA: 1:45 - loss: 0.3906 - mae: 0.2417 - mse: 0.1212 - ssim_metric: 0.4683
196/326 [=================>............] - ETA: 1:44 - loss: 0.3910 - mae: 0.2417 - mse: 0.1214 - ssim_metric: 0.4684
197/326 [=================>............] - ETA: 1:43 - loss: 0.3908 - mae: 0.2416 - mse: 0.1213 - ssim_metric: 0.4689
198/326 [=================>............] - ETA: 1:42 - loss: 0.3906 - mae: 0.2415 - mse: 0.1212 - ssim_metric: 0.4691
199/326 [=================>............] - ETA: 1:41 - loss: 0.3907 - mae: 0.2414 - mse: 0.1212 - ssim_metric: 0.4692
200/326 [=================>............] - ETA: 1:41 - loss: 0.3907 - mae: 0.2415 - mse: 0.1212 - ssim_metric: 0.4692
201/326 [=================>............] - ETA: 1:40 - loss: 0.3905 - mae: 0.2415 - mse: 0.1212 - ssim_metric: 0.4692
202/326 [=================>............] - ETA: 1:39 - loss: 0.3910 - mae: 0.2416 - mse: 0.1213 - ssim_metric: 0.4693
203/326 [=================>............] - ETA: 1:38 - loss: 0.3915 - mae: 0.2419 - mse: 0.1215 - ssim_metric: 0.4688
204/326 [=================>............] - ETA: 1:37 - loss: 0.3913 - mae: 0.2419 - mse: 0.1214 - ssim_metric: 0.4688
205/326 [=================>............] - ETA: 1:37 - loss: 0.3910 - mae: 0.2418 - mse: 0.1213 - ssim_metric: 0.4688
206/326 [=================>............] - ETA: 1:36 - loss: 0.3909 - mae: 0.2418 - mse: 0.1213 - ssim_metric: 0.4687
207/326 [==================>...........] - ETA: 1:35 - loss: 0.3908 - mae: 0.2418 - mse: 0.1213 - ssim_metric: 0.4688
208/326 [==================>...........] - ETA: 1:34 - loss: 0.3907 - mae: 0.2418 - mse: 0.1212 - ssim_metric: 0.4689
209/326 [==================>...........] - ETA: 1:33 - loss: 0.3907 - mae: 0.2418 - mse: 0.1212 - ssim_metric: 0.4691
210/326 [==================>...........] - ETA: 1:33 - loss: 0.3910 - mae: 0.2419 - mse: 0.1213 - ssim_metric: 0.4689
211/326 [==================>...........] - ETA: 1:32 - loss: 0.3909 - mae: 0.2418 - mse: 0.1213 - ssim_metric: 0.4694
212/326 [==================>...........] - ETA: 1:31 - loss: 0.3908 - mae: 0.2417 - mse: 0.1213 - ssim_metric: 0.4696
213/326 [==================>...........] - ETA: 1:30 - loss: 0.3905 - mae: 0.2416 - mse: 0.1212 - ssim_metric: 0.4698
214/326 [==================>...........] - ETA: 1:29 - loss: 0.3907 - mae: 0.2416 - mse: 0.1212 - ssim_metric: 0.4698
215/326 [==================>...........] - ETA: 1:29 - loss: 0.3907 - mae: 0.2416 - mse: 0.1212 - ssim_metric: 0.4696
216/326 [==================>...........] - ETA: 1:28 - loss: 0.3905 - mae: 0.2415 - mse: 0.1212 - ssim_metric: 0.4699
217/326 [==================>...........] - ETA: 1:27 - loss: 0.3906 - mae: 0.2415 - mse: 0.1212 - ssim_metric: 0.4698
218/326 [===================>..........] - ETA: 1:26 - loss: 0.3906 - mae: 0.2415 - mse: 0.1212 - ssim_metric: 0.4697
219/326 [===================>..........] - ETA: 1:25 - loss: 0.3906 - mae: 0.2415 - mse: 0.1212 - ssim_metric: 0.4697
220/326 [===================>..........] - ETA: 1:25 - loss: 0.3908 - mae: 0.2417 - mse: 0.1213 - ssim_metric: 0.4693
221/326 [===================>..........] - ETA: 1:24 - loss: 0.3911 - mae: 0.2419 - mse: 0.1214 - ssim_metric: 0.4690
222/326 [===================>..........] - ETA: 1:23 - loss: 0.3913 - mae: 0.2421 - mse: 0.1215 - ssim_metric: 0.4685
223/326 [===================>..........] - ETA: 1:22 - loss: 0.3911 - mae: 0.2420 - mse: 0.1214 - ssim_metric: 0.4686
224/326 [===================>..........] - ETA: 1:21 - loss: 0.3913 - mae: 0.2422 - mse: 0.1215 - ssim_metric: 0.4683
225/326 [===================>..........] - ETA: 1:21 - loss: 0.3915 - mae: 0.2423 - mse: 0.1216 - ssim_metric: 0.4681
226/326 [===================>..........] - ETA: 1:20 - loss: 0.3915 - mae: 0.2423 - mse: 0.1216 - ssim_metric: 0.4681
227/326 [===================>..........] - ETA: 1:19 - loss: 0.3913 - mae: 0.2422 - mse: 0.1215 - ssim_metric: 0.4683
228/326 [===================>..........] - ETA: 1:18 - loss: 0.3913 - mae: 0.2421 - mse: 0.1215 - ssim_metric: 0.4684
229/326 [====================>.........] - ETA: 1:17 - loss: 0.3916 - mae: 0.2423 - mse: 0.1216 - ssim_metric: 0.4680
230/326 [====================>.........] - ETA: 1:16 - loss: 0.3916 - mae: 0.2424 - mse: 0.1216 - ssim_metric: 0.4679
231/326 [====================>.........] - ETA: 1:16 - loss: 0.3915 - mae: 0.2423 - mse: 0.1216 - ssim_metric: 0.4679
232/326 [====================>.........] - ETA: 1:15 - loss: 0.3914 - mae: 0.2423 - mse: 0.1215 - ssim_metric: 0.4680
233/326 [====================>.........] - ETA: 1:14 - loss: 0.3915 - mae: 0.2423 - mse: 0.1216 - ssim_metric: 0.4681
234/326 [====================>.........] - ETA: 1:13 - loss: 0.3917 - mae: 0.2425 - mse: 0.1217 - ssim_metric: 0.4678
235/326 [====================>.........] - ETA: 1:12 - loss: 0.3917 - mae: 0.2424 - mse: 0.1217 - ssim_metric: 0.4678
236/326 [====================>.........] - ETA: 1:12 - loss: 0.3912 - mae: 0.2422 - mse: 0.1215 - ssim_metric: 0.4682
237/326 [====================>.........] - ETA: 1:11 - loss: 0.3909 - mae: 0.2420 - mse: 0.1214 - ssim_metric: 0.4686
238/326 [====================>.........] - ETA: 1:10 - loss: 0.3911 - mae: 0.2420 - mse: 0.1215 - ssim_metric: 0.4687
239/326 [====================>.........] - ETA: 1:09 - loss: 0.3906 - mae: 0.2417 - mse: 0.1213 - ssim_metric: 0.4693
240/326 [=====================>........] - ETA: 1:08 - loss: 0.3906 - mae: 0.2417 - mse: 0.1213 - ssim_metric: 0.4695
241/326 [=====================>........] - ETA: 1:08 - loss: 0.3905 - mae: 0.2416 - mse: 0.1212 - ssim_metric: 0.4697
242/326 [=====================>........] - ETA: 1:07 - loss: 0.3900 - mae: 0.2413 - mse: 0.1211 - ssim_metric: 0.4701
243/326 [=====================>........] - ETA: 1:06 - loss: 0.3900 - mae: 0.2412 - mse: 0.1210 - ssim_metric: 0.4704
244/326 [=====================>........] - ETA: 1:05 - loss: 0.3900 - mae: 0.2412 - mse: 0.1211 - ssim_metric: 0.4704
245/326 [=====================>........] - ETA: 1:04 - loss: 0.3901 - mae: 0.2413 - mse: 0.1211 - ssim_metric: 0.4702
246/326 [=====================>........] - ETA: 1:04 - loss: 0.3900 - mae: 0.2412 - mse: 0.1211 - ssim_metric: 0.4705
247/326 [=====================>........] - ETA: 1:03 - loss: 0.3900 - mae: 0.2412 - mse: 0.1211 - ssim_metric: 0.4704
248/326 [=====================>........] - ETA: 1:02 - loss: 0.3903 - mae: 0.2414 - mse: 0.1212 - ssim_metric: 0.4703
249/326 [=====================>........] - ETA: 1:01 - loss: 0.3905 - mae: 0.2416 - mse: 0.1213 - ssim_metric: 0.4700
250/326 [======================>.......] - ETA: 1:00 - loss: 0.3903 - mae: 0.2415 - mse: 0.1212 - ssim_metric: 0.4699
251/326 [======================>.......] - ETA: 1:00 - loss: 0.3902 - mae: 0.2415 - mse: 0.1212 - ssim_metric: 0.4698
252/326 [======================>.......] - ETA: 59s - loss: 0.3898 - mae: 0.2414 - mse: 0.1210 - ssim_metric: 0.4700 
253/326 [======================>.......] - ETA: 58s - loss: 0.3904 - mae: 0.2416 - mse: 0.1212 - ssim_metric: 0.4698
254/326 [======================>.......] - ETA: 57s - loss: 0.3903 - mae: 0.2416 - mse: 0.1212 - ssim_metric: 0.4699
255/326 [======================>.......] - ETA: 56s - loss: 0.3901 - mae: 0.2415 - mse: 0.1211 - ssim_metric: 0.4700
256/326 [======================>.......] - ETA: 56s - loss: 0.3903 - mae: 0.2416 - mse: 0.1212 - ssim_metric: 0.4699
257/326 [======================>.......] - ETA: 55s - loss: 0.3903 - mae: 0.2416 - mse: 0.1212 - ssim_metric: 0.4700
258/326 [======================>.......] - ETA: 54s - loss: 0.3906 - mae: 0.2416 - mse: 0.1213 - ssim_metric: 0.4699
259/326 [======================>.......] - ETA: 53s - loss: 0.3907 - mae: 0.2417 - mse: 0.1213 - ssim_metric: 0.4697
260/326 [======================>.......] - ETA: 52s - loss: 0.3904 - mae: 0.2416 - mse: 0.1212 - ssim_metric: 0.4698
261/326 [=======================>......] - ETA: 52s - loss: 0.3906 - mae: 0.2416 - mse: 0.1213 - ssim_metric: 0.4698
262/326 [=======================>......] - ETA: 51s - loss: 0.3902 - mae: 0.2414 - mse: 0.1211 - ssim_metric: 0.4698
263/326 [=======================>......] - ETA: 50s - loss: 0.3907 - mae: 0.2416 - mse: 0.1213 - ssim_metric: 0.4696
264/326 [=======================>......] - ETA: 49s - loss: 0.3908 - mae: 0.2417 - mse: 0.1213 - ssim_metric: 0.4695
265/326 [=======================>......] - ETA: 48s - loss: 0.3909 - mae: 0.2418 - mse: 0.1214 - ssim_metric: 0.4693
266/326 [=======================>......] - ETA: 48s - loss: 0.3910 - mae: 0.2419 - mse: 0.1214 - ssim_metric: 0.4689
267/326 [=======================>......] - ETA: 47s - loss: 0.3911 - mae: 0.2420 - mse: 0.1214 - ssim_metric: 0.4686
268/326 [=======================>......] - ETA: 46s - loss: 0.3912 - mae: 0.2422 - mse: 0.1215 - ssim_metric: 0.4683
269/326 [=======================>......] - ETA: 45s - loss: 0.3910 - mae: 0.2422 - mse: 0.1214 - ssim_metric: 0.4682
270/326 [=======================>......] - ETA: 44s - loss: 0.3913 - mae: 0.2423 - mse: 0.1215 - ssim_metric: 0.4680
271/326 [=======================>......] - ETA: 44s - loss: 0.3914 - mae: 0.2424 - mse: 0.1216 - ssim_metric: 0.4679
272/326 [========================>.....] - ETA: 43s - loss: 0.3913 - mae: 0.2423 - mse: 0.1215 - ssim_metric: 0.4679
273/326 [========================>.....] - ETA: 42s - loss: 0.3910 - mae: 0.2422 - mse: 0.1214 - ssim_metric: 0.4682
274/326 [========================>.....] - ETA: 41s - loss: 0.3911 - mae: 0.2423 - mse: 0.1215 - ssim_metric: 0.4681
275/326 [========================>.....] - ETA: 40s - loss: 0.3912 - mae: 0.2423 - mse: 0.1215 - ssim_metric: 0.4683
276/326 [========================>.....] - ETA: 40s - loss: 0.3913 - mae: 0.2423 - mse: 0.1215 - ssim_metric: 0.4683
277/326 [========================>.....] - ETA: 39s - loss: 0.3915 - mae: 0.2424 - mse: 0.1216 - ssim_metric: 0.4681
278/326 [========================>.....] - ETA: 38s - loss: 0.3914 - mae: 0.2424 - mse: 0.1216 - ssim_metric: 0.4682
279/326 [========================>.....] - ETA: 37s - loss: 0.3912 - mae: 0.2422 - mse: 0.1215 - ssim_metric: 0.4686
280/326 [========================>.....] - ETA: 36s - loss: 0.3910 - mae: 0.2422 - mse: 0.1215 - ssim_metric: 0.4686
281/326 [========================>.....] - ETA: 36s - loss: 0.3913 - mae: 0.2423 - mse: 0.1216 - ssim_metric: 0.4683
282/326 [========================>.....] - ETA: 35s - loss: 0.3915 - mae: 0.2423 - mse: 0.1216 - ssim_metric: 0.4684
283/326 [=========================>....] - ETA: 34s - loss: 0.3919 - mae: 0.2425 - mse: 0.1218 - ssim_metric: 0.4682
284/326 [=========================>....] - ETA: 33s - loss: 0.3918 - mae: 0.2426 - mse: 0.1217 - ssim_metric: 0.4681
285/326 [=========================>....] - ETA: 32s - loss: 0.3920 - mae: 0.2427 - mse: 0.1218 - ssim_metric: 0.4678
286/326 [=========================>....] - ETA: 32s - loss: 0.3921 - mae: 0.2428 - mse: 0.1218 - ssim_metric: 0.4676
287/326 [=========================>....] - ETA: 31s - loss: 0.3924 - mae: 0.2430 - mse: 0.1220 - ssim_metric: 0.4675
288/326 [=========================>....] - ETA: 30s - loss: 0.3928 - mae: 0.2431 - mse: 0.1221 - ssim_metric: 0.4672
289/326 [=========================>....] - ETA: 29s - loss: 0.3928 - mae: 0.2432 - mse: 0.1221 - ssim_metric: 0.4671
290/326 [=========================>....] - ETA: 28s - loss: 0.3931 - mae: 0.2433 - mse: 0.1222 - ssim_metric: 0.4669
291/326 [=========================>....] - ETA: 28s - loss: 0.3932 - mae: 0.2434 - mse: 0.1223 - ssim_metric: 0.4666
292/326 [=========================>....] - ETA: 27s - loss: 0.3930 - mae: 0.2434 - mse: 0.1222 - ssim_metric: 0.4666
293/326 [=========================>....] - ETA: 26s - loss: 0.3929 - mae: 0.2434 - mse: 0.1221 - ssim_metric: 0.4666
294/326 [==========================>...] - ETA: 25s - loss: 0.3931 - mae: 0.2435 - mse: 0.1222 - ssim_metric: 0.4662
295/326 [==========================>...] - ETA: 24s - loss: 0.3931 - mae: 0.2436 - mse: 0.1222 - ssim_metric: 0.4661
296/326 [==========================>...] - ETA: 24s - loss: 0.3929 - mae: 0.2435 - mse: 0.1221 - ssim_metric: 0.4663
297/326 [==========================>...] - ETA: 23s - loss: 0.3930 - mae: 0.2435 - mse: 0.1222 - ssim_metric: 0.4663
298/326 [==========================>...] - ETA: 22s - loss: 0.3926 - mae: 0.2433 - mse: 0.1220 - ssim_metric: 0.4666
299/326 [==========================>...] - ETA: 21s - loss: 0.3924 - mae: 0.2432 - mse: 0.1219 - ssim_metric: 0.4668
300/326 [==========================>...] - ETA: 20s - loss: 0.3924 - mae: 0.2432 - mse: 0.1220 - ssim_metric: 0.4670
301/326 [==========================>...] - ETA: 20s - loss: 0.3921 - mae: 0.2430 - mse: 0.1218 - ssim_metric: 0.4674
302/326 [==========================>...] - ETA: 19s - loss: 0.3925 - mae: 0.2431 - mse: 0.1220 - ssim_metric: 0.4671
303/326 [==========================>...] - ETA: 18s - loss: 0.3925 - mae: 0.2431 - mse: 0.1220 - ssim_metric: 0.4671
304/326 [==========================>...] - ETA: 17s - loss: 0.3926 - mae: 0.2432 - mse: 0.1220 - ssim_metric: 0.4670
305/326 [===========================>..] - ETA: 16s - loss: 0.3926 - mae: 0.2432 - mse: 0.1220 - ssim_metric: 0.4670
306/326 [===========================>..] - ETA: 16s - loss: 0.3926 - mae: 0.2432 - mse: 0.1220 - ssim_metric: 0.4668
307/326 [===========================>..] - ETA: 15s - loss: 0.3927 - mae: 0.2433 - mse: 0.1221 - ssim_metric: 0.4668
308/326 [===========================>..] - ETA: 14s - loss: 0.3926 - mae: 0.2432 - mse: 0.1220 - ssim_metric: 0.4670
309/326 [===========================>..] - ETA: 13s - loss: 0.3925 - mae: 0.2432 - mse: 0.1220 - ssim_metric: 0.4670
310/326 [===========================>..] - ETA: 12s - loss: 0.3925 - mae: 0.2432 - mse: 0.1220 - ssim_metric: 0.4669
311/326 [===========================>..] - ETA: 12s - loss: 0.3924 - mae: 0.2431 - mse: 0.1220 - ssim_metric: 0.4670
312/326 [===========================>..] - ETA: 11s - loss: 0.3923 - mae: 0.2431 - mse: 0.1219 - ssim_metric: 0.4669
313/326 [===========================>..] - ETA: 10s - loss: 0.3924 - mae: 0.2432 - mse: 0.1220 - ssim_metric: 0.4670
314/326 [===========================>..] - ETA: 9s - loss: 0.3927 - mae: 0.2431 - mse: 0.1221 - ssim_metric: 0.4672 
315/326 [===========================>..] - ETA: 8s - loss: 0.3929 - mae: 0.2432 - mse: 0.1221 - ssim_metric: 0.4670
316/326 [============================>.] - ETA: 8s - loss: 0.3928 - mae: 0.2432 - mse: 0.1221 - ssim_metric: 0.4669
317/326 [============================>.] - ETA: 7s - loss: 0.3926 - mae: 0.2431 - mse: 0.1220 - ssim_metric: 0.4671
318/326 [============================>.] - ETA: 6s - loss: 0.3925 - mae: 0.2431 - mse: 0.1220 - ssim_metric: 0.4672
319/326 [============================>.] - ETA: 5s - loss: 0.3930 - mae: 0.2433 - mse: 0.1222 - ssim_metric: 0.4669
320/326 [============================>.] - ETA: 4s - loss: 0.3929 - mae: 0.2433 - mse: 0.1221 - ssim_metric: 0.4667
321/326 [============================>.] - ETA: 4s - loss: 0.3930 - mae: 0.2435 - mse: 0.1222 - ssim_metric: 0.4665
322/326 [============================>.] - ETA: 3s - loss: 0.3929 - mae: 0.2434 - mse: 0.1221 - ssim_metric: 0.4664
323/326 [============================>.] - ETA: 2s - loss: 0.3928 - mae: 0.2434 - mse: 0.1221 - ssim_metric: 0.4665
324/326 [============================>.] - ETA: 1s - loss: 0.3933 - mae: 0.2436 - mse: 0.1223 - ssim_metric: 0.4662
325/326 [============================>.] - ETA: 0s - loss: 0.3933 - mae: 0.2436 - mse: 0.1223 - ssim_metric: 0.4662
326/326 [==============================] - ETA: 0s - loss: 0.3934 - mae: 0.2437 - mse: 0.1223 - ssim_metric: 0.4662
Epoch 11: saving model to C:\d_surucusu\visual_navigation\benchmark\models_pipeline\20260909_223425\bce_b16\_JOB_bce_b16_10_09_2026__07_13_model_f48_k4_epoch_00011_helu_osigmoid_(1, 1)_.h5

Epoch 11: val_loss improved from 0.35873 to 0.35668, saving model to C:\d_surucusu\visual_navigation\benchmark\models_pipeline\20260909_223425\bce_b16\_JOB_bce_b16_10_09_2026__07_13_best_val_loss_model_f48_k4.h5

Epoch 11: val_mae improved from 0.22539 to 0.22361, saving model to C:\d_surucusu\visual_navigation\benchmark\models_pipeline\20260909_223425\bce_b16\_JOB_bce_b16_10_09_2026__07_13_best_mae_model_f48_k4.h5

Epoch 11: val_ssim_metric did not improve from 0.56049

326/326 [==============================] - 277s 850ms/step - loss: 0.3934 - mae: 0.2437 - mse: 0.1223 - ssim_metric: 0.4662 - val_loss: 0.3567 - val_mae: 0.2236 - val_mse: 0.1088 - val_ssim_metric: 0.5001
Epoch 12/20

  1/326 [..............................] - ETA: 4:37 - loss: 0.4203 - mae: 0.2566 - mse: 0.1349 - ssim_metric: 0.4328
  2/326 [..............................] - ETA: 4:19 - loss: 0.4162 - mae: 0.2500 - mse: 0.1319 - ssim_metric: 0.4652
  3/326 [..............................] - ETA: 4:18 - loss: 0.4353 - mae: 0.2648 - mse: 0.1388 - ssim_metric: 0.4441
  4/326 [..............................] - ETA: 4:17 - loss: 0.4267 - mae: 0.2626 - mse: 0.1356 - ssim_metric: 0.4384
  5/326 [..............................] - ETA: 4:17 - loss: 0.4165 - mae: 0.2598 - mse: 0.1318 - ssim_metric: 0.4410
  6/326 [..............................] - ETA: 4:16 - loss: 0.4155 - mae: 0.2632 - mse: 0.1315 - ssim_metric: 0.4271
  7/326 [..............................] - ETA: 4:16 - loss: 0.4132 - mae: 0.2641 - mse: 0.1305 - ssim_metric: 0.4223
  8/326 [..............................] - ETA: 4:15 - loss: 0.4023 - mae: 0.2584 - mse: 0.1262 - ssim_metric: 0.4278
  9/326 [..............................] - ETA: 4:14 - loss: 0.3923 - mae: 0.2529 - mse: 0.1224 - ssim_metric: 0.4367
 10/326 [..............................] - ETA: 4:13 - loss: 0.3894 - mae: 0.2505 - mse: 0.1213 - ssim_metric: 0.4440
 11/326 [>.............................] - ETA: 4:12 - loss: 0.3929 - mae: 0.2511 - mse: 0.1230 - ssim_metric: 0.4479
 12/326 [>.............................] - ETA: 4:12 - loss: 0.3932 - mae: 0.2494 - mse: 0.1232 - ssim_metric: 0.4532
 13/326 [>.............................] - ETA: 4:11 - loss: 0.3984 - mae: 0.2495 - mse: 0.1250 - ssim_metric: 0.4568
 14/326 [>.............................] - ETA: 4:10 - loss: 0.4106 - mae: 0.2536 - mse: 0.1291 - ssim_metric: 0.4531
 15/326 [>.............................] - ETA: 4:09 - loss: 0.4006 - mae: 0.2478 - mse: 0.1255 - ssim_metric: 0.4645
 16/326 [>.............................] - ETA: 4:08 - loss: 0.4043 - mae: 0.2494 - mse: 0.1269 - ssim_metric: 0.4633
 17/326 [>.............................] - ETA: 4:07 - loss: 0.4030 - mae: 0.2493 - mse: 0.1264 - ssim_metric: 0.4637
 18/326 [>.............................] - ETA: 4:07 - loss: 0.4054 - mae: 0.2519 - mse: 0.1274 - ssim_metric: 0.4583
 19/326 [>.............................] - ETA: 4:06 - loss: 0.4059 - mae: 0.2534 - mse: 0.1275 - ssim_metric: 0.4550
 20/326 [>.............................] - ETA: 4:05 - loss: 0.4022 - mae: 0.2528 - mse: 0.1260 - ssim_metric: 0.4537
 21/326 [>.............................] - ETA: 4:04 - loss: 0.3976 - mae: 0.2508 - mse: 0.1242 - ssim_metric: 0.4551
 22/326 [=>............................] - ETA: 4:03 - loss: 0.3933 - mae: 0.2484 - mse: 0.1226 - ssim_metric: 0.4579
 23/326 [=>............................] - ETA: 4:03 - loss: 0.3890 - mae: 0.2455 - mse: 0.1211 - ssim_metric: 0.4652
 24/326 [=>............................] - ETA: 4:02 - loss: 0.3877 - mae: 0.2440 - mse: 0.1206 - ssim_metric: 0.4683
 25/326 [=>............................] - ETA: 4:01 - loss: 0.3921 - mae: 0.2449 - mse: 0.1222 - ssim_metric: 0.4675
 26/326 [=>............................] - ETA: 4:00 - loss: 0.3936 - mae: 0.2446 - mse: 0.1227 - ssim_metric: 0.4697
 27/326 [=>............................] - ETA: 3:59 - loss: 0.3923 - mae: 0.2434 - mse: 0.1223 - ssim_metric: 0.4726
 28/326 [=>............................] - ETA: 3:59 - loss: 0.3942 - mae: 0.2431 - mse: 0.1227 - ssim_metric: 0.4733
 29/326 [=>............................] - ETA: 3:58 - loss: 0.3929 - mae: 0.2423 - mse: 0.1223 - ssim_metric: 0.4737
 30/326 [=>............................] - ETA: 3:57 - loss: 0.3959 - mae: 0.2435 - mse: 0.1233 - ssim_metric: 0.4715
 31/326 [=>............................] - ETA: 3:56 - loss: 0.3960 - mae: 0.2440 - mse: 0.1234 - ssim_metric: 0.4689
 32/326 [=>............................] - ETA: 3:55 - loss: 0.3969 - mae: 0.2451 - mse: 0.1238 - ssim_metric: 0.4656
 33/326 [==>...........................] - ETA: 3:55 - loss: 0.3944 - mae: 0.2445 - mse: 0.1227 - ssim_metric: 0.4645
 34/326 [==>...........................] - ETA: 3:54 - loss: 0.3955 - mae: 0.2457 - mse: 0.1232 - ssim_metric: 0.4607
 35/326 [==>...........................] - ETA: 3:53 - loss: 0.3934 - mae: 0.2449 - mse: 0.1224 - ssim_metric: 0.4613
 36/326 [==>...........................] - ETA: 3:52 - loss: 0.3936 - mae: 0.2455 - mse: 0.1225 - ssim_metric: 0.4597
 37/326 [==>...........................] - ETA: 3:51 - loss: 0.3908 - mae: 0.2439 - mse: 0.1214 - ssim_metric: 0.4622
 38/326 [==>...........................] - ETA: 3:51 - loss: 0.3889 - mae: 0.2428 - mse: 0.1208 - ssim_metric: 0.4639
 39/326 [==>...........................] - ETA: 3:50 - loss: 0.3889 - mae: 0.2424 - mse: 0.1207 - ssim_metric: 0.4651
 40/326 [==>...........................] - ETA: 3:49 - loss: 0.3874 - mae: 0.2414 - mse: 0.1202 - ssim_metric: 0.4670
 41/326 [==>...........................] - ETA: 3:48 - loss: 0.3857 - mae: 0.2399 - mse: 0.1196 - ssim_metric: 0.4707
 42/326 [==>...........................] - ETA: 3:47 - loss: 0.3818 - mae: 0.2375 - mse: 0.1182 - ssim_metric: 0.4754
 43/326 [==>...........................] - ETA: 3:47 - loss: 0.3820 - mae: 0.2368 - mse: 0.1182 - ssim_metric: 0.4771
 44/326 [===>..........................] - ETA: 3:46 - loss: 0.3830 - mae: 0.2367 - mse: 0.1186 - ssim_metric: 0.4780
 45/326 [===>..........................] - ETA: 3:45 - loss: 0.3853 - mae: 0.2377 - mse: 0.1195 - ssim_metric: 0.4761
 46/326 [===>..........................] - ETA: 3:44 - loss: 0.3856 - mae: 0.2377 - mse: 0.1196 - ssim_metric: 0.4765
 47/326 [===>..........................] - ETA: 3:43 - loss: 0.3843 - mae: 0.2372 - mse: 0.1192 - ssim_metric: 0.4770
 48/326 [===>..........................] - ETA: 3:42 - loss: 0.3814 - mae: 0.2359 - mse: 0.1181 - ssim_metric: 0.4782
 49/326 [===>..........................] - ETA: 3:42 - loss: 0.3849 - mae: 0.2371 - mse: 0.1191 - ssim_metric: 0.4766
 50/326 [===>..........................] - ETA: 3:41 - loss: 0.3845 - mae: 0.2372 - mse: 0.1190 - ssim_metric: 0.4762
 51/326 [===>..........................] - ETA: 3:40 - loss: 0.3828 - mae: 0.2366 - mse: 0.1183 - ssim_metric: 0.4755
 52/326 [===>..........................] - ETA: 3:39 - loss: 0.3833 - mae: 0.2369 - mse: 0.1185 - ssim_metric: 0.4752
 53/326 [===>..........................] - ETA: 3:38 - loss: 0.3829 - mae: 0.2367 - mse: 0.1184 - ssim_metric: 0.4751
 54/326 [===>..........................] - ETA: 3:38 - loss: 0.3836 - mae: 0.2368 - mse: 0.1186 - ssim_metric: 0.4751
 55/326 [====>.........................] - ETA: 3:37 - loss: 0.3839 - mae: 0.2370 - mse: 0.1188 - ssim_metric: 0.4749
 56/326 [====>.........................] - ETA: 3:36 - loss: 0.3835 - mae: 0.2368 - mse: 0.1187 - ssim_metric: 0.4747
 57/326 [====>.........................] - ETA: 3:35 - loss: 0.3823 - mae: 0.2362 - mse: 0.1182 - ssim_metric: 0.4755
 58/326 [====>.........................] - ETA: 3:34 - loss: 0.3836 - mae: 0.2367 - mse: 0.1187 - ssim_metric: 0.4752
 59/326 [====>.........................] - ETA: 3:34 - loss: 0.3845 - mae: 0.2371 - mse: 0.1190 - ssim_metric: 0.4744
 60/326 [====>.........................] - ETA: 3:33 - loss: 0.3853 - mae: 0.2375 - mse: 0.1194 - ssim_metric: 0.4740
 61/326 [====>.........................] - ETA: 3:32 - loss: 0.3833 - mae: 0.2365 - mse: 0.1187 - ssim_metric: 0.4758
 62/326 [====>.........................] - ETA: 3:31 - loss: 0.3819 - mae: 0.2360 - mse: 0.1181 - ssim_metric: 0.4763
 63/326 [====>.........................] - ETA: 3:30 - loss: 0.3827 - mae: 0.2364 - mse: 0.1184 - ssim_metric: 0.4752
 64/326 [====>.........................] - ETA: 3:30 - loss: 0.3817 - mae: 0.2360 - mse: 0.1180 - ssim_metric: 0.4762
 65/326 [====>.........................] - ETA: 3:29 - loss: 0.3804 - mae: 0.2353 - mse: 0.1175 - ssim_metric: 0.4778
 66/326 [=====>........................] - ETA: 3:28 - loss: 0.3817 - mae: 0.2359 - mse: 0.1180 - ssim_metric: 0.4770
 67/326 [=====>........................] - ETA: 3:27 - loss: 0.3817 - mae: 0.2359 - mse: 0.1180 - ssim_metric: 0.4767
 68/326 [=====>........................] - ETA: 3:26 - loss: 0.3816 - mae: 0.2356 - mse: 0.1180 - ssim_metric: 0.4772
 69/326 [=====>........................] - ETA: 3:26 - loss: 0.3817 - mae: 0.2356 - mse: 0.1182 - ssim_metric: 0.4772
 70/326 [=====>........................] - ETA: 3:25 - loss: 0.3816 - mae: 0.2355 - mse: 0.1182 - ssim_metric: 0.4776
 71/326 [=====>........................] - ETA: 3:24 - loss: 0.3815 - mae: 0.2354 - mse: 0.1181 - ssim_metric: 0.4777
 72/326 [=====>........................] - ETA: 3:23 - loss: 0.3837 - mae: 0.2362 - mse: 0.1188 - ssim_metric: 0.4766
 73/326 [=====>........................] - ETA: 3:22 - loss: 0.3837 - mae: 0.2362 - mse: 0.1188 - ssim_metric: 0.4765
 74/326 [=====>........................] - ETA: 3:22 - loss: 0.3833 - mae: 0.2363 - mse: 0.1187 - ssim_metric: 0.4759
 75/326 [=====>........................] - ETA: 3:21 - loss: 0.3825 - mae: 0.2360 - mse: 0.1184 - ssim_metric: 0.4759
 76/326 [=====>........................] - ETA: 3:20 - loss: 0.3812 - mae: 0.2355 - mse: 0.1179 - ssim_metric: 0.4762
 77/326 [======>.......................] - ETA: 3:19 - loss: 0.3819 - mae: 0.2361 - mse: 0.1181 - ssim_metric: 0.4748
 78/326 [======>.......................] - ETA: 3:18 - loss: 0.3816 - mae: 0.2361 - mse: 0.1181 - ssim_metric: 0.4749
 79/326 [======>.......................] - ETA: 3:18 - loss: 0.3826 - mae: 0.2364 - mse: 0.1184 - ssim_metric: 0.4747
 80/326 [======>.......................] - ETA: 3:17 - loss: 0.3833 - mae: 0.2366 - mse: 0.1187 - ssim_metric: 0.4746
 81/326 [======>.......................] - ETA: 3:16 - loss: 0.3830 - mae: 0.2363 - mse: 0.1186 - ssim_metric: 0.4752
 82/326 [======>.......................] - ETA: 3:15 - loss: 0.3832 - mae: 0.2364 - mse: 0.1187 - ssim_metric: 0.4752
 83/326 [======>.......................] - ETA: 3:14 - loss: 0.3831 - mae: 0.2364 - mse: 0.1186 - ssim_metric: 0.4750
 84/326 [======>.......................] - ETA: 3:14 - loss: 0.3836 - mae: 0.2367 - mse: 0.1188 - ssim_metric: 0.4746
 85/326 [======>.......................] - ETA: 3:13 - loss: 0.3824 - mae: 0.2363 - mse: 0.1184 - ssim_metric: 0.4750
 86/326 [======>.......................] - ETA: 3:12 - loss: 0.3825 - mae: 0.2365 - mse: 0.1185 - ssim_metric: 0.4746
 87/326 [=======>......................] - ETA: 3:11 - loss: 0.3822 - mae: 0.2364 - mse: 0.1183 - ssim_metric: 0.4746
 88/326 [=======>......................] - ETA: 3:10 - loss: 0.3814 - mae: 0.2360 - mse: 0.1180 - ssim_metric: 0.4747
 89/326 [=======>......................] - ETA: 3:10 - loss: 0.3809 - mae: 0.2358 - mse: 0.1179 - ssim_metric: 0.4751
 90/326 [=======>......................] - ETA: 3:09 - loss: 0.3818 - mae: 0.2362 - mse: 0.1182 - ssim_metric: 0.4744
 91/326 [=======>......................] - ETA: 3:08 - loss: 0.3817 - mae: 0.2360 - mse: 0.1182 - ssim_metric: 0.4749
 92/326 [=======>......................] - ETA: 3:07 - loss: 0.3815 - mae: 0.2359 - mse: 0.1181 - ssim_metric: 0.4750
 93/326 [=======>......................] - ETA: 3:06 - loss: 0.3824 - mae: 0.2360 - mse: 0.1184 - ssim_metric: 0.4754
 94/326 [=======>......................] - ETA: 3:06 - loss: 0.3831 - mae: 0.2361 - mse: 0.1186 - ssim_metric: 0.4757
 95/326 [=======>......................] - ETA: 3:05 - loss: 0.3841 - mae: 0.2365 - mse: 0.1190 - ssim_metric: 0.4752
 96/326 [=======>......................] - ETA: 3:04 - loss: 0.3838 - mae: 0.2364 - mse: 0.1188 - ssim_metric: 0.4754
 97/326 [=======>......................] - ETA: 3:03 - loss: 0.3837 - mae: 0.2365 - mse: 0.1188 - ssim_metric: 0.4751
 98/326 [========>.....................] - ETA: 3:02 - loss: 0.3830 - mae: 0.2364 - mse: 0.1185 - ssim_metric: 0.4751
 99/326 [========>.....................] - ETA: 3:02 - loss: 0.3826 - mae: 0.2363 - mse: 0.1184 - ssim_metric: 0.4751
100/326 [========>.....................] - ETA: 3:01 - loss: 0.3827 - mae: 0.2365 - mse: 0.1184 - ssim_metric: 0.4746
101/326 [========>.....................] - ETA: 3:00 - loss: 0.3821 - mae: 0.2363 - mse: 0.1182 - ssim_metric: 0.4747
102/326 [========>.....................] - ETA: 2:59 - loss: 0.3814 - mae: 0.2361 - mse: 0.1179 - ssim_metric: 0.4749
103/326 [========>.....................] - ETA: 2:58 - loss: 0.3831 - mae: 0.2365 - mse: 0.1184 - ssim_metric: 0.4746
104/326 [========>.....................] - ETA: 2:58 - loss: 0.3830 - mae: 0.2364 - mse: 0.1184 - ssim_metric: 0.4750
105/326 [========>.....................] - ETA: 2:57 - loss: 0.3825 - mae: 0.2361 - mse: 0.1182 - ssim_metric: 0.4755
106/326 [========>.....................] - ETA: 2:56 - loss: 0.3816 - mae: 0.2356 - mse: 0.1179 - ssim_metric: 0.4764
107/326 [========>.....................] - ETA: 2:55 - loss: 0.3815 - mae: 0.2354 - mse: 0.1179 - ssim_metric: 0.4768
108/326 [========>.....................] - ETA: 2:54 - loss: 0.3835 - mae: 0.2360 - mse: 0.1185 - ssim_metric: 0.4763
109/326 [=========>....................] - ETA: 2:54 - loss: 0.3833 - mae: 0.2358 - mse: 0.1184 - ssim_metric: 0.4769
110/326 [=========>....................] - ETA: 2:53 - loss: 0.3838 - mae: 0.2361 - mse: 0.1186 - ssim_metric: 0.4765
111/326 [=========>....................] - ETA: 2:52 - loss: 0.3835 - mae: 0.2359 - mse: 0.1185 - ssim_metric: 0.4765
112/326 [=========>....................] - ETA: 2:51 - loss: 0.3836 - mae: 0.2360 - mse: 0.1185 - ssim_metric: 0.4762
113/326 [=========>....................] - ETA: 2:50 - loss: 0.3835 - mae: 0.2360 - mse: 0.1185 - ssim_metric: 0.4762
114/326 [=========>....................] - ETA: 2:50 - loss: 0.3832 - mae: 0.2360 - mse: 0.1184 - ssim_metric: 0.4760
115/326 [=========>....................] - ETA: 2:49 - loss: 0.3835 - mae: 0.2363 - mse: 0.1185 - ssim_metric: 0.4755
116/326 [=========>....................] - ETA: 2:48 - loss: 0.3837 - mae: 0.2365 - mse: 0.1186 - ssim_metric: 0.4750
117/326 [=========>....................] - ETA: 2:47 - loss: 0.3840 - mae: 0.2367 - mse: 0.1187 - ssim_metric: 0.4746
118/326 [=========>....................] - ETA: 2:46 - loss: 0.3834 - mae: 0.2364 - mse: 0.1185 - ssim_metric: 0.4754
119/326 [=========>....................] - ETA: 2:46 - loss: 0.3831 - mae: 0.2362 - mse: 0.1184 - ssim_metric: 0.4758
120/326 [==========>...................] - ETA: 2:45 - loss: 0.3829 - mae: 0.2362 - mse: 0.1183 - ssim_metric: 0.4760
121/326 [==========>...................] - ETA: 2:44 - loss: 0.3823 - mae: 0.2359 - mse: 0.1181 - ssim_metric: 0.4767
122/326 [==========>...................] - ETA: 2:43 - loss: 0.3827 - mae: 0.2359 - mse: 0.1182 - ssim_metric: 0.4770
123/326 [==========>...................] - ETA: 2:42 - loss: 0.3831 - mae: 0.2360 - mse: 0.1184 - ssim_metric: 0.4770
124/326 [==========>...................] - ETA: 2:42 - loss: 0.3836 - mae: 0.2362 - mse: 0.1186 - ssim_metric: 0.4765
125/326 [==========>...................] - ETA: 2:41 - loss: 0.3837 - mae: 0.2361 - mse: 0.1186 - ssim_metric: 0.4770
126/326 [==========>...................] - ETA: 2:40 - loss: 0.3833 - mae: 0.2359 - mse: 0.1184 - ssim_metric: 0.4771
127/326 [==========>...................] - ETA: 2:39 - loss: 0.3829 - mae: 0.2358 - mse: 0.1183 - ssim_metric: 0.4772
128/326 [==========>...................] - ETA: 2:38 - loss: 0.3824 - mae: 0.2356 - mse: 0.1181 - ssim_metric: 0.4774
129/326 [==========>...................] - ETA: 2:38 - loss: 0.3825 - mae: 0.2357 - mse: 0.1181 - ssim_metric: 0.4775
130/326 [==========>...................] - ETA: 2:37 - loss: 0.3835 - mae: 0.2362 - mse: 0.1185 - ssim_metric: 0.4767
131/326 [===========>..................] - ETA: 2:36 - loss: 0.3838 - mae: 0.2363 - mse: 0.1186 - ssim_metric: 0.4766
132/326 [===========>..................] - ETA: 2:35 - loss: 0.3838 - mae: 0.2364 - mse: 0.1186 - ssim_metric: 0.4767
133/326 [===========>..................] - ETA: 2:34 - loss: 0.3837 - mae: 0.2364 - mse: 0.1186 - ssim_metric: 0.4767
134/326 [===========>..................] - ETA: 2:34 - loss: 0.3841 - mae: 0.2366 - mse: 0.1187 - ssim_metric: 0.4764
135/326 [===========>..................] - ETA: 2:33 - loss: 0.3845 - mae: 0.2369 - mse: 0.1189 - ssim_metric: 0.4758
136/326 [===========>..................] - ETA: 2:32 - loss: 0.3847 - mae: 0.2372 - mse: 0.1190 - ssim_metric: 0.4753
137/326 [===========>..................] - ETA: 2:31 - loss: 0.3843 - mae: 0.2371 - mse: 0.1188 - ssim_metric: 0.4751
138/326 [===========>..................] - ETA: 2:30 - loss: 0.3847 - mae: 0.2374 - mse: 0.1190 - ssim_metric: 0.4743
139/326 [===========>..................] - ETA: 2:30 - loss: 0.3846 - mae: 0.2375 - mse: 0.1190 - ssim_metric: 0.4741
140/326 [===========>..................] - ETA: 2:29 - loss: 0.3847 - mae: 0.2375 - mse: 0.1190 - ssim_metric: 0.4741
141/326 [===========>..................] - ETA: 2:28 - loss: 0.3847 - mae: 0.2375 - mse: 0.1190 - ssim_metric: 0.4742
142/326 [============>.................] - ETA: 2:27 - loss: 0.3844 - mae: 0.2373 - mse: 0.1189 - ssim_metric: 0.4747
143/326 [============>.................] - ETA: 2:26 - loss: 0.3846 - mae: 0.2374 - mse: 0.1190 - ssim_metric: 0.4745
144/326 [============>.................] - ETA: 2:26 - loss: 0.3844 - mae: 0.2373 - mse: 0.1189 - ssim_metric: 0.4745
145/326 [============>.................] - ETA: 2:25 - loss: 0.3842 - mae: 0.2372 - mse: 0.1189 - ssim_metric: 0.4749
146/326 [============>.................] - ETA: 2:24 - loss: 0.3841 - mae: 0.2370 - mse: 0.1188 - ssim_metric: 0.4753
147/326 [============>.................] - ETA: 2:23 - loss: 0.3847 - mae: 0.2373 - mse: 0.1190 - ssim_metric: 0.4750
148/326 [============>.................] - ETA: 2:22 - loss: 0.3843 - mae: 0.2371 - mse: 0.1189 - ssim_metric: 0.4753
149/326 [============>.................] - ETA: 2:22 - loss: 0.3846 - mae: 0.2373 - mse: 0.1190 - ssim_metric: 0.4747
150/326 [============>.................] - ETA: 2:21 - loss: 0.3844 - mae: 0.2373 - mse: 0.1189 - ssim_metric: 0.4745
151/326 [============>.................] - ETA: 2:20 - loss: 0.3850 - mae: 0.2377 - mse: 0.1192 - ssim_metric: 0.4736
152/326 [============>.................] - ETA: 2:19 - loss: 0.3855 - mae: 0.2379 - mse: 0.1193 - ssim_metric: 0.4734
153/326 [=============>................] - ETA: 2:18 - loss: 0.3852 - mae: 0.2378 - mse: 0.1192 - ssim_metric: 0.4735
154/326 [=============>................] - ETA: 2:18 - loss: 0.3850 - mae: 0.2377 - mse: 0.1192 - ssim_metric: 0.4735
155/326 [=============>................] - ETA: 2:17 - loss: 0.3852 - mae: 0.2377 - mse: 0.1192 - ssim_metric: 0.4736
156/326 [=============>................] - ETA: 2:16 - loss: 0.3848 - mae: 0.2375 - mse: 0.1191 - ssim_metric: 0.4738
157/326 [=============>................] - ETA: 2:15 - loss: 0.3849 - mae: 0.2376 - mse: 0.1191 - ssim_metric: 0.4737
158/326 [=============>................] - ETA: 2:14 - loss: 0.3858 - mae: 0.2378 - mse: 0.1194 - ssim_metric: 0.4738
159/326 [=============>................] - ETA: 2:13 - loss: 0.3861 - mae: 0.2379 - mse: 0.1195 - ssim_metric: 0.4737
160/326 [=============>................] - ETA: 2:13 - loss: 0.3859 - mae: 0.2379 - mse: 0.1195 - ssim_metric: 0.4737
161/326 [=============>................] - ETA: 2:12 - loss: 0.3862 - mae: 0.2381 - mse: 0.1196 - ssim_metric: 0.4732
162/326 [=============>................] - ETA: 2:11 - loss: 0.3859 - mae: 0.2381 - mse: 0.1195 - ssim_metric: 0.4730
163/326 [==============>...............] - ETA: 2:10 - loss: 0.3856 - mae: 0.2381 - mse: 0.1193 - ssim_metric: 0.4730
164/326 [==============>...............] - ETA: 2:09 - loss: 0.3854 - mae: 0.2380 - mse: 0.1193 - ssim_metric: 0.4731
165/326 [==============>...............] - ETA: 2:09 - loss: 0.3856 - mae: 0.2381 - mse: 0.1194 - ssim_metric: 0.4731
166/326 [==============>...............] - ETA: 2:08 - loss: 0.3862 - mae: 0.2383 - mse: 0.1196 - ssim_metric: 0.4727
167/326 [==============>...............] - ETA: 2:07 - loss: 0.3861 - mae: 0.2384 - mse: 0.1195 - ssim_metric: 0.4726
168/326 [==============>...............] - ETA: 2:06 - loss: 0.3864 - mae: 0.2386 - mse: 0.1197 - ssim_metric: 0.4724
169/326 [==============>...............] - ETA: 2:05 - loss: 0.3861 - mae: 0.2384 - mse: 0.1196 - ssim_metric: 0.4727
170/326 [==============>...............] - ETA: 2:05 - loss: 0.3863 - mae: 0.2385 - mse: 0.1197 - ssim_metric: 0.4725
171/326 [==============>...............] - ETA: 2:04 - loss: 0.3861 - mae: 0.2385 - mse: 0.1196 - ssim_metric: 0.4726
172/326 [==============>...............] - ETA: 2:03 - loss: 0.3858 - mae: 0.2382 - mse: 0.1195 - ssim_metric: 0.4732
173/326 [==============>...............] - ETA: 2:02 - loss: 0.3860 - mae: 0.2383 - mse: 0.1196 - ssim_metric: 0.4730
174/326 [===============>..............] - ETA: 2:01 - loss: 0.3858 - mae: 0.2382 - mse: 0.1195 - ssim_metric: 0.4728
175/326 [===============>..............] - ETA: 2:01 - loss: 0.3860 - mae: 0.2383 - mse: 0.1196 - ssim_metric: 0.4726
176/326 [===============>..............] - ETA: 2:00 - loss: 0.3860 - mae: 0.2384 - mse: 0.1196 - ssim_metric: 0.4726
177/326 [===============>..............] - ETA: 1:59 - loss: 0.3861 - mae: 0.2384 - mse: 0.1197 - ssim_metric: 0.4726
178/326 [===============>..............] - ETA: 1:58 - loss: 0.3870 - mae: 0.2388 - mse: 0.1200 - ssim_metric: 0.4720
179/326 [===============>..............] - ETA: 1:57 - loss: 0.3872 - mae: 0.2389 - mse: 0.1200 - ssim_metric: 0.4718
180/326 [===============>..............] - ETA: 1:57 - loss: 0.3872 - mae: 0.2390 - mse: 0.1201 - ssim_metric: 0.4712
181/326 [===============>..............] - ETA: 1:56 - loss: 0.3878 - mae: 0.2395 - mse: 0.1203 - ssim_metric: 0.4702
182/326 [===============>..............] - ETA: 1:55 - loss: 0.3878 - mae: 0.2397 - mse: 0.1203 - ssim_metric: 0.4696
183/326 [===============>..............] - ETA: 1:54 - loss: 0.3877 - mae: 0.2398 - mse: 0.1202 - ssim_metric: 0.4693
184/326 [===============>..............] - ETA: 1:53 - loss: 0.3877 - mae: 0.2399 - mse: 0.1202 - ssim_metric: 0.4692
185/326 [================>.............] - ETA: 1:53 - loss: 0.3879 - mae: 0.2400 - mse: 0.1203 - ssim_metric: 0.4690
186/326 [================>.............] - ETA: 1:52 - loss: 0.3885 - mae: 0.2404 - mse: 0.1206 - ssim_metric: 0.4683
187/326 [================>.............] - ETA: 1:51 - loss: 0.3889 - mae: 0.2406 - mse: 0.1207 - ssim_metric: 0.4682
188/326 [================>.............] - ETA: 1:50 - loss: 0.3893 - mae: 0.2407 - mse: 0.1208 - ssim_metric: 0.4684
189/326 [================>.............] - ETA: 1:49 - loss: 0.3891 - mae: 0.2406 - mse: 0.1207 - ssim_metric: 0.4684
190/326 [================>.............] - ETA: 1:49 - loss: 0.3889 - mae: 0.2406 - mse: 0.1206 - ssim_metric: 0.4682
191/326 [================>.............] - ETA: 1:48 - loss: 0.3888 - mae: 0.2406 - mse: 0.1206 - ssim_metric: 0.4680
192/326 [================>.............] - ETA: 1:47 - loss: 0.3887 - mae: 0.2406 - mse: 0.1206 - ssim_metric: 0.4681
193/326 [================>.............] - ETA: 1:46 - loss: 0.3889 - mae: 0.2407 - mse: 0.1206 - ssim_metric: 0.4681
194/326 [================>.............] - ETA: 1:45 - loss: 0.3884 - mae: 0.2404 - mse: 0.1205 - ssim_metric: 0.4686
195/326 [================>.............] - ETA: 1:45 - loss: 0.3887 - mae: 0.2404 - mse: 0.1206 - ssim_metric: 0.4689
196/326 [=================>............] - ETA: 1:44 - loss: 0.3892 - mae: 0.2405 - mse: 0.1207 - ssim_metric: 0.4690
197/326 [=================>............] - ETA: 1:43 - loss: 0.3889 - mae: 0.2403 - mse: 0.1206 - ssim_metric: 0.4695
198/326 [=================>............] - ETA: 1:42 - loss: 0.3888 - mae: 0.2402 - mse: 0.1206 - ssim_metric: 0.4698
199/326 [=================>............] - ETA: 1:41 - loss: 0.3888 - mae: 0.2402 - mse: 0.1206 - ssim_metric: 0.4699
200/326 [=================>............] - ETA: 1:41 - loss: 0.3888 - mae: 0.2402 - mse: 0.1206 - ssim_metric: 0.4698
201/326 [=================>............] - ETA: 1:40 - loss: 0.3887 - mae: 0.2402 - mse: 0.1206 - ssim_metric: 0.4697
202/326 [=================>............] - ETA: 1:39 - loss: 0.3892 - mae: 0.2404 - mse: 0.1207 - ssim_metric: 0.4698
203/326 [=================>............] - ETA: 1:38 - loss: 0.3896 - mae: 0.2407 - mse: 0.1209 - ssim_metric: 0.4694
204/326 [=================>............] - ETA: 1:37 - loss: 0.3895 - mae: 0.2407 - mse: 0.1208 - ssim_metric: 0.4693
205/326 [=================>............] - ETA: 1:37 - loss: 0.3891 - mae: 0.2406 - mse: 0.1207 - ssim_metric: 0.4693
206/326 [=================>............] - ETA: 1:36 - loss: 0.3890 - mae: 0.2406 - mse: 0.1207 - ssim_metric: 0.4693
207/326 [==================>...........] - ETA: 1:35 - loss: 0.3890 - mae: 0.2406 - mse: 0.1206 - ssim_metric: 0.4693
208/326 [==================>...........] - ETA: 1:34 - loss: 0.3889 - mae: 0.2406 - mse: 0.1206 - ssim_metric: 0.4694
209/326 [==================>...........] - ETA: 1:33 - loss: 0.3889 - mae: 0.2406 - mse: 0.1206 - ssim_metric: 0.4696
210/326 [==================>...........] - ETA: 1:33 - loss: 0.3891 - mae: 0.2407 - mse: 0.1207 - ssim_metric: 0.4695
211/326 [==================>...........] - ETA: 1:32 - loss: 0.3891 - mae: 0.2405 - mse: 0.1207 - ssim_metric: 0.4700
212/326 [==================>...........] - ETA: 1:31 - loss: 0.3889 - mae: 0.2405 - mse: 0.1206 - ssim_metric: 0.4701
213/326 [==================>...........] - ETA: 1:30 - loss: 0.3887 - mae: 0.2403 - mse: 0.1205 - ssim_metric: 0.4704
214/326 [==================>...........] - ETA: 1:29 - loss: 0.3888 - mae: 0.2404 - mse: 0.1206 - ssim_metric: 0.4703
215/326 [==================>...........] - ETA: 1:29 - loss: 0.3888 - mae: 0.2404 - mse: 0.1206 - ssim_metric: 0.4702
216/326 [==================>...........] - ETA: 1:28 - loss: 0.3886 - mae: 0.2402 - mse: 0.1205 - ssim_metric: 0.4704
217/326 [==================>...........] - ETA: 1:27 - loss: 0.3887 - mae: 0.2403 - mse: 0.1206 - ssim_metric: 0.4703
218/326 [===================>..........] - ETA: 1:26 - loss: 0.3888 - mae: 0.2403 - mse: 0.1206 - ssim_metric: 0.4703
219/326 [===================>..........] - ETA: 1:25 - loss: 0.3887 - mae: 0.2403 - mse: 0.1206 - ssim_metric: 0.4703
220/326 [===================>..........] - ETA: 1:25 - loss: 0.3890 - mae: 0.2404 - mse: 0.1207 - ssim_metric: 0.4699
221/326 [===================>..........] - ETA: 1:24 - loss: 0.3892 - mae: 0.2406 - mse: 0.1208 - ssim_metric: 0.4695
222/326 [===================>..........] - ETA: 1:23 - loss: 0.3894 - mae: 0.2408 - mse: 0.1208 - ssim_metric: 0.4691
223/326 [===================>..........] - ETA: 1:22 - loss: 0.3892 - mae: 0.2408 - mse: 0.1208 - ssim_metric: 0.4691
224/326 [===================>..........] - ETA: 1:21 - loss: 0.3895 - mae: 0.2409 - mse: 0.1209 - ssim_metric: 0.4688
225/326 [===================>..........] - ETA: 1:21 - loss: 0.3897 - mae: 0.2410 - mse: 0.1210 - ssim_metric: 0.4686
226/326 [===================>..........] - ETA: 1:20 - loss: 0.3897 - mae: 0.2411 - mse: 0.1210 - ssim_metric: 0.4686
227/326 [===================>..........] - ETA: 1:19 - loss: 0.3895 - mae: 0.2409 - mse: 0.1209 - ssim_metric: 0.4688
228/326 [===================>..........] - ETA: 1:18 - loss: 0.3894 - mae: 0.2409 - mse: 0.1209 - ssim_metric: 0.4690
229/326 [====================>.........] - ETA: 1:17 - loss: 0.3898 - mae: 0.2411 - mse: 0.1210 - ssim_metric: 0.4685
230/326 [====================>.........] - ETA: 1:17 - loss: 0.3897 - mae: 0.2411 - mse: 0.1210 - ssim_metric: 0.4685
231/326 [====================>.........] - ETA: 1:16 - loss: 0.3896 - mae: 0.2411 - mse: 0.1209 - ssim_metric: 0.4685
232/326 [====================>.........] - ETA: 1:15 - loss: 0.3895 - mae: 0.2410 - mse: 0.1209 - ssim_metric: 0.4686
233/326 [====================>.........] - ETA: 1:14 - loss: 0.3896 - mae: 0.2410 - mse: 0.1209 - ssim_metric: 0.4687
234/326 [====================>.........] - ETA: 1:13 - loss: 0.3899 - mae: 0.2412 - mse: 0.1210 - ssim_metric: 0.4683
235/326 [====================>.........] - ETA: 1:13 - loss: 0.3898 - mae: 0.2412 - mse: 0.1210 - ssim_metric: 0.4683
236/326 [====================>.........] - ETA: 1:12 - loss: 0.3893 - mae: 0.2409 - mse: 0.1208 - ssim_metric: 0.4688
237/326 [====================>.........] - ETA: 1:11 - loss: 0.3891 - mae: 0.2408 - mse: 0.1208 - ssim_metric: 0.4692
238/326 [====================>.........] - ETA: 1:10 - loss: 0.3892 - mae: 0.2408 - mse: 0.1208 - ssim_metric: 0.4692
239/326 [====================>.........] - ETA: 1:09 - loss: 0.3887 - mae: 0.2405 - mse: 0.1206 - ssim_metric: 0.4698
240/326 [=====================>........] - ETA: 1:08 - loss: 0.3887 - mae: 0.2404 - mse: 0.1206 - ssim_metric: 0.4701
241/326 [=====================>........] - ETA: 1:08 - loss: 0.3886 - mae: 0.2403 - mse: 0.1206 - ssim_metric: 0.4702
242/326 [=====================>........] - ETA: 1:07 - loss: 0.3882 - mae: 0.2401 - mse: 0.1204 - ssim_metric: 0.4707
243/326 [=====================>........] - ETA: 1:06 - loss: 0.3881 - mae: 0.2400 - mse: 0.1204 - ssim_metric: 0.4710
244/326 [=====================>........] - ETA: 1:05 - loss: 0.3882 - mae: 0.2400 - mse: 0.1205 - ssim_metric: 0.4710
245/326 [=====================>........] - ETA: 1:04 - loss: 0.3883 - mae: 0.2401 - mse: 0.1205 - ssim_metric: 0.4708
246/326 [=====================>........] - ETA: 1:04 - loss: 0.3881 - mae: 0.2400 - mse: 0.1204 - ssim_metric: 0.4710
247/326 [=====================>........] - ETA: 1:03 - loss: 0.3881 - mae: 0.2400 - mse: 0.1204 - ssim_metric: 0.4710
248/326 [=====================>........] - ETA: 1:02 - loss: 0.3884 - mae: 0.2402 - mse: 0.1205 - ssim_metric: 0.4709
249/326 [=====================>........] - ETA: 1:01 - loss: 0.3887 - mae: 0.2403 - mse: 0.1206 - ssim_metric: 0.4706
250/326 [======================>.......] - ETA: 1:00 - loss: 0.3885 - mae: 0.2403 - mse: 0.1206 - ssim_metric: 0.4705
251/326 [======================>.......] - ETA: 1:00 - loss: 0.3884 - mae: 0.2403 - mse: 0.1205 - ssim_metric: 0.4704
252/326 [======================>.......] - ETA: 59s - loss: 0.3880 - mae: 0.2402 - mse: 0.1204 - ssim_metric: 0.4705 
253/326 [======================>.......] - ETA: 58s - loss: 0.3886 - mae: 0.2404 - mse: 0.1206 - ssim_metric: 0.4703
254/326 [======================>.......] - ETA: 57s - loss: 0.3885 - mae: 0.2404 - mse: 0.1206 - ssim_metric: 0.4704
255/326 [======================>.......] - ETA: 56s - loss: 0.3883 - mae: 0.2403 - mse: 0.1205 - ssim_metric: 0.4705
256/326 [======================>.......] - ETA: 56s - loss: 0.3885 - mae: 0.2404 - mse: 0.1206 - ssim_metric: 0.4705
257/326 [======================>.......] - ETA: 55s - loss: 0.3885 - mae: 0.2404 - mse: 0.1206 - ssim_metric: 0.4706
258/326 [======================>.......] - ETA: 54s - loss: 0.3888 - mae: 0.2404 - mse: 0.1207 - ssim_metric: 0.4705
259/326 [======================>.......] - ETA: 53s - loss: 0.3890 - mae: 0.2405 - mse: 0.1207 - ssim_metric: 0.4703
260/326 [======================>.......] - ETA: 52s - loss: 0.3887 - mae: 0.2404 - mse: 0.1206 - ssim_metric: 0.4704
261/326 [=======================>......] - ETA: 52s - loss: 0.3888 - mae: 0.2404 - mse: 0.1207 - ssim_metric: 0.4704
262/326 [=======================>......] - ETA: 51s - loss: 0.3885 - mae: 0.2402 - mse: 0.1205 - ssim_metric: 0.4704
263/326 [=======================>......] - ETA: 50s - loss: 0.3889 - mae: 0.2404 - mse: 0.1207 - ssim_metric: 0.4702
264/326 [=======================>......] - ETA: 49s - loss: 0.3890 - mae: 0.2405 - mse: 0.1207 - ssim_metric: 0.4701
265/326 [=======================>......] - ETA: 48s - loss: 0.3891 - mae: 0.2406 - mse: 0.1208 - ssim_metric: 0.4699
266/326 [=======================>......] - ETA: 48s - loss: 0.3892 - mae: 0.2407 - mse: 0.1208 - ssim_metric: 0.4695
267/326 [=======================>......] - ETA: 47s - loss: 0.3893 - mae: 0.2408 - mse: 0.1208 - ssim_metric: 0.4692
268/326 [=======================>......] - ETA: 46s - loss: 0.3894 - mae: 0.2410 - mse: 0.1209 - ssim_metric: 0.4688
269/326 [=======================>......] - ETA: 45s - loss: 0.3893 - mae: 0.2410 - mse: 0.1208 - ssim_metric: 0.4687
270/326 [=======================>......] - ETA: 44s - loss: 0.3895 - mae: 0.2411 - mse: 0.1209 - ssim_metric: 0.4685
271/326 [=======================>......] - ETA: 44s - loss: 0.3896 - mae: 0.2412 - mse: 0.1210 - ssim_metric: 0.4684
272/326 [========================>.....] - ETA: 43s - loss: 0.3895 - mae: 0.2412 - mse: 0.1209 - ssim_metric: 0.4685
273/326 [========================>.....] - ETA: 42s - loss: 0.3892 - mae: 0.2410 - mse: 0.1208 - ssim_metric: 0.4687
274/326 [========================>.....] - ETA: 41s - loss: 0.3893 - mae: 0.2411 - mse: 0.1209 - ssim_metric: 0.4686
275/326 [========================>.....] - ETA: 40s - loss: 0.3895 - mae: 0.2411 - mse: 0.1209 - ssim_metric: 0.4688
276/326 [========================>.....] - ETA: 40s - loss: 0.3895 - mae: 0.2411 - mse: 0.1209 - ssim_metric: 0.4688
277/326 [========================>.....] - ETA: 39s - loss: 0.3898 - mae: 0.2412 - mse: 0.1210 - ssim_metric: 0.4686
278/326 [========================>.....] - ETA: 38s - loss: 0.3897 - mae: 0.2412 - mse: 0.1210 - ssim_metric: 0.4687
279/326 [========================>.....] - ETA: 37s - loss: 0.3894 - mae: 0.2411 - mse: 0.1209 - ssim_metric: 0.4691
280/326 [========================>.....] - ETA: 36s - loss: 0.3893 - mae: 0.2410 - mse: 0.1209 - ssim_metric: 0.4691
281/326 [========================>.....] - ETA: 36s - loss: 0.3896 - mae: 0.2411 - mse: 0.1210 - ssim_metric: 0.4689
282/326 [========================>.....] - ETA: 35s - loss: 0.3897 - mae: 0.2412 - mse: 0.1210 - ssim_metric: 0.4690
283/326 [=========================>....] - ETA: 34s - loss: 0.3902 - mae: 0.2414 - mse: 0.1212 - ssim_metric: 0.4687
284/326 [=========================>....] - ETA: 33s - loss: 0.3900 - mae: 0.2414 - mse: 0.1211 - ssim_metric: 0.4686
285/326 [=========================>....] - ETA: 32s - loss: 0.3902 - mae: 0.2416 - mse: 0.1212 - ssim_metric: 0.4683
286/326 [=========================>....] - ETA: 32s - loss: 0.3903 - mae: 0.2416 - mse: 0.1212 - ssim_metric: 0.4681
287/326 [=========================>....] - ETA: 31s - loss: 0.3907 - mae: 0.2418 - mse: 0.1214 - ssim_metric: 0.4680
288/326 [=========================>....] - ETA: 30s - loss: 0.3910 - mae: 0.2420 - mse: 0.1215 - ssim_metric: 0.4677
289/326 [=========================>....] - ETA: 29s - loss: 0.3910 - mae: 0.2420 - mse: 0.1215 - ssim_metric: 0.4676
290/326 [=========================>....] - ETA: 28s - loss: 0.3913 - mae: 0.2422 - mse: 0.1216 - ssim_metric: 0.4674
291/326 [=========================>....] - ETA: 28s - loss: 0.3915 - mae: 0.2423 - mse: 0.1217 - ssim_metric: 0.4672
292/326 [=========================>....] - ETA: 27s - loss: 0.3912 - mae: 0.2422 - mse: 0.1216 - ssim_metric: 0.4671
293/326 [=========================>....] - ETA: 26s - loss: 0.3911 - mae: 0.2422 - mse: 0.1215 - ssim_metric: 0.4671
294/326 [==========================>...] - ETA: 25s - loss: 0.3913 - mae: 0.2424 - mse: 0.1216 - ssim_metric: 0.4668
295/326 [==========================>...] - ETA: 24s - loss: 0.3914 - mae: 0.2424 - mse: 0.1216 - ssim_metric: 0.4667
296/326 [==========================>...] - ETA: 24s - loss: 0.3911 - mae: 0.2423 - mse: 0.1215 - ssim_metric: 0.4668
297/326 [==========================>...] - ETA: 23s - loss: 0.3913 - mae: 0.2424 - mse: 0.1216 - ssim_metric: 0.4668
298/326 [==========================>...] - ETA: 22s - loss: 0.3908 - mae: 0.2422 - mse: 0.1214 - ssim_metric: 0.4672
299/326 [==========================>...] - ETA: 21s - loss: 0.3906 - mae: 0.2420 - mse: 0.1213 - ssim_metric: 0.4674
300/326 [==========================>...] - ETA: 20s - loss: 0.3907 - mae: 0.2420 - mse: 0.1214 - ssim_metric: 0.4676
301/326 [==========================>...] - ETA: 20s - loss: 0.3904 - mae: 0.2418 - mse: 0.1212 - ssim_metric: 0.4680
302/326 [==========================>...] - ETA: 19s - loss: 0.3908 - mae: 0.2420 - mse: 0.1214 - ssim_metric: 0.4677
303/326 [==========================>...] - ETA: 18s - loss: 0.3908 - mae: 0.2419 - mse: 0.1214 - ssim_metric: 0.4677
304/326 [==========================>...] - ETA: 17s - loss: 0.3909 - mae: 0.2420 - mse: 0.1214 - ssim_metric: 0.4677
305/326 [===========================>..] - ETA: 16s - loss: 0.3909 - mae: 0.2420 - mse: 0.1214 - ssim_metric: 0.4676
306/326 [===========================>..] - ETA: 16s - loss: 0.3909 - mae: 0.2420 - mse: 0.1214 - ssim_metric: 0.4675
307/326 [===========================>..] - ETA: 15s - loss: 0.3910 - mae: 0.2421 - mse: 0.1215 - ssim_metric: 0.4674
308/326 [===========================>..] - ETA: 14s - loss: 0.3908 - mae: 0.2420 - mse: 0.1214 - ssim_metric: 0.4676
309/326 [===========================>..] - ETA: 13s - loss: 0.3908 - mae: 0.2420 - mse: 0.1214 - ssim_metric: 0.4676
310/326 [===========================>..] - ETA: 12s - loss: 0.3908 - mae: 0.2420 - mse: 0.1214 - ssim_metric: 0.4675
311/326 [===========================>..] - ETA: 12s - loss: 0.3906 - mae: 0.2420 - mse: 0.1214 - ssim_metric: 0.4676
312/326 [===========================>..] - ETA: 11s - loss: 0.3906 - mae: 0.2419 - mse: 0.1213 - ssim_metric: 0.4675
313/326 [===========================>..] - ETA: 10s - loss: 0.3907 - mae: 0.2420 - mse: 0.1214 - ssim_metric: 0.4676
314/326 [===========================>..] - ETA: 9s - loss: 0.3909 - mae: 0.2420 - mse: 0.1215 - ssim_metric: 0.4678 
315/326 [===========================>..] - ETA: 8s - loss: 0.3911 - mae: 0.2421 - mse: 0.1215 - ssim_metric: 0.4676
316/326 [============================>.] - ETA: 8s - loss: 0.3911 - mae: 0.2421 - mse: 0.1215 - ssim_metric: 0.4675
317/326 [============================>.] - ETA: 7s - loss: 0.3909 - mae: 0.2420 - mse: 0.1214 - ssim_metric: 0.4677
318/326 [============================>.] - ETA: 6s - loss: 0.3907 - mae: 0.2419 - mse: 0.1214 - ssim_metric: 0.4677
319/326 [============================>.] - ETA: 5s - loss: 0.3912 - mae: 0.2422 - mse: 0.1216 - ssim_metric: 0.4675
320/326 [============================>.] - ETA: 4s - loss: 0.3912 - mae: 0.2422 - mse: 0.1215 - ssim_metric: 0.4673
321/326 [============================>.] - ETA: 4s - loss: 0.3913 - mae: 0.2423 - mse: 0.1216 - ssim_metric: 0.4671
322/326 [============================>.] - ETA: 3s - loss: 0.3911 - mae: 0.2423 - mse: 0.1215 - ssim_metric: 0.4671
323/326 [============================>.] - ETA: 2s - loss: 0.3911 - mae: 0.2422 - mse: 0.1215 - ssim_metric: 0.4671
324/326 [============================>.] - ETA: 1s - loss: 0.3915 - mae: 0.2424 - mse: 0.1217 - ssim_metric: 0.4669
325/326 [============================>.] - ETA: 0s - loss: 0.3915 - mae: 0.2424 - mse: 0.1216 - ssim_metric: 0.4668
326/326 [==============================] - ETA: 0s - loss: 0.3917 - mae: 0.2425 - mse: 0.1217 - ssim_metric: 0.4669
Epoch 12: saving model to C:\d_surucusu\visual_navigation\benchmark\models_pipeline\20260909_223425\bce_b16\_JOB_bce_b16_10_09_2026__07_13_model_f48_k4_epoch_00012_helu_osigmoid_(1, 1)_.h5

Epoch 12: val_loss improved from 0.35668 to 0.35493, saving model to C:\d_surucusu\visual_navigation\benchmark\models_pipeline\20260909_223425\bce_b16\_JOB_bce_b16_10_09_2026__07_13_best_val_loss_model_f48_k4.h5

Epoch 12: val_mae improved from 0.22361 to 0.22184, saving model to C:\d_surucusu\visual_navigation\benchmark\models_pipeline\20260909_223425\bce_b16\_JOB_bce_b16_10_09_2026__07_13_best_mae_model_f48_k4.h5

Epoch 12: val_ssim_metric did not improve from 0.56049

326/326 [==============================] - 277s 851ms/step - loss: 0.3917 - mae: 0.2425 - mse: 0.1217 - ssim_metric: 0.4669 - val_loss: 0.3549 - val_mae: 0.2218 - val_mse: 0.1082 - val_ssim_metric: 0.5018
Epoch 13/20

  1/326 [..............................] - ETA: 4:37 - loss: 0.4180 - mae: 0.2546 - mse: 0.1340 - ssim_metric: 0.4346
  2/326 [..............................] - ETA: 4:18 - loss: 0.4141 - mae: 0.2483 - mse: 0.1311 - ssim_metric: 0.4654
  3/326 [..............................] - ETA: 4:18 - loss: 0.4326 - mae: 0.2631 - mse: 0.1378 - ssim_metric: 0.4430
  4/326 [..............................] - ETA: 4:17 - loss: 0.4242 - mae: 0.2611 - mse: 0.1347 - ssim_metric: 0.4366
  5/326 [..............................] - ETA: 4:16 - loss: 0.4143 - mae: 0.2586 - mse: 0.1310 - ssim_metric: 0.4383
  6/326 [..............................] - ETA: 4:16 - loss: 0.4136 - mae: 0.2622 - mse: 0.1308 - ssim_metric: 0.4241
  7/326 [..............................] - ETA: 4:15 - loss: 0.4116 - mae: 0.2632 - mse: 0.1299 - ssim_metric: 0.4187
  8/326 [..............................] - ETA: 4:14 - loss: 0.4008 - mae: 0.2576 - mse: 0.1256 - ssim_metric: 0.4246
  9/326 [..............................] - ETA: 4:13 - loss: 0.3908 - mae: 0.2521 - mse: 0.1218 - ssim_metric: 0.4338
 10/326 [..............................] - ETA: 4:13 - loss: 0.3879 - mae: 0.2497 - mse: 0.1208 - ssim_metric: 0.4413
 11/326 [>.............................] - ETA: 4:12 - loss: 0.3914 - mae: 0.2504 - mse: 0.1224 - ssim_metric: 0.4454
 12/326 [>.............................] - ETA: 4:11 - loss: 0.3916 - mae: 0.2487 - mse: 0.1226 - ssim_metric: 0.4509
 13/326 [>.............................] - ETA: 4:10 - loss: 0.3967 - mae: 0.2488 - mse: 0.1244 - ssim_metric: 0.4547
 14/326 [>.............................] - ETA: 4:09 - loss: 0.4089 - mae: 0.2530 - mse: 0.1285 - ssim_metric: 0.4509
 15/326 [>.............................] - ETA: 4:09 - loss: 0.3989 - mae: 0.2472 - mse: 0.1249 - ssim_metric: 0.4627
 16/326 [>.............................] - ETA: 4:08 - loss: 0.4026 - mae: 0.2487 - mse: 0.1263 - ssim_metric: 0.4618
 17/326 [>.............................] - ETA: 4:07 - loss: 0.4013 - mae: 0.2486 - mse: 0.1258 - ssim_metric: 0.4626
 18/326 [>.............................] - ETA: 4:06 - loss: 0.4038 - mae: 0.2511 - mse: 0.1268 - ssim_metric: 0.4574
 19/326 [>.............................] - ETA: 4:05 - loss: 0.4042 - mae: 0.2525 - mse: 0.1270 - ssim_metric: 0.4544
 20/326 [>.............................] - ETA: 4:05 - loss: 0.4004 - mae: 0.2518 - mse: 0.1254 - ssim_metric: 0.4532
 21/326 [>.............................] - ETA: 4:04 - loss: 0.3959 - mae: 0.2499 - mse: 0.1236 - ssim_metric: 0.4547
 22/326 [=>............................] - ETA: 4:03 - loss: 0.3916 - mae: 0.2475 - mse: 0.1220 - ssim_metric: 0.4575
 23/326 [=>............................] - ETA: 4:02 - loss: 0.3873 - mae: 0.2446 - mse: 0.1205 - ssim_metric: 0.4648
 24/326 [=>............................] - ETA: 4:01 - loss: 0.3860 - mae: 0.2431 - mse: 0.1200 - ssim_metric: 0.4679
 25/326 [=>............................] - ETA: 4:01 - loss: 0.3904 - mae: 0.2440 - mse: 0.1216 - ssim_metric: 0.4671
 26/326 [=>............................] - ETA: 4:00 - loss: 0.3919 - mae: 0.2436 - mse: 0.1221 - ssim_metric: 0.4693
 27/326 [=>............................] - ETA: 3:59 - loss: 0.3906 - mae: 0.2424 - mse: 0.1217 - ssim_metric: 0.4723
 28/326 [=>............................] - ETA: 3:58 - loss: 0.3925 - mae: 0.2421 - mse: 0.1221 - ssim_metric: 0.4733
 29/326 [=>............................] - ETA: 3:58 - loss: 0.3911 - mae: 0.2413 - mse: 0.1217 - ssim_metric: 0.4738
 30/326 [=>............................] - ETA: 3:57 - loss: 0.3942 - mae: 0.2425 - mse: 0.1227 - ssim_metric: 0.4718
 31/326 [=>............................] - ETA: 3:56 - loss: 0.3943 - mae: 0.2429 - mse: 0.1228 - ssim_metric: 0.4694
 32/326 [=>............................] - ETA: 3:55 - loss: 0.3952 - mae: 0.2440 - mse: 0.1232 - ssim_metric: 0.4662
 33/326 [==>...........................] - ETA: 3:54 - loss: 0.3927 - mae: 0.2435 - mse: 0.1221 - ssim_metric: 0.4652
 34/326 [==>...........................] - ETA: 3:54 - loss: 0.3938 - mae: 0.2447 - mse: 0.1226 - ssim_metric: 0.4614
 35/326 [==>...........................] - ETA: 3:53 - loss: 0.3917 - mae: 0.2439 - mse: 0.1218 - ssim_metric: 0.4620
 36/326 [==>...........................] - ETA: 3:52 - loss: 0.3919 - mae: 0.2445 - mse: 0.1219 - ssim_metric: 0.4604
 37/326 [==>...........................] - ETA: 3:51 - loss: 0.3890 - mae: 0.2430 - mse: 0.1208 - ssim_metric: 0.4629
 38/326 [==>...........................] - ETA: 3:50 - loss: 0.3872 - mae: 0.2418 - mse: 0.1201 - ssim_metric: 0.4646
 39/326 [==>...........................] - ETA: 3:50 - loss: 0.3871 - mae: 0.2414 - mse: 0.1201 - ssim_metric: 0.4658
 40/326 [==>...........................] - ETA: 3:49 - loss: 0.3855 - mae: 0.2404 - mse: 0.1195 - ssim_metric: 0.4678
 41/326 [==>...........................] - ETA: 3:48 - loss: 0.3839 - mae: 0.2389 - mse: 0.1189 - ssim_metric: 0.4715
 42/326 [==>...........................] - ETA: 3:47 - loss: 0.3799 - mae: 0.2364 - mse: 0.1175 - ssim_metric: 0.4763
 43/326 [==>...........................] - ETA: 3:46 - loss: 0.3801 - mae: 0.2357 - mse: 0.1175 - ssim_metric: 0.4781
 44/326 [===>..........................] - ETA: 3:46 - loss: 0.3812 - mae: 0.2355 - mse: 0.1180 - ssim_metric: 0.4790
 45/326 [===>..........................] - ETA: 3:45 - loss: 0.3835 - mae: 0.2365 - mse: 0.1188 - ssim_metric: 0.4771
 46/326 [===>..........................] - ETA: 3:44 - loss: 0.3838 - mae: 0.2365 - mse: 0.1190 - ssim_metric: 0.4776
 47/326 [===>..........................] - ETA: 3:43 - loss: 0.3825 - mae: 0.2360 - mse: 0.1185 - ssim_metric: 0.4781
 48/326 [===>..........................] - ETA: 3:42 - loss: 0.3796 - mae: 0.2347 - mse: 0.1174 - ssim_metric: 0.4794
 49/326 [===>..........................] - ETA: 3:42 - loss: 0.3831 - mae: 0.2358 - mse: 0.1185 - ssim_metric: 0.4778
 50/326 [===>..........................] - ETA: 3:41 - loss: 0.3827 - mae: 0.2359 - mse: 0.1184 - ssim_metric: 0.4774
 51/326 [===>..........................] - ETA: 3:40 - loss: 0.3809 - mae: 0.2354 - mse: 0.1177 - ssim_metric: 0.4767
 52/326 [===>..........................] - ETA: 3:39 - loss: 0.3815 - mae: 0.2357 - mse: 0.1179 - ssim_metric: 0.4763
 53/326 [===>..........................] - ETA: 3:38 - loss: 0.3810 - mae: 0.2354 - mse: 0.1177 - ssim_metric: 0.4762
 54/326 [===>..........................] - ETA: 3:38 - loss: 0.3818 - mae: 0.2356 - mse: 0.1180 - ssim_metric: 0.4762
 55/326 [====>.........................] - ETA: 3:37 - loss: 0.3821 - mae: 0.2357 - mse: 0.1181 - ssim_metric: 0.4760
 56/326 [====>.........................] - ETA: 3:36 - loss: 0.3817 - mae: 0.2357 - mse: 0.1180 - ssim_metric: 0.4758
 57/326 [====>.........................] - ETA: 3:35 - loss: 0.3805 - mae: 0.2351 - mse: 0.1176 - ssim_metric: 0.4765
 58/326 [====>.........................] - ETA: 3:34 - loss: 0.3818 - mae: 0.2355 - mse: 0.1181 - ssim_metric: 0.4762
 59/326 [====>.........................] - ETA: 3:34 - loss: 0.3826 - mae: 0.2359 - mse: 0.1184 - ssim_metric: 0.4754
 60/326 [====>.........................] - ETA: 3:33 - loss: 0.3835 - mae: 0.2364 - mse: 0.1187 - ssim_metric: 0.4750
 61/326 [====>.........................] - ETA: 3:32 - loss: 0.3815 - mae: 0.2354 - mse: 0.1180 - ssim_metric: 0.4769
 62/326 [====>.........................] - ETA: 3:31 - loss: 0.3800 - mae: 0.2348 - mse: 0.1175 - ssim_metric: 0.4775
 63/326 [====>.........................] - ETA: 3:30 - loss: 0.3808 - mae: 0.2353 - mse: 0.1178 - ssim_metric: 0.4764
 64/326 [====>.........................] - ETA: 3:30 - loss: 0.3798 - mae: 0.2348 - mse: 0.1174 - ssim_metric: 0.4775
 65/326 [====>.........................] - ETA: 3:29 - loss: 0.3785 - mae: 0.2341 - mse: 0.1169 - ssim_metric: 0.4791
 66/326 [=====>........................] - ETA: 3:28 - loss: 0.3799 - mae: 0.2347 - mse: 0.1174 - ssim_metric: 0.4784
 67/326 [=====>........................] - ETA: 3:27 - loss: 0.3799 - mae: 0.2347 - mse: 0.1174 - ssim_metric: 0.4780
 68/326 [=====>........................] - ETA: 3:26 - loss: 0.3797 - mae: 0.2344 - mse: 0.1174 - ssim_metric: 0.4785
 69/326 [=====>........................] - ETA: 3:26 - loss: 0.3799 - mae: 0.2344 - mse: 0.1175 - ssim_metric: 0.4784
 70/326 [=====>........................] - ETA: 3:25 - loss: 0.3798 - mae: 0.2343 - mse: 0.1176 - ssim_metric: 0.4788
 71/326 [=====>........................] - ETA: 3:24 - loss: 0.3797 - mae: 0.2342 - mse: 0.1175 - ssim_metric: 0.4788
 72/326 [=====>........................] - ETA: 3:23 - loss: 0.3819 - mae: 0.2350 - mse: 0.1182 - ssim_metric: 0.4777
 73/326 [=====>........................] - ETA: 3:22 - loss: 0.3819 - mae: 0.2350 - mse: 0.1182 - ssim_metric: 0.4775
 74/326 [=====>........................] - ETA: 3:22 - loss: 0.3815 - mae: 0.2351 - mse: 0.1181 - ssim_metric: 0.4769
 75/326 [=====>........................] - ETA: 3:21 - loss: 0.3807 - mae: 0.2348 - mse: 0.1178 - ssim_metric: 0.4767
 76/326 [=====>........................] - ETA: 3:20 - loss: 0.3793 - mae: 0.2342 - mse: 0.1173 - ssim_metric: 0.4771
 77/326 [======>.......................] - ETA: 3:19 - loss: 0.3800 - mae: 0.2348 - mse: 0.1175 - ssim_metric: 0.4757
 78/326 [======>.......................] - ETA: 3:18 - loss: 0.3798 - mae: 0.2348 - mse: 0.1174 - ssim_metric: 0.4758
 79/326 [======>.......................] - ETA: 3:18 - loss: 0.3807 - mae: 0.2351 - mse: 0.1178 - ssim_metric: 0.4757
 80/326 [======>.......................] - ETA: 3:17 - loss: 0.3815 - mae: 0.2353 - mse: 0.1181 - ssim_metric: 0.4757
 81/326 [======>.......................] - ETA: 3:16 - loss: 0.3812 - mae: 0.2351 - mse: 0.1180 - ssim_metric: 0.4763
 82/326 [======>.......................] - ETA: 3:15 - loss: 0.3814 - mae: 0.2351 - mse: 0.1181 - ssim_metric: 0.4763
 83/326 [======>.......................] - ETA: 3:14 - loss: 0.3812 - mae: 0.2351 - mse: 0.1180 - ssim_metric: 0.4761
 84/326 [======>.......................] - ETA: 3:14 - loss: 0.3817 - mae: 0.2355 - mse: 0.1182 - ssim_metric: 0.4756
 85/326 [======>.......................] - ETA: 3:13 - loss: 0.3806 - mae: 0.2350 - mse: 0.1178 - ssim_metric: 0.4760
 86/326 [======>.......................] - ETA: 3:12 - loss: 0.3807 - mae: 0.2352 - mse: 0.1178 - ssim_metric: 0.4755
 87/326 [=======>......................] - ETA: 3:11 - loss: 0.3804 - mae: 0.2352 - mse: 0.1177 - ssim_metric: 0.4754
 88/326 [=======>......................] - ETA: 3:10 - loss: 0.3796 - mae: 0.2348 - mse: 0.1174 - ssim_metric: 0.4755
 89/326 [=======>......................] - ETA: 3:10 - loss: 0.3791 - mae: 0.2346 - mse: 0.1173 - ssim_metric: 0.4759
 90/326 [=======>......................] - ETA: 3:09 - loss: 0.3801 - mae: 0.2350 - mse: 0.1176 - ssim_metric: 0.4753
 91/326 [=======>......................] - ETA: 3:08 - loss: 0.3799 - mae: 0.2348 - mse: 0.1175 - ssim_metric: 0.4758
 92/326 [=======>......................] - ETA: 3:07 - loss: 0.3797 - mae: 0.2347 - mse: 0.1175 - ssim_metric: 0.4759
 93/326 [=======>......................] - ETA: 3:06 - loss: 0.3806 - mae: 0.2348 - mse: 0.1177 - ssim_metric: 0.4764
 94/326 [=======>......................] - ETA: 3:06 - loss: 0.3813 - mae: 0.2349 - mse: 0.1180 - ssim_metric: 0.4767
 95/326 [=======>......................] - ETA: 3:05 - loss: 0.3824 - mae: 0.2353 - mse: 0.1184 - ssim_metric: 0.4762
 96/326 [=======>......................] - ETA: 3:04 - loss: 0.3820 - mae: 0.2352 - mse: 0.1182 - ssim_metric: 0.4763
 97/326 [=======>......................] - ETA: 3:03 - loss: 0.3819 - mae: 0.2353 - mse: 0.1182 - ssim_metric: 0.4760
 98/326 [========>.....................] - ETA: 3:02 - loss: 0.3813 - mae: 0.2352 - mse: 0.1179 - ssim_metric: 0.4760
 99/326 [========>.....................] - ETA: 3:02 - loss: 0.3809 - mae: 0.2352 - mse: 0.1178 - ssim_metric: 0.4759
100/326 [========>.....................] - ETA: 3:01 - loss: 0.3810 - mae: 0.2353 - mse: 0.1178 - ssim_metric: 0.4754
101/326 [========>.....................] - ETA: 3:00 - loss: 0.3803 - mae: 0.2351 - mse: 0.1176 - ssim_metric: 0.4755
102/326 [========>.....................] - ETA: 2:59 - loss: 0.3797 - mae: 0.2349 - mse: 0.1173 - ssim_metric: 0.4758
103/326 [========>.....................] - ETA: 2:58 - loss: 0.3813 - mae: 0.2353 - mse: 0.1178 - ssim_metric: 0.4754
104/326 [========>.....................] - ETA: 2:58 - loss: 0.3813 - mae: 0.2352 - mse: 0.1178 - ssim_metric: 0.4758
105/326 [========>.....................] - ETA: 2:57 - loss: 0.3808 - mae: 0.2349 - mse: 0.1176 - ssim_metric: 0.4764
106/326 [========>.....................] - ETA: 2:56 - loss: 0.3799 - mae: 0.2344 - mse: 0.1173 - ssim_metric: 0.4773
107/326 [========>.....................] - ETA: 2:55 - loss: 0.3798 - mae: 0.2342 - mse: 0.1173 - ssim_metric: 0.4777
108/326 [========>.....................] - ETA: 2:54 - loss: 0.3818 - mae: 0.2349 - mse: 0.1179 - ssim_metric: 0.4772
109/326 [=========>....................] - ETA: 2:54 - loss: 0.3815 - mae: 0.2346 - mse: 0.1178 - ssim_metric: 0.4778
110/326 [=========>....................] - ETA: 2:53 - loss: 0.3821 - mae: 0.2349 - mse: 0.1180 - ssim_metric: 0.4774
111/326 [=========>....................] - ETA: 2:52 - loss: 0.3817 - mae: 0.2347 - mse: 0.1179 - ssim_metric: 0.4774
112/326 [=========>....................] - ETA: 2:51 - loss: 0.3819 - mae: 0.2348 - mse: 0.1179 - ssim_metric: 0.4772
113/326 [=========>....................] - ETA: 2:50 - loss: 0.3818 - mae: 0.2349 - mse: 0.1179 - ssim_metric: 0.4771
114/326 [=========>....................] - ETA: 2:50 - loss: 0.3815 - mae: 0.2349 - mse: 0.1178 - ssim_metric: 0.4770
115/326 [=========>....................] - ETA: 2:49 - loss: 0.3817 - mae: 0.2351 - mse: 0.1179 - ssim_metric: 0.4765
116/326 [=========>....................] - ETA: 2:48 - loss: 0.3819 - mae: 0.2353 - mse: 0.1180 - ssim_metric: 0.4760
117/326 [=========>....................] - ETA: 2:47 - loss: 0.3823 - mae: 0.2356 - mse: 0.1181 - ssim_metric: 0.4756
118/326 [=========>....................] - ETA: 2:46 - loss: 0.3817 - mae: 0.2353 - mse: 0.1179 - ssim_metric: 0.4764
119/326 [=========>....................] - ETA: 2:46 - loss: 0.3814 - mae: 0.2351 - mse: 0.1178 - ssim_metric: 0.4767
120/326 [==========>...................] - ETA: 2:45 - loss: 0.3811 - mae: 0.2350 - mse: 0.1177 - ssim_metric: 0.4769
121/326 [==========>...................] - ETA: 2:44 - loss: 0.3806 - mae: 0.2347 - mse: 0.1175 - ssim_metric: 0.4777
122/326 [==========>...................] - ETA: 2:43 - loss: 0.3810 - mae: 0.2347 - mse: 0.1176 - ssim_metric: 0.4780
123/326 [==========>...................] - ETA: 2:42 - loss: 0.3814 - mae: 0.2348 - mse: 0.1178 - ssim_metric: 0.4780
124/326 [==========>...................] - ETA: 2:42 - loss: 0.3819 - mae: 0.2350 - mse: 0.1180 - ssim_metric: 0.4776
125/326 [==========>...................] - ETA: 2:41 - loss: 0.3820 - mae: 0.2349 - mse: 0.1180 - ssim_metric: 0.4781
126/326 [==========>...................] - ETA: 2:40 - loss: 0.3816 - mae: 0.2347 - mse: 0.1178 - ssim_metric: 0.4782
127/326 [==========>...................] - ETA: 2:39 - loss: 0.3812 - mae: 0.2346 - mse: 0.1177 - ssim_metric: 0.4782
128/326 [==========>...................] - ETA: 2:38 - loss: 0.3807 - mae: 0.2344 - mse: 0.1175 - ssim_metric: 0.4784
129/326 [==========>...................] - ETA: 2:37 - loss: 0.3808 - mae: 0.2345 - mse: 0.1175 - ssim_metric: 0.4785
130/326 [==========>...................] - ETA: 2:37 - loss: 0.3818 - mae: 0.2351 - mse: 0.1179 - ssim_metric: 0.4777
131/326 [===========>..................] - ETA: 2:36 - loss: 0.3821 - mae: 0.2352 - mse: 0.1180 - ssim_metric: 0.4776
132/326 [===========>..................] - ETA: 2:35 - loss: 0.3821 - mae: 0.2352 - mse: 0.1180 - ssim_metric: 0.4777
133/326 [===========>..................] - ETA: 2:34 - loss: 0.3820 - mae: 0.2352 - mse: 0.1180 - ssim_metric: 0.4777
134/326 [===========>..................] - ETA: 2:33 - loss: 0.3824 - mae: 0.2355 - mse: 0.1181 - ssim_metric: 0.4773
135/326 [===========>..................] - ETA: 2:33 - loss: 0.3828 - mae: 0.2358 - mse: 0.1183 - ssim_metric: 0.4768
136/326 [===========>..................] - ETA: 2:32 - loss: 0.3829 - mae: 0.2360 - mse: 0.1184 - ssim_metric: 0.4762
137/326 [===========>..................] - ETA: 2:31 - loss: 0.3826 - mae: 0.2360 - mse: 0.1182 - ssim_metric: 0.4761
138/326 [===========>..................] - ETA: 2:30 - loss: 0.3829 - mae: 0.2363 - mse: 0.1184 - ssim_metric: 0.4754
139/326 [===========>..................] - ETA: 2:29 - loss: 0.3828 - mae: 0.2363 - mse: 0.1183 - ssim_metric: 0.4752
140/326 [===========>..................] - ETA: 2:29 - loss: 0.3829 - mae: 0.2363 - mse: 0.1184 - ssim_metric: 0.4752
141/326 [===========>..................] - ETA: 2:28 - loss: 0.3830 - mae: 0.2363 - mse: 0.1184 - ssim_metric: 0.4753
142/326 [============>.................] - ETA: 2:27 - loss: 0.3826 - mae: 0.2361 - mse: 0.1183 - ssim_metric: 0.4758
143/326 [============>.................] - ETA: 2:26 - loss: 0.3829 - mae: 0.2362 - mse: 0.1184 - ssim_metric: 0.4756
144/326 [============>.................] - ETA: 2:25 - loss: 0.3827 - mae: 0.2361 - mse: 0.1183 - ssim_metric: 0.4756
145/326 [============>.................] - ETA: 2:25 - loss: 0.3824 - mae: 0.2360 - mse: 0.1182 - ssim_metric: 0.4760
146/326 [============>.................] - ETA: 2:24 - loss: 0.3823 - mae: 0.2359 - mse: 0.1182 - ssim_metric: 0.4763
147/326 [============>.................] - ETA: 2:23 - loss: 0.3829 - mae: 0.2361 - mse: 0.1184 - ssim_metric: 0.4760
148/326 [============>.................] - ETA: 2:22 - loss: 0.3825 - mae: 0.2359 - mse: 0.1183 - ssim_metric: 0.4763
149/326 [============>.................] - ETA: 2:21 - loss: 0.3829 - mae: 0.2362 - mse: 0.1184 - ssim_metric: 0.4756
150/326 [============>.................] - ETA: 2:21 - loss: 0.3826 - mae: 0.2361 - mse: 0.1183 - ssim_metric: 0.4754
151/326 [============>.................] - ETA: 2:20 - loss: 0.3832 - mae: 0.2365 - mse: 0.1186 - ssim_metric: 0.4746
152/326 [============>.................] - ETA: 2:19 - loss: 0.3838 - mae: 0.2367 - mse: 0.1187 - ssim_metric: 0.4744
153/326 [=============>................] - ETA: 2:18 - loss: 0.3834 - mae: 0.2366 - mse: 0.1186 - ssim_metric: 0.4745
154/326 [=============>................] - ETA: 2:17 - loss: 0.3832 - mae: 0.2365 - mse: 0.1185 - ssim_metric: 0.4746
155/326 [=============>................] - ETA: 2:17 - loss: 0.3834 - mae: 0.2365 - mse: 0.1186 - ssim_metric: 0.4746
156/326 [=============>................] - ETA: 2:16 - loss: 0.3831 - mae: 0.2363 - mse: 0.1185 - ssim_metric: 0.4749
157/326 [=============>................] - ETA: 2:15 - loss: 0.3832 - mae: 0.2364 - mse: 0.1185 - ssim_metric: 0.4748
158/326 [=============>................] - ETA: 2:14 - loss: 0.3841 - mae: 0.2366 - mse: 0.1188 - ssim_metric: 0.4748
159/326 [=============>................] - ETA: 2:13 - loss: 0.3843 - mae: 0.2367 - mse: 0.1189 - ssim_metric: 0.4747
160/326 [=============>................] - ETA: 2:13 - loss: 0.3841 - mae: 0.2367 - mse: 0.1188 - ssim_metric: 0.4747
161/326 [=============>................] - ETA: 2:12 - loss: 0.3844 - mae: 0.2370 - mse: 0.1190 - ssim_metric: 0.4742
162/326 [=============>................] - ETA: 2:11 - loss: 0.3841 - mae: 0.2370 - mse: 0.1189 - ssim_metric: 0.4740
163/326 [==============>...............] - ETA: 2:10 - loss: 0.3838 - mae: 0.2369 - mse: 0.1187 - ssim_metric: 0.4740
164/326 [==============>...............] - ETA: 2:09 - loss: 0.3837 - mae: 0.2369 - mse: 0.1187 - ssim_metric: 0.4741
165/326 [==============>...............] - ETA: 2:09 - loss: 0.3838 - mae: 0.2369 - mse: 0.1187 - ssim_metric: 0.4741
166/326 [==============>...............] - ETA: 2:08 - loss: 0.3844 - mae: 0.2372 - mse: 0.1189 - ssim_metric: 0.4737
167/326 [==============>...............] - ETA: 2:07 - loss: 0.3843 - mae: 0.2372 - mse: 0.1189 - ssim_metric: 0.4736
168/326 [==============>...............] - ETA: 2:06 - loss: 0.3847 - mae: 0.2374 - mse: 0.1191 - ssim_metric: 0.4733
169/326 [==============>...............] - ETA: 2:05 - loss: 0.3844 - mae: 0.2373 - mse: 0.1190 - ssim_metric: 0.4736
170/326 [==============>...............] - ETA: 2:05 - loss: 0.3846 - mae: 0.2374 - mse: 0.1190 - ssim_metric: 0.4734
171/326 [==============>...............] - ETA: 2:04 - loss: 0.3844 - mae: 0.2373 - mse: 0.1190 - ssim_metric: 0.4736
172/326 [==============>...............] - ETA: 2:03 - loss: 0.3840 - mae: 0.2370 - mse: 0.1189 - ssim_metric: 0.4742
173/326 [==============>...............] - ETA: 2:02 - loss: 0.3843 - mae: 0.2371 - mse: 0.1190 - ssim_metric: 0.4740
174/326 [===============>..............] - ETA: 2:01 - loss: 0.3841 - mae: 0.2371 - mse: 0.1189 - ssim_metric: 0.4738
175/326 [===============>..............] - ETA: 2:01 - loss: 0.3842 - mae: 0.2372 - mse: 0.1190 - ssim_metric: 0.4736
176/326 [===============>..............] - ETA: 2:00 - loss: 0.3842 - mae: 0.2372 - mse: 0.1190 - ssim_metric: 0.4735
177/326 [===============>..............] - ETA: 1:59 - loss: 0.3844 - mae: 0.2372 - mse: 0.1191 - ssim_metric: 0.4736
178/326 [===============>..............] - ETA: 1:58 - loss: 0.3853 - mae: 0.2376 - mse: 0.1194 - ssim_metric: 0.4730
179/326 [===============>..............] - ETA: 1:57 - loss: 0.3854 - mae: 0.2377 - mse: 0.1194 - ssim_metric: 0.4727
180/326 [===============>..............] - ETA: 1:57 - loss: 0.3855 - mae: 0.2379 - mse: 0.1195 - ssim_metric: 0.4722
181/326 [===============>..............] - ETA: 1:56 - loss: 0.3861 - mae: 0.2383 - mse: 0.1197 - ssim_metric: 0.4712
182/326 [===============>..............] - ETA: 1:55 - loss: 0.3860 - mae: 0.2385 - mse: 0.1197 - ssim_metric: 0.4706
183/326 [===============>..............] - ETA: 1:54 - loss: 0.3859 - mae: 0.2386 - mse: 0.1196 - ssim_metric: 0.4702
184/326 [===============>..............] - ETA: 1:53 - loss: 0.3860 - mae: 0.2387 - mse: 0.1196 - ssim_metric: 0.4701
185/326 [================>.............] - ETA: 1:53 - loss: 0.3861 - mae: 0.2388 - mse: 0.1197 - ssim_metric: 0.4698
186/326 [================>.............] - ETA: 1:52 - loss: 0.3867 - mae: 0.2392 - mse: 0.1199 - ssim_metric: 0.4692
187/326 [================>.............] - ETA: 1:51 - loss: 0.3872 - mae: 0.2394 - mse: 0.1201 - ssim_metric: 0.4690
188/326 [================>.............] - ETA: 1:50 - loss: 0.3876 - mae: 0.2395 - mse: 0.1202 - ssim_metric: 0.4692
189/326 [================>.............] - ETA: 1:49 - loss: 0.3873 - mae: 0.2394 - mse: 0.1201 - ssim_metric: 0.4692
190/326 [================>.............] - ETA: 1:49 - loss: 0.3871 - mae: 0.2394 - mse: 0.1200 - ssim_metric: 0.4690
191/326 [================>.............] - ETA: 1:48 - loss: 0.3871 - mae: 0.2395 - mse: 0.1200 - ssim_metric: 0.4688
192/326 [================>.............] - ETA: 1:47 - loss: 0.3870 - mae: 0.2394 - mse: 0.1200 - ssim_metric: 0.4689
193/326 [================>.............] - ETA: 1:46 - loss: 0.3871 - mae: 0.2395 - mse: 0.1200 - ssim_metric: 0.4689
194/326 [================>.............] - ETA: 1:45 - loss: 0.3867 - mae: 0.2392 - mse: 0.1199 - ssim_metric: 0.4695
195/326 [================>.............] - ETA: 1:45 - loss: 0.3870 - mae: 0.2392 - mse: 0.1200 - ssim_metric: 0.4698
196/326 [=================>............] - ETA: 1:44 - loss: 0.3874 - mae: 0.2393 - mse: 0.1201 - ssim_metric: 0.4699
197/326 [=================>............] - ETA: 1:43 - loss: 0.3871 - mae: 0.2391 - mse: 0.1200 - ssim_metric: 0.4704
198/326 [=================>............] - ETA: 1:42 - loss: 0.3870 - mae: 0.2390 - mse: 0.1200 - ssim_metric: 0.4706
199/326 [=================>............] - ETA: 1:41 - loss: 0.3871 - mae: 0.2390 - mse: 0.1200 - ssim_metric: 0.4707
200/326 [=================>............] - ETA: 1:41 - loss: 0.3871 - mae: 0.2390 - mse: 0.1200 - ssim_metric: 0.4707
201/326 [=================>............] - ETA: 1:40 - loss: 0.3870 - mae: 0.2390 - mse: 0.1200 - ssim_metric: 0.4705
202/326 [=================>............] - ETA: 1:39 - loss: 0.3874 - mae: 0.2392 - mse: 0.1201 - ssim_metric: 0.4706
203/326 [=================>............] - ETA: 1:38 - loss: 0.3879 - mae: 0.2395 - mse: 0.1203 - ssim_metric: 0.4701
204/326 [=================>............] - ETA: 1:37 - loss: 0.3877 - mae: 0.2395 - mse: 0.1202 - ssim_metric: 0.4700
205/326 [=================>............] - ETA: 1:37 - loss: 0.3874 - mae: 0.2394 - mse: 0.1201 - ssim_metric: 0.4700
206/326 [=================>............] - ETA: 1:36 - loss: 0.3873 - mae: 0.2394 - mse: 0.1201 - ssim_metric: 0.4700
207/326 [==================>...........] - ETA: 1:35 - loss: 0.3872 - mae: 0.2395 - mse: 0.1200 - ssim_metric: 0.4700
208/326 [==================>...........] - ETA: 1:34 - loss: 0.3872 - mae: 0.2394 - mse: 0.1200 - ssim_metric: 0.4702
209/326 [==================>...........] - ETA: 1:33 - loss: 0.3872 - mae: 0.2394 - mse: 0.1200 - ssim_metric: 0.4704
210/326 [==================>...........] - ETA: 1:33 - loss: 0.3874 - mae: 0.2395 - mse: 0.1201 - ssim_metric: 0.4702
211/326 [==================>...........] - ETA: 1:32 - loss: 0.3874 - mae: 0.2394 - mse: 0.1201 - ssim_metric: 0.4707
212/326 [==================>...........] - ETA: 1:31 - loss: 0.3872 - mae: 0.2393 - mse: 0.1200 - ssim_metric: 0.4709
213/326 [==================>...........] - ETA: 1:30 - loss: 0.3869 - mae: 0.2391 - mse: 0.1199 - ssim_metric: 0.4712
214/326 [==================>...........] - ETA: 1:29 - loss: 0.3871 - mae: 0.2392 - mse: 0.1200 - ssim_metric: 0.4711
215/326 [==================>...........] - ETA: 1:29 - loss: 0.3870 - mae: 0.2392 - mse: 0.1200 - ssim_metric: 0.4710
216/326 [==================>...........] - ETA: 1:28 - loss: 0.3869 - mae: 0.2391 - mse: 0.1199 - ssim_metric: 0.4712
217/326 [==================>...........] - ETA: 1:27 - loss: 0.3870 - mae: 0.2391 - mse: 0.1200 - ssim_metric: 0.4711
218/326 [===================>..........] - ETA: 1:26 - loss: 0.3870 - mae: 0.2391 - mse: 0.1200 - ssim_metric: 0.4711
219/326 [===================>..........] - ETA: 1:25 - loss: 0.3870 - mae: 0.2391 - mse: 0.1200 - ssim_metric: 0.4711
220/326 [===================>..........] - ETA: 1:25 - loss: 0.3872 - mae: 0.2392 - mse: 0.1201 - ssim_metric: 0.4707
221/326 [===================>..........] - ETA: 1:24 - loss: 0.3875 - mae: 0.2394 - mse: 0.1202 - ssim_metric: 0.4704
222/326 [===================>..........] - ETA: 1:23 - loss: 0.3877 - mae: 0.2396 - mse: 0.1202 - ssim_metric: 0.4699
223/326 [===================>..........] - ETA: 1:22 - loss: 0.3875 - mae: 0.2396 - mse: 0.1202 - ssim_metric: 0.4700
224/326 [===================>..........] - ETA: 1:21 - loss: 0.3877 - mae: 0.2397 - mse: 0.1203 - ssim_metric: 0.4696
225/326 [===================>..........] - ETA: 1:21 - loss: 0.3879 - mae: 0.2399 - mse: 0.1204 - ssim_metric: 0.4694
226/326 [===================>..........] - ETA: 1:20 - loss: 0.3879 - mae: 0.2399 - mse: 0.1204 - ssim_metric: 0.4694
227/326 [===================>..........] - ETA: 1:19 - loss: 0.3877 - mae: 0.2397 - mse: 0.1203 - ssim_metric: 0.4696
228/326 [===================>..........] - ETA: 1:18 - loss: 0.3877 - mae: 0.2397 - mse: 0.1203 - ssim_metric: 0.4697
229/326 [====================>.........] - ETA: 1:17 - loss: 0.3880 - mae: 0.2399 - mse: 0.1204 - ssim_metric: 0.4693
230/326 [====================>.........] - ETA: 1:17 - loss: 0.3880 - mae: 0.2399 - mse: 0.1204 - ssim_metric: 0.4692
231/326 [====================>.........] - ETA: 1:16 - loss: 0.3879 - mae: 0.2399 - mse: 0.1203 - ssim_metric: 0.4692
232/326 [====================>.........] - ETA: 1:15 - loss: 0.3877 - mae: 0.2398 - mse: 0.1203 - ssim_metric: 0.4693
233/326 [====================>.........] - ETA: 1:14 - loss: 0.3878 - mae: 0.2399 - mse: 0.1203 - ssim_metric: 0.4694
234/326 [====================>.........] - ETA: 1:13 - loss: 0.3881 - mae: 0.2400 - mse: 0.1204 - ssim_metric: 0.4690
235/326 [====================>.........] - ETA: 1:13 - loss: 0.3881 - mae: 0.2400 - mse: 0.1204 - ssim_metric: 0.4690
236/326 [====================>.........] - ETA: 1:12 - loss: 0.3876 - mae: 0.2398 - mse: 0.1202 - ssim_metric: 0.4695
237/326 [====================>.........] - ETA: 1:11 - loss: 0.3874 - mae: 0.2396 - mse: 0.1202 - ssim_metric: 0.4699
238/326 [====================>.........] - ETA: 1:10 - loss: 0.3875 - mae: 0.2396 - mse: 0.1202 - ssim_metric: 0.4700
239/326 [====================>.........] - ETA: 1:09 - loss: 0.3870 - mae: 0.2393 - mse: 0.1200 - ssim_metric: 0.4706
240/326 [=====================>........] - ETA: 1:08 - loss: 0.3870 - mae: 0.2393 - mse: 0.1200 - ssim_metric: 0.4708
241/326 [=====================>........] - ETA: 1:08 - loss: 0.3869 - mae: 0.2391 - mse: 0.1200 - ssim_metric: 0.4710
242/326 [=====================>........] - ETA: 1:07 - loss: 0.3864 - mae: 0.2389 - mse: 0.1198 - ssim_metric: 0.4714
243/326 [=====================>........] - ETA: 1:06 - loss: 0.3864 - mae: 0.2388 - mse: 0.1198 - ssim_metric: 0.4717
244/326 [=====================>........] - ETA: 1:05 - loss: 0.3865 - mae: 0.2388 - mse: 0.1199 - ssim_metric: 0.4718
245/326 [=====================>........] - ETA: 1:04 - loss: 0.3866 - mae: 0.2389 - mse: 0.1199 - ssim_metric: 0.4716
246/326 [=====================>........] - ETA: 1:04 - loss: 0.3864 - mae: 0.2388 - mse: 0.1198 - ssim_metric: 0.4718
247/326 [=====================>........] - ETA: 1:03 - loss: 0.3864 - mae: 0.2388 - mse: 0.1198 - ssim_metric: 0.4717
248/326 [=====================>........] - ETA: 1:02 - loss: 0.3867 - mae: 0.2390 - mse: 0.1200 - ssim_metric: 0.4716
249/326 [=====================>........] - ETA: 1:01 - loss: 0.3870 - mae: 0.2392 - mse: 0.1201 - ssim_metric: 0.4713
250/326 [======================>.......] - ETA: 1:00 - loss: 0.3868 - mae: 0.2392 - mse: 0.1200 - ssim_metric: 0.4712
251/326 [======================>.......] - ETA: 1:00 - loss: 0.3867 - mae: 0.2391 - mse: 0.1200 - ssim_metric: 0.4711
252/326 [======================>.......] - ETA: 59s - loss: 0.3863 - mae: 0.2390 - mse: 0.1198 - ssim_metric: 0.4712 
253/326 [======================>.......] - ETA: 58s - loss: 0.3869 - mae: 0.2392 - mse: 0.1200 - ssim_metric: 0.4711
254/326 [======================>.......] - ETA: 57s - loss: 0.3868 - mae: 0.2393 - mse: 0.1200 - ssim_metric: 0.4711
255/326 [======================>.......] - ETA: 56s - loss: 0.3866 - mae: 0.2392 - mse: 0.1199 - ssim_metric: 0.4712
256/326 [======================>.......] - ETA: 56s - loss: 0.3868 - mae: 0.2392 - mse: 0.1200 - ssim_metric: 0.4712
257/326 [======================>.......] - ETA: 55s - loss: 0.3868 - mae: 0.2392 - mse: 0.1200 - ssim_metric: 0.4713
258/326 [======================>.......] - ETA: 54s - loss: 0.3871 - mae: 0.2393 - mse: 0.1201 - ssim_metric: 0.4712
259/326 [======================>.......] - ETA: 53s - loss: 0.3873 - mae: 0.2394 - mse: 0.1202 - ssim_metric: 0.4710
260/326 [======================>.......] - ETA: 52s - loss: 0.3870 - mae: 0.2392 - mse: 0.1200 - ssim_metric: 0.4712
261/326 [=======================>......] - ETA: 52s - loss: 0.3871 - mae: 0.2392 - mse: 0.1201 - ssim_metric: 0.4711
262/326 [=======================>......] - ETA: 51s - loss: 0.3868 - mae: 0.2391 - mse: 0.1200 - ssim_metric: 0.4712
263/326 [=======================>......] - ETA: 50s - loss: 0.3873 - mae: 0.2393 - mse: 0.1201 - ssim_metric: 0.4709
264/326 [=======================>......] - ETA: 49s - loss: 0.3873 - mae: 0.2393 - mse: 0.1201 - ssim_metric: 0.4709
265/326 [=======================>......] - ETA: 48s - loss: 0.3874 - mae: 0.2394 - mse: 0.1202 - ssim_metric: 0.4707
266/326 [=======================>......] - ETA: 48s - loss: 0.3875 - mae: 0.2396 - mse: 0.1202 - ssim_metric: 0.4703
267/326 [=======================>......] - ETA: 47s - loss: 0.3876 - mae: 0.2397 - mse: 0.1203 - ssim_metric: 0.4700
268/326 [=======================>......] - ETA: 46s - loss: 0.3877 - mae: 0.2398 - mse: 0.1203 - ssim_metric: 0.4696
269/326 [=======================>......] - ETA: 45s - loss: 0.3876 - mae: 0.2398 - mse: 0.1203 - ssim_metric: 0.4695
270/326 [=======================>......] - ETA: 44s - loss: 0.3878 - mae: 0.2400 - mse: 0.1203 - ssim_metric: 0.4693
271/326 [=======================>......] - ETA: 44s - loss: 0.3879 - mae: 0.2400 - mse: 0.1204 - ssim_metric: 0.4692
272/326 [========================>.....] - ETA: 43s - loss: 0.3878 - mae: 0.2400 - mse: 0.1204 - ssim_metric: 0.4693
273/326 [========================>.....] - ETA: 42s - loss: 0.3875 - mae: 0.2399 - mse: 0.1202 - ssim_metric: 0.4695
274/326 [========================>.....] - ETA: 41s - loss: 0.3876 - mae: 0.2400 - mse: 0.1203 - ssim_metric: 0.4694
275/326 [========================>.....] - ETA: 40s - loss: 0.3878 - mae: 0.2400 - mse: 0.1203 - ssim_metric: 0.4696
276/326 [========================>.....] - ETA: 40s - loss: 0.3878 - mae: 0.2400 - mse: 0.1203 - ssim_metric: 0.4696
277/326 [========================>.....] - ETA: 39s - loss: 0.3881 - mae: 0.2401 - mse: 0.1205 - ssim_metric: 0.4694
278/326 [========================>.....] - ETA: 38s - loss: 0.3880 - mae: 0.2401 - mse: 0.1204 - ssim_metric: 0.4694
279/326 [========================>.....] - ETA: 37s - loss: 0.3877 - mae: 0.2399 - mse: 0.1203 - ssim_metric: 0.4698
280/326 [========================>.....] - ETA: 36s - loss: 0.3876 - mae: 0.2399 - mse: 0.1203 - ssim_metric: 0.4698
281/326 [========================>.....] - ETA: 36s - loss: 0.3879 - mae: 0.2400 - mse: 0.1204 - ssim_metric: 0.4696
282/326 [========================>.....] - ETA: 35s - loss: 0.3880 - mae: 0.2400 - mse: 0.1204 - ssim_metric: 0.4697
283/326 [=========================>....] - ETA: 34s - loss: 0.3885 - mae: 0.2402 - mse: 0.1206 - ssim_metric: 0.4695
284/326 [=========================>....] - ETA: 33s - loss: 0.3884 - mae: 0.2403 - mse: 0.1205 - ssim_metric: 0.4694
285/326 [=========================>....] - ETA: 32s - loss: 0.3885 - mae: 0.2404 - mse: 0.1206 - ssim_metric: 0.4691
286/326 [=========================>....] - ETA: 32s - loss: 0.3886 - mae: 0.2405 - mse: 0.1206 - ssim_metric: 0.4689
287/326 [=========================>....] - ETA: 31s - loss: 0.3890 - mae: 0.2406 - mse: 0.1208 - ssim_metric: 0.4688
288/326 [=========================>....] - ETA: 30s - loss: 0.3893 - mae: 0.2408 - mse: 0.1209 - ssim_metric: 0.4685
289/326 [=========================>....] - ETA: 29s - loss: 0.3893 - mae: 0.2409 - mse: 0.1209 - ssim_metric: 0.4684
290/326 [=========================>....] - ETA: 28s - loss: 0.3896 - mae: 0.2410 - mse: 0.1210 - ssim_metric: 0.4682
291/326 [=========================>....] - ETA: 28s - loss: 0.3898 - mae: 0.2411 - mse: 0.1211 - ssim_metric: 0.4680
292/326 [=========================>....] - ETA: 27s - loss: 0.3895 - mae: 0.2411 - mse: 0.1210 - ssim_metric: 0.4679
293/326 [=========================>....] - ETA: 26s - loss: 0.3894 - mae: 0.2411 - mse: 0.1209 - ssim_metric: 0.4679
294/326 [==========================>...] - ETA: 25s - loss: 0.3897 - mae: 0.2412 - mse: 0.1210 - ssim_metric: 0.4676
295/326 [==========================>...] - ETA: 24s - loss: 0.3897 - mae: 0.2413 - mse: 0.1210 - ssim_metric: 0.4674
296/326 [==========================>...] - ETA: 24s - loss: 0.3894 - mae: 0.2412 - mse: 0.1209 - ssim_metric: 0.4676
297/326 [==========================>...] - ETA: 23s - loss: 0.3896 - mae: 0.2412 - mse: 0.1210 - ssim_metric: 0.4676
298/326 [==========================>...] - ETA: 22s - loss: 0.3892 - mae: 0.2410 - mse: 0.1208 - ssim_metric: 0.4680
299/326 [==========================>...] - ETA: 21s - loss: 0.3890 - mae: 0.2409 - mse: 0.1208 - ssim_metric: 0.4682
300/326 [==========================>...] - ETA: 20s - loss: 0.3890 - mae: 0.2409 - mse: 0.1208 - ssim_metric: 0.4684
301/326 [==========================>...] - ETA: 20s - loss: 0.3887 - mae: 0.2407 - mse: 0.1207 - ssim_metric: 0.4688
302/326 [==========================>...] - ETA: 19s - loss: 0.3891 - mae: 0.2408 - mse: 0.1208 - ssim_metric: 0.4685
303/326 [==========================>...] - ETA: 18s - loss: 0.3891 - mae: 0.2408 - mse: 0.1208 - ssim_metric: 0.4686
304/326 [==========================>...] - ETA: 17s - loss: 0.3892 - mae: 0.2408 - mse: 0.1208 - ssim_metric: 0.4685
305/326 [===========================>..] - ETA: 16s - loss: 0.3892 - mae: 0.2409 - mse: 0.1209 - ssim_metric: 0.4685
306/326 [===========================>..] - ETA: 16s - loss: 0.3892 - mae: 0.2409 - mse: 0.1209 - ssim_metric: 0.4683
307/326 [===========================>..] - ETA: 15s - loss: 0.3893 - mae: 0.2410 - mse: 0.1209 - ssim_metric: 0.4682
308/326 [===========================>..] - ETA: 14s - loss: 0.3892 - mae: 0.2409 - mse: 0.1208 - ssim_metric: 0.4684
309/326 [===========================>..] - ETA: 13s - loss: 0.3891 - mae: 0.2409 - mse: 0.1208 - ssim_metric: 0.4684
310/326 [===========================>..] - ETA: 12s - loss: 0.3891 - mae: 0.2409 - mse: 0.1208 - ssim_metric: 0.4683
311/326 [===========================>..] - ETA: 12s - loss: 0.3890 - mae: 0.2408 - mse: 0.1208 - ssim_metric: 0.4685
312/326 [===========================>..] - ETA: 11s - loss: 0.3889 - mae: 0.2408 - mse: 0.1208 - ssim_metric: 0.4684
313/326 [===========================>..] - ETA: 10s - loss: 0.3890 - mae: 0.2409 - mse: 0.1208 - ssim_metric: 0.4684
314/326 [===========================>..] - ETA: 9s - loss: 0.3893 - mae: 0.2408 - mse: 0.1209 - ssim_metric: 0.4686 
315/326 [===========================>..] - ETA: 8s - loss: 0.3895 - mae: 0.2409 - mse: 0.1209 - ssim_metric: 0.4684
316/326 [============================>.] - ETA: 8s - loss: 0.3894 - mae: 0.2409 - mse: 0.1209 - ssim_metric: 0.4683
317/326 [============================>.] - ETA: 7s - loss: 0.3892 - mae: 0.2409 - mse: 0.1209 - ssim_metric: 0.4685
318/326 [============================>.] - ETA: 6s - loss: 0.3891 - mae: 0.2408 - mse: 0.1208 - ssim_metric: 0.4685
319/326 [============================>.] - ETA: 5s - loss: 0.3896 - mae: 0.2410 - mse: 0.1210 - ssim_metric: 0.4683
320/326 [============================>.] - ETA: 4s - loss: 0.3895 - mae: 0.2410 - mse: 0.1210 - ssim_metric: 0.4681
321/326 [============================>.] - ETA: 4s - loss: 0.3896 - mae: 0.2412 - mse: 0.1210 - ssim_metric: 0.4679
322/326 [============================>.] - ETA: 3s - loss: 0.3895 - mae: 0.2411 - mse: 0.1209 - ssim_metric: 0.4679
323/326 [============================>.] - ETA: 2s - loss: 0.3894 - mae: 0.2411 - mse: 0.1209 - ssim_metric: 0.4680
324/326 [============================>.] - ETA: 1s - loss: 0.3899 - mae: 0.2413 - mse: 0.1211 - ssim_metric: 0.4677
325/326 [============================>.] - ETA: 0s - loss: 0.3899 - mae: 0.2413 - mse: 0.1211 - ssim_metric: 0.4677
326/326 [==============================] - ETA: 0s - loss: 0.3900 - mae: 0.2413 - mse: 0.1211 - ssim_metric: 0.4677
Epoch 13: saving model to C:\d_surucusu\visual_navigation\benchmark\models_pipeline\20260909_223425\bce_b16\_JOB_bce_b16_10_09_2026__07_13_model_f48_k4_epoch_00013_helu_osigmoid_(1, 1)_.h5

Epoch 13: val_loss improved from 0.35493 to 0.35378, saving model to C:\d_surucusu\visual_navigation\benchmark\models_pipeline\20260909_223425\bce_b16\_JOB_bce_b16_10_09_2026__07_13_best_val_loss_model_f48_k4.h5

Epoch 13: val_mae improved from 0.22184 to 0.22123, saving model to C:\d_surucusu\visual_navigation\benchmark\models_pipeline\20260909_223425\bce_b16\_JOB_bce_b16_10_09_2026__07_13_best_mae_model_f48_k4.h5

Epoch 13: val_ssim_metric did not improve from 0.56049

326/326 [==============================] - 277s 851ms/step - loss: 0.3900 - mae: 0.2413 - mse: 0.1211 - ssim_metric: 0.4677 - val_loss: 0.3538 - val_mae: 0.2212 - val_mse: 0.1078 - val_ssim_metric: 0.5003
Epoch 14/20

  1/326 [..............................] - ETA: 4:36 - loss: 0.4158 - mae: 0.2536 - mse: 0.1332 - ssim_metric: 0.4335
  2/326 [..............................] - ETA: 4:20 - loss: 0.4122 - mae: 0.2479 - mse: 0.1303 - ssim_metric: 0.4623
  3/326 [..............................] - ETA: 4:19 - loss: 0.4305 - mae: 0.2628 - mse: 0.1369 - ssim_metric: 0.4391
  4/326 [..............................] - ETA: 4:18 - loss: 0.4221 - mae: 0.2609 - mse: 0.1338 - ssim_metric: 0.4321
  5/326 [..............................] - ETA: 4:17 - loss: 0.4128 - mae: 0.2586 - mse: 0.1303 - ssim_metric: 0.4331
  6/326 [..............................] - ETA: 4:16 - loss: 0.4124 - mae: 0.2623 - mse: 0.1303 - ssim_metric: 0.4190
  7/326 [..............................] - ETA: 4:15 - loss: 0.4106 - mae: 0.2634 - mse: 0.1295 - ssim_metric: 0.4138
  8/326 [..............................] - ETA: 4:15 - loss: 0.3998 - mae: 0.2577 - mse: 0.1252 - ssim_metric: 0.4203
  9/326 [..............................] - ETA: 4:14 - loss: 0.3897 - mae: 0.2521 - mse: 0.1214 - ssim_metric: 0.4301
 10/326 [..............................] - ETA: 4:13 - loss: 0.3868 - mae: 0.2497 - mse: 0.1203 - ssim_metric: 0.4381
 11/326 [>.............................] - ETA: 4:12 - loss: 0.3905 - mae: 0.2504 - mse: 0.1220 - ssim_metric: 0.4424
 12/326 [>.............................] - ETA: 4:12 - loss: 0.3908 - mae: 0.2487 - mse: 0.1222 - ssim_metric: 0.4483
 13/326 [>.............................] - ETA: 4:11 - loss: 0.3957 - mae: 0.2489 - mse: 0.1240 - ssim_metric: 0.4523
 14/326 [>.............................] - ETA: 4:10 - loss: 0.4077 - mae: 0.2530 - mse: 0.1281 - ssim_metric: 0.4489
 15/326 [>.............................] - ETA: 4:09 - loss: 0.3978 - mae: 0.2472 - mse: 0.1245 - ssim_metric: 0.4611
 16/326 [>.............................] - ETA: 4:08 - loss: 0.4016 - mae: 0.2486 - mse: 0.1259 - ssim_metric: 0.4606
 17/326 [>.............................] - ETA: 4:08 - loss: 0.4002 - mae: 0.2482 - mse: 0.1254 - ssim_metric: 0.4621
 18/326 [>.............................] - ETA: 4:07 - loss: 0.4026 - mae: 0.2506 - mse: 0.1264 - ssim_metric: 0.4574
 19/326 [>.............................] - ETA: 4:06 - loss: 0.4029 - mae: 0.2518 - mse: 0.1265 - ssim_metric: 0.4548
 20/326 [>.............................] - ETA: 4:05 - loss: 0.3990 - mae: 0.2510 - mse: 0.1249 - ssim_metric: 0.4539
 21/326 [>.............................] - ETA: 4:04 - loss: 0.3944 - mae: 0.2489 - mse: 0.1232 - ssim_metric: 0.4556
 22/326 [=>............................] - ETA: 4:04 - loss: 0.3900 - mae: 0.2465 - mse: 0.1216 - ssim_metric: 0.4586
 23/326 [=>............................] - ETA: 4:03 - loss: 0.3859 - mae: 0.2437 - mse: 0.1201 - ssim_metric: 0.4657
 24/326 [=>............................] - ETA: 4:02 - loss: 0.3847 - mae: 0.2423 - mse: 0.1196 - ssim_metric: 0.4685
 25/326 [=>............................] - ETA: 4:01 - loss: 0.3888 - mae: 0.2432 - mse: 0.1211 - ssim_metric: 0.4675
 26/326 [=>............................] - ETA: 4:00 - loss: 0.3903 - mae: 0.2429 - mse: 0.1216 - ssim_metric: 0.4694
 27/326 [=>............................] - ETA: 4:00 - loss: 0.3891 - mae: 0.2417 - mse: 0.1212 - ssim_metric: 0.4723
 28/326 [=>............................] - ETA: 3:59 - loss: 0.3908 - mae: 0.2414 - mse: 0.1216 - ssim_metric: 0.4733
 29/326 [=>............................] - ETA: 3:58 - loss: 0.3894 - mae: 0.2406 - mse: 0.1212 - ssim_metric: 0.4739
 30/326 [=>............................] - ETA: 3:57 - loss: 0.3928 - mae: 0.2418 - mse: 0.1223 - ssim_metric: 0.4720
 31/326 [=>............................] - ETA: 3:56 - loss: 0.3929 - mae: 0.2421 - mse: 0.1223 - ssim_metric: 0.4699
 32/326 [=>............................] - ETA: 3:56 - loss: 0.3938 - mae: 0.2431 - mse: 0.1228 - ssim_metric: 0.4671
 33/326 [==>...........................] - ETA: 3:55 - loss: 0.3911 - mae: 0.2424 - mse: 0.1216 - ssim_metric: 0.4665
 34/326 [==>...........................] - ETA: 3:54 - loss: 0.3921 - mae: 0.2435 - mse: 0.1221 - ssim_metric: 0.4631
 35/326 [==>...........................] - ETA: 3:53 - loss: 0.3900 - mae: 0.2427 - mse: 0.1213 - ssim_metric: 0.4638
 36/326 [==>...........................] - ETA: 3:52 - loss: 0.3902 - mae: 0.2432 - mse: 0.1213 - ssim_metric: 0.4623
 37/326 [==>...........................] - ETA: 3:52 - loss: 0.3873 - mae: 0.2417 - mse: 0.1203 - ssim_metric: 0.4648
 38/326 [==>...........................] - ETA: 3:51 - loss: 0.3854 - mae: 0.2406 - mse: 0.1196 - ssim_metric: 0.4663
 39/326 [==>...........................] - ETA: 3:50 - loss: 0.3853 - mae: 0.2402 - mse: 0.1195 - ssim_metric: 0.4674
 40/326 [==>...........................] - ETA: 3:49 - loss: 0.3837 - mae: 0.2392 - mse: 0.1190 - ssim_metric: 0.4692
 41/326 [==>...........................] - ETA: 3:48 - loss: 0.3820 - mae: 0.2378 - mse: 0.1184 - ssim_metric: 0.4727
 42/326 [==>...........................] - ETA: 3:47 - loss: 0.3781 - mae: 0.2353 - mse: 0.1169 - ssim_metric: 0.4774
 43/326 [==>...........................] - ETA: 3:47 - loss: 0.3782 - mae: 0.2346 - mse: 0.1170 - ssim_metric: 0.4791
 44/326 [===>..........................] - ETA: 3:46 - loss: 0.3793 - mae: 0.2345 - mse: 0.1174 - ssim_metric: 0.4801
 45/326 [===>..........................] - ETA: 3:45 - loss: 0.3816 - mae: 0.2354 - mse: 0.1182 - ssim_metric: 0.4782
 46/326 [===>..........................] - ETA: 3:44 - loss: 0.3819 - mae: 0.2354 - mse: 0.1184 - ssim_metric: 0.4786
 47/326 [===>..........................] - ETA: 3:43 - loss: 0.3806 - mae: 0.2349 - mse: 0.1179 - ssim_metric: 0.4792
 48/326 [===>..........................] - ETA: 3:43 - loss: 0.3777 - mae: 0.2335 - mse: 0.1168 - ssim_metric: 0.4805
 49/326 [===>..........................] - ETA: 3:42 - loss: 0.3812 - mae: 0.2347 - mse: 0.1179 - ssim_metric: 0.4789
 50/326 [===>..........................] - ETA: 3:41 - loss: 0.3809 - mae: 0.2348 - mse: 0.1178 - ssim_metric: 0.4783
 51/326 [===>..........................] - ETA: 3:40 - loss: 0.3792 - mae: 0.2343 - mse: 0.1171 - ssim_metric: 0.4775
 52/326 [===>..........................] - ETA: 3:39 - loss: 0.3797 - mae: 0.2346 - mse: 0.1173 - ssim_metric: 0.4772
 53/326 [===>..........................] - ETA: 3:39 - loss: 0.3792 - mae: 0.2343 - mse: 0.1172 - ssim_metric: 0.4771
 54/326 [===>..........................] - ETA: 3:38 - loss: 0.3800 - mae: 0.2345 - mse: 0.1174 - ssim_metric: 0.4771
 55/326 [====>.........................] - ETA: 3:37 - loss: 0.3803 - mae: 0.2346 - mse: 0.1176 - ssim_metric: 0.4769
 56/326 [====>.........................] - ETA: 3:36 - loss: 0.3800 - mae: 0.2345 - mse: 0.1175 - ssim_metric: 0.4766
 57/326 [====>.........................] - ETA: 3:35 - loss: 0.3787 - mae: 0.2339 - mse: 0.1170 - ssim_metric: 0.4773
 58/326 [====>.........................] - ETA: 3:35 - loss: 0.3800 - mae: 0.2344 - mse: 0.1175 - ssim_metric: 0.4769
 59/326 [====>.........................] - ETA: 3:34 - loss: 0.3808 - mae: 0.2348 - mse: 0.1178 - ssim_metric: 0.4761
 60/326 [====>.........................] - ETA: 3:33 - loss: 0.3816 - mae: 0.2352 - mse: 0.1181 - ssim_metric: 0.4758
 61/326 [====>.........................] - ETA: 3:32 - loss: 0.3797 - mae: 0.2342 - mse: 0.1174 - ssim_metric: 0.4777
 62/326 [====>.........................] - ETA: 3:31 - loss: 0.3782 - mae: 0.2336 - mse: 0.1169 - ssim_metric: 0.4783
 63/326 [====>.........................] - ETA: 3:31 - loss: 0.3790 - mae: 0.2341 - mse: 0.1172 - ssim_metric: 0.4773
 64/326 [====>.........................] - ETA: 3:30 - loss: 0.3780 - mae: 0.2336 - mse: 0.1168 - ssim_metric: 0.4784
 65/326 [====>.........................] - ETA: 3:29 - loss: 0.3767 - mae: 0.2329 - mse: 0.1163 - ssim_metric: 0.4800
 66/326 [=====>........................] - ETA: 3:28 - loss: 0.3780 - mae: 0.2335 - mse: 0.1168 - ssim_metric: 0.4792
 67/326 [=====>........................] - ETA: 3:27 - loss: 0.3780 - mae: 0.2335 - mse: 0.1168 - ssim_metric: 0.4788
 68/326 [=====>........................] - ETA: 3:27 - loss: 0.3778 - mae: 0.2332 - mse: 0.1168 - ssim_metric: 0.4794
 69/326 [=====>........................] - ETA: 3:26 - loss: 0.3780 - mae: 0.2332 - mse: 0.1169 - ssim_metric: 0.4792
 70/326 [=====>........................] - ETA: 3:25 - loss: 0.3779 - mae: 0.2331 - mse: 0.1169 - ssim_metric: 0.4796
 71/326 [=====>........................] - ETA: 3:24 - loss: 0.3778 - mae: 0.2330 - mse: 0.1169 - ssim_metric: 0.4795
 72/326 [=====>........................] - ETA: 3:23 - loss: 0.3800 - mae: 0.2339 - mse: 0.1176 - ssim_metric: 0.4782
 73/326 [=====>........................] - ETA: 3:23 - loss: 0.3800 - mae: 0.2339 - mse: 0.1176 - ssim_metric: 0.4780
 74/326 [=====>........................] - ETA: 3:22 - loss: 0.3796 - mae: 0.2340 - mse: 0.1175 - ssim_metric: 0.4773
 75/326 [=====>........................] - ETA: 3:21 - loss: 0.3788 - mae: 0.2337 - mse: 0.1172 - ssim_metric: 0.4772
 76/326 [=====>........................] - ETA: 3:20 - loss: 0.3774 - mae: 0.2331 - mse: 0.1166 - ssim_metric: 0.4776
 77/326 [======>.......................] - ETA: 3:19 - loss: 0.3781 - mae: 0.2337 - mse: 0.1169 - ssim_metric: 0.4763
 78/326 [======>.......................] - ETA: 3:19 - loss: 0.3778 - mae: 0.2336 - mse: 0.1168 - ssim_metric: 0.4765
 79/326 [======>.......................] - ETA: 3:18 - loss: 0.3788 - mae: 0.2339 - mse: 0.1172 - ssim_metric: 0.4765
 80/326 [======>.......................] - ETA: 3:17 - loss: 0.3796 - mae: 0.2341 - mse: 0.1174 - ssim_metric: 0.4765
 81/326 [======>.......................] - ETA: 3:16 - loss: 0.3792 - mae: 0.2339 - mse: 0.1173 - ssim_metric: 0.4771
 82/326 [======>.......................] - ETA: 3:15 - loss: 0.3795 - mae: 0.2339 - mse: 0.1174 - ssim_metric: 0.4772
 83/326 [======>.......................] - ETA: 3:15 - loss: 0.3793 - mae: 0.2339 - mse: 0.1174 - ssim_metric: 0.4770
 84/326 [======>.......................] - ETA: 3:14 - loss: 0.3798 - mae: 0.2342 - mse: 0.1176 - ssim_metric: 0.4764
 85/326 [======>.......................] - ETA: 3:13 - loss: 0.3787 - mae: 0.2338 - mse: 0.1172 - ssim_metric: 0.4768
 86/326 [======>.......................] - ETA: 3:12 - loss: 0.3788 - mae: 0.2340 - mse: 0.1172 - ssim_metric: 0.4763
 87/326 [=======>......................] - ETA: 3:11 - loss: 0.3785 - mae: 0.2339 - mse: 0.1171 - ssim_metric: 0.4762
 88/326 [=======>......................] - ETA: 3:11 - loss: 0.3777 - mae: 0.2336 - mse: 0.1168 - ssim_metric: 0.4763
 89/326 [=======>......................] - ETA: 3:10 - loss: 0.3772 - mae: 0.2333 - mse: 0.1166 - ssim_metric: 0.4767
 90/326 [=======>......................] - ETA: 3:09 - loss: 0.3781 - mae: 0.2337 - mse: 0.1170 - ssim_metric: 0.4761
 91/326 [=======>......................] - ETA: 3:08 - loss: 0.3780 - mae: 0.2336 - mse: 0.1169 - ssim_metric: 0.4766
 92/326 [=======>......................] - ETA: 3:07 - loss: 0.3778 - mae: 0.2334 - mse: 0.1169 - ssim_metric: 0.4768
 93/326 [=======>......................] - ETA: 3:07 - loss: 0.3788 - mae: 0.2336 - mse: 0.1171 - ssim_metric: 0.4772
 94/326 [=======>......................] - ETA: 3:06 - loss: 0.3794 - mae: 0.2336 - mse: 0.1173 - ssim_metric: 0.4775
 95/326 [=======>......................] - ETA: 3:05 - loss: 0.3805 - mae: 0.2341 - mse: 0.1177 - ssim_metric: 0.4770
 96/326 [=======>......................] - ETA: 3:04 - loss: 0.3802 - mae: 0.2340 - mse: 0.1176 - ssim_metric: 0.4771
 97/326 [=======>......................] - ETA: 3:03 - loss: 0.3801 - mae: 0.2341 - mse: 0.1176 - ssim_metric: 0.4767
 98/326 [========>.....................] - ETA: 3:02 - loss: 0.3794 - mae: 0.2340 - mse: 0.1173 - ssim_metric: 0.4766
 99/326 [========>.....................] - ETA: 3:02 - loss: 0.3790 - mae: 0.2340 - mse: 0.1172 - ssim_metric: 0.4765
100/326 [========>.....................] - ETA: 3:01 - loss: 0.3791 - mae: 0.2342 - mse: 0.1172 - ssim_metric: 0.4761
101/326 [========>.....................] - ETA: 3:00 - loss: 0.3785 - mae: 0.2340 - mse: 0.1170 - ssim_metric: 0.4762
102/326 [========>.....................] - ETA: 2:59 - loss: 0.3778 - mae: 0.2337 - mse: 0.1167 - ssim_metric: 0.4765
103/326 [========>.....................] - ETA: 2:58 - loss: 0.3794 - mae: 0.2341 - mse: 0.1172 - ssim_metric: 0.4762
104/326 [========>.....................] - ETA: 2:58 - loss: 0.3794 - mae: 0.2340 - mse: 0.1172 - ssim_metric: 0.4766
105/326 [========>.....................] - ETA: 2:57 - loss: 0.3789 - mae: 0.2337 - mse: 0.1170 - ssim_metric: 0.4772
106/326 [========>.....................] - ETA: 2:56 - loss: 0.3781 - mae: 0.2332 - mse: 0.1167 - ssim_metric: 0.4781
107/326 [========>.....................] - ETA: 2:55 - loss: 0.3779 - mae: 0.2330 - mse: 0.1167 - ssim_metric: 0.4785
108/326 [========>.....................] - ETA: 2:54 - loss: 0.3800 - mae: 0.2337 - mse: 0.1173 - ssim_metric: 0.4780
109/326 [=========>....................] - ETA: 2:54 - loss: 0.3797 - mae: 0.2334 - mse: 0.1172 - ssim_metric: 0.4786
110/326 [=========>....................] - ETA: 2:53 - loss: 0.3803 - mae: 0.2337 - mse: 0.1174 - ssim_metric: 0.4782
111/326 [=========>....................] - ETA: 2:52 - loss: 0.3799 - mae: 0.2335 - mse: 0.1173 - ssim_metric: 0.4783
112/326 [=========>....................] - ETA: 2:51 - loss: 0.3800 - mae: 0.2336 - mse: 0.1173 - ssim_metric: 0.4780
113/326 [=========>....................] - ETA: 2:50 - loss: 0.3799 - mae: 0.2337 - mse: 0.1173 - ssim_metric: 0.4780
114/326 [=========>....................] - ETA: 2:50 - loss: 0.3797 - mae: 0.2337 - mse: 0.1172 - ssim_metric: 0.4779
115/326 [=========>....................] - ETA: 2:49 - loss: 0.3799 - mae: 0.2340 - mse: 0.1173 - ssim_metric: 0.4773
116/326 [=========>....................] - ETA: 2:48 - loss: 0.3801 - mae: 0.2341 - mse: 0.1174 - ssim_metric: 0.4769
117/326 [=========>....................] - ETA: 2:47 - loss: 0.3804 - mae: 0.2344 - mse: 0.1175 - ssim_metric: 0.4765
118/326 [=========>....................] - ETA: 2:46 - loss: 0.3799 - mae: 0.2341 - mse: 0.1173 - ssim_metric: 0.4773
119/326 [=========>....................] - ETA: 2:46 - loss: 0.3795 - mae: 0.2339 - mse: 0.1172 - ssim_metric: 0.4777
120/326 [==========>...................] - ETA: 2:45 - loss: 0.3793 - mae: 0.2338 - mse: 0.1171 - ssim_metric: 0.4779
121/326 [==========>...................] - ETA: 2:44 - loss: 0.3787 - mae: 0.2335 - mse: 0.1169 - ssim_metric: 0.4787
122/326 [==========>...................] - ETA: 2:43 - loss: 0.3791 - mae: 0.2335 - mse: 0.1170 - ssim_metric: 0.4791
123/326 [==========>...................] - ETA: 2:42 - loss: 0.3795 - mae: 0.2335 - mse: 0.1172 - ssim_metric: 0.4791
124/326 [==========>...................] - ETA: 2:42 - loss: 0.3801 - mae: 0.2338 - mse: 0.1174 - ssim_metric: 0.4787
125/326 [==========>...................] - ETA: 2:41 - loss: 0.3802 - mae: 0.2337 - mse: 0.1174 - ssim_metric: 0.4791
126/326 [==========>...................] - ETA: 2:40 - loss: 0.3798 - mae: 0.2335 - mse: 0.1172 - ssim_metric: 0.4791
127/326 [==========>...................] - ETA: 2:39 - loss: 0.3795 - mae: 0.2334 - mse: 0.1171 - ssim_metric: 0.4791
128/326 [==========>...................] - ETA: 2:38 - loss: 0.3790 - mae: 0.2333 - mse: 0.1169 - ssim_metric: 0.4792
129/326 [==========>...................] - ETA: 2:38 - loss: 0.3790 - mae: 0.2333 - mse: 0.1169 - ssim_metric: 0.4792
130/326 [==========>...................] - ETA: 2:37 - loss: 0.3800 - mae: 0.2339 - mse: 0.1173 - ssim_metric: 0.4784
131/326 [===========>..................] - ETA: 2:36 - loss: 0.3803 - mae: 0.2340 - mse: 0.1174 - ssim_metric: 0.4783
132/326 [===========>..................] - ETA: 2:35 - loss: 0.3804 - mae: 0.2341 - mse: 0.1174 - ssim_metric: 0.4784
133/326 [===========>..................] - ETA: 2:34 - loss: 0.3802 - mae: 0.2341 - mse: 0.1174 - ssim_metric: 0.4784
134/326 [===========>..................] - ETA: 2:34 - loss: 0.3807 - mae: 0.2343 - mse: 0.1176 - ssim_metric: 0.4780
135/326 [===========>..................] - ETA: 2:33 - loss: 0.3810 - mae: 0.2346 - mse: 0.1177 - ssim_metric: 0.4775
136/326 [===========>..................] - ETA: 2:32 - loss: 0.3812 - mae: 0.2348 - mse: 0.1178 - ssim_metric: 0.4770
137/326 [===========>..................] - ETA: 2:31 - loss: 0.3808 - mae: 0.2348 - mse: 0.1177 - ssim_metric: 0.4769
138/326 [===========>..................] - ETA: 2:30 - loss: 0.3811 - mae: 0.2351 - mse: 0.1178 - ssim_metric: 0.4762
139/326 [===========>..................] - ETA: 2:30 - loss: 0.3810 - mae: 0.2351 - mse: 0.1178 - ssim_metric: 0.4760
140/326 [===========>..................] - ETA: 2:29 - loss: 0.3811 - mae: 0.2352 - mse: 0.1178 - ssim_metric: 0.4760
141/326 [===========>..................] - ETA: 2:28 - loss: 0.3812 - mae: 0.2351 - mse: 0.1178 - ssim_metric: 0.4761
142/326 [============>.................] - ETA: 2:27 - loss: 0.3808 - mae: 0.2349 - mse: 0.1177 - ssim_metric: 0.4766
143/326 [============>.................] - ETA: 2:26 - loss: 0.3811 - mae: 0.2351 - mse: 0.1178 - ssim_metric: 0.4763
144/326 [============>.................] - ETA: 2:26 - loss: 0.3809 - mae: 0.2349 - mse: 0.1177 - ssim_metric: 0.4764
145/326 [============>.................] - ETA: 2:25 - loss: 0.3806 - mae: 0.2348 - mse: 0.1176 - ssim_metric: 0.4768
146/326 [============>.................] - ETA: 2:24 - loss: 0.3805 - mae: 0.2347 - mse: 0.1176 - ssim_metric: 0.4771
147/326 [============>.................] - ETA: 2:23 - loss: 0.3811 - mae: 0.2349 - mse: 0.1178 - ssim_metric: 0.4768
148/326 [============>.................] - ETA: 2:22 - loss: 0.3807 - mae: 0.2347 - mse: 0.1177 - ssim_metric: 0.4770
149/326 [============>.................] - ETA: 2:22 - loss: 0.3810 - mae: 0.2350 - mse: 0.1178 - ssim_metric: 0.4763
150/326 [============>.................] - ETA: 2:21 - loss: 0.3808 - mae: 0.2349 - mse: 0.1177 - ssim_metric: 0.4761
151/326 [============>.................] - ETA: 2:20 - loss: 0.3814 - mae: 0.2353 - mse: 0.1179 - ssim_metric: 0.4753
152/326 [============>.................] - ETA: 2:19 - loss: 0.3819 - mae: 0.2355 - mse: 0.1181 - ssim_metric: 0.4751
153/326 [=============>................] - ETA: 2:18 - loss: 0.3816 - mae: 0.2353 - mse: 0.1180 - ssim_metric: 0.4753
154/326 [=============>................] - ETA: 2:18 - loss: 0.3814 - mae: 0.2352 - mse: 0.1179 - ssim_metric: 0.4753
155/326 [=============>................] - ETA: 2:17 - loss: 0.3816 - mae: 0.2352 - mse: 0.1180 - ssim_metric: 0.4754
156/326 [=============>................] - ETA: 2:16 - loss: 0.3813 - mae: 0.2351 - mse: 0.1179 - ssim_metric: 0.4757
157/326 [=============>................] - ETA: 2:15 - loss: 0.3813 - mae: 0.2351 - mse: 0.1179 - ssim_metric: 0.4756
158/326 [=============>................] - ETA: 2:14 - loss: 0.3823 - mae: 0.2354 - mse: 0.1182 - ssim_metric: 0.4756
159/326 [=============>................] - ETA: 2:14 - loss: 0.3825 - mae: 0.2355 - mse: 0.1183 - ssim_metric: 0.4754
160/326 [=============>................] - ETA: 2:13 - loss: 0.3824 - mae: 0.2355 - mse: 0.1182 - ssim_metric: 0.4754
161/326 [=============>................] - ETA: 2:12 - loss: 0.3826 - mae: 0.2358 - mse: 0.1183 - ssim_metric: 0.4749
162/326 [=============>................] - ETA: 2:11 - loss: 0.3824 - mae: 0.2358 - mse: 0.1183 - ssim_metric: 0.4746
163/326 [==============>...............] - ETA: 2:10 - loss: 0.3820 - mae: 0.2357 - mse: 0.1181 - ssim_metric: 0.4746
164/326 [==============>...............] - ETA: 2:10 - loss: 0.3819 - mae: 0.2357 - mse: 0.1181 - ssim_metric: 0.4747
165/326 [==============>...............] - ETA: 2:09 - loss: 0.3820 - mae: 0.2358 - mse: 0.1181 - ssim_metric: 0.4746
166/326 [==============>...............] - ETA: 2:08 - loss: 0.3826 - mae: 0.2360 - mse: 0.1183 - ssim_metric: 0.4742
167/326 [==============>...............] - ETA: 2:07 - loss: 0.3826 - mae: 0.2360 - mse: 0.1183 - ssim_metric: 0.4742
168/326 [==============>...............] - ETA: 2:06 - loss: 0.3829 - mae: 0.2362 - mse: 0.1185 - ssim_metric: 0.4739
169/326 [==============>...............] - ETA: 2:06 - loss: 0.3826 - mae: 0.2361 - mse: 0.1184 - ssim_metric: 0.4742
170/326 [==============>...............] - ETA: 2:05 - loss: 0.3828 - mae: 0.2362 - mse: 0.1185 - ssim_metric: 0.4740
171/326 [==============>...............] - ETA: 2:04 - loss: 0.3827 - mae: 0.2361 - mse: 0.1184 - ssim_metric: 0.4742
172/326 [==============>...............] - ETA: 2:03 - loss: 0.3823 - mae: 0.2359 - mse: 0.1183 - ssim_metric: 0.4748
173/326 [==============>...............] - ETA: 2:02 - loss: 0.3825 - mae: 0.2360 - mse: 0.1184 - ssim_metric: 0.4746
174/326 [===============>..............] - ETA: 2:01 - loss: 0.3823 - mae: 0.2359 - mse: 0.1183 - ssim_metric: 0.4744
175/326 [===============>..............] - ETA: 2:01 - loss: 0.3825 - mae: 0.2360 - mse: 0.1184 - ssim_metric: 0.4742
176/326 [===============>..............] - ETA: 2:00 - loss: 0.3825 - mae: 0.2360 - mse: 0.1184 - ssim_metric: 0.4741
177/326 [===============>..............] - ETA: 1:59 - loss: 0.3826 - mae: 0.2361 - mse: 0.1185 - ssim_metric: 0.4742
178/326 [===============>..............] - ETA: 1:58 - loss: 0.3835 - mae: 0.2364 - mse: 0.1188 - ssim_metric: 0.4736
179/326 [===============>..............] - ETA: 1:57 - loss: 0.3837 - mae: 0.2365 - mse: 0.1188 - ssim_metric: 0.4733
180/326 [===============>..............] - ETA: 1:57 - loss: 0.3838 - mae: 0.2367 - mse: 0.1189 - ssim_metric: 0.4728
181/326 [===============>..............] - ETA: 1:56 - loss: 0.3843 - mae: 0.2372 - mse: 0.1191 - ssim_metric: 0.4718
182/326 [===============>..............] - ETA: 1:55 - loss: 0.3843 - mae: 0.2373 - mse: 0.1191 - ssim_metric: 0.4712
183/326 [===============>..............] - ETA: 1:54 - loss: 0.3842 - mae: 0.2374 - mse: 0.1190 - ssim_metric: 0.4708
184/326 [===============>..............] - ETA: 1:53 - loss: 0.3842 - mae: 0.2375 - mse: 0.1190 - ssim_metric: 0.4707
185/326 [================>.............] - ETA: 1:53 - loss: 0.3844 - mae: 0.2376 - mse: 0.1191 - ssim_metric: 0.4704
186/326 [================>.............] - ETA: 1:52 - loss: 0.3850 - mae: 0.2380 - mse: 0.1193 - ssim_metric: 0.4697
187/326 [================>.............] - ETA: 1:51 - loss: 0.3854 - mae: 0.2382 - mse: 0.1195 - ssim_metric: 0.4696
188/326 [================>.............] - ETA: 1:50 - loss: 0.3858 - mae: 0.2383 - mse: 0.1196 - ssim_metric: 0.4697
189/326 [================>.............] - ETA: 1:49 - loss: 0.3855 - mae: 0.2383 - mse: 0.1195 - ssim_metric: 0.4697
190/326 [================>.............] - ETA: 1:49 - loss: 0.3854 - mae: 0.2382 - mse: 0.1194 - ssim_metric: 0.4695
191/326 [================>.............] - ETA: 1:48 - loss: 0.3853 - mae: 0.2383 - mse: 0.1194 - ssim_metric: 0.4692
192/326 [================>.............] - ETA: 1:47 - loss: 0.3852 - mae: 0.2383 - mse: 0.1194 - ssim_metric: 0.4693
193/326 [================>.............] - ETA: 1:46 - loss: 0.3854 - mae: 0.2383 - mse: 0.1194 - ssim_metric: 0.4694
194/326 [================>.............] - ETA: 1:45 - loss: 0.3849 - mae: 0.2380 - mse: 0.1193 - ssim_metric: 0.4699
195/326 [================>.............] - ETA: 1:45 - loss: 0.3852 - mae: 0.2380 - mse: 0.1194 - ssim_metric: 0.4703
196/326 [=================>............] - ETA: 1:44 - loss: 0.3857 - mae: 0.2381 - mse: 0.1195 - ssim_metric: 0.4704
197/326 [=================>............] - ETA: 1:43 - loss: 0.3854 - mae: 0.2379 - mse: 0.1194 - ssim_metric: 0.4709
198/326 [=================>............] - ETA: 1:42 - loss: 0.3853 - mae: 0.2378 - mse: 0.1194 - ssim_metric: 0.4711
199/326 [=================>............] - ETA: 1:41 - loss: 0.3853 - mae: 0.2378 - mse: 0.1194 - ssim_metric: 0.4712
200/326 [=================>............] - ETA: 1:41 - loss: 0.3853 - mae: 0.2379 - mse: 0.1194 - ssim_metric: 0.4711
201/326 [=================>............] - ETA: 1:40 - loss: 0.3852 - mae: 0.2379 - mse: 0.1194 - ssim_metric: 0.4709
202/326 [=================>............] - ETA: 1:39 - loss: 0.3857 - mae: 0.2380 - mse: 0.1195 - ssim_metric: 0.4710
203/326 [=================>............] - ETA: 1:38 - loss: 0.3862 - mae: 0.2383 - mse: 0.1197 - ssim_metric: 0.4705
204/326 [=================>............] - ETA: 1:37 - loss: 0.3860 - mae: 0.2383 - mse: 0.1196 - ssim_metric: 0.4704
205/326 [=================>............] - ETA: 1:37 - loss: 0.3857 - mae: 0.2383 - mse: 0.1195 - ssim_metric: 0.4704
206/326 [=================>............] - ETA: 1:36 - loss: 0.3856 - mae: 0.2383 - mse: 0.1195 - ssim_metric: 0.4704
207/326 [==================>...........] - ETA: 1:35 - loss: 0.3855 - mae: 0.2383 - mse: 0.1194 - ssim_metric: 0.4704
208/326 [==================>...........] - ETA: 1:34 - loss: 0.3854 - mae: 0.2383 - mse: 0.1194 - ssim_metric: 0.4706
209/326 [==================>...........] - ETA: 1:33 - loss: 0.3854 - mae: 0.2382 - mse: 0.1194 - ssim_metric: 0.4708
210/326 [==================>...........] - ETA: 1:33 - loss: 0.3857 - mae: 0.2384 - mse: 0.1195 - ssim_metric: 0.4706
211/326 [==================>...........] - ETA: 1:32 - loss: 0.3856 - mae: 0.2382 - mse: 0.1195 - ssim_metric: 0.4712
212/326 [==================>...........] - ETA: 1:31 - loss: 0.3855 - mae: 0.2381 - mse: 0.1194 - ssim_metric: 0.4713
213/326 [==================>...........] - ETA: 1:30 - loss: 0.3852 - mae: 0.2380 - mse: 0.1193 - ssim_metric: 0.4716
214/326 [==================>...........] - ETA: 1:29 - loss: 0.3853 - mae: 0.2380 - mse: 0.1194 - ssim_metric: 0.4715
215/326 [==================>...........] - ETA: 1:29 - loss: 0.3853 - mae: 0.2380 - mse: 0.1194 - ssim_metric: 0.4714
216/326 [==================>...........] - ETA: 1:28 - loss: 0.3851 - mae: 0.2379 - mse: 0.1193 - ssim_metric: 0.4716
217/326 [==================>...........] - ETA: 1:27 - loss: 0.3852 - mae: 0.2379 - mse: 0.1194 - ssim_metric: 0.4716
218/326 [===================>..........] - ETA: 1:26 - loss: 0.3853 - mae: 0.2379 - mse: 0.1194 - ssim_metric: 0.4715
219/326 [===================>..........] - ETA: 1:25 - loss: 0.3852 - mae: 0.2379 - mse: 0.1194 - ssim_metric: 0.4716
220/326 [===================>..........] - ETA: 1:25 - loss: 0.3855 - mae: 0.2381 - mse: 0.1195 - ssim_metric: 0.4711
221/326 [===================>..........] - ETA: 1:24 - loss: 0.3857 - mae: 0.2383 - mse: 0.1196 - ssim_metric: 0.4708
222/326 [===================>..........] - ETA: 1:23 - loss: 0.3859 - mae: 0.2384 - mse: 0.1196 - ssim_metric: 0.4703
223/326 [===================>..........] - ETA: 1:22 - loss: 0.3858 - mae: 0.2384 - mse: 0.1196 - ssim_metric: 0.4704
224/326 [===================>..........] - ETA: 1:21 - loss: 0.3860 - mae: 0.2386 - mse: 0.1197 - ssim_metric: 0.4700
225/326 [===================>..........] - ETA: 1:21 - loss: 0.3862 - mae: 0.2387 - mse: 0.1198 - ssim_metric: 0.4698
226/326 [===================>..........] - ETA: 1:20 - loss: 0.3862 - mae: 0.2387 - mse: 0.1198 - ssim_metric: 0.4698
227/326 [===================>..........] - ETA: 1:19 - loss: 0.3860 - mae: 0.2386 - mse: 0.1197 - ssim_metric: 0.4701
228/326 [===================>..........] - ETA: 1:18 - loss: 0.3860 - mae: 0.2385 - mse: 0.1197 - ssim_metric: 0.4701
229/326 [====================>.........] - ETA: 1:17 - loss: 0.3863 - mae: 0.2387 - mse: 0.1198 - ssim_metric: 0.4697
230/326 [====================>.........] - ETA: 1:17 - loss: 0.3862 - mae: 0.2388 - mse: 0.1198 - ssim_metric: 0.4696
231/326 [====================>.........] - ETA: 1:16 - loss: 0.3862 - mae: 0.2387 - mse: 0.1197 - ssim_metric: 0.4696
232/326 [====================>.........] - ETA: 1:15 - loss: 0.3860 - mae: 0.2387 - mse: 0.1197 - ssim_metric: 0.4697
233/326 [====================>.........] - ETA: 1:14 - loss: 0.3861 - mae: 0.2387 - mse: 0.1197 - ssim_metric: 0.4698
234/326 [====================>.........] - ETA: 1:13 - loss: 0.3864 - mae: 0.2389 - mse: 0.1198 - ssim_metric: 0.4695
235/326 [====================>.........] - ETA: 1:13 - loss: 0.3864 - mae: 0.2389 - mse: 0.1198 - ssim_metric: 0.4695
236/326 [====================>.........] - ETA: 1:12 - loss: 0.3859 - mae: 0.2386 - mse: 0.1197 - ssim_metric: 0.4700
237/326 [====================>.........] - ETA: 1:11 - loss: 0.3857 - mae: 0.2384 - mse: 0.1196 - ssim_metric: 0.4704
238/326 [====================>.........] - ETA: 1:10 - loss: 0.3858 - mae: 0.2385 - mse: 0.1196 - ssim_metric: 0.4705
239/326 [====================>.........] - ETA: 1:09 - loss: 0.3853 - mae: 0.2382 - mse: 0.1195 - ssim_metric: 0.4711
240/326 [=====================>........] - ETA: 1:09 - loss: 0.3853 - mae: 0.2381 - mse: 0.1195 - ssim_metric: 0.4713
241/326 [=====================>........] - ETA: 1:08 - loss: 0.3852 - mae: 0.2380 - mse: 0.1194 - ssim_metric: 0.4715
242/326 [=====================>........] - ETA: 1:07 - loss: 0.3847 - mae: 0.2377 - mse: 0.1193 - ssim_metric: 0.4719
243/326 [=====================>........] - ETA: 1:06 - loss: 0.3847 - mae: 0.2376 - mse: 0.1193 - ssim_metric: 0.4722
244/326 [=====================>........] - ETA: 1:05 - loss: 0.3848 - mae: 0.2377 - mse: 0.1193 - ssim_metric: 0.4723
245/326 [=====================>........] - ETA: 1:05 - loss: 0.3849 - mae: 0.2378 - mse: 0.1193 - ssim_metric: 0.4721
246/326 [=====================>........] - ETA: 1:04 - loss: 0.3847 - mae: 0.2377 - mse: 0.1193 - ssim_metric: 0.4723
247/326 [=====================>........] - ETA: 1:03 - loss: 0.3847 - mae: 0.2377 - mse: 0.1193 - ssim_metric: 0.4722
248/326 [=====================>........] - ETA: 1:02 - loss: 0.3851 - mae: 0.2379 - mse: 0.1194 - ssim_metric: 0.4721
249/326 [=====================>........] - ETA: 1:01 - loss: 0.3853 - mae: 0.2380 - mse: 0.1195 - ssim_metric: 0.4717
250/326 [======================>.......] - ETA: 1:00 - loss: 0.3852 - mae: 0.2380 - mse: 0.1194 - ssim_metric: 0.4716
251/326 [======================>.......] - ETA: 1:00 - loss: 0.3850 - mae: 0.2380 - mse: 0.1194 - ssim_metric: 0.4715
252/326 [======================>.......] - ETA: 59s - loss: 0.3846 - mae: 0.2379 - mse: 0.1192 - ssim_metric: 0.4717 
253/326 [======================>.......] - ETA: 58s - loss: 0.3852 - mae: 0.2381 - mse: 0.1194 - ssim_metric: 0.4715
254/326 [======================>.......] - ETA: 57s - loss: 0.3852 - mae: 0.2381 - mse: 0.1194 - ssim_metric: 0.4715
255/326 [======================>.......] - ETA: 56s - loss: 0.3849 - mae: 0.2380 - mse: 0.1193 - ssim_metric: 0.4717
256/326 [======================>.......] - ETA: 56s - loss: 0.3851 - mae: 0.2381 - mse: 0.1194 - ssim_metric: 0.4717
257/326 [======================>.......] - ETA: 55s - loss: 0.3851 - mae: 0.2381 - mse: 0.1194 - ssim_metric: 0.4718
258/326 [======================>.......] - ETA: 54s - loss: 0.3854 - mae: 0.2382 - mse: 0.1195 - ssim_metric: 0.4717
259/326 [======================>.......] - ETA: 53s - loss: 0.3856 - mae: 0.2383 - mse: 0.1196 - ssim_metric: 0.4715
260/326 [======================>.......] - ETA: 52s - loss: 0.3853 - mae: 0.2381 - mse: 0.1195 - ssim_metric: 0.4717
261/326 [=======================>......] - ETA: 52s - loss: 0.3854 - mae: 0.2381 - mse: 0.1195 - ssim_metric: 0.4716
262/326 [=======================>......] - ETA: 51s - loss: 0.3851 - mae: 0.2380 - mse: 0.1194 - ssim_metric: 0.4717
263/326 [=======================>......] - ETA: 50s - loss: 0.3856 - mae: 0.2381 - mse: 0.1195 - ssim_metric: 0.4715
264/326 [=======================>......] - ETA: 49s - loss: 0.3856 - mae: 0.2382 - mse: 0.1196 - ssim_metric: 0.4715
265/326 [=======================>......] - ETA: 48s - loss: 0.3857 - mae: 0.2383 - mse: 0.1196 - ssim_metric: 0.4713
266/326 [=======================>......] - ETA: 48s - loss: 0.3858 - mae: 0.2384 - mse: 0.1196 - ssim_metric: 0.4709
267/326 [=======================>......] - ETA: 47s - loss: 0.3859 - mae: 0.2385 - mse: 0.1197 - ssim_metric: 0.4706
268/326 [=======================>......] - ETA: 46s - loss: 0.3860 - mae: 0.2387 - mse: 0.1197 - ssim_metric: 0.4702
269/326 [=======================>......] - ETA: 45s - loss: 0.3859 - mae: 0.2387 - mse: 0.1197 - ssim_metric: 0.4701
270/326 [=======================>......] - ETA: 44s - loss: 0.3861 - mae: 0.2388 - mse: 0.1198 - ssim_metric: 0.4699
271/326 [=======================>......] - ETA: 44s - loss: 0.3862 - mae: 0.2389 - mse: 0.1198 - ssim_metric: 0.4698
272/326 [========================>.....] - ETA: 43s - loss: 0.3861 - mae: 0.2389 - mse: 0.1198 - ssim_metric: 0.4699
273/326 [========================>.....] - ETA: 42s - loss: 0.3858 - mae: 0.2387 - mse: 0.1196 - ssim_metric: 0.4701
274/326 [========================>.....] - ETA: 41s - loss: 0.3859 - mae: 0.2388 - mse: 0.1197 - ssim_metric: 0.4700
275/326 [========================>.....] - ETA: 40s - loss: 0.3861 - mae: 0.2388 - mse: 0.1198 - ssim_metric: 0.4703
276/326 [========================>.....] - ETA: 40s - loss: 0.3861 - mae: 0.2388 - mse: 0.1198 - ssim_metric: 0.4702
277/326 [========================>.....] - ETA: 39s - loss: 0.3863 - mae: 0.2390 - mse: 0.1199 - ssim_metric: 0.4700
278/326 [========================>.....] - ETA: 38s - loss: 0.3862 - mae: 0.2389 - mse: 0.1198 - ssim_metric: 0.4701
279/326 [========================>.....] - ETA: 37s - loss: 0.3860 - mae: 0.2388 - mse: 0.1197 - ssim_metric: 0.4704
280/326 [========================>.....] - ETA: 36s - loss: 0.3859 - mae: 0.2387 - mse: 0.1197 - ssim_metric: 0.4705
281/326 [========================>.....] - ETA: 36s - loss: 0.3862 - mae: 0.2388 - mse: 0.1198 - ssim_metric: 0.4703
282/326 [========================>.....] - ETA: 35s - loss: 0.3863 - mae: 0.2389 - mse: 0.1198 - ssim_metric: 0.4704
283/326 [=========================>....] - ETA: 34s - loss: 0.3867 - mae: 0.2391 - mse: 0.1200 - ssim_metric: 0.4702
284/326 [=========================>....] - ETA: 33s - loss: 0.3866 - mae: 0.2391 - mse: 0.1199 - ssim_metric: 0.4700
285/326 [=========================>....] - ETA: 32s - loss: 0.3868 - mae: 0.2393 - mse: 0.1200 - ssim_metric: 0.4697
286/326 [=========================>....] - ETA: 32s - loss: 0.3869 - mae: 0.2393 - mse: 0.1201 - ssim_metric: 0.4696
287/326 [=========================>....] - ETA: 31s - loss: 0.3872 - mae: 0.2395 - mse: 0.1202 - ssim_metric: 0.4694
288/326 [=========================>....] - ETA: 30s - loss: 0.3876 - mae: 0.2397 - mse: 0.1203 - ssim_metric: 0.4692
289/326 [=========================>....] - ETA: 29s - loss: 0.3876 - mae: 0.2397 - mse: 0.1203 - ssim_metric: 0.4690
290/326 [=========================>....] - ETA: 28s - loss: 0.3879 - mae: 0.2399 - mse: 0.1204 - ssim_metric: 0.4688
291/326 [=========================>....] - ETA: 28s - loss: 0.3881 - mae: 0.2400 - mse: 0.1205 - ssim_metric: 0.4685
292/326 [=========================>....] - ETA: 27s - loss: 0.3879 - mae: 0.2399 - mse: 0.1204 - ssim_metric: 0.4685
293/326 [=========================>....] - ETA: 26s - loss: 0.3877 - mae: 0.2399 - mse: 0.1204 - ssim_metric: 0.4685
294/326 [==========================>...] - ETA: 25s - loss: 0.3880 - mae: 0.2401 - mse: 0.1204 - ssim_metric: 0.4682
295/326 [==========================>...] - ETA: 24s - loss: 0.3880 - mae: 0.2402 - mse: 0.1205 - ssim_metric: 0.4681
296/326 [==========================>...] - ETA: 24s - loss: 0.3878 - mae: 0.2401 - mse: 0.1204 - ssim_metric: 0.4682
297/326 [==========================>...] - ETA: 23s - loss: 0.3879 - mae: 0.2401 - mse: 0.1204 - ssim_metric: 0.4682
298/326 [==========================>...] - ETA: 22s - loss: 0.3875 - mae: 0.2400 - mse: 0.1203 - ssim_metric: 0.4685
299/326 [==========================>...] - ETA: 21s - loss: 0.3873 - mae: 0.2398 - mse: 0.1202 - ssim_metric: 0.4687
300/326 [==========================>...] - ETA: 20s - loss: 0.3873 - mae: 0.2398 - mse: 0.1202 - ssim_metric: 0.4689
301/326 [==========================>...] - ETA: 20s - loss: 0.3871 - mae: 0.2396 - mse: 0.1201 - ssim_metric: 0.4693
302/326 [==========================>...] - ETA: 19s - loss: 0.3875 - mae: 0.2398 - mse: 0.1203 - ssim_metric: 0.4691
303/326 [==========================>...] - ETA: 18s - loss: 0.3875 - mae: 0.2397 - mse: 0.1203 - ssim_metric: 0.4692
304/326 [==========================>...] - ETA: 17s - loss: 0.3876 - mae: 0.2398 - mse: 0.1203 - ssim_metric: 0.4692
305/326 [===========================>..] - ETA: 16s - loss: 0.3876 - mae: 0.2398 - mse: 0.1203 - ssim_metric: 0.4691
306/326 [===========================>..] - ETA: 16s - loss: 0.3876 - mae: 0.2398 - mse: 0.1203 - ssim_metric: 0.4690
307/326 [===========================>..] - ETA: 15s - loss: 0.3877 - mae: 0.2399 - mse: 0.1203 - ssim_metric: 0.4689
308/326 [===========================>..] - ETA: 14s - loss: 0.3876 - mae: 0.2398 - mse: 0.1203 - ssim_metric: 0.4690
309/326 [===========================>..] - ETA: 13s - loss: 0.3875 - mae: 0.2398 - mse: 0.1203 - ssim_metric: 0.4689
310/326 [===========================>..] - ETA: 12s - loss: 0.3875 - mae: 0.2398 - mse: 0.1203 - ssim_metric: 0.4688
311/326 [===========================>..] - ETA: 12s - loss: 0.3874 - mae: 0.2398 - mse: 0.1202 - ssim_metric: 0.4689
312/326 [===========================>..] - ETA: 11s - loss: 0.3873 - mae: 0.2398 - mse: 0.1202 - ssim_metric: 0.4688
313/326 [===========================>..] - ETA: 10s - loss: 0.3875 - mae: 0.2398 - mse: 0.1203 - ssim_metric: 0.4688
314/326 [===========================>..] - ETA: 9s - loss: 0.3877 - mae: 0.2398 - mse: 0.1203 - ssim_metric: 0.4690 
315/326 [===========================>..] - ETA: 8s - loss: 0.3879 - mae: 0.2399 - mse: 0.1204 - ssim_metric: 0.4689
316/326 [============================>.] - ETA: 8s - loss: 0.3878 - mae: 0.2399 - mse: 0.1204 - ssim_metric: 0.4688
317/326 [============================>.] - ETA: 7s - loss: 0.3877 - mae: 0.2398 - mse: 0.1203 - ssim_metric: 0.4690
318/326 [============================>.] - ETA: 6s - loss: 0.3875 - mae: 0.2397 - mse: 0.1203 - ssim_metric: 0.4691
319/326 [============================>.] - ETA: 5s - loss: 0.3880 - mae: 0.2400 - mse: 0.1205 - ssim_metric: 0.4688
320/326 [============================>.] - ETA: 4s - loss: 0.3880 - mae: 0.2400 - mse: 0.1204 - ssim_metric: 0.4686
321/326 [============================>.] - ETA: 4s - loss: 0.3881 - mae: 0.2401 - mse: 0.1205 - ssim_metric: 0.4684
322/326 [============================>.] - ETA: 3s - loss: 0.3879 - mae: 0.2401 - mse: 0.1204 - ssim_metric: 0.4684
323/326 [============================>.] - ETA: 2s - loss: 0.3879 - mae: 0.2400 - mse: 0.1204 - ssim_metric: 0.4684
324/326 [============================>.] - ETA: 1s - loss: 0.3883 - mae: 0.2402 - mse: 0.1205 - ssim_metric: 0.4682
325/326 [============================>.] - ETA: 0s - loss: 0.3883 - mae: 0.2402 - mse: 0.1205 - ssim_metric: 0.4682
326/326 [==============================] - ETA: 0s - loss: 0.3885 - mae: 0.2403 - mse: 0.1206 - ssim_metric: 0.4682
Epoch 14: saving model to C:\d_surucusu\visual_navigation\benchmark\models_pipeline\20260909_223425\bce_b16\_JOB_bce_b16_10_09_2026__07_13_model_f48_k4_epoch_00014_helu_osigmoid_(1, 1)_.h5

Epoch 14: val_loss improved from 0.35378 to 0.35321, saving model to C:\d_surucusu\visual_navigation\benchmark\models_pipeline\20260909_223425\bce_b16\_JOB_bce_b16_10_09_2026__07_13_best_val_loss_model_f48_k4.h5

Epoch 14: val_mae improved from 0.22123 to 0.21974, saving model to C:\d_surucusu\visual_navigation\benchmark\models_pipeline\20260909_223425\bce_b16\_JOB_bce_b16_10_09_2026__07_13_best_mae_model_f48_k4.h5

Epoch 14: val_ssim_metric did not improve from 0.56049

326/326 [==============================] - 277s 851ms/step - loss: 0.3885 - mae: 0.2403 - mse: 0.1206 - ssim_metric: 0.4682 - val_loss: 0.3532 - val_mae: 0.2197 - val_mse: 0.1077 - val_ssim_metric: 0.5063
Epoch 15/20

  1/326 [..............................] - ETA: 4:38 - loss: 0.4157 - mae: 0.2522 - mse: 0.1333 - ssim_metric: 0.4401
  2/326 [..............................] - ETA: 4:19 - loss: 0.4120 - mae: 0.2466 - mse: 0.1301 - ssim_metric: 0.4688
  3/326 [..............................] - ETA: 4:18 - loss: 0.4303 - mae: 0.2623 - mse: 0.1367 - ssim_metric: 0.4441
  4/326 [..............................] - ETA: 4:17 - loss: 0.4214 - mae: 0.2604 - mse: 0.1335 - ssim_metric: 0.4356
  5/326 [..............................] - ETA: 4:17 - loss: 0.4123 - mae: 0.2586 - mse: 0.1301 - ssim_metric: 0.4347
  6/326 [..............................] - ETA: 4:16 - loss: 0.4123 - mae: 0.2626 - mse: 0.1302 - ssim_metric: 0.4193
  7/326 [..............................] - ETA: 4:15 - loss: 0.4103 - mae: 0.2637 - mse: 0.1293 - ssim_metric: 0.4140
  8/326 [..............................] - ETA: 4:14 - loss: 0.3993 - mae: 0.2579 - mse: 0.1250 - ssim_metric: 0.4206
  9/326 [..............................] - ETA: 4:13 - loss: 0.3891 - mae: 0.2519 - mse: 0.1211 - ssim_metric: 0.4311
 10/326 [..............................] - ETA: 4:13 - loss: 0.3862 - mae: 0.2493 - mse: 0.1200 - ssim_metric: 0.4397
 11/326 [>.............................] - ETA: 4:12 - loss: 0.3899 - mae: 0.2499 - mse: 0.1218 - ssim_metric: 0.4448
 12/326 [>.............................] - ETA: 4:11 - loss: 0.3903 - mae: 0.2480 - mse: 0.1220 - ssim_metric: 0.4514
 13/326 [>.............................] - ETA: 4:10 - loss: 0.3954 - mae: 0.2481 - mse: 0.1238 - ssim_metric: 0.4557
 14/326 [>.............................] - ETA: 4:10 - loss: 0.4075 - mae: 0.2521 - mse: 0.1279 - ssim_metric: 0.4524
 15/326 [>.............................] - ETA: 4:09 - loss: 0.3975 - mae: 0.2463 - mse: 0.1244 - ssim_metric: 0.4646
 16/326 [>.............................] - ETA: 4:08 - loss: 0.4013 - mae: 0.2478 - mse: 0.1258 - ssim_metric: 0.4641
 17/326 [>.............................] - ETA: 4:07 - loss: 0.4000 - mae: 0.2476 - mse: 0.1253 - ssim_metric: 0.4651
 18/326 [>.............................] - ETA: 4:06 - loss: 0.4022 - mae: 0.2501 - mse: 0.1263 - ssim_metric: 0.4600
 19/326 [>.............................] - ETA: 4:05 - loss: 0.4026 - mae: 0.2514 - mse: 0.1264 - ssim_metric: 0.4571
 20/326 [>.............................] - ETA: 4:05 - loss: 0.3988 - mae: 0.2507 - mse: 0.1248 - ssim_metric: 0.4558
 21/326 [>.............................] - ETA: 4:04 - loss: 0.3941 - mae: 0.2485 - mse: 0.1230 - ssim_metric: 0.4577
 22/326 [=>............................] - ETA: 4:03 - loss: 0.3897 - mae: 0.2461 - mse: 0.1214 - ssim_metric: 0.4609
 23/326 [=>............................] - ETA: 4:02 - loss: 0.3857 - mae: 0.2431 - mse: 0.1200 - ssim_metric: 0.4683
 24/326 [=>............................] - ETA: 4:02 - loss: 0.3845 - mae: 0.2417 - mse: 0.1195 - ssim_metric: 0.4713
 25/326 [=>............................] - ETA: 4:01 - loss: 0.3887 - mae: 0.2425 - mse: 0.1210 - ssim_metric: 0.4704
 26/326 [=>............................] - ETA: 4:00 - loss: 0.3901 - mae: 0.2422 - mse: 0.1215 - ssim_metric: 0.4722
 27/326 [=>............................] - ETA: 3:59 - loss: 0.3888 - mae: 0.2411 - mse: 0.1210 - ssim_metric: 0.4747
 28/326 [=>............................] - ETA: 3:58 - loss: 0.3905 - mae: 0.2409 - mse: 0.1215 - ssim_metric: 0.4753
 29/326 [=>............................] - ETA: 3:58 - loss: 0.3891 - mae: 0.2403 - mse: 0.1211 - ssim_metric: 0.4755
 30/326 [=>............................] - ETA: 3:57 - loss: 0.3927 - mae: 0.2417 - mse: 0.1222 - ssim_metric: 0.4729
 31/326 [=>............................] - ETA: 3:56 - loss: 0.3928 - mae: 0.2422 - mse: 0.1223 - ssim_metric: 0.4706
 32/326 [=>............................] - ETA: 3:55 - loss: 0.3937 - mae: 0.2433 - mse: 0.1227 - ssim_metric: 0.4675
 33/326 [==>...........................] - ETA: 3:55 - loss: 0.3909 - mae: 0.2425 - mse: 0.1216 - ssim_metric: 0.4670
 34/326 [==>...........................] - ETA: 3:54 - loss: 0.3920 - mae: 0.2436 - mse: 0.1220 - ssim_metric: 0.4637
 35/326 [==>...........................] - ETA: 3:53 - loss: 0.3899 - mae: 0.2426 - mse: 0.1212 - ssim_metric: 0.4647
 36/326 [==>...........................] - ETA: 3:52 - loss: 0.3900 - mae: 0.2431 - mse: 0.1213 - ssim_metric: 0.4635
 37/326 [==>...........................] - ETA: 3:51 - loss: 0.3870 - mae: 0.2414 - mse: 0.1202 - ssim_metric: 0.4663
 38/326 [==>...........................] - ETA: 3:50 - loss: 0.3851 - mae: 0.2402 - mse: 0.1195 - ssim_metric: 0.4682
 39/326 [==>...........................] - ETA: 3:50 - loss: 0.3850 - mae: 0.2398 - mse: 0.1194 - ssim_metric: 0.4694
 40/326 [==>...........................] - ETA: 3:49 - loss: 0.3834 - mae: 0.2388 - mse: 0.1189 - ssim_metric: 0.4713
 41/326 [==>...........................] - ETA: 3:48 - loss: 0.3816 - mae: 0.2373 - mse: 0.1182 - ssim_metric: 0.4748
 42/326 [==>...........................] - ETA: 3:47 - loss: 0.3777 - mae: 0.2348 - mse: 0.1168 - ssim_metric: 0.4793
 43/326 [==>...........................] - ETA: 3:46 - loss: 0.3777 - mae: 0.2342 - mse: 0.1168 - ssim_metric: 0.4809
 44/326 [===>..........................] - ETA: 3:46 - loss: 0.3787 - mae: 0.2340 - mse: 0.1172 - ssim_metric: 0.4817
 45/326 [===>..........................] - ETA: 3:45 - loss: 0.3809 - mae: 0.2350 - mse: 0.1180 - ssim_metric: 0.4796
 46/326 [===>..........................] - ETA: 3:44 - loss: 0.3812 - mae: 0.2350 - mse: 0.1182 - ssim_metric: 0.4800
 47/326 [===>..........................] - ETA: 3:43 - loss: 0.3800 - mae: 0.2345 - mse: 0.1177 - ssim_metric: 0.4803
 48/326 [===>..........................] - ETA: 3:42 - loss: 0.3771 - mae: 0.2332 - mse: 0.1167 - ssim_metric: 0.4815
 49/326 [===>..........................] - ETA: 3:42 - loss: 0.3807 - mae: 0.2342 - mse: 0.1177 - ssim_metric: 0.4801
 50/326 [===>..........................] - ETA: 3:41 - loss: 0.3803 - mae: 0.2342 - mse: 0.1176 - ssim_metric: 0.4800
 51/326 [===>..........................] - ETA: 3:40 - loss: 0.3785 - mae: 0.2336 - mse: 0.1169 - ssim_metric: 0.4796
 52/326 [===>..........................] - ETA: 3:39 - loss: 0.3790 - mae: 0.2338 - mse: 0.1171 - ssim_metric: 0.4794
 53/326 [===>..........................] - ETA: 3:38 - loss: 0.3785 - mae: 0.2336 - mse: 0.1169 - ssim_metric: 0.4793
 54/326 [===>..........................] - ETA: 3:38 - loss: 0.3794 - mae: 0.2337 - mse: 0.1172 - ssim_metric: 0.4793
 55/326 [====>.........................] - ETA: 3:37 - loss: 0.3796 - mae: 0.2339 - mse: 0.1173 - ssim_metric: 0.4788
 56/326 [====>.........................] - ETA: 3:36 - loss: 0.3793 - mae: 0.2339 - mse: 0.1172 - ssim_metric: 0.4783
 57/326 [====>.........................] - ETA: 3:35 - loss: 0.3781 - mae: 0.2334 - mse: 0.1168 - ssim_metric: 0.4788
 58/326 [====>.........................] - ETA: 3:34 - loss: 0.3794 - mae: 0.2339 - mse: 0.1173 - ssim_metric: 0.4782
 59/326 [====>.........................] - ETA: 3:34 - loss: 0.3802 - mae: 0.2343 - mse: 0.1176 - ssim_metric: 0.4773
 60/326 [====>.........................] - ETA: 3:33 - loss: 0.3810 - mae: 0.2348 - mse: 0.1179 - ssim_metric: 0.4768
 61/326 [====>.........................] - ETA: 3:32 - loss: 0.3790 - mae: 0.2338 - mse: 0.1172 - ssim_metric: 0.4786
 62/326 [====>.........................] - ETA: 3:31 - loss: 0.3775 - mae: 0.2332 - mse: 0.1166 - ssim_metric: 0.4793
 63/326 [====>.........................] - ETA: 3:30 - loss: 0.3783 - mae: 0.2336 - mse: 0.1169 - ssim_metric: 0.4783
 64/326 [====>.........................] - ETA: 3:30 - loss: 0.3772 - mae: 0.2331 - mse: 0.1165 - ssim_metric: 0.4794
 65/326 [====>.........................] - ETA: 3:29 - loss: 0.3759 - mae: 0.2324 - mse: 0.1161 - ssim_metric: 0.4811
 66/326 [=====>........................] - ETA: 3:28 - loss: 0.3773 - mae: 0.2329 - mse: 0.1166 - ssim_metric: 0.4803
 67/326 [=====>........................] - ETA: 3:27 - loss: 0.3772 - mae: 0.2329 - mse: 0.1166 - ssim_metric: 0.4799
 68/326 [=====>........................] - ETA: 3:26 - loss: 0.3770 - mae: 0.2326 - mse: 0.1165 - ssim_metric: 0.4805
 69/326 [=====>........................] - ETA: 3:26 - loss: 0.3772 - mae: 0.2327 - mse: 0.1167 - ssim_metric: 0.4802
 70/326 [=====>........................] - ETA: 3:25 - loss: 0.3770 - mae: 0.2326 - mse: 0.1167 - ssim_metric: 0.4806
 71/326 [=====>........................] - ETA: 3:24 - loss: 0.3769 - mae: 0.2325 - mse: 0.1166 - ssim_metric: 0.4805
 72/326 [=====>........................] - ETA: 3:23 - loss: 0.3792 - mae: 0.2333 - mse: 0.1173 - ssim_metric: 0.4792
 73/326 [=====>........................] - ETA: 3:22 - loss: 0.3791 - mae: 0.2333 - mse: 0.1173 - ssim_metric: 0.4790
 74/326 [=====>........................] - ETA: 3:22 - loss: 0.3787 - mae: 0.2334 - mse: 0.1172 - ssim_metric: 0.4782
 75/326 [=====>........................] - ETA: 3:21 - loss: 0.3779 - mae: 0.2331 - mse: 0.1169 - ssim_metric: 0.4780
 76/326 [=====>........................] - ETA: 3:20 - loss: 0.3765 - mae: 0.2325 - mse: 0.1163 - ssim_metric: 0.4783
 77/326 [======>.......................] - ETA: 3:19 - loss: 0.3772 - mae: 0.2330 - mse: 0.1166 - ssim_metric: 0.4770
 78/326 [======>.......................] - ETA: 3:18 - loss: 0.3769 - mae: 0.2329 - mse: 0.1165 - ssim_metric: 0.4772
 79/326 [======>.......................] - ETA: 3:18 - loss: 0.3779 - mae: 0.2332 - mse: 0.1168 - ssim_metric: 0.4773
 80/326 [======>.......................] - ETA: 3:17 - loss: 0.3786 - mae: 0.2334 - mse: 0.1171 - ssim_metric: 0.4772
 81/326 [======>.......................] - ETA: 3:16 - loss: 0.3783 - mae: 0.2331 - mse: 0.1170 - ssim_metric: 0.4778
 82/326 [======>.......................] - ETA: 3:15 - loss: 0.3785 - mae: 0.2332 - mse: 0.1171 - ssim_metric: 0.4778
 83/326 [======>.......................] - ETA: 3:14 - loss: 0.3783 - mae: 0.2331 - mse: 0.1170 - ssim_metric: 0.4776
 84/326 [======>.......................] - ETA: 3:14 - loss: 0.3788 - mae: 0.2335 - mse: 0.1172 - ssim_metric: 0.4770
 85/326 [======>.......................] - ETA: 3:13 - loss: 0.3777 - mae: 0.2331 - mse: 0.1168 - ssim_metric: 0.4773
 86/326 [======>.......................] - ETA: 3:12 - loss: 0.3778 - mae: 0.2333 - mse: 0.1169 - ssim_metric: 0.4768
 87/326 [=======>......................] - ETA: 3:11 - loss: 0.3775 - mae: 0.2332 - mse: 0.1168 - ssim_metric: 0.4768
 88/326 [=======>......................] - ETA: 3:10 - loss: 0.3767 - mae: 0.2329 - mse: 0.1165 - ssim_metric: 0.4769
 89/326 [=======>......................] - ETA: 3:10 - loss: 0.3762 - mae: 0.2326 - mse: 0.1163 - ssim_metric: 0.4773
 90/326 [=======>......................] - ETA: 3:09 - loss: 0.3771 - mae: 0.2330 - mse: 0.1166 - ssim_metric: 0.4767
 91/326 [=======>......................] - ETA: 3:08 - loss: 0.3769 - mae: 0.2328 - mse: 0.1166 - ssim_metric: 0.4773
 92/326 [=======>......................] - ETA: 3:07 - loss: 0.3768 - mae: 0.2327 - mse: 0.1165 - ssim_metric: 0.4774
 93/326 [=======>......................] - ETA: 3:06 - loss: 0.3778 - mae: 0.2328 - mse: 0.1168 - ssim_metric: 0.4779
 94/326 [=======>......................] - ETA: 3:06 - loss: 0.3785 - mae: 0.2329 - mse: 0.1170 - ssim_metric: 0.4782
 95/326 [=======>......................] - ETA: 3:05 - loss: 0.3795 - mae: 0.2333 - mse: 0.1174 - ssim_metric: 0.4776
 96/326 [=======>......................] - ETA: 3:04 - loss: 0.3792 - mae: 0.2332 - mse: 0.1173 - ssim_metric: 0.4778
 97/326 [=======>......................] - ETA: 3:03 - loss: 0.3790 - mae: 0.2333 - mse: 0.1172 - ssim_metric: 0.4775
 98/326 [========>.....................] - ETA: 3:02 - loss: 0.3784 - mae: 0.2332 - mse: 0.1170 - ssim_metric: 0.4775
 99/326 [========>.....................] - ETA: 3:02 - loss: 0.3780 - mae: 0.2332 - mse: 0.1169 - ssim_metric: 0.4773
100/326 [========>.....................] - ETA: 3:01 - loss: 0.3781 - mae: 0.2333 - mse: 0.1169 - ssim_metric: 0.4769
101/326 [========>.....................] - ETA: 3:00 - loss: 0.3775 - mae: 0.2331 - mse: 0.1166 - ssim_metric: 0.4769
102/326 [========>.....................] - ETA: 2:59 - loss: 0.3768 - mae: 0.2329 - mse: 0.1164 - ssim_metric: 0.4771
103/326 [========>.....................] - ETA: 2:58 - loss: 0.3784 - mae: 0.2333 - mse: 0.1168 - ssim_metric: 0.4767
104/326 [========>.....................] - ETA: 2:58 - loss: 0.3783 - mae: 0.2332 - mse: 0.1168 - ssim_metric: 0.4771
105/326 [========>.....................] - ETA: 2:57 - loss: 0.3779 - mae: 0.2329 - mse: 0.1167 - ssim_metric: 0.4777
106/326 [========>.....................] - ETA: 2:56 - loss: 0.3770 - mae: 0.2324 - mse: 0.1164 - ssim_metric: 0.4786
107/326 [========>.....................] - ETA: 2:55 - loss: 0.3769 - mae: 0.2323 - mse: 0.1163 - ssim_metric: 0.4790
108/326 [========>.....................] - ETA: 2:54 - loss: 0.3790 - mae: 0.2329 - mse: 0.1170 - ssim_metric: 0.4785
109/326 [=========>....................] - ETA: 2:54 - loss: 0.3787 - mae: 0.2327 - mse: 0.1168 - ssim_metric: 0.4791
110/326 [=========>....................] - ETA: 2:53 - loss: 0.3792 - mae: 0.2329 - mse: 0.1171 - ssim_metric: 0.4787
111/326 [=========>....................] - ETA: 2:52 - loss: 0.3789 - mae: 0.2328 - mse: 0.1169 - ssim_metric: 0.4787
112/326 [=========>....................] - ETA: 2:51 - loss: 0.3790 - mae: 0.2329 - mse: 0.1170 - ssim_metric: 0.4784
113/326 [=========>....................] - ETA: 2:50 - loss: 0.3789 - mae: 0.2329 - mse: 0.1169 - ssim_metric: 0.4783
114/326 [=========>....................] - ETA: 2:50 - loss: 0.3786 - mae: 0.2329 - mse: 0.1168 - ssim_metric: 0.4782
115/326 [=========>....................] - ETA: 2:49 - loss: 0.3789 - mae: 0.2332 - mse: 0.1169 - ssim_metric: 0.4776
116/326 [=========>....................] - ETA: 2:48 - loss: 0.3790 - mae: 0.2334 - mse: 0.1170 - ssim_metric: 0.4772
117/326 [=========>....................] - ETA: 2:47 - loss: 0.3794 - mae: 0.2336 - mse: 0.1172 - ssim_metric: 0.4768
118/326 [=========>....................] - ETA: 2:46 - loss: 0.3788 - mae: 0.2333 - mse: 0.1169 - ssim_metric: 0.4776
119/326 [=========>....................] - ETA: 2:45 - loss: 0.3785 - mae: 0.2331 - mse: 0.1168 - ssim_metric: 0.4780
120/326 [==========>...................] - ETA: 2:45 - loss: 0.3782 - mae: 0.2330 - mse: 0.1167 - ssim_metric: 0.4783
121/326 [==========>...................] - ETA: 2:44 - loss: 0.3777 - mae: 0.2327 - mse: 0.1165 - ssim_metric: 0.4791
122/326 [==========>...................] - ETA: 2:43 - loss: 0.3781 - mae: 0.2326 - mse: 0.1167 - ssim_metric: 0.4795
123/326 [==========>...................] - ETA: 2:42 - loss: 0.3785 - mae: 0.2327 - mse: 0.1168 - ssim_metric: 0.4795
124/326 [==========>...................] - ETA: 2:41 - loss: 0.3791 - mae: 0.2330 - mse: 0.1170 - ssim_metric: 0.4791
125/326 [==========>...................] - ETA: 2:41 - loss: 0.3792 - mae: 0.2329 - mse: 0.1170 - ssim_metric: 0.4795
126/326 [==========>...................] - ETA: 2:40 - loss: 0.3788 - mae: 0.2327 - mse: 0.1169 - ssim_metric: 0.4794
127/326 [==========>...................] - ETA: 2:39 - loss: 0.3785 - mae: 0.2327 - mse: 0.1168 - ssim_metric: 0.4794
128/326 [==========>...................] - ETA: 2:38 - loss: 0.3780 - mae: 0.2325 - mse: 0.1166 - ssim_metric: 0.4795
129/326 [==========>...................] - ETA: 2:37 - loss: 0.3781 - mae: 0.2326 - mse: 0.1166 - ssim_metric: 0.4795
130/326 [==========>...................] - ETA: 2:37 - loss: 0.3791 - mae: 0.2332 - mse: 0.1170 - ssim_metric: 0.4787
131/326 [===========>..................] - ETA: 2:36 - loss: 0.3794 - mae: 0.2333 - mse: 0.1171 - ssim_metric: 0.4786
132/326 [===========>..................] - ETA: 2:35 - loss: 0.3794 - mae: 0.2334 - mse: 0.1171 - ssim_metric: 0.4788
133/326 [===========>..................] - ETA: 2:34 - loss: 0.3793 - mae: 0.2334 - mse: 0.1171 - ssim_metric: 0.4788
134/326 [===========>..................] - ETA: 2:33 - loss: 0.3797 - mae: 0.2336 - mse: 0.1172 - ssim_metric: 0.4785
135/326 [===========>..................] - ETA: 2:33 - loss: 0.3801 - mae: 0.2339 - mse: 0.1174 - ssim_metric: 0.4780
136/326 [===========>..................] - ETA: 2:32 - loss: 0.3802 - mae: 0.2341 - mse: 0.1174 - ssim_metric: 0.4776
137/326 [===========>..................] - ETA: 2:31 - loss: 0.3799 - mae: 0.2341 - mse: 0.1173 - ssim_metric: 0.4775
138/326 [===========>..................] - ETA: 2:30 - loss: 0.3802 - mae: 0.2343 - mse: 0.1174 - ssim_metric: 0.4768
139/326 [===========>..................] - ETA: 2:29 - loss: 0.3801 - mae: 0.2344 - mse: 0.1174 - ssim_metric: 0.4766
140/326 [===========>..................] - ETA: 2:29 - loss: 0.3802 - mae: 0.2344 - mse: 0.1175 - ssim_metric: 0.4766
141/326 [===========>..................] - ETA: 2:28 - loss: 0.3802 - mae: 0.2344 - mse: 0.1175 - ssim_metric: 0.4767
142/326 [============>.................] - ETA: 2:27 - loss: 0.3798 - mae: 0.2342 - mse: 0.1174 - ssim_metric: 0.4772
143/326 [============>.................] - ETA: 2:26 - loss: 0.3801 - mae: 0.2343 - mse: 0.1175 - ssim_metric: 0.4770
144/326 [============>.................] - ETA: 2:25 - loss: 0.3799 - mae: 0.2342 - mse: 0.1174 - ssim_metric: 0.4771
145/326 [============>.................] - ETA: 2:25 - loss: 0.3797 - mae: 0.2340 - mse: 0.1173 - ssim_metric: 0.4775
146/326 [============>.................] - ETA: 2:24 - loss: 0.3795 - mae: 0.2339 - mse: 0.1172 - ssim_metric: 0.4778
147/326 [============>.................] - ETA: 2:23 - loss: 0.3801 - mae: 0.2341 - mse: 0.1175 - ssim_metric: 0.4774
148/326 [============>.................] - ETA: 2:22 - loss: 0.3797 - mae: 0.2340 - mse: 0.1173 - ssim_metric: 0.4776
149/326 [============>.................] - ETA: 2:21 - loss: 0.3801 - mae: 0.2342 - mse: 0.1175 - ssim_metric: 0.4769
150/326 [============>.................] - ETA: 2:21 - loss: 0.3798 - mae: 0.2342 - mse: 0.1174 - ssim_metric: 0.4767
151/326 [============>.................] - ETA: 2:20 - loss: 0.3804 - mae: 0.2346 - mse: 0.1176 - ssim_metric: 0.4759
152/326 [============>.................] - ETA: 2:19 - loss: 0.3809 - mae: 0.2348 - mse: 0.1178 - ssim_metric: 0.4757
153/326 [=============>................] - ETA: 2:18 - loss: 0.3806 - mae: 0.2346 - mse: 0.1176 - ssim_metric: 0.4759
154/326 [=============>................] - ETA: 2:17 - loss: 0.3803 - mae: 0.2345 - mse: 0.1176 - ssim_metric: 0.4759
155/326 [=============>................] - ETA: 2:17 - loss: 0.3805 - mae: 0.2345 - mse: 0.1176 - ssim_metric: 0.4760
156/326 [=============>................] - ETA: 2:16 - loss: 0.3802 - mae: 0.2343 - mse: 0.1175 - ssim_metric: 0.4763
157/326 [=============>................] - ETA: 2:15 - loss: 0.3803 - mae: 0.2344 - mse: 0.1176 - ssim_metric: 0.4761
158/326 [=============>................] - ETA: 2:14 - loss: 0.3813 - mae: 0.2346 - mse: 0.1178 - ssim_metric: 0.4761
159/326 [=============>................] - ETA: 2:13 - loss: 0.3815 - mae: 0.2347 - mse: 0.1179 - ssim_metric: 0.4760
160/326 [=============>................] - ETA: 2:13 - loss: 0.3813 - mae: 0.2347 - mse: 0.1179 - ssim_metric: 0.4760
161/326 [=============>................] - ETA: 2:12 - loss: 0.3816 - mae: 0.2350 - mse: 0.1180 - ssim_metric: 0.4754
162/326 [=============>................] - ETA: 2:11 - loss: 0.3813 - mae: 0.2350 - mse: 0.1179 - ssim_metric: 0.4751
163/326 [==============>...............] - ETA: 2:10 - loss: 0.3810 - mae: 0.2350 - mse: 0.1178 - ssim_metric: 0.4751
164/326 [==============>...............] - ETA: 2:09 - loss: 0.3809 - mae: 0.2350 - mse: 0.1177 - ssim_metric: 0.4751
165/326 [==============>...............] - ETA: 2:09 - loss: 0.3810 - mae: 0.2350 - mse: 0.1178 - ssim_metric: 0.4751
166/326 [==============>...............] - ETA: 2:08 - loss: 0.3816 - mae: 0.2353 - mse: 0.1180 - ssim_metric: 0.4747
167/326 [==============>...............] - ETA: 2:07 - loss: 0.3815 - mae: 0.2353 - mse: 0.1180 - ssim_metric: 0.4746
168/326 [==============>...............] - ETA: 2:06 - loss: 0.3819 - mae: 0.2355 - mse: 0.1181 - ssim_metric: 0.4743
169/326 [==============>...............] - ETA: 2:05 - loss: 0.3816 - mae: 0.2354 - mse: 0.1180 - ssim_metric: 0.4746
170/326 [==============>...............] - ETA: 2:05 - loss: 0.3818 - mae: 0.2355 - mse: 0.1181 - ssim_metric: 0.4744
171/326 [==============>...............] - ETA: 2:04 - loss: 0.3816 - mae: 0.2354 - mse: 0.1180 - ssim_metric: 0.4746
172/326 [==============>...............] - ETA: 2:03 - loss: 0.3812 - mae: 0.2351 - mse: 0.1179 - ssim_metric: 0.4753
173/326 [==============>...............] - ETA: 2:02 - loss: 0.3815 - mae: 0.2352 - mse: 0.1180 - ssim_metric: 0.4751
174/326 [===============>..............] - ETA: 2:01 - loss: 0.3813 - mae: 0.2352 - mse: 0.1179 - ssim_metric: 0.4749
175/326 [===============>..............] - ETA: 2:01 - loss: 0.3814 - mae: 0.2352 - mse: 0.1180 - ssim_metric: 0.4747
176/326 [===============>..............] - ETA: 2:00 - loss: 0.3814 - mae: 0.2353 - mse: 0.1180 - ssim_metric: 0.4747
177/326 [===============>..............] - ETA: 1:59 - loss: 0.3816 - mae: 0.2353 - mse: 0.1181 - ssim_metric: 0.4747
178/326 [===============>..............] - ETA: 1:58 - loss: 0.3825 - mae: 0.2357 - mse: 0.1184 - ssim_metric: 0.4741
179/326 [===============>..............] - ETA: 1:57 - loss: 0.3826 - mae: 0.2358 - mse: 0.1185 - ssim_metric: 0.4738
180/326 [===============>..............] - ETA: 1:57 - loss: 0.3827 - mae: 0.2359 - mse: 0.1185 - ssim_metric: 0.4732
181/326 [===============>..............] - ETA: 1:56 - loss: 0.3833 - mae: 0.2364 - mse: 0.1187 - ssim_metric: 0.4722
182/326 [===============>..............] - ETA: 1:55 - loss: 0.3832 - mae: 0.2366 - mse: 0.1187 - ssim_metric: 0.4716
183/326 [===============>..............] - ETA: 1:54 - loss: 0.3831 - mae: 0.2366 - mse: 0.1186 - ssim_metric: 0.4713
184/326 [===============>..............] - ETA: 1:53 - loss: 0.3831 - mae: 0.2367 - mse: 0.1187 - ssim_metric: 0.4712
185/326 [================>.............] - ETA: 1:53 - loss: 0.3833 - mae: 0.2368 - mse: 0.1187 - ssim_metric: 0.4710
186/326 [================>.............] - ETA: 1:52 - loss: 0.3839 - mae: 0.2372 - mse: 0.1190 - ssim_metric: 0.4703
187/326 [================>.............] - ETA: 1:51 - loss: 0.3843 - mae: 0.2374 - mse: 0.1191 - ssim_metric: 0.4701
188/326 [================>.............] - ETA: 1:50 - loss: 0.3847 - mae: 0.2375 - mse: 0.1192 - ssim_metric: 0.4702
189/326 [================>.............] - ETA: 1:49 - loss: 0.3844 - mae: 0.2374 - mse: 0.1191 - ssim_metric: 0.4702
190/326 [================>.............] - ETA: 1:49 - loss: 0.3842 - mae: 0.2374 - mse: 0.1190 - ssim_metric: 0.4700
191/326 [================>.............] - ETA: 1:48 - loss: 0.3842 - mae: 0.2375 - mse: 0.1190 - ssim_metric: 0.4696
192/326 [================>.............] - ETA: 1:47 - loss: 0.3841 - mae: 0.2375 - mse: 0.1190 - ssim_metric: 0.4697
193/326 [================>.............] - ETA: 1:46 - loss: 0.3842 - mae: 0.2375 - mse: 0.1190 - ssim_metric: 0.4698
194/326 [================>.............] - ETA: 1:45 - loss: 0.3838 - mae: 0.2372 - mse: 0.1189 - ssim_metric: 0.4703
195/326 [================>.............] - ETA: 1:45 - loss: 0.3841 - mae: 0.2372 - mse: 0.1190 - ssim_metric: 0.4706
196/326 [=================>............] - ETA: 1:44 - loss: 0.3845 - mae: 0.2373 - mse: 0.1191 - ssim_metric: 0.4707
197/326 [=================>............] - ETA: 1:43 - loss: 0.3843 - mae: 0.2371 - mse: 0.1190 - ssim_metric: 0.4712
198/326 [=================>............] - ETA: 1:42 - loss: 0.3842 - mae: 0.2370 - mse: 0.1190 - ssim_metric: 0.4714
199/326 [=================>............] - ETA: 1:41 - loss: 0.3842 - mae: 0.2370 - mse: 0.1190 - ssim_metric: 0.4715
200/326 [=================>............] - ETA: 1:41 - loss: 0.3842 - mae: 0.2370 - mse: 0.1190 - ssim_metric: 0.4714
201/326 [=================>............] - ETA: 1:40 - loss: 0.3841 - mae: 0.2371 - mse: 0.1190 - ssim_metric: 0.4712
202/326 [=================>............] - ETA: 1:39 - loss: 0.3846 - mae: 0.2372 - mse: 0.1191 - ssim_metric: 0.4712
203/326 [=================>............] - ETA: 1:38 - loss: 0.3851 - mae: 0.2376 - mse: 0.1193 - ssim_metric: 0.4707
204/326 [=================>............] - ETA: 1:37 - loss: 0.3849 - mae: 0.2376 - mse: 0.1193 - ssim_metric: 0.4705
205/326 [=================>............] - ETA: 1:37 - loss: 0.3846 - mae: 0.2375 - mse: 0.1191 - ssim_metric: 0.4705
206/326 [=================>............] - ETA: 1:36 - loss: 0.3845 - mae: 0.2375 - mse: 0.1191 - ssim_metric: 0.4705
207/326 [==================>...........] - ETA: 1:35 - loss: 0.3844 - mae: 0.2375 - mse: 0.1191 - ssim_metric: 0.4705
208/326 [==================>...........] - ETA: 1:34 - loss: 0.3843 - mae: 0.2375 - mse: 0.1190 - ssim_metric: 0.4707
209/326 [==================>...........] - ETA: 1:33 - loss: 0.3844 - mae: 0.2375 - mse: 0.1190 - ssim_metric: 0.4709
210/326 [==================>...........] - ETA: 1:33 - loss: 0.3846 - mae: 0.2376 - mse: 0.1191 - ssim_metric: 0.4708
211/326 [==================>...........] - ETA: 1:32 - loss: 0.3845 - mae: 0.2374 - mse: 0.1191 - ssim_metric: 0.4713
212/326 [==================>...........] - ETA: 1:31 - loss: 0.3844 - mae: 0.2373 - mse: 0.1191 - ssim_metric: 0.4715
213/326 [==================>...........] - ETA: 1:30 - loss: 0.3841 - mae: 0.2372 - mse: 0.1190 - ssim_metric: 0.4718
214/326 [==================>...........] - ETA: 1:29 - loss: 0.3842 - mae: 0.2372 - mse: 0.1190 - ssim_metric: 0.4717
215/326 [==================>...........] - ETA: 1:29 - loss: 0.3842 - mae: 0.2372 - mse: 0.1190 - ssim_metric: 0.4716
216/326 [==================>...........] - ETA: 1:28 - loss: 0.3840 - mae: 0.2371 - mse: 0.1190 - ssim_metric: 0.4718
217/326 [==================>...........] - ETA: 1:27 - loss: 0.3841 - mae: 0.2371 - mse: 0.1190 - ssim_metric: 0.4717
218/326 [===================>..........] - ETA: 1:26 - loss: 0.3842 - mae: 0.2371 - mse: 0.1190 - ssim_metric: 0.4717
219/326 [===================>..........] - ETA: 1:25 - loss: 0.3841 - mae: 0.2371 - mse: 0.1190 - ssim_metric: 0.4717
220/326 [===================>..........] - ETA: 1:25 - loss: 0.3844 - mae: 0.2373 - mse: 0.1191 - ssim_metric: 0.4712
221/326 [===================>..........] - ETA: 1:24 - loss: 0.3846 - mae: 0.2375 - mse: 0.1192 - ssim_metric: 0.4708
222/326 [===================>..........] - ETA: 1:23 - loss: 0.3848 - mae: 0.2377 - mse: 0.1193 - ssim_metric: 0.4704
223/326 [===================>..........] - ETA: 1:22 - loss: 0.3847 - mae: 0.2376 - mse: 0.1192 - ssim_metric: 0.4704
224/326 [===================>..........] - ETA: 1:21 - loss: 0.3849 - mae: 0.2378 - mse: 0.1193 - ssim_metric: 0.4701
225/326 [===================>..........] - ETA: 1:21 - loss: 0.3851 - mae: 0.2379 - mse: 0.1194 - ssim_metric: 0.4699
226/326 [===================>..........] - ETA: 1:20 - loss: 0.3851 - mae: 0.2379 - mse: 0.1194 - ssim_metric: 0.4699
227/326 [===================>..........] - ETA: 1:19 - loss: 0.3849 - mae: 0.2378 - mse: 0.1193 - ssim_metric: 0.4701
228/326 [===================>..........] - ETA: 1:18 - loss: 0.3848 - mae: 0.2377 - mse: 0.1193 - ssim_metric: 0.4702
229/326 [====================>.........] - ETA: 1:17 - loss: 0.3852 - mae: 0.2379 - mse: 0.1194 - ssim_metric: 0.4698
230/326 [====================>.........] - ETA: 1:16 - loss: 0.3851 - mae: 0.2380 - mse: 0.1194 - ssim_metric: 0.4697
231/326 [====================>.........] - ETA: 1:16 - loss: 0.3850 - mae: 0.2379 - mse: 0.1194 - ssim_metric: 0.4697
232/326 [====================>.........] - ETA: 1:15 - loss: 0.3849 - mae: 0.2379 - mse: 0.1193 - ssim_metric: 0.4698
233/326 [====================>.........] - ETA: 1:14 - loss: 0.3850 - mae: 0.2379 - mse: 0.1194 - ssim_metric: 0.4699
234/326 [====================>.........] - ETA: 1:13 - loss: 0.3853 - mae: 0.2381 - mse: 0.1195 - ssim_metric: 0.4695
235/326 [====================>.........] - ETA: 1:12 - loss: 0.3853 - mae: 0.2381 - mse: 0.1195 - ssim_metric: 0.4696
236/326 [====================>.........] - ETA: 1:12 - loss: 0.3847 - mae: 0.2378 - mse: 0.1193 - ssim_metric: 0.4701
237/326 [====================>.........] - ETA: 1:11 - loss: 0.3845 - mae: 0.2376 - mse: 0.1192 - ssim_metric: 0.4705
238/326 [====================>.........] - ETA: 1:10 - loss: 0.3847 - mae: 0.2377 - mse: 0.1193 - ssim_metric: 0.4706
239/326 [====================>.........] - ETA: 1:09 - loss: 0.3842 - mae: 0.2373 - mse: 0.1191 - ssim_metric: 0.4712
240/326 [=====================>........] - ETA: 1:08 - loss: 0.3842 - mae: 0.2373 - mse: 0.1191 - ssim_metric: 0.4714
241/326 [=====================>........] - ETA: 1:08 - loss: 0.3841 - mae: 0.2372 - mse: 0.1191 - ssim_metric: 0.4716
242/326 [=====================>........] - ETA: 1:07 - loss: 0.3836 - mae: 0.2370 - mse: 0.1189 - ssim_metric: 0.4720
243/326 [=====================>........] - ETA: 1:06 - loss: 0.3836 - mae: 0.2369 - mse: 0.1189 - ssim_metric: 0.4723
244/326 [=====================>........] - ETA: 1:05 - loss: 0.3837 - mae: 0.2369 - mse: 0.1189 - ssim_metric: 0.4723
245/326 [=====================>........] - ETA: 1:04 - loss: 0.3838 - mae: 0.2370 - mse: 0.1189 - ssim_metric: 0.4721
246/326 [=====================>........] - ETA: 1:04 - loss: 0.3836 - mae: 0.2369 - mse: 0.1189 - ssim_metric: 0.4724
247/326 [=====================>........] - ETA: 1:03 - loss: 0.3836 - mae: 0.2369 - mse: 0.1189 - ssim_metric: 0.4722
248/326 [=====================>........] - ETA: 1:02 - loss: 0.3840 - mae: 0.2371 - mse: 0.1190 - ssim_metric: 0.4721
249/326 [=====================>........] - ETA: 1:01 - loss: 0.3842 - mae: 0.2372 - mse: 0.1191 - ssim_metric: 0.4718
250/326 [======================>.......] - ETA: 1:00 - loss: 0.3840 - mae: 0.2372 - mse: 0.1190 - ssim_metric: 0.4717
251/326 [======================>.......] - ETA: 1:00 - loss: 0.3839 - mae: 0.2372 - mse: 0.1190 - ssim_metric: 0.4716
252/326 [======================>.......] - ETA: 59s - loss: 0.3835 - mae: 0.2371 - mse: 0.1188 - ssim_metric: 0.4717 
253/326 [======================>.......] - ETA: 58s - loss: 0.3841 - mae: 0.2373 - mse: 0.1191 - ssim_metric: 0.4716
254/326 [======================>.......] - ETA: 57s - loss: 0.3840 - mae: 0.2373 - mse: 0.1191 - ssim_metric: 0.4716
255/326 [======================>.......] - ETA: 56s - loss: 0.3837 - mae: 0.2372 - mse: 0.1189 - ssim_metric: 0.4718
256/326 [======================>.......] - ETA: 56s - loss: 0.3840 - mae: 0.2373 - mse: 0.1190 - ssim_metric: 0.4717
257/326 [======================>.......] - ETA: 55s - loss: 0.3840 - mae: 0.2373 - mse: 0.1190 - ssim_metric: 0.4718
258/326 [======================>.......] - ETA: 54s - loss: 0.3842 - mae: 0.2374 - mse: 0.1191 - ssim_metric: 0.4718
259/326 [======================>.......] - ETA: 53s - loss: 0.3844 - mae: 0.2375 - mse: 0.1192 - ssim_metric: 0.4715
260/326 [======================>.......] - ETA: 52s - loss: 0.3841 - mae: 0.2373 - mse: 0.1191 - ssim_metric: 0.4718
261/326 [=======================>......] - ETA: 52s - loss: 0.3843 - mae: 0.2373 - mse: 0.1191 - ssim_metric: 0.4718
262/326 [=======================>......] - ETA: 51s - loss: 0.3839 - mae: 0.2371 - mse: 0.1190 - ssim_metric: 0.4719
263/326 [=======================>......] - ETA: 50s - loss: 0.3844 - mae: 0.2373 - mse: 0.1191 - ssim_metric: 0.4716
264/326 [=======================>......] - ETA: 49s - loss: 0.3844 - mae: 0.2374 - mse: 0.1192 - ssim_metric: 0.4716
265/326 [=======================>......] - ETA: 48s - loss: 0.3845 - mae: 0.2374 - mse: 0.1192 - ssim_metric: 0.4714
266/326 [=======================>......] - ETA: 48s - loss: 0.3846 - mae: 0.2376 - mse: 0.1192 - ssim_metric: 0.4711
267/326 [=======================>......] - ETA: 47s - loss: 0.3847 - mae: 0.2377 - mse: 0.1193 - ssim_metric: 0.4707
268/326 [=======================>......] - ETA: 46s - loss: 0.3848 - mae: 0.2378 - mse: 0.1193 - ssim_metric: 0.4704
269/326 [=======================>......] - ETA: 45s - loss: 0.3847 - mae: 0.2378 - mse: 0.1193 - ssim_metric: 0.4703
270/326 [=======================>......] - ETA: 44s - loss: 0.3849 - mae: 0.2380 - mse: 0.1193 - ssim_metric: 0.4700
271/326 [=======================>......] - ETA: 44s - loss: 0.3850 - mae: 0.2380 - mse: 0.1194 - ssim_metric: 0.4700
272/326 [========================>.....] - ETA: 43s - loss: 0.3849 - mae: 0.2380 - mse: 0.1194 - ssim_metric: 0.4701
273/326 [========================>.....] - ETA: 42s - loss: 0.3846 - mae: 0.2379 - mse: 0.1192 - ssim_metric: 0.4703
274/326 [========================>.....] - ETA: 41s - loss: 0.3847 - mae: 0.2380 - mse: 0.1193 - ssim_metric: 0.4702
275/326 [========================>.....] - ETA: 40s - loss: 0.3849 - mae: 0.2380 - mse: 0.1193 - ssim_metric: 0.4704
276/326 [========================>.....] - ETA: 40s - loss: 0.3849 - mae: 0.2380 - mse: 0.1194 - ssim_metric: 0.4704
277/326 [========================>.....] - ETA: 39s - loss: 0.3851 - mae: 0.2381 - mse: 0.1195 - ssim_metric: 0.4702
278/326 [========================>.....] - ETA: 38s - loss: 0.3850 - mae: 0.2381 - mse: 0.1194 - ssim_metric: 0.4703
279/326 [========================>.....] - ETA: 37s - loss: 0.3848 - mae: 0.2379 - mse: 0.1193 - ssim_metric: 0.4706
280/326 [========================>.....] - ETA: 36s - loss: 0.3846 - mae: 0.2379 - mse: 0.1193 - ssim_metric: 0.4707
281/326 [========================>.....] - ETA: 36s - loss: 0.3850 - mae: 0.2380 - mse: 0.1194 - ssim_metric: 0.4705
282/326 [========================>.....] - ETA: 35s - loss: 0.3851 - mae: 0.2380 - mse: 0.1194 - ssim_metric: 0.4705
283/326 [=========================>....] - ETA: 34s - loss: 0.3855 - mae: 0.2382 - mse: 0.1196 - ssim_metric: 0.4703
284/326 [=========================>....] - ETA: 33s - loss: 0.3854 - mae: 0.2382 - mse: 0.1195 - ssim_metric: 0.4702
285/326 [=========================>....] - ETA: 32s - loss: 0.3856 - mae: 0.2384 - mse: 0.1196 - ssim_metric: 0.4699
286/326 [=========================>....] - ETA: 32s - loss: 0.3857 - mae: 0.2385 - mse: 0.1196 - ssim_metric: 0.4697
287/326 [=========================>....] - ETA: 31s - loss: 0.3860 - mae: 0.2386 - mse: 0.1198 - ssim_metric: 0.4696
288/326 [=========================>....] - ETA: 30s - loss: 0.3864 - mae: 0.2388 - mse: 0.1199 - ssim_metric: 0.4694
289/326 [=========================>....] - ETA: 29s - loss: 0.3864 - mae: 0.2388 - mse: 0.1199 - ssim_metric: 0.4693
290/326 [=========================>....] - ETA: 28s - loss: 0.3867 - mae: 0.2390 - mse: 0.1200 - ssim_metric: 0.4691
291/326 [=========================>....] - ETA: 28s - loss: 0.3869 - mae: 0.2391 - mse: 0.1201 - ssim_metric: 0.4689
292/326 [=========================>....] - ETA: 27s - loss: 0.3866 - mae: 0.2390 - mse: 0.1200 - ssim_metric: 0.4689
293/326 [=========================>....] - ETA: 26s - loss: 0.3865 - mae: 0.2390 - mse: 0.1199 - ssim_metric: 0.4688
294/326 [==========================>...] - ETA: 25s - loss: 0.3867 - mae: 0.2392 - mse: 0.1200 - ssim_metric: 0.4685
295/326 [==========================>...] - ETA: 24s - loss: 0.3868 - mae: 0.2393 - mse: 0.1200 - ssim_metric: 0.4684
296/326 [==========================>...] - ETA: 24s - loss: 0.3865 - mae: 0.2392 - mse: 0.1199 - ssim_metric: 0.4685
297/326 [==========================>...] - ETA: 23s - loss: 0.3867 - mae: 0.2392 - mse: 0.1200 - ssim_metric: 0.4685
298/326 [==========================>...] - ETA: 22s - loss: 0.3863 - mae: 0.2390 - mse: 0.1198 - ssim_metric: 0.4689
299/326 [==========================>...] - ETA: 21s - loss: 0.3861 - mae: 0.2389 - mse: 0.1198 - ssim_metric: 0.4691
300/326 [==========================>...] - ETA: 20s - loss: 0.3861 - mae: 0.2389 - mse: 0.1198 - ssim_metric: 0.4692
301/326 [==========================>...] - ETA: 20s - loss: 0.3858 - mae: 0.2387 - mse: 0.1197 - ssim_metric: 0.4697
302/326 [==========================>...] - ETA: 19s - loss: 0.3862 - mae: 0.2388 - mse: 0.1198 - ssim_metric: 0.4694
303/326 [==========================>...] - ETA: 18s - loss: 0.3862 - mae: 0.2388 - mse: 0.1198 - ssim_metric: 0.4695
304/326 [==========================>...] - ETA: 17s - loss: 0.3863 - mae: 0.2388 - mse: 0.1199 - ssim_metric: 0.4694
305/326 [===========================>..] - ETA: 16s - loss: 0.3863 - mae: 0.2388 - mse: 0.1199 - ssim_metric: 0.4694
306/326 [===========================>..] - ETA: 16s - loss: 0.3863 - mae: 0.2389 - mse: 0.1199 - ssim_metric: 0.4692
307/326 [===========================>..] - ETA: 15s - loss: 0.3864 - mae: 0.2389 - mse: 0.1199 - ssim_metric: 0.4691
308/326 [===========================>..] - ETA: 14s - loss: 0.3863 - mae: 0.2388 - mse: 0.1198 - ssim_metric: 0.4693
309/326 [===========================>..] - ETA: 13s - loss: 0.3862 - mae: 0.2388 - mse: 0.1198 - ssim_metric: 0.4693
310/326 [===========================>..] - ETA: 12s - loss: 0.3862 - mae: 0.2389 - mse: 0.1198 - ssim_metric: 0.4691
311/326 [===========================>..] - ETA: 12s - loss: 0.3861 - mae: 0.2388 - mse: 0.1198 - ssim_metric: 0.4692
312/326 [===========================>..] - ETA: 11s - loss: 0.3860 - mae: 0.2388 - mse: 0.1198 - ssim_metric: 0.4691
313/326 [===========================>..] - ETA: 10s - loss: 0.3861 - mae: 0.2388 - mse: 0.1198 - ssim_metric: 0.4691
314/326 [===========================>..] - ETA: 9s - loss: 0.3863 - mae: 0.2388 - mse: 0.1199 - ssim_metric: 0.4694 
315/326 [===========================>..] - ETA: 8s - loss: 0.3865 - mae: 0.2389 - mse: 0.1199 - ssim_metric: 0.4691
316/326 [============================>.] - ETA: 8s - loss: 0.3865 - mae: 0.2389 - mse: 0.1199 - ssim_metric: 0.4690
317/326 [============================>.] - ETA: 7s - loss: 0.3863 - mae: 0.2388 - mse: 0.1199 - ssim_metric: 0.4692
318/326 [============================>.] - ETA: 6s - loss: 0.3861 - mae: 0.2388 - mse: 0.1198 - ssim_metric: 0.4693
319/326 [============================>.] - ETA: 5s - loss: 0.3866 - mae: 0.2390 - mse: 0.1200 - ssim_metric: 0.4691
320/326 [============================>.] - ETA: 4s - loss: 0.3866 - mae: 0.2390 - mse: 0.1200 - ssim_metric: 0.4689
321/326 [============================>.] - ETA: 4s - loss: 0.3867 - mae: 0.2391 - mse: 0.1200 - ssim_metric: 0.4687
322/326 [============================>.] - ETA: 3s - loss: 0.3865 - mae: 0.2391 - mse: 0.1199 - ssim_metric: 0.4687
323/326 [============================>.] - ETA: 2s - loss: 0.3865 - mae: 0.2390 - mse: 0.1199 - ssim_metric: 0.4688
324/326 [============================>.] - ETA: 1s - loss: 0.3869 - mae: 0.2392 - mse: 0.1201 - ssim_metric: 0.4685
325/326 [============================>.] - ETA: 0s - loss: 0.3869 - mae: 0.2392 - mse: 0.1201 - ssim_metric: 0.4685
326/326 [==============================] - ETA: 0s - loss: 0.3870 - mae: 0.2393 - mse: 0.1201 - ssim_metric: 0.4686
Epoch 15: saving model to C:\d_surucusu\visual_navigation\benchmark\models_pipeline\20260909_223425\bce_b16\_JOB_bce_b16_10_09_2026__07_13_model_f48_k4_epoch_00015_helu_osigmoid_(1, 1)_.h5

Epoch 15: val_loss improved from 0.35321 to 0.35117, saving model to C:\d_surucusu\visual_navigation\benchmark\models_pipeline\20260909_223425\bce_b16\_JOB_bce_b16_10_09_2026__07_13_best_val_loss_model_f48_k4.h5

Epoch 15: val_mae did not improve from 0.21974

Epoch 15: val_ssim_metric did not improve from 0.56049

326/326 [==============================] - 277s 851ms/step - loss: 0.3870 - mae: 0.2393 - mse: 0.1201 - ssim_metric: 0.4686 - val_loss: 0.3512 - val_mae: 0.2204 - val_mse: 0.1069 - val_ssim_metric: 0.5003
Epoch 16/20

  1/326 [..............................] - ETA: 4:37 - loss: 0.4117 - mae: 0.2523 - mse: 0.1319 - ssim_metric: 0.4344
  2/326 [..............................] - ETA: 4:21 - loss: 0.4091 - mae: 0.2468 - mse: 0.1291 - ssim_metric: 0.4627
  3/326 [..............................] - ETA: 4:19 - loss: 0.4280 - mae: 0.2620 - mse: 0.1359 - ssim_metric: 0.4383
  4/326 [..............................] - ETA: 4:18 - loss: 0.4194 - mae: 0.2598 - mse: 0.1328 - ssim_metric: 0.4319
  5/326 [..............................] - ETA: 4:17 - loss: 0.4100 - mae: 0.2574 - mse: 0.1293 - ssim_metric: 0.4326
  6/326 [..............................] - ETA: 4:16 - loss: 0.4095 - mae: 0.2609 - mse: 0.1292 - ssim_metric: 0.4187
  7/326 [..............................] - ETA: 4:16 - loss: 0.4079 - mae: 0.2621 - mse: 0.1285 - ssim_metric: 0.4131
  8/326 [..............................] - ETA: 4:15 - loss: 0.3971 - mae: 0.2564 - mse: 0.1242 - ssim_metric: 0.4198
  9/326 [..............................] - ETA: 4:14 - loss: 0.3872 - mae: 0.2508 - mse: 0.1205 - ssim_metric: 0.4299
 10/326 [..............................] - ETA: 4:13 - loss: 0.3842 - mae: 0.2483 - mse: 0.1193 - ssim_metric: 0.4381
 11/326 [>.............................] - ETA: 4:12 - loss: 0.3878 - mae: 0.2490 - mse: 0.1210 - ssim_metric: 0.4428
 12/326 [>.............................] - ETA: 4:11 - loss: 0.3881 - mae: 0.2473 - mse: 0.1212 - ssim_metric: 0.4491
 13/326 [>.............................] - ETA: 4:10 - loss: 0.3928 - mae: 0.2473 - mse: 0.1229 - ssim_metric: 0.4533
 14/326 [>.............................] - ETA: 4:10 - loss: 0.4046 - mae: 0.2513 - mse: 0.1270 - ssim_metric: 0.4501
 15/326 [>.............................] - ETA: 4:09 - loss: 0.3948 - mae: 0.2456 - mse: 0.1235 - ssim_metric: 0.4625
 16/326 [>.............................] - ETA: 4:08 - loss: 0.3987 - mae: 0.2469 - mse: 0.1249 - ssim_metric: 0.4623
 17/326 [>.............................] - ETA: 4:07 - loss: 0.3973 - mae: 0.2464 - mse: 0.1244 - ssim_metric: 0.4641
 18/326 [>.............................] - ETA: 4:06 - loss: 0.3996 - mae: 0.2487 - mse: 0.1254 - ssim_metric: 0.4595
 19/326 [>.............................] - ETA: 4:05 - loss: 0.3998 - mae: 0.2497 - mse: 0.1255 - ssim_metric: 0.4573
 20/326 [>.............................] - ETA: 4:05 - loss: 0.3960 - mae: 0.2489 - mse: 0.1239 - ssim_metric: 0.4563
 21/326 [>.............................] - ETA: 4:04 - loss: 0.3912 - mae: 0.2467 - mse: 0.1221 - ssim_metric: 0.4582
 22/326 [=>............................] - ETA: 4:03 - loss: 0.3870 - mae: 0.2444 - mse: 0.1205 - ssim_metric: 0.4611
 23/326 [=>............................] - ETA: 4:02 - loss: 0.3831 - mae: 0.2417 - mse: 0.1191 - ssim_metric: 0.4676
 24/326 [=>............................] - ETA: 4:01 - loss: 0.3818 - mae: 0.2405 - mse: 0.1186 - ssim_metric: 0.4700
 25/326 [=>............................] - ETA: 4:01 - loss: 0.3856 - mae: 0.2414 - mse: 0.1200 - ssim_metric: 0.4687
 26/326 [=>............................] - ETA: 4:00 - loss: 0.3870 - mae: 0.2413 - mse: 0.1205 - ssim_metric: 0.4702
 27/326 [=>............................] - ETA: 3:59 - loss: 0.3857 - mae: 0.2401 - mse: 0.1200 - ssim_metric: 0.4728
 28/326 [=>............................] - ETA: 3:58 - loss: 0.3875 - mae: 0.2399 - mse: 0.1205 - ssim_metric: 0.4737
 29/326 [=>............................] - ETA: 3:57 - loss: 0.3861 - mae: 0.2391 - mse: 0.1201 - ssim_metric: 0.4745
 30/326 [=>............................] - ETA: 3:57 - loss: 0.3897 - mae: 0.2403 - mse: 0.1212 - ssim_metric: 0.4726
 31/326 [=>............................] - ETA: 3:56 - loss: 0.3898 - mae: 0.2405 - mse: 0.1213 - ssim_metric: 0.4711
 32/326 [=>............................] - ETA: 3:55 - loss: 0.3907 - mae: 0.2414 - mse: 0.1217 - ssim_metric: 0.4686
 33/326 [==>...........................] - ETA: 3:54 - loss: 0.3878 - mae: 0.2405 - mse: 0.1205 - ssim_metric: 0.4688
 34/326 [==>...........................] - ETA: 3:53 - loss: 0.3889 - mae: 0.2415 - mse: 0.1210 - ssim_metric: 0.4657
 35/326 [==>...........................] - ETA: 3:53 - loss: 0.3868 - mae: 0.2406 - mse: 0.1202 - ssim_metric: 0.4666
 36/326 [==>...........................] - ETA: 3:52 - loss: 0.3868 - mae: 0.2411 - mse: 0.1202 - ssim_metric: 0.4651
 37/326 [==>...........................] - ETA: 3:51 - loss: 0.3839 - mae: 0.2395 - mse: 0.1191 - ssim_metric: 0.4675
 38/326 [==>...........................] - ETA: 3:50 - loss: 0.3820 - mae: 0.2384 - mse: 0.1185 - ssim_metric: 0.4689
 39/326 [==>...........................] - ETA: 3:49 - loss: 0.3820 - mae: 0.2381 - mse: 0.1184 - ssim_metric: 0.4697
 40/326 [==>...........................] - ETA: 3:49 - loss: 0.3804 - mae: 0.2371 - mse: 0.1179 - ssim_metric: 0.4715
 41/326 [==>...........................] - ETA: 3:48 - loss: 0.3786 - mae: 0.2357 - mse: 0.1172 - ssim_metric: 0.4749
 42/326 [==>...........................] - ETA: 3:47 - loss: 0.3748 - mae: 0.2332 - mse: 0.1158 - ssim_metric: 0.4795
 43/326 [==>...........................] - ETA: 3:46 - loss: 0.3749 - mae: 0.2326 - mse: 0.1158 - ssim_metric: 0.4811
 44/326 [===>..........................] - ETA: 3:46 - loss: 0.3759 - mae: 0.2324 - mse: 0.1162 - ssim_metric: 0.4821
 45/326 [===>..........................] - ETA: 3:45 - loss: 0.3781 - mae: 0.2333 - mse: 0.1171 - ssim_metric: 0.4801
 46/326 [===>..........................] - ETA: 3:44 - loss: 0.3784 - mae: 0.2333 - mse: 0.1172 - ssim_metric: 0.4806
 47/326 [===>..........................] - ETA: 3:43 - loss: 0.3771 - mae: 0.2328 - mse: 0.1168 - ssim_metric: 0.4811
 48/326 [===>..........................] - ETA: 3:42 - loss: 0.3742 - mae: 0.2314 - mse: 0.1157 - ssim_metric: 0.4825
 49/326 [===>..........................] - ETA: 3:42 - loss: 0.3778 - mae: 0.2325 - mse: 0.1168 - ssim_metric: 0.4809
 50/326 [===>..........................] - ETA: 3:41 - loss: 0.3774 - mae: 0.2325 - mse: 0.1166 - ssim_metric: 0.4807
 51/326 [===>..........................] - ETA: 3:40 - loss: 0.3756 - mae: 0.2319 - mse: 0.1160 - ssim_metric: 0.4801
 52/326 [===>..........................] - ETA: 3:39 - loss: 0.3762 - mae: 0.2322 - mse: 0.1162 - ssim_metric: 0.4798
 53/326 [===>..........................] - ETA: 3:38 - loss: 0.3757 - mae: 0.2320 - mse: 0.1160 - ssim_metric: 0.4795
 54/326 [===>..........................] - ETA: 3:38 - loss: 0.3766 - mae: 0.2322 - mse: 0.1163 - ssim_metric: 0.4794
 55/326 [====>.........................] - ETA: 3:37 - loss: 0.3769 - mae: 0.2324 - mse: 0.1164 - ssim_metric: 0.4789
 56/326 [====>.........................] - ETA: 3:36 - loss: 0.3766 - mae: 0.2324 - mse: 0.1163 - ssim_metric: 0.4784
 57/326 [====>.........................] - ETA: 3:35 - loss: 0.3754 - mae: 0.2319 - mse: 0.1159 - ssim_metric: 0.4790
 58/326 [====>.........................] - ETA: 3:34 - loss: 0.3766 - mae: 0.2324 - mse: 0.1164 - ssim_metric: 0.4785
 59/326 [====>.........................] - ETA: 3:34 - loss: 0.3774 - mae: 0.2328 - mse: 0.1166 - ssim_metric: 0.4777
 60/326 [====>.........................] - ETA: 3:33 - loss: 0.3782 - mae: 0.2332 - mse: 0.1170 - ssim_metric: 0.4772
 61/326 [====>.........................] - ETA: 3:32 - loss: 0.3762 - mae: 0.2323 - mse: 0.1163 - ssim_metric: 0.4791
 62/326 [====>.........................] - ETA: 3:31 - loss: 0.3748 - mae: 0.2316 - mse: 0.1157 - ssim_metric: 0.4798
 63/326 [====>.........................] - ETA: 3:30 - loss: 0.3756 - mae: 0.2320 - mse: 0.1160 - ssim_metric: 0.4788
 64/326 [====>.........................] - ETA: 3:30 - loss: 0.3745 - mae: 0.2316 - mse: 0.1156 - ssim_metric: 0.4799
 65/326 [====>.........................] - ETA: 3:29 - loss: 0.3733 - mae: 0.2308 - mse: 0.1152 - ssim_metric: 0.4817
 66/326 [=====>........................] - ETA: 3:28 - loss: 0.3746 - mae: 0.2314 - mse: 0.1157 - ssim_metric: 0.4809
 67/326 [=====>........................] - ETA: 3:27 - loss: 0.3746 - mae: 0.2314 - mse: 0.1157 - ssim_metric: 0.4804
 68/326 [=====>........................] - ETA: 3:26 - loss: 0.3743 - mae: 0.2311 - mse: 0.1156 - ssim_metric: 0.4810
 69/326 [=====>........................] - ETA: 3:26 - loss: 0.3745 - mae: 0.2312 - mse: 0.1158 - ssim_metric: 0.4808
 70/326 [=====>........................] - ETA: 3:25 - loss: 0.3744 - mae: 0.2311 - mse: 0.1158 - ssim_metric: 0.4812
 71/326 [=====>........................] - ETA: 3:24 - loss: 0.3743 - mae: 0.2310 - mse: 0.1157 - ssim_metric: 0.4812
 72/326 [=====>........................] - ETA: 3:23 - loss: 0.3766 - mae: 0.2318 - mse: 0.1164 - ssim_metric: 0.4799
 73/326 [=====>........................] - ETA: 3:22 - loss: 0.3766 - mae: 0.2318 - mse: 0.1164 - ssim_metric: 0.4798
 74/326 [=====>........................] - ETA: 3:22 - loss: 0.3762 - mae: 0.2319 - mse: 0.1163 - ssim_metric: 0.4790
 75/326 [=====>........................] - ETA: 3:21 - loss: 0.3754 - mae: 0.2316 - mse: 0.1160 - ssim_metric: 0.4789
 76/326 [=====>........................] - ETA: 3:20 - loss: 0.3740 - mae: 0.2310 - mse: 0.1155 - ssim_metric: 0.4792
 77/326 [======>.......................] - ETA: 3:19 - loss: 0.3747 - mae: 0.2316 - mse: 0.1157 - ssim_metric: 0.4779
 78/326 [======>.......................] - ETA: 3:18 - loss: 0.3744 - mae: 0.2315 - mse: 0.1156 - ssim_metric: 0.4781
 79/326 [======>.......................] - ETA: 3:18 - loss: 0.3754 - mae: 0.2318 - mse: 0.1160 - ssim_metric: 0.4781
 80/326 [======>.......................] - ETA: 3:17 - loss: 0.3761 - mae: 0.2320 - mse: 0.1163 - ssim_metric: 0.4781
 81/326 [======>.......................] - ETA: 3:16 - loss: 0.3758 - mae: 0.2317 - mse: 0.1162 - ssim_metric: 0.4787
 82/326 [======>.......................] - ETA: 3:15 - loss: 0.3760 - mae: 0.2317 - mse: 0.1163 - ssim_metric: 0.4787
 83/326 [======>.......................] - ETA: 3:14 - loss: 0.3758 - mae: 0.2317 - mse: 0.1162 - ssim_metric: 0.4785
 84/326 [======>.......................] - ETA: 3:14 - loss: 0.3763 - mae: 0.2321 - mse: 0.1164 - ssim_metric: 0.4780
 85/326 [======>.......................] - ETA: 3:13 - loss: 0.3753 - mae: 0.2317 - mse: 0.1160 - ssim_metric: 0.4783
 86/326 [======>.......................] - ETA: 3:12 - loss: 0.3754 - mae: 0.2319 - mse: 0.1161 - ssim_metric: 0.4777
 87/326 [=======>......................] - ETA: 3:11 - loss: 0.3751 - mae: 0.2318 - mse: 0.1159 - ssim_metric: 0.4777
 88/326 [=======>......................] - ETA: 3:10 - loss: 0.3743 - mae: 0.2315 - mse: 0.1157 - ssim_metric: 0.4778
 89/326 [=======>......................] - ETA: 3:10 - loss: 0.3738 - mae: 0.2312 - mse: 0.1155 - ssim_metric: 0.4782
 90/326 [=======>......................] - ETA: 3:09 - loss: 0.3747 - mae: 0.2316 - mse: 0.1158 - ssim_metric: 0.4776
 91/326 [=======>......................] - ETA: 3:08 - loss: 0.3745 - mae: 0.2314 - mse: 0.1158 - ssim_metric: 0.4782
 92/326 [=======>......................] - ETA: 3:07 - loss: 0.3744 - mae: 0.2313 - mse: 0.1157 - ssim_metric: 0.4783
 93/326 [=======>......................] - ETA: 3:06 - loss: 0.3754 - mae: 0.2314 - mse: 0.1160 - ssim_metric: 0.4787
 94/326 [=======>......................] - ETA: 3:05 - loss: 0.3761 - mae: 0.2315 - mse: 0.1162 - ssim_metric: 0.4790
 95/326 [=======>......................] - ETA: 3:05 - loss: 0.3771 - mae: 0.2319 - mse: 0.1166 - ssim_metric: 0.4785
 96/326 [=======>......................] - ETA: 3:04 - loss: 0.3768 - mae: 0.2318 - mse: 0.1165 - ssim_metric: 0.4787
 97/326 [=======>......................] - ETA: 3:03 - loss: 0.3766 - mae: 0.2319 - mse: 0.1164 - ssim_metric: 0.4784
 98/326 [========>.....................] - ETA: 3:02 - loss: 0.3760 - mae: 0.2318 - mse: 0.1161 - ssim_metric: 0.4784
 99/326 [========>.....................] - ETA: 3:01 - loss: 0.3756 - mae: 0.2317 - mse: 0.1160 - ssim_metric: 0.4783
100/326 [========>.....................] - ETA: 3:01 - loss: 0.3756 - mae: 0.2319 - mse: 0.1160 - ssim_metric: 0.4778
101/326 [========>.....................] - ETA: 3:00 - loss: 0.3750 - mae: 0.2317 - mse: 0.1158 - ssim_metric: 0.4778
102/326 [========>.....................] - ETA: 2:59 - loss: 0.3744 - mae: 0.2315 - mse: 0.1156 - ssim_metric: 0.4781
103/326 [========>.....................] - ETA: 2:58 - loss: 0.3760 - mae: 0.2319 - mse: 0.1160 - ssim_metric: 0.4776
104/326 [========>.....................] - ETA: 2:57 - loss: 0.3759 - mae: 0.2318 - mse: 0.1160 - ssim_metric: 0.4780
105/326 [========>.....................] - ETA: 2:57 - loss: 0.3755 - mae: 0.2315 - mse: 0.1159 - ssim_metric: 0.4786
106/326 [========>.....................] - ETA: 2:56 - loss: 0.3746 - mae: 0.2310 - mse: 0.1155 - ssim_metric: 0.4795
107/326 [========>.....................] - ETA: 2:55 - loss: 0.3745 - mae: 0.2309 - mse: 0.1155 - ssim_metric: 0.4800
108/326 [========>.....................] - ETA: 2:54 - loss: 0.3765 - mae: 0.2315 - mse: 0.1161 - ssim_metric: 0.4795
109/326 [=========>....................] - ETA: 2:53 - loss: 0.3763 - mae: 0.2313 - mse: 0.1160 - ssim_metric: 0.4802
110/326 [=========>....................] - ETA: 2:53 - loss: 0.3768 - mae: 0.2315 - mse: 0.1162 - ssim_metric: 0.4798
111/326 [=========>....................] - ETA: 2:52 - loss: 0.3765 - mae: 0.2314 - mse: 0.1161 - ssim_metric: 0.4799
112/326 [=========>....................] - ETA: 2:51 - loss: 0.3766 - mae: 0.2315 - mse: 0.1162 - ssim_metric: 0.4796
113/326 [=========>....................] - ETA: 2:50 - loss: 0.3765 - mae: 0.2315 - mse: 0.1162 - ssim_metric: 0.4796
114/326 [=========>....................] - ETA: 2:49 - loss: 0.3762 - mae: 0.2315 - mse: 0.1161 - ssim_metric: 0.4795
115/326 [=========>....................] - ETA: 2:49 - loss: 0.3765 - mae: 0.2318 - mse: 0.1162 - ssim_metric: 0.4790
116/326 [=========>....................] - ETA: 2:48 - loss: 0.3767 - mae: 0.2320 - mse: 0.1162 - ssim_metric: 0.4785
117/326 [=========>....................] - ETA: 2:47 - loss: 0.3771 - mae: 0.2322 - mse: 0.1164 - ssim_metric: 0.4781
118/326 [=========>....................] - ETA: 2:46 - loss: 0.3765 - mae: 0.2319 - mse: 0.1162 - ssim_metric: 0.4788
119/326 [=========>....................] - ETA: 2:45 - loss: 0.3762 - mae: 0.2318 - mse: 0.1160 - ssim_metric: 0.4792
120/326 [==========>...................] - ETA: 2:45 - loss: 0.3759 - mae: 0.2317 - mse: 0.1159 - ssim_metric: 0.4794
121/326 [==========>...................] - ETA: 2:44 - loss: 0.3754 - mae: 0.2314 - mse: 0.1158 - ssim_metric: 0.4801
122/326 [==========>...................] - ETA: 2:43 - loss: 0.3758 - mae: 0.2314 - mse: 0.1159 - ssim_metric: 0.4804
123/326 [==========>...................] - ETA: 2:42 - loss: 0.3762 - mae: 0.2315 - mse: 0.1160 - ssim_metric: 0.4804
124/326 [==========>...................] - ETA: 2:41 - loss: 0.3768 - mae: 0.2317 - mse: 0.1162 - ssim_metric: 0.4800
125/326 [==========>...................] - ETA: 2:41 - loss: 0.3769 - mae: 0.2316 - mse: 0.1162 - ssim_metric: 0.4804
126/326 [==========>...................] - ETA: 2:40 - loss: 0.3765 - mae: 0.2314 - mse: 0.1161 - ssim_metric: 0.4804
127/326 [==========>...................] - ETA: 2:39 - loss: 0.3762 - mae: 0.2314 - mse: 0.1160 - ssim_metric: 0.4804
128/326 [==========>...................] - ETA: 2:38 - loss: 0.3757 - mae: 0.2312 - mse: 0.1158 - ssim_metric: 0.4806
129/326 [==========>...................] - ETA: 2:37 - loss: 0.3757 - mae: 0.2313 - mse: 0.1158 - ssim_metric: 0.4807
130/326 [==========>...................] - ETA: 2:37 - loss: 0.3767 - mae: 0.2318 - mse: 0.1162 - ssim_metric: 0.4798
131/326 [===========>..................] - ETA: 2:36 - loss: 0.3770 - mae: 0.2320 - mse: 0.1163 - ssim_metric: 0.4798
132/326 [===========>..................] - ETA: 2:35 - loss: 0.3771 - mae: 0.2320 - mse: 0.1163 - ssim_metric: 0.4799
133/326 [===========>..................] - ETA: 2:34 - loss: 0.3770 - mae: 0.2320 - mse: 0.1163 - ssim_metric: 0.4800
134/326 [===========>..................] - ETA: 2:33 - loss: 0.3774 - mae: 0.2323 - mse: 0.1164 - ssim_metric: 0.4796
135/326 [===========>..................] - ETA: 2:33 - loss: 0.3777 - mae: 0.2326 - mse: 0.1166 - ssim_metric: 0.4791
136/326 [===========>..................] - ETA: 2:32 - loss: 0.3779 - mae: 0.2328 - mse: 0.1166 - ssim_metric: 0.4787
137/326 [===========>..................] - ETA: 2:31 - loss: 0.3775 - mae: 0.2327 - mse: 0.1165 - ssim_metric: 0.4786
138/326 [===========>..................] - ETA: 2:30 - loss: 0.3778 - mae: 0.2330 - mse: 0.1167 - ssim_metric: 0.4779
139/326 [===========>..................] - ETA: 2:29 - loss: 0.3777 - mae: 0.2330 - mse: 0.1166 - ssim_metric: 0.4777
140/326 [===========>..................] - ETA: 2:29 - loss: 0.3778 - mae: 0.2330 - mse: 0.1167 - ssim_metric: 0.4777
141/326 [===========>..................] - ETA: 2:28 - loss: 0.3779 - mae: 0.2330 - mse: 0.1167 - ssim_metric: 0.4779
142/326 [============>.................] - ETA: 2:27 - loss: 0.3775 - mae: 0.2328 - mse: 0.1166 - ssim_metric: 0.4784
143/326 [============>.................] - ETA: 2:26 - loss: 0.3777 - mae: 0.2329 - mse: 0.1167 - ssim_metric: 0.4782
144/326 [============>.................] - ETA: 2:25 - loss: 0.3775 - mae: 0.2328 - mse: 0.1166 - ssim_metric: 0.4783
145/326 [============>.................] - ETA: 2:25 - loss: 0.3773 - mae: 0.2326 - mse: 0.1165 - ssim_metric: 0.4787
146/326 [============>.................] - ETA: 2:24 - loss: 0.3772 - mae: 0.2325 - mse: 0.1165 - ssim_metric: 0.4790
147/326 [============>.................] - ETA: 2:23 - loss: 0.3778 - mae: 0.2328 - mse: 0.1167 - ssim_metric: 0.4787
148/326 [============>.................] - ETA: 2:22 - loss: 0.3774 - mae: 0.2326 - mse: 0.1165 - ssim_metric: 0.4789
149/326 [============>.................] - ETA: 2:21 - loss: 0.3777 - mae: 0.2329 - mse: 0.1167 - ssim_metric: 0.4782
150/326 [============>.................] - ETA: 2:21 - loss: 0.3775 - mae: 0.2328 - mse: 0.1166 - ssim_metric: 0.4779
151/326 [============>.................] - ETA: 2:20 - loss: 0.3781 - mae: 0.2332 - mse: 0.1168 - ssim_metric: 0.4770
152/326 [============>.................] - ETA: 2:19 - loss: 0.3786 - mae: 0.2334 - mse: 0.1170 - ssim_metric: 0.4768
153/326 [=============>................] - ETA: 2:18 - loss: 0.3783 - mae: 0.2332 - mse: 0.1169 - ssim_metric: 0.4770
154/326 [=============>................] - ETA: 2:17 - loss: 0.3780 - mae: 0.2331 - mse: 0.1168 - ssim_metric: 0.4770
155/326 [=============>................] - ETA: 2:17 - loss: 0.3782 - mae: 0.2331 - mse: 0.1169 - ssim_metric: 0.4771
156/326 [=============>................] - ETA: 2:16 - loss: 0.3780 - mae: 0.2330 - mse: 0.1168 - ssim_metric: 0.4774
157/326 [=============>................] - ETA: 2:15 - loss: 0.3780 - mae: 0.2330 - mse: 0.1168 - ssim_metric: 0.4773
158/326 [=============>................] - ETA: 2:14 - loss: 0.3790 - mae: 0.2332 - mse: 0.1171 - ssim_metric: 0.4773
159/326 [=============>................] - ETA: 2:13 - loss: 0.3792 - mae: 0.2334 - mse: 0.1171 - ssim_metric: 0.4772
160/326 [=============>................] - ETA: 2:13 - loss: 0.3791 - mae: 0.2334 - mse: 0.1171 - ssim_metric: 0.4772
161/326 [=============>................] - ETA: 2:12 - loss: 0.3793 - mae: 0.2336 - mse: 0.1172 - ssim_metric: 0.4766
162/326 [=============>................] - ETA: 2:11 - loss: 0.3791 - mae: 0.2337 - mse: 0.1171 - ssim_metric: 0.4763
163/326 [==============>...............] - ETA: 2:10 - loss: 0.3788 - mae: 0.2336 - mse: 0.1170 - ssim_metric: 0.4763
164/326 [==============>...............] - ETA: 2:09 - loss: 0.3787 - mae: 0.2336 - mse: 0.1170 - ssim_metric: 0.4763
165/326 [==============>...............] - ETA: 2:09 - loss: 0.3788 - mae: 0.2337 - mse: 0.1170 - ssim_metric: 0.4763
166/326 [==============>...............] - ETA: 2:08 - loss: 0.3794 - mae: 0.2339 - mse: 0.1172 - ssim_metric: 0.4759
167/326 [==============>...............] - ETA: 2:07 - loss: 0.3793 - mae: 0.2340 - mse: 0.1172 - ssim_metric: 0.4757
168/326 [==============>...............] - ETA: 2:06 - loss: 0.3797 - mae: 0.2342 - mse: 0.1174 - ssim_metric: 0.4755
169/326 [==============>...............] - ETA: 2:05 - loss: 0.3793 - mae: 0.2340 - mse: 0.1173 - ssim_metric: 0.4758
170/326 [==============>...............] - ETA: 2:05 - loss: 0.3795 - mae: 0.2341 - mse: 0.1173 - ssim_metric: 0.4756
171/326 [==============>...............] - ETA: 2:04 - loss: 0.3794 - mae: 0.2341 - mse: 0.1173 - ssim_metric: 0.4758
172/326 [==============>...............] - ETA: 2:03 - loss: 0.3790 - mae: 0.2338 - mse: 0.1172 - ssim_metric: 0.4765
173/326 [==============>...............] - ETA: 2:02 - loss: 0.3793 - mae: 0.2339 - mse: 0.1173 - ssim_metric: 0.4763
174/326 [===============>..............] - ETA: 2:01 - loss: 0.3791 - mae: 0.2338 - mse: 0.1172 - ssim_metric: 0.4761
175/326 [===============>..............] - ETA: 2:01 - loss: 0.3792 - mae: 0.2339 - mse: 0.1173 - ssim_metric: 0.4759
176/326 [===============>..............] - ETA: 2:00 - loss: 0.3792 - mae: 0.2339 - mse: 0.1173 - ssim_metric: 0.4758
177/326 [===============>..............] - ETA: 1:59 - loss: 0.3794 - mae: 0.2340 - mse: 0.1173 - ssim_metric: 0.4759
178/326 [===============>..............] - ETA: 1:58 - loss: 0.3803 - mae: 0.2343 - mse: 0.1177 - ssim_metric: 0.4753
179/326 [===============>..............] - ETA: 1:57 - loss: 0.3805 - mae: 0.2344 - mse: 0.1177 - ssim_metric: 0.4750
180/326 [===============>..............] - ETA: 1:57 - loss: 0.3805 - mae: 0.2346 - mse: 0.1177 - ssim_metric: 0.4745
181/326 [===============>..............] - ETA: 1:56 - loss: 0.3811 - mae: 0.2351 - mse: 0.1180 - ssim_metric: 0.4735
182/326 [===============>..............] - ETA: 1:55 - loss: 0.3810 - mae: 0.2352 - mse: 0.1180 - ssim_metric: 0.4729
183/326 [===============>..............] - ETA: 1:54 - loss: 0.3809 - mae: 0.2353 - mse: 0.1179 - ssim_metric: 0.4725
184/326 [===============>..............] - ETA: 1:53 - loss: 0.3809 - mae: 0.2354 - mse: 0.1179 - ssim_metric: 0.4724
185/326 [================>.............] - ETA: 1:53 - loss: 0.3811 - mae: 0.2355 - mse: 0.1180 - ssim_metric: 0.4721
186/326 [================>.............] - ETA: 1:52 - loss: 0.3818 - mae: 0.2359 - mse: 0.1182 - ssim_metric: 0.4714
187/326 [================>.............] - ETA: 1:51 - loss: 0.3822 - mae: 0.2361 - mse: 0.1184 - ssim_metric: 0.4712
188/326 [================>.............] - ETA: 1:50 - loss: 0.3826 - mae: 0.2362 - mse: 0.1185 - ssim_metric: 0.4714
189/326 [================>.............] - ETA: 1:49 - loss: 0.3823 - mae: 0.2362 - mse: 0.1184 - ssim_metric: 0.4714
190/326 [================>.............] - ETA: 1:49 - loss: 0.3821 - mae: 0.2361 - mse: 0.1183 - ssim_metric: 0.4712
191/326 [================>.............] - ETA: 1:48 - loss: 0.3821 - mae: 0.2362 - mse: 0.1183 - ssim_metric: 0.4710
192/326 [================>.............] - ETA: 1:47 - loss: 0.3820 - mae: 0.2362 - mse: 0.1183 - ssim_metric: 0.4711
193/326 [================>.............] - ETA: 1:46 - loss: 0.3821 - mae: 0.2362 - mse: 0.1183 - ssim_metric: 0.4711
194/326 [================>.............] - ETA: 1:45 - loss: 0.3816 - mae: 0.2359 - mse: 0.1181 - ssim_metric: 0.4717
195/326 [================>.............] - ETA: 1:45 - loss: 0.3820 - mae: 0.2359 - mse: 0.1182 - ssim_metric: 0.4720
196/326 [=================>............] - ETA: 1:44 - loss: 0.3824 - mae: 0.2360 - mse: 0.1184 - ssim_metric: 0.4721
197/326 [=================>............] - ETA: 1:43 - loss: 0.3821 - mae: 0.2358 - mse: 0.1183 - ssim_metric: 0.4726
198/326 [=================>............] - ETA: 1:42 - loss: 0.3820 - mae: 0.2357 - mse: 0.1183 - ssim_metric: 0.4728
199/326 [=================>............] - ETA: 1:41 - loss: 0.3821 - mae: 0.2357 - mse: 0.1183 - ssim_metric: 0.4728
200/326 [=================>............] - ETA: 1:41 - loss: 0.3821 - mae: 0.2358 - mse: 0.1183 - ssim_metric: 0.4727
201/326 [=================>............] - ETA: 1:40 - loss: 0.3820 - mae: 0.2358 - mse: 0.1183 - ssim_metric: 0.4725
202/326 [=================>............] - ETA: 1:39 - loss: 0.3825 - mae: 0.2359 - mse: 0.1184 - ssim_metric: 0.4725
203/326 [=================>............] - ETA: 1:38 - loss: 0.3830 - mae: 0.2363 - mse: 0.1186 - ssim_metric: 0.4720
204/326 [=================>............] - ETA: 1:37 - loss: 0.3828 - mae: 0.2363 - mse: 0.1185 - ssim_metric: 0.4719
205/326 [=================>............] - ETA: 1:37 - loss: 0.3824 - mae: 0.2362 - mse: 0.1184 - ssim_metric: 0.4719
206/326 [=================>............] - ETA: 1:36 - loss: 0.3823 - mae: 0.2362 - mse: 0.1184 - ssim_metric: 0.4719
207/326 [==================>...........] - ETA: 1:35 - loss: 0.3823 - mae: 0.2362 - mse: 0.1183 - ssim_metric: 0.4719
208/326 [==================>...........] - ETA: 1:34 - loss: 0.3822 - mae: 0.2362 - mse: 0.1183 - ssim_metric: 0.4721
209/326 [==================>...........] - ETA: 1:33 - loss: 0.3822 - mae: 0.2362 - mse: 0.1183 - ssim_metric: 0.4722
210/326 [==================>...........] - ETA: 1:33 - loss: 0.3824 - mae: 0.2363 - mse: 0.1184 - ssim_metric: 0.4721
211/326 [==================>...........] - ETA: 1:32 - loss: 0.3824 - mae: 0.2361 - mse: 0.1184 - ssim_metric: 0.4727
212/326 [==================>...........] - ETA: 1:31 - loss: 0.3823 - mae: 0.2361 - mse: 0.1183 - ssim_metric: 0.4728
213/326 [==================>...........] - ETA: 1:30 - loss: 0.3820 - mae: 0.2359 - mse: 0.1182 - ssim_metric: 0.4731
214/326 [==================>...........] - ETA: 1:29 - loss: 0.3821 - mae: 0.2359 - mse: 0.1183 - ssim_metric: 0.4730
215/326 [==================>...........] - ETA: 1:29 - loss: 0.3821 - mae: 0.2359 - mse: 0.1183 - ssim_metric: 0.4729
216/326 [==================>...........] - ETA: 1:28 - loss: 0.3819 - mae: 0.2358 - mse: 0.1182 - ssim_metric: 0.4731
217/326 [==================>...........] - ETA: 1:27 - loss: 0.3820 - mae: 0.2358 - mse: 0.1183 - ssim_metric: 0.4730
218/326 [===================>..........] - ETA: 1:26 - loss: 0.3820 - mae: 0.2358 - mse: 0.1183 - ssim_metric: 0.4730
219/326 [===================>..........] - ETA: 1:25 - loss: 0.3820 - mae: 0.2358 - mse: 0.1183 - ssim_metric: 0.4730
220/326 [===================>..........] - ETA: 1:25 - loss: 0.3823 - mae: 0.2360 - mse: 0.1184 - ssim_metric: 0.4725
221/326 [===================>..........] - ETA: 1:24 - loss: 0.3825 - mae: 0.2362 - mse: 0.1185 - ssim_metric: 0.4722
222/326 [===================>..........] - ETA: 1:23 - loss: 0.3827 - mae: 0.2364 - mse: 0.1185 - ssim_metric: 0.4717
223/326 [===================>..........] - ETA: 1:22 - loss: 0.3826 - mae: 0.2363 - mse: 0.1185 - ssim_metric: 0.4718
224/326 [===================>..........] - ETA: 1:21 - loss: 0.3828 - mae: 0.2365 - mse: 0.1186 - ssim_metric: 0.4715
225/326 [===================>..........] - ETA: 1:21 - loss: 0.3830 - mae: 0.2366 - mse: 0.1187 - ssim_metric: 0.4712
226/326 [===================>..........] - ETA: 1:20 - loss: 0.3830 - mae: 0.2366 - mse: 0.1187 - ssim_metric: 0.4713
227/326 [===================>..........] - ETA: 1:19 - loss: 0.3828 - mae: 0.2365 - mse: 0.1186 - ssim_metric: 0.4715
228/326 [===================>..........] - ETA: 1:18 - loss: 0.3827 - mae: 0.2364 - mse: 0.1186 - ssim_metric: 0.4716
229/326 [====================>.........] - ETA: 1:17 - loss: 0.3831 - mae: 0.2367 - mse: 0.1187 - ssim_metric: 0.4712
230/326 [====================>.........] - ETA: 1:16 - loss: 0.3830 - mae: 0.2367 - mse: 0.1187 - ssim_metric: 0.4711
231/326 [====================>.........] - ETA: 1:16 - loss: 0.3829 - mae: 0.2366 - mse: 0.1186 - ssim_metric: 0.4711
232/326 [====================>.........] - ETA: 1:15 - loss: 0.3828 - mae: 0.2366 - mse: 0.1186 - ssim_metric: 0.4712
233/326 [====================>.........] - ETA: 1:14 - loss: 0.3829 - mae: 0.2366 - mse: 0.1186 - ssim_metric: 0.4713
234/326 [====================>.........] - ETA: 1:13 - loss: 0.3832 - mae: 0.2368 - mse: 0.1187 - ssim_metric: 0.4709
235/326 [====================>.........] - ETA: 1:12 - loss: 0.3832 - mae: 0.2368 - mse: 0.1187 - ssim_metric: 0.4710
236/326 [====================>.........] - ETA: 1:12 - loss: 0.3827 - mae: 0.2365 - mse: 0.1186 - ssim_metric: 0.4715
237/326 [====================>.........] - ETA: 1:11 - loss: 0.3825 - mae: 0.2364 - mse: 0.1185 - ssim_metric: 0.4719
238/326 [====================>.........] - ETA: 1:10 - loss: 0.3826 - mae: 0.2364 - mse: 0.1186 - ssim_metric: 0.4720
239/326 [====================>.........] - ETA: 1:09 - loss: 0.3821 - mae: 0.2361 - mse: 0.1184 - ssim_metric: 0.4726
240/326 [=====================>........] - ETA: 1:08 - loss: 0.3821 - mae: 0.2360 - mse: 0.1184 - ssim_metric: 0.4728
241/326 [=====================>........] - ETA: 1:08 - loss: 0.3820 - mae: 0.2359 - mse: 0.1183 - ssim_metric: 0.4730
242/326 [=====================>........] - ETA: 1:07 - loss: 0.3816 - mae: 0.2357 - mse: 0.1182 - ssim_metric: 0.4734
243/326 [=====================>........] - ETA: 1:06 - loss: 0.3815 - mae: 0.2356 - mse: 0.1182 - ssim_metric: 0.4738
244/326 [=====================>........] - ETA: 1:05 - loss: 0.3816 - mae: 0.2356 - mse: 0.1182 - ssim_metric: 0.4738
245/326 [=====================>........] - ETA: 1:04 - loss: 0.3818 - mae: 0.2357 - mse: 0.1183 - ssim_metric: 0.4736
246/326 [=====================>........] - ETA: 1:04 - loss: 0.3816 - mae: 0.2356 - mse: 0.1182 - ssim_metric: 0.4738
247/326 [=====================>........] - ETA: 1:03 - loss: 0.3816 - mae: 0.2357 - mse: 0.1182 - ssim_metric: 0.4737
248/326 [=====================>........] - ETA: 1:02 - loss: 0.3819 - mae: 0.2358 - mse: 0.1183 - ssim_metric: 0.4736
249/326 [=====================>........] - ETA: 1:01 - loss: 0.3822 - mae: 0.2360 - mse: 0.1184 - ssim_metric: 0.4732
250/326 [======================>.......] - ETA: 1:00 - loss: 0.3820 - mae: 0.2360 - mse: 0.1184 - ssim_metric: 0.4731
251/326 [======================>.......] - ETA: 1:00 - loss: 0.3819 - mae: 0.2360 - mse: 0.1183 - ssim_metric: 0.4730
252/326 [======================>.......] - ETA: 59s - loss: 0.3815 - mae: 0.2358 - mse: 0.1182 - ssim_metric: 0.4732 
253/326 [======================>.......] - ETA: 58s - loss: 0.3821 - mae: 0.2360 - mse: 0.1184 - ssim_metric: 0.4730
254/326 [======================>.......] - ETA: 57s - loss: 0.3820 - mae: 0.2361 - mse: 0.1184 - ssim_metric: 0.4730
255/326 [======================>.......] - ETA: 56s - loss: 0.3818 - mae: 0.2360 - mse: 0.1183 - ssim_metric: 0.4732
256/326 [======================>.......] - ETA: 56s - loss: 0.3820 - mae: 0.2361 - mse: 0.1183 - ssim_metric: 0.4731
257/326 [======================>.......] - ETA: 55s - loss: 0.3820 - mae: 0.2361 - mse: 0.1183 - ssim_metric: 0.4732
258/326 [======================>.......] - ETA: 54s - loss: 0.3822 - mae: 0.2361 - mse: 0.1184 - ssim_metric: 0.4731
259/326 [======================>.......] - ETA: 53s - loss: 0.3824 - mae: 0.2362 - mse: 0.1185 - ssim_metric: 0.4729
260/326 [======================>.......] - ETA: 52s - loss: 0.3821 - mae: 0.2361 - mse: 0.1184 - ssim_metric: 0.4731
261/326 [=======================>......] - ETA: 52s - loss: 0.3823 - mae: 0.2361 - mse: 0.1184 - ssim_metric: 0.4732
262/326 [=======================>......] - ETA: 51s - loss: 0.3819 - mae: 0.2359 - mse: 0.1183 - ssim_metric: 0.4733
263/326 [=======================>......] - ETA: 50s - loss: 0.3824 - mae: 0.2361 - mse: 0.1185 - ssim_metric: 0.4731
264/326 [=======================>......] - ETA: 49s - loss: 0.3825 - mae: 0.2361 - mse: 0.1185 - ssim_metric: 0.4731
265/326 [=======================>......] - ETA: 48s - loss: 0.3826 - mae: 0.2362 - mse: 0.1185 - ssim_metric: 0.4729
266/326 [=======================>......] - ETA: 48s - loss: 0.3826 - mae: 0.2364 - mse: 0.1186 - ssim_metric: 0.4725
267/326 [=======================>......] - ETA: 47s - loss: 0.3827 - mae: 0.2365 - mse: 0.1186 - ssim_metric: 0.4722
268/326 [=======================>......] - ETA: 46s - loss: 0.3828 - mae: 0.2366 - mse: 0.1186 - ssim_metric: 0.4718
269/326 [=======================>......] - ETA: 45s - loss: 0.3827 - mae: 0.2366 - mse: 0.1186 - ssim_metric: 0.4717
270/326 [=======================>......] - ETA: 44s - loss: 0.3829 - mae: 0.2368 - mse: 0.1187 - ssim_metric: 0.4715
271/326 [=======================>......] - ETA: 44s - loss: 0.3830 - mae: 0.2368 - mse: 0.1187 - ssim_metric: 0.4715
272/326 [========================>.....] - ETA: 43s - loss: 0.3830 - mae: 0.2368 - mse: 0.1187 - ssim_metric: 0.4715
273/326 [========================>.....] - ETA: 42s - loss: 0.3826 - mae: 0.2367 - mse: 0.1186 - ssim_metric: 0.4717
274/326 [========================>.....] - ETA: 41s - loss: 0.3828 - mae: 0.2367 - mse: 0.1186 - ssim_metric: 0.4716
275/326 [========================>.....] - ETA: 40s - loss: 0.3829 - mae: 0.2367 - mse: 0.1187 - ssim_metric: 0.4719
276/326 [========================>.....] - ETA: 40s - loss: 0.3829 - mae: 0.2368 - mse: 0.1187 - ssim_metric: 0.4718
277/326 [========================>.....] - ETA: 39s - loss: 0.3832 - mae: 0.2369 - mse: 0.1188 - ssim_metric: 0.4716
278/326 [========================>.....] - ETA: 38s - loss: 0.3831 - mae: 0.2368 - mse: 0.1187 - ssim_metric: 0.4717
279/326 [========================>.....] - ETA: 37s - loss: 0.3828 - mae: 0.2367 - mse: 0.1187 - ssim_metric: 0.4721
280/326 [========================>.....] - ETA: 36s - loss: 0.3827 - mae: 0.2367 - mse: 0.1186 - ssim_metric: 0.4721
281/326 [========================>.....] - ETA: 36s - loss: 0.3830 - mae: 0.2368 - mse: 0.1187 - ssim_metric: 0.4719
282/326 [========================>.....] - ETA: 35s - loss: 0.3832 - mae: 0.2368 - mse: 0.1188 - ssim_metric: 0.4720
283/326 [=========================>....] - ETA: 34s - loss: 0.3836 - mae: 0.2370 - mse: 0.1189 - ssim_metric: 0.4718
284/326 [=========================>....] - ETA: 33s - loss: 0.3835 - mae: 0.2370 - mse: 0.1189 - ssim_metric: 0.4716
285/326 [=========================>....] - ETA: 32s - loss: 0.3837 - mae: 0.2372 - mse: 0.1189 - ssim_metric: 0.4713
286/326 [=========================>....] - ETA: 32s - loss: 0.3837 - mae: 0.2373 - mse: 0.1190 - ssim_metric: 0.4712
287/326 [=========================>....] - ETA: 31s - loss: 0.3841 - mae: 0.2374 - mse: 0.1191 - ssim_metric: 0.4710
288/326 [=========================>....] - ETA: 30s - loss: 0.3845 - mae: 0.2376 - mse: 0.1192 - ssim_metric: 0.4708
289/326 [=========================>....] - ETA: 29s - loss: 0.3845 - mae: 0.2376 - mse: 0.1193 - ssim_metric: 0.4707
290/326 [=========================>....] - ETA: 28s - loss: 0.3848 - mae: 0.2378 - mse: 0.1194 - ssim_metric: 0.4704
291/326 [=========================>....] - ETA: 28s - loss: 0.3850 - mae: 0.2380 - mse: 0.1194 - ssim_metric: 0.4701
292/326 [=========================>....] - ETA: 27s - loss: 0.3848 - mae: 0.2379 - mse: 0.1193 - ssim_metric: 0.4701
293/326 [=========================>....] - ETA: 26s - loss: 0.3846 - mae: 0.2379 - mse: 0.1193 - ssim_metric: 0.4701
294/326 [==========================>...] - ETA: 25s - loss: 0.3848 - mae: 0.2380 - mse: 0.1194 - ssim_metric: 0.4699
295/326 [==========================>...] - ETA: 24s - loss: 0.3849 - mae: 0.2381 - mse: 0.1194 - ssim_metric: 0.4697
296/326 [==========================>...] - ETA: 24s - loss: 0.3847 - mae: 0.2380 - mse: 0.1193 - ssim_metric: 0.4698
297/326 [==========================>...] - ETA: 23s - loss: 0.3848 - mae: 0.2381 - mse: 0.1194 - ssim_metric: 0.4697
298/326 [==========================>...] - ETA: 22s - loss: 0.3844 - mae: 0.2379 - mse: 0.1192 - ssim_metric: 0.4701
299/326 [==========================>...] - ETA: 21s - loss: 0.3842 - mae: 0.2378 - mse: 0.1191 - ssim_metric: 0.4703
300/326 [==========================>...] - ETA: 20s - loss: 0.3842 - mae: 0.2378 - mse: 0.1191 - ssim_metric: 0.4704
301/326 [==========================>...] - ETA: 20s - loss: 0.3840 - mae: 0.2376 - mse: 0.1190 - ssim_metric: 0.4709
302/326 [==========================>...] - ETA: 19s - loss: 0.3844 - mae: 0.2377 - mse: 0.1192 - ssim_metric: 0.4706
303/326 [==========================>...] - ETA: 18s - loss: 0.3844 - mae: 0.2377 - mse: 0.1192 - ssim_metric: 0.4707
304/326 [==========================>...] - ETA: 17s - loss: 0.3845 - mae: 0.2377 - mse: 0.1192 - ssim_metric: 0.4707
305/326 [===========================>..] - ETA: 16s - loss: 0.3845 - mae: 0.2377 - mse: 0.1192 - ssim_metric: 0.4707
306/326 [===========================>..] - ETA: 16s - loss: 0.3845 - mae: 0.2377 - mse: 0.1192 - ssim_metric: 0.4705
307/326 [===========================>..] - ETA: 15s - loss: 0.3846 - mae: 0.2378 - mse: 0.1193 - ssim_metric: 0.4704
308/326 [===========================>..] - ETA: 14s - loss: 0.3845 - mae: 0.2378 - mse: 0.1192 - ssim_metric: 0.4705
309/326 [===========================>..] - ETA: 13s - loss: 0.3844 - mae: 0.2378 - mse: 0.1192 - ssim_metric: 0.4704
310/326 [===========================>..] - ETA: 12s - loss: 0.3844 - mae: 0.2378 - mse: 0.1192 - ssim_metric: 0.4703
311/326 [===========================>..] - ETA: 12s - loss: 0.3843 - mae: 0.2378 - mse: 0.1192 - ssim_metric: 0.4704
312/326 [===========================>..] - ETA: 11s - loss: 0.3842 - mae: 0.2377 - mse: 0.1191 - ssim_metric: 0.4703
313/326 [===========================>..] - ETA: 10s - loss: 0.3844 - mae: 0.2378 - mse: 0.1192 - ssim_metric: 0.4703
314/326 [===========================>..] - ETA: 9s - loss: 0.3846 - mae: 0.2378 - mse: 0.1193 - ssim_metric: 0.4705 
315/326 [===========================>..] - ETA: 8s - loss: 0.3848 - mae: 0.2379 - mse: 0.1193 - ssim_metric: 0.4703
316/326 [============================>.] - ETA: 8s - loss: 0.3847 - mae: 0.2379 - mse: 0.1193 - ssim_metric: 0.4702
317/326 [============================>.] - ETA: 7s - loss: 0.3846 - mae: 0.2378 - mse: 0.1193 - ssim_metric: 0.4705
318/326 [============================>.] - ETA: 6s - loss: 0.3844 - mae: 0.2377 - mse: 0.1192 - ssim_metric: 0.4705
319/326 [============================>.] - ETA: 5s - loss: 0.3850 - mae: 0.2380 - mse: 0.1194 - ssim_metric: 0.4703
320/326 [============================>.] - ETA: 4s - loss: 0.3849 - mae: 0.2379 - mse: 0.1194 - ssim_metric: 0.4701
321/326 [============================>.] - ETA: 4s - loss: 0.3850 - mae: 0.2381 - mse: 0.1194 - ssim_metric: 0.4699
322/326 [============================>.] - ETA: 3s - loss: 0.3848 - mae: 0.2380 - mse: 0.1193 - ssim_metric: 0.4699
323/326 [============================>.] - ETA: 2s - loss: 0.3848 - mae: 0.2380 - mse: 0.1193 - ssim_metric: 0.4699
324/326 [============================>.] - ETA: 1s - loss: 0.3852 - mae: 0.2382 - mse: 0.1195 - ssim_metric: 0.4697
325/326 [============================>.] - ETA: 0s - loss: 0.3852 - mae: 0.2382 - mse: 0.1195 - ssim_metric: 0.4697
326/326 [==============================] - ETA: 0s - loss: 0.3854 - mae: 0.2382 - mse: 0.1195 - ssim_metric: 0.4697
Epoch 16: saving model to C:\d_surucusu\visual_navigation\benchmark\models_pipeline\20260909_223425\bce_b16\_JOB_bce_b16_10_09_2026__07_13_model_f48_k4_epoch_00016_helu_osigmoid_(1, 1)_.h5

Epoch 16: val_loss improved from 0.35117 to 0.35102, saving model to C:\d_surucusu\visual_navigation\benchmark\models_pipeline\20260909_223425\bce_b16\_JOB_bce_b16_10_09_2026__07_13_best_val_loss_model_f48_k4.h5

Epoch 16: val_mae improved from 0.21974 to 0.21805, saving model to C:\d_surucusu\visual_navigation\benchmark\models_pipeline\20260909_223425\bce_b16\_JOB_bce_b16_10_09_2026__07_13_best_mae_model_f48_k4.h5

Epoch 16: val_ssim_metric did not improve from 0.56049

326/326 [==============================] - 277s 851ms/step - loss: 0.3854 - mae: 0.2382 - mse: 0.1195 - ssim_metric: 0.4697 - val_loss: 0.3510 - val_mae: 0.2180 - val_mse: 0.1069 - val_ssim_metric: 0.5115
Epoch 17/20

  1/326 [..............................] - ETA: 4:37 - loss: 0.4135 - mae: 0.2506 - mse: 0.1327 - ssim_metric: 0.4461
  2/326 [..............................] - ETA: 4:19 - loss: 0.4105 - mae: 0.2454 - mse: 0.1296 - ssim_metric: 0.4731
  3/326 [..............................] - ETA: 4:18 - loss: 0.4288 - mae: 0.2612 - mse: 0.1362 - ssim_metric: 0.4465
  4/326 [..............................] - ETA: 4:18 - loss: 0.4200 - mae: 0.2595 - mse: 0.1329 - ssim_metric: 0.4370
  5/326 [..............................] - ETA: 4:17 - loss: 0.4108 - mae: 0.2577 - mse: 0.1295 - ssim_metric: 0.4346
  6/326 [..............................] - ETA: 4:16 - loss: 0.4107 - mae: 0.2616 - mse: 0.1295 - ssim_metric: 0.4184
  7/326 [..............................] - ETA: 4:15 - loss: 0.4088 - mae: 0.2626 - mse: 0.1286 - ssim_metric: 0.4129
  8/326 [..............................] - ETA: 4:15 - loss: 0.3977 - mae: 0.2567 - mse: 0.1243 - ssim_metric: 0.4198
  9/326 [..............................] - ETA: 4:14 - loss: 0.3874 - mae: 0.2506 - mse: 0.1204 - ssim_metric: 0.4308
 10/326 [..............................] - ETA: 4:13 - loss: 0.3844 - mae: 0.2479 - mse: 0.1193 - ssim_metric: 0.4398
 11/326 [>.............................] - ETA: 4:12 - loss: 0.3879 - mae: 0.2482 - mse: 0.1210 - ssim_metric: 0.4452
 12/326 [>.............................] - ETA: 4:11 - loss: 0.3883 - mae: 0.2463 - mse: 0.1212 - ssim_metric: 0.4519
 13/326 [>.............................] - ETA: 4:10 - loss: 0.3933 - mae: 0.2464 - mse: 0.1230 - ssim_metric: 0.4562
 14/326 [>.............................] - ETA: 4:10 - loss: 0.4053 - mae: 0.2505 - mse: 0.1271 - ssim_metric: 0.4525
 15/326 [>.............................] - ETA: 4:09 - loss: 0.3955 - mae: 0.2449 - mse: 0.1236 - ssim_metric: 0.4643
 16/326 [>.............................] - ETA: 4:08 - loss: 0.3993 - mae: 0.2465 - mse: 0.1250 - ssim_metric: 0.4633
 17/326 [>.............................] - ETA: 4:07 - loss: 0.3981 - mae: 0.2464 - mse: 0.1246 - ssim_metric: 0.4640
 18/326 [>.............................] - ETA: 4:07 - loss: 0.4004 - mae: 0.2489 - mse: 0.1256 - ssim_metric: 0.4587
 19/326 [>.............................] - ETA: 4:06 - loss: 0.4006 - mae: 0.2500 - mse: 0.1256 - ssim_metric: 0.4560
 20/326 [>.............................] - ETA: 4:05 - loss: 0.3968 - mae: 0.2492 - mse: 0.1241 - ssim_metric: 0.4548
 21/326 [>.............................] - ETA: 4:04 - loss: 0.3920 - mae: 0.2469 - mse: 0.1222 - ssim_metric: 0.4574
 22/326 [=>............................] - ETA: 4:03 - loss: 0.3876 - mae: 0.2445 - mse: 0.1207 - ssim_metric: 0.4610
 23/326 [=>............................] - ETA: 4:02 - loss: 0.3839 - mae: 0.2415 - mse: 0.1193 - ssim_metric: 0.4684
 24/326 [=>............................] - ETA: 4:02 - loss: 0.3826 - mae: 0.2401 - mse: 0.1188 - ssim_metric: 0.4716
 25/326 [=>............................] - ETA: 4:01 - loss: 0.3866 - mae: 0.2409 - mse: 0.1203 - ssim_metric: 0.4708
 26/326 [=>............................] - ETA: 4:00 - loss: 0.3877 - mae: 0.2406 - mse: 0.1207 - ssim_metric: 0.4727
 27/326 [=>............................] - ETA: 3:59 - loss: 0.3864 - mae: 0.2395 - mse: 0.1202 - ssim_metric: 0.4752
 28/326 [=>............................] - ETA: 3:58 - loss: 0.3883 - mae: 0.2394 - mse: 0.1207 - ssim_metric: 0.4757
 29/326 [=>............................] - ETA: 3:58 - loss: 0.3869 - mae: 0.2387 - mse: 0.1203 - ssim_metric: 0.4760
 30/326 [=>............................] - ETA: 3:57 - loss: 0.3905 - mae: 0.2401 - mse: 0.1214 - ssim_metric: 0.4736
 31/326 [=>............................] - ETA: 3:56 - loss: 0.3906 - mae: 0.2405 - mse: 0.1215 - ssim_metric: 0.4716
 32/326 [=>............................] - ETA: 3:55 - loss: 0.3916 - mae: 0.2416 - mse: 0.1220 - ssim_metric: 0.4687
 33/326 [==>...........................] - ETA: 3:55 - loss: 0.3887 - mae: 0.2407 - mse: 0.1208 - ssim_metric: 0.4686
 34/326 [==>...........................] - ETA: 3:54 - loss: 0.3897 - mae: 0.2417 - mse: 0.1212 - ssim_metric: 0.4656
 35/326 [==>...........................] - ETA: 3:53 - loss: 0.3876 - mae: 0.2408 - mse: 0.1204 - ssim_metric: 0.4666
 36/326 [==>...........................] - ETA: 3:52 - loss: 0.3877 - mae: 0.2412 - mse: 0.1205 - ssim_metric: 0.4653
 37/326 [==>...........................] - ETA: 3:51 - loss: 0.3847 - mae: 0.2396 - mse: 0.1194 - ssim_metric: 0.4679
 38/326 [==>...........................] - ETA: 3:51 - loss: 0.3828 - mae: 0.2385 - mse: 0.1187 - ssim_metric: 0.4695
 39/326 [==>...........................] - ETA: 3:50 - loss: 0.3827 - mae: 0.2381 - mse: 0.1186 - ssim_metric: 0.4704
 40/326 [==>...........................] - ETA: 3:49 - loss: 0.3812 - mae: 0.2371 - mse: 0.1181 - ssim_metric: 0.4722
 41/326 [==>...........................] - ETA: 3:48 - loss: 0.3793 - mae: 0.2357 - mse: 0.1174 - ssim_metric: 0.4755
 42/326 [==>...........................] - ETA: 3:47 - loss: 0.3754 - mae: 0.2332 - mse: 0.1160 - ssim_metric: 0.4800
 43/326 [==>...........................] - ETA: 3:47 - loss: 0.3755 - mae: 0.2326 - mse: 0.1160 - ssim_metric: 0.4815
 44/326 [===>..........................] - ETA: 3:46 - loss: 0.3765 - mae: 0.2324 - mse: 0.1164 - ssim_metric: 0.4824
 45/326 [===>..........................] - ETA: 3:45 - loss: 0.3786 - mae: 0.2334 - mse: 0.1173 - ssim_metric: 0.4803
 46/326 [===>..........................] - ETA: 3:44 - loss: 0.3790 - mae: 0.2334 - mse: 0.1174 - ssim_metric: 0.4807
 47/326 [===>..........................] - ETA: 3:43 - loss: 0.3776 - mae: 0.2328 - mse: 0.1169 - ssim_metric: 0.4811
 48/326 [===>..........................] - ETA: 3:42 - loss: 0.3747 - mae: 0.2314 - mse: 0.1158 - ssim_metric: 0.4825
 49/326 [===>..........................] - ETA: 3:42 - loss: 0.3783 - mae: 0.2325 - mse: 0.1169 - ssim_metric: 0.4810
 50/326 [===>..........................] - ETA: 3:41 - loss: 0.3779 - mae: 0.2325 - mse: 0.1168 - ssim_metric: 0.4809
 51/326 [===>..........................] - ETA: 3:40 - loss: 0.3761 - mae: 0.2319 - mse: 0.1161 - ssim_metric: 0.4804
 52/326 [===>..........................] - ETA: 3:39 - loss: 0.3766 - mae: 0.2322 - mse: 0.1163 - ssim_metric: 0.4801
 53/326 [===>..........................] - ETA: 3:38 - loss: 0.3761 - mae: 0.2319 - mse: 0.1161 - ssim_metric: 0.4800
 54/326 [===>..........................] - ETA: 3:38 - loss: 0.3770 - mae: 0.2321 - mse: 0.1164 - ssim_metric: 0.4800
 55/326 [====>.........................] - ETA: 3:37 - loss: 0.3773 - mae: 0.2324 - mse: 0.1165 - ssim_metric: 0.4795
 56/326 [====>.........................] - ETA: 3:36 - loss: 0.3769 - mae: 0.2324 - mse: 0.1164 - ssim_metric: 0.4789
 57/326 [====>.........................] - ETA: 3:35 - loss: 0.3757 - mae: 0.2318 - mse: 0.1160 - ssim_metric: 0.4795
 58/326 [====>.........................] - ETA: 3:34 - loss: 0.3769 - mae: 0.2323 - mse: 0.1165 - ssim_metric: 0.4791
 59/326 [====>.........................] - ETA: 3:34 - loss: 0.3777 - mae: 0.2327 - mse: 0.1167 - ssim_metric: 0.4782
 60/326 [====>.........................] - ETA: 3:33 - loss: 0.3785 - mae: 0.2331 - mse: 0.1171 - ssim_metric: 0.4778
 61/326 [====>.........................] - ETA: 3:32 - loss: 0.3765 - mae: 0.2321 - mse: 0.1164 - ssim_metric: 0.4798
 62/326 [====>.........................] - ETA: 3:31 - loss: 0.3750 - mae: 0.2314 - mse: 0.1158 - ssim_metric: 0.4806
 63/326 [====>.........................] - ETA: 3:30 - loss: 0.3757 - mae: 0.2319 - mse: 0.1161 - ssim_metric: 0.4796
 64/326 [====>.........................] - ETA: 3:30 - loss: 0.3747 - mae: 0.2314 - mse: 0.1157 - ssim_metric: 0.4807
 65/326 [====>.........................] - ETA: 3:29 - loss: 0.3734 - mae: 0.2306 - mse: 0.1152 - ssim_metric: 0.4825
 66/326 [=====>........................] - ETA: 3:28 - loss: 0.3747 - mae: 0.2312 - mse: 0.1157 - ssim_metric: 0.4817
 67/326 [=====>........................] - ETA: 3:27 - loss: 0.3746 - mae: 0.2312 - mse: 0.1157 - ssim_metric: 0.4813
 68/326 [=====>........................] - ETA: 3:26 - loss: 0.3744 - mae: 0.2309 - mse: 0.1157 - ssim_metric: 0.4820
 69/326 [=====>........................] - ETA: 3:26 - loss: 0.3746 - mae: 0.2309 - mse: 0.1158 - ssim_metric: 0.4818
 70/326 [=====>........................] - ETA: 3:25 - loss: 0.3745 - mae: 0.2308 - mse: 0.1158 - ssim_metric: 0.4821
 71/326 [=====>........................] - ETA: 3:24 - loss: 0.3743 - mae: 0.2307 - mse: 0.1157 - ssim_metric: 0.4821
 72/326 [=====>........................] - ETA: 3:23 - loss: 0.3766 - mae: 0.2315 - mse: 0.1164 - ssim_metric: 0.4808
 73/326 [=====>........................] - ETA: 3:22 - loss: 0.3766 - mae: 0.2315 - mse: 0.1164 - ssim_metric: 0.4807
 74/326 [=====>........................] - ETA: 3:22 - loss: 0.3762 - mae: 0.2316 - mse: 0.1163 - ssim_metric: 0.4799
 75/326 [=====>........................] - ETA: 3:21 - loss: 0.3754 - mae: 0.2313 - mse: 0.1160 - ssim_metric: 0.4797
 76/326 [=====>........................] - ETA: 3:20 - loss: 0.3740 - mae: 0.2307 - mse: 0.1155 - ssim_metric: 0.4801
 77/326 [======>.......................] - ETA: 3:19 - loss: 0.3746 - mae: 0.2313 - mse: 0.1157 - ssim_metric: 0.4788
 78/326 [======>.......................] - ETA: 3:18 - loss: 0.3743 - mae: 0.2312 - mse: 0.1156 - ssim_metric: 0.4789
 79/326 [======>.......................] - ETA: 3:18 - loss: 0.3753 - mae: 0.2314 - mse: 0.1160 - ssim_metric: 0.4790
 80/326 [======>.......................] - ETA: 3:17 - loss: 0.3760 - mae: 0.2316 - mse: 0.1162 - ssim_metric: 0.4790
 81/326 [======>.......................] - ETA: 3:16 - loss: 0.3756 - mae: 0.2314 - mse: 0.1161 - ssim_metric: 0.4796
 82/326 [======>.......................] - ETA: 3:15 - loss: 0.3759 - mae: 0.2314 - mse: 0.1162 - ssim_metric: 0.4796
 83/326 [======>.......................] - ETA: 3:14 - loss: 0.3757 - mae: 0.2314 - mse: 0.1161 - ssim_metric: 0.4793
 84/326 [======>.......................] - ETA: 3:14 - loss: 0.3761 - mae: 0.2317 - mse: 0.1163 - ssim_metric: 0.4788
 85/326 [======>.......................] - ETA: 3:13 - loss: 0.3751 - mae: 0.2314 - mse: 0.1159 - ssim_metric: 0.4790
 86/326 [======>.......................] - ETA: 3:12 - loss: 0.3752 - mae: 0.2316 - mse: 0.1160 - ssim_metric: 0.4785
 87/326 [=======>......................] - ETA: 3:11 - loss: 0.3749 - mae: 0.2315 - mse: 0.1159 - ssim_metric: 0.4784
 88/326 [=======>......................] - ETA: 3:10 - loss: 0.3741 - mae: 0.2311 - mse: 0.1156 - ssim_metric: 0.4786
 89/326 [=======>......................] - ETA: 3:10 - loss: 0.3735 - mae: 0.2308 - mse: 0.1154 - ssim_metric: 0.4790
 90/326 [=======>......................] - ETA: 3:09 - loss: 0.3745 - mae: 0.2312 - mse: 0.1158 - ssim_metric: 0.4784
 91/326 [=======>......................] - ETA: 3:08 - loss: 0.3743 - mae: 0.2310 - mse: 0.1157 - ssim_metric: 0.4790
 92/326 [=======>......................] - ETA: 3:07 - loss: 0.3741 - mae: 0.2309 - mse: 0.1156 - ssim_metric: 0.4792
 93/326 [=======>......................] - ETA: 3:06 - loss: 0.3751 - mae: 0.2310 - mse: 0.1159 - ssim_metric: 0.4796
 94/326 [=======>......................] - ETA: 3:06 - loss: 0.3758 - mae: 0.2311 - mse: 0.1161 - ssim_metric: 0.4799
 95/326 [=======>......................] - ETA: 3:05 - loss: 0.3769 - mae: 0.2316 - mse: 0.1165 - ssim_metric: 0.4793
 96/326 [=======>......................] - ETA: 3:04 - loss: 0.3766 - mae: 0.2314 - mse: 0.1164 - ssim_metric: 0.4794
 97/326 [=======>......................] - ETA: 3:03 - loss: 0.3764 - mae: 0.2315 - mse: 0.1163 - ssim_metric: 0.4792
 98/326 [========>.....................] - ETA: 3:02 - loss: 0.3757 - mae: 0.2314 - mse: 0.1161 - ssim_metric: 0.4792
 99/326 [========>.....................] - ETA: 3:02 - loss: 0.3753 - mae: 0.2313 - mse: 0.1159 - ssim_metric: 0.4791
100/326 [========>.....................] - ETA: 3:01 - loss: 0.3754 - mae: 0.2315 - mse: 0.1160 - ssim_metric: 0.4787
101/326 [========>.....................] - ETA: 3:00 - loss: 0.3748 - mae: 0.2313 - mse: 0.1157 - ssim_metric: 0.4787
102/326 [========>.....................] - ETA: 2:59 - loss: 0.3741 - mae: 0.2311 - mse: 0.1155 - ssim_metric: 0.4789
103/326 [========>.....................] - ETA: 2:58 - loss: 0.3758 - mae: 0.2315 - mse: 0.1159 - ssim_metric: 0.4785
104/326 [========>.....................] - ETA: 2:58 - loss: 0.3757 - mae: 0.2314 - mse: 0.1159 - ssim_metric: 0.4789
105/326 [========>.....................] - ETA: 2:57 - loss: 0.3752 - mae: 0.2311 - mse: 0.1158 - ssim_metric: 0.4794
106/326 [========>.....................] - ETA: 2:56 - loss: 0.3744 - mae: 0.2307 - mse: 0.1154 - ssim_metric: 0.4803
107/326 [========>.....................] - ETA: 2:55 - loss: 0.3743 - mae: 0.2305 - mse: 0.1154 - ssim_metric: 0.4806
108/326 [========>.....................] - ETA: 2:54 - loss: 0.3763 - mae: 0.2312 - mse: 0.1161 - ssim_metric: 0.4802
109/326 [=========>....................] - ETA: 2:54 - loss: 0.3761 - mae: 0.2309 - mse: 0.1160 - ssim_metric: 0.4808
110/326 [=========>....................] - ETA: 2:53 - loss: 0.3766 - mae: 0.2312 - mse: 0.1162 - ssim_metric: 0.4804
111/326 [=========>....................] - ETA: 2:52 - loss: 0.3763 - mae: 0.2310 - mse: 0.1160 - ssim_metric: 0.4806
112/326 [=========>....................] - ETA: 2:51 - loss: 0.3764 - mae: 0.2312 - mse: 0.1161 - ssim_metric: 0.4803
113/326 [=========>....................] - ETA: 2:50 - loss: 0.3763 - mae: 0.2312 - mse: 0.1161 - ssim_metric: 0.4804
114/326 [=========>....................] - ETA: 2:50 - loss: 0.3760 - mae: 0.2312 - mse: 0.1160 - ssim_metric: 0.4804
115/326 [=========>....................] - ETA: 2:49 - loss: 0.3762 - mae: 0.2314 - mse: 0.1161 - ssim_metric: 0.4799
116/326 [=========>....................] - ETA: 2:48 - loss: 0.3764 - mae: 0.2316 - mse: 0.1161 - ssim_metric: 0.4795
117/326 [=========>....................] - ETA: 2:47 - loss: 0.3768 - mae: 0.2319 - mse: 0.1163 - ssim_metric: 0.4791
118/326 [=========>....................] - ETA: 2:46 - loss: 0.3762 - mae: 0.2316 - mse: 0.1161 - ssim_metric: 0.4798
119/326 [=========>....................] - ETA: 2:46 - loss: 0.3759 - mae: 0.2314 - mse: 0.1159 - ssim_metric: 0.4802
120/326 [==========>...................] - ETA: 2:45 - loss: 0.3756 - mae: 0.2313 - mse: 0.1158 - ssim_metric: 0.4805
121/326 [==========>...................] - ETA: 2:44 - loss: 0.3751 - mae: 0.2309 - mse: 0.1156 - ssim_metric: 0.4812
122/326 [==========>...................] - ETA: 2:43 - loss: 0.3755 - mae: 0.2309 - mse: 0.1158 - ssim_metric: 0.4816
123/326 [==========>...................] - ETA: 2:42 - loss: 0.3759 - mae: 0.2310 - mse: 0.1159 - ssim_metric: 0.4815
124/326 [==========>...................] - ETA: 2:42 - loss: 0.3764 - mae: 0.2312 - mse: 0.1161 - ssim_metric: 0.4811
125/326 [==========>...................] - ETA: 2:41 - loss: 0.3766 - mae: 0.2312 - mse: 0.1161 - ssim_metric: 0.4815
126/326 [==========>...................] - ETA: 2:40 - loss: 0.3762 - mae: 0.2310 - mse: 0.1160 - ssim_metric: 0.4814
127/326 [==========>...................] - ETA: 2:39 - loss: 0.3758 - mae: 0.2310 - mse: 0.1159 - ssim_metric: 0.4813
128/326 [==========>...................] - ETA: 2:38 - loss: 0.3754 - mae: 0.2308 - mse: 0.1157 - ssim_metric: 0.4814
129/326 [==========>...................] - ETA: 2:38 - loss: 0.3754 - mae: 0.2309 - mse: 0.1157 - ssim_metric: 0.4814
130/326 [==========>...................] - ETA: 2:37 - loss: 0.3764 - mae: 0.2315 - mse: 0.1161 - ssim_metric: 0.4805
131/326 [===========>..................] - ETA: 2:36 - loss: 0.3767 - mae: 0.2316 - mse: 0.1162 - ssim_metric: 0.4804
132/326 [===========>..................] - ETA: 2:35 - loss: 0.3767 - mae: 0.2316 - mse: 0.1162 - ssim_metric: 0.4805
133/326 [===========>..................] - ETA: 2:34 - loss: 0.3766 - mae: 0.2316 - mse: 0.1161 - ssim_metric: 0.4805
134/326 [===========>..................] - ETA: 2:33 - loss: 0.3770 - mae: 0.2319 - mse: 0.1163 - ssim_metric: 0.4802
135/326 [===========>..................] - ETA: 2:33 - loss: 0.3774 - mae: 0.2321 - mse: 0.1165 - ssim_metric: 0.4797
136/326 [===========>..................] - ETA: 2:32 - loss: 0.3775 - mae: 0.2323 - mse: 0.1165 - ssim_metric: 0.4792
137/326 [===========>..................] - ETA: 2:31 - loss: 0.3771 - mae: 0.2322 - mse: 0.1164 - ssim_metric: 0.4792
138/326 [===========>..................] - ETA: 2:30 - loss: 0.3774 - mae: 0.2325 - mse: 0.1165 - ssim_metric: 0.4785
139/326 [===========>..................] - ETA: 2:29 - loss: 0.3773 - mae: 0.2325 - mse: 0.1165 - ssim_metric: 0.4783
140/326 [===========>..................] - ETA: 2:29 - loss: 0.3774 - mae: 0.2326 - mse: 0.1165 - ssim_metric: 0.4783
141/326 [===========>..................] - ETA: 2:28 - loss: 0.3774 - mae: 0.2325 - mse: 0.1166 - ssim_metric: 0.4784
142/326 [============>.................] - ETA: 2:27 - loss: 0.3771 - mae: 0.2323 - mse: 0.1164 - ssim_metric: 0.4790
143/326 [============>.................] - ETA: 2:26 - loss: 0.3773 - mae: 0.2324 - mse: 0.1165 - ssim_metric: 0.4788
144/326 [============>.................] - ETA: 2:25 - loss: 0.3771 - mae: 0.2323 - mse: 0.1165 - ssim_metric: 0.4788
145/326 [============>.................] - ETA: 2:25 - loss: 0.3769 - mae: 0.2322 - mse: 0.1164 - ssim_metric: 0.4793
146/326 [============>.................] - ETA: 2:24 - loss: 0.3767 - mae: 0.2320 - mse: 0.1163 - ssim_metric: 0.4796
147/326 [============>.................] - ETA: 2:23 - loss: 0.3774 - mae: 0.2323 - mse: 0.1165 - ssim_metric: 0.4792
148/326 [============>.................] - ETA: 2:22 - loss: 0.3770 - mae: 0.2321 - mse: 0.1164 - ssim_metric: 0.4793
149/326 [============>.................] - ETA: 2:21 - loss: 0.3773 - mae: 0.2324 - mse: 0.1165 - ssim_metric: 0.4786
150/326 [============>.................] - ETA: 2:21 - loss: 0.3770 - mae: 0.2324 - mse: 0.1164 - ssim_metric: 0.4783
151/326 [============>.................] - ETA: 2:20 - loss: 0.3776 - mae: 0.2327 - mse: 0.1167 - ssim_metric: 0.4774
152/326 [============>.................] - ETA: 2:19 - loss: 0.3782 - mae: 0.2329 - mse: 0.1168 - ssim_metric: 0.4772
153/326 [=============>................] - ETA: 2:18 - loss: 0.3778 - mae: 0.2328 - mse: 0.1167 - ssim_metric: 0.4773
154/326 [=============>................] - ETA: 2:17 - loss: 0.3776 - mae: 0.2327 - mse: 0.1166 - ssim_metric: 0.4774
155/326 [=============>................] - ETA: 2:17 - loss: 0.3778 - mae: 0.2327 - mse: 0.1167 - ssim_metric: 0.4775
156/326 [=============>................] - ETA: 2:16 - loss: 0.3775 - mae: 0.2325 - mse: 0.1166 - ssim_metric: 0.4778
157/326 [=============>................] - ETA: 2:15 - loss: 0.3776 - mae: 0.2325 - mse: 0.1166 - ssim_metric: 0.4777
158/326 [=============>................] - ETA: 2:14 - loss: 0.3785 - mae: 0.2327 - mse: 0.1169 - ssim_metric: 0.4778
159/326 [=============>................] - ETA: 2:13 - loss: 0.3787 - mae: 0.2329 - mse: 0.1170 - ssim_metric: 0.4776
160/326 [=============>................] - ETA: 2:13 - loss: 0.3786 - mae: 0.2329 - mse: 0.1170 - ssim_metric: 0.4776
161/326 [=============>................] - ETA: 2:12 - loss: 0.3788 - mae: 0.2331 - mse: 0.1171 - ssim_metric: 0.4771
162/326 [=============>................] - ETA: 2:11 - loss: 0.3786 - mae: 0.2332 - mse: 0.1170 - ssim_metric: 0.4767
163/326 [==============>...............] - ETA: 2:10 - loss: 0.3783 - mae: 0.2331 - mse: 0.1169 - ssim_metric: 0.4767
164/326 [==============>...............] - ETA: 2:09 - loss: 0.3782 - mae: 0.2331 - mse: 0.1168 - ssim_metric: 0.4767
165/326 [==============>...............] - ETA: 2:09 - loss: 0.3783 - mae: 0.2332 - mse: 0.1169 - ssim_metric: 0.4767
166/326 [==============>...............] - ETA: 2:08 - loss: 0.3789 - mae: 0.2334 - mse: 0.1171 - ssim_metric: 0.4763
167/326 [==============>...............] - ETA: 2:07 - loss: 0.3788 - mae: 0.2335 - mse: 0.1171 - ssim_metric: 0.4762
168/326 [==============>...............] - ETA: 2:06 - loss: 0.3792 - mae: 0.2337 - mse: 0.1172 - ssim_metric: 0.4759
169/326 [==============>...............] - ETA: 2:05 - loss: 0.3789 - mae: 0.2335 - mse: 0.1171 - ssim_metric: 0.4762
170/326 [==============>...............] - ETA: 2:05 - loss: 0.3790 - mae: 0.2336 - mse: 0.1172 - ssim_metric: 0.4760
171/326 [==============>...............] - ETA: 2:04 - loss: 0.3789 - mae: 0.2335 - mse: 0.1171 - ssim_metric: 0.4762
172/326 [==============>...............] - ETA: 2:03 - loss: 0.3785 - mae: 0.2333 - mse: 0.1170 - ssim_metric: 0.4768
173/326 [==============>...............] - ETA: 2:02 - loss: 0.3787 - mae: 0.2334 - mse: 0.1171 - ssim_metric: 0.4766
174/326 [===============>..............] - ETA: 2:01 - loss: 0.3786 - mae: 0.2333 - mse: 0.1170 - ssim_metric: 0.4764
175/326 [===============>..............] - ETA: 2:01 - loss: 0.3787 - mae: 0.2334 - mse: 0.1171 - ssim_metric: 0.4762
176/326 [===============>..............] - ETA: 2:00 - loss: 0.3787 - mae: 0.2334 - mse: 0.1171 - ssim_metric: 0.4761
177/326 [===============>..............] - ETA: 1:59 - loss: 0.3789 - mae: 0.2335 - mse: 0.1172 - ssim_metric: 0.4762
178/326 [===============>..............] - ETA: 1:58 - loss: 0.3798 - mae: 0.2338 - mse: 0.1175 - ssim_metric: 0.4756
179/326 [===============>..............] - ETA: 1:57 - loss: 0.3799 - mae: 0.2339 - mse: 0.1175 - ssim_metric: 0.4754
180/326 [===============>..............] - ETA: 1:57 - loss: 0.3800 - mae: 0.2341 - mse: 0.1176 - ssim_metric: 0.4748
181/326 [===============>..............] - ETA: 1:56 - loss: 0.3805 - mae: 0.2345 - mse: 0.1178 - ssim_metric: 0.4738
182/326 [===============>..............] - ETA: 1:55 - loss: 0.3805 - mae: 0.2347 - mse: 0.1178 - ssim_metric: 0.4732
183/326 [===============>..............] - ETA: 1:54 - loss: 0.3804 - mae: 0.2348 - mse: 0.1177 - ssim_metric: 0.4728
184/326 [===============>..............] - ETA: 1:53 - loss: 0.3804 - mae: 0.2349 - mse: 0.1177 - ssim_metric: 0.4727
185/326 [================>.............] - ETA: 1:53 - loss: 0.3806 - mae: 0.2350 - mse: 0.1178 - ssim_metric: 0.4724
186/326 [================>.............] - ETA: 1:52 - loss: 0.3812 - mae: 0.2354 - mse: 0.1180 - ssim_metric: 0.4717
187/326 [================>.............] - ETA: 1:51 - loss: 0.3817 - mae: 0.2356 - mse: 0.1182 - ssim_metric: 0.4715
188/326 [================>.............] - ETA: 1:50 - loss: 0.3821 - mae: 0.2357 - mse: 0.1183 - ssim_metric: 0.4717
189/326 [================>.............] - ETA: 1:49 - loss: 0.3818 - mae: 0.2356 - mse: 0.1182 - ssim_metric: 0.4718
190/326 [================>.............] - ETA: 1:49 - loss: 0.3816 - mae: 0.2356 - mse: 0.1181 - ssim_metric: 0.4716
191/326 [================>.............] - ETA: 1:48 - loss: 0.3816 - mae: 0.2356 - mse: 0.1181 - ssim_metric: 0.4713
192/326 [================>.............] - ETA: 1:47 - loss: 0.3815 - mae: 0.2356 - mse: 0.1181 - ssim_metric: 0.4714
193/326 [================>.............] - ETA: 1:46 - loss: 0.3816 - mae: 0.2356 - mse: 0.1181 - ssim_metric: 0.4715
194/326 [================>.............] - ETA: 1:45 - loss: 0.3811 - mae: 0.2354 - mse: 0.1179 - ssim_metric: 0.4720
195/326 [================>.............] - ETA: 1:45 - loss: 0.3814 - mae: 0.2354 - mse: 0.1180 - ssim_metric: 0.4723
196/326 [=================>............] - ETA: 1:44 - loss: 0.3818 - mae: 0.2355 - mse: 0.1182 - ssim_metric: 0.4723
197/326 [=================>............] - ETA: 1:43 - loss: 0.3816 - mae: 0.2353 - mse: 0.1181 - ssim_metric: 0.4728
198/326 [=================>............] - ETA: 1:42 - loss: 0.3815 - mae: 0.2352 - mse: 0.1181 - ssim_metric: 0.4730
199/326 [=================>............] - ETA: 1:41 - loss: 0.3815 - mae: 0.2352 - mse: 0.1181 - ssim_metric: 0.4730
200/326 [=================>............] - ETA: 1:41 - loss: 0.3815 - mae: 0.2353 - mse: 0.1181 - ssim_metric: 0.4729
201/326 [=================>............] - ETA: 1:40 - loss: 0.3815 - mae: 0.2353 - mse: 0.1181 - ssim_metric: 0.4727
202/326 [=================>............] - ETA: 1:39 - loss: 0.3819 - mae: 0.2354 - mse: 0.1182 - ssim_metric: 0.4728
203/326 [=================>............] - ETA: 1:38 - loss: 0.3824 - mae: 0.2357 - mse: 0.1184 - ssim_metric: 0.4723
204/326 [=================>............] - ETA: 1:37 - loss: 0.3822 - mae: 0.2357 - mse: 0.1183 - ssim_metric: 0.4722
205/326 [=================>............] - ETA: 1:37 - loss: 0.3819 - mae: 0.2356 - mse: 0.1182 - ssim_metric: 0.4722
206/326 [=================>............] - ETA: 1:36 - loss: 0.3818 - mae: 0.2356 - mse: 0.1181 - ssim_metric: 0.4722
207/326 [==================>...........] - ETA: 1:35 - loss: 0.3817 - mae: 0.2357 - mse: 0.1181 - ssim_metric: 0.4722
208/326 [==================>...........] - ETA: 1:34 - loss: 0.3816 - mae: 0.2356 - mse: 0.1181 - ssim_metric: 0.4724
209/326 [==================>...........] - ETA: 1:33 - loss: 0.3816 - mae: 0.2356 - mse: 0.1181 - ssim_metric: 0.4726
210/326 [==================>...........] - ETA: 1:33 - loss: 0.3818 - mae: 0.2357 - mse: 0.1182 - ssim_metric: 0.4725
211/326 [==================>...........] - ETA: 1:32 - loss: 0.3818 - mae: 0.2356 - mse: 0.1182 - ssim_metric: 0.4730
212/326 [==================>...........] - ETA: 1:31 - loss: 0.3817 - mae: 0.2355 - mse: 0.1181 - ssim_metric: 0.4732
213/326 [==================>...........] - ETA: 1:30 - loss: 0.3814 - mae: 0.2353 - mse: 0.1180 - ssim_metric: 0.4735
214/326 [==================>...........] - ETA: 1:29 - loss: 0.3815 - mae: 0.2354 - mse: 0.1181 - ssim_metric: 0.4734
215/326 [==================>...........] - ETA: 1:29 - loss: 0.3814 - mae: 0.2354 - mse: 0.1181 - ssim_metric: 0.4733
216/326 [==================>...........] - ETA: 1:28 - loss: 0.3813 - mae: 0.2352 - mse: 0.1180 - ssim_metric: 0.4736
217/326 [==================>...........] - ETA: 1:27 - loss: 0.3814 - mae: 0.2353 - mse: 0.1180 - ssim_metric: 0.4735
218/326 [===================>..........] - ETA: 1:26 - loss: 0.3814 - mae: 0.2353 - mse: 0.1180 - ssim_metric: 0.4734
219/326 [===================>..........] - ETA: 1:25 - loss: 0.3814 - mae: 0.2352 - mse: 0.1180 - ssim_metric: 0.4734
220/326 [===================>..........] - ETA: 1:25 - loss: 0.3816 - mae: 0.2354 - mse: 0.1181 - ssim_metric: 0.4729
221/326 [===================>..........] - ETA: 1:24 - loss: 0.3819 - mae: 0.2356 - mse: 0.1182 - ssim_metric: 0.4726
222/326 [===================>..........] - ETA: 1:23 - loss: 0.3821 - mae: 0.2358 - mse: 0.1183 - ssim_metric: 0.4721
223/326 [===================>..........] - ETA: 1:22 - loss: 0.3819 - mae: 0.2358 - mse: 0.1183 - ssim_metric: 0.4722
224/326 [===================>..........] - ETA: 1:21 - loss: 0.3821 - mae: 0.2359 - mse: 0.1183 - ssim_metric: 0.4718
225/326 [===================>..........] - ETA: 1:21 - loss: 0.3823 - mae: 0.2360 - mse: 0.1184 - ssim_metric: 0.4716
226/326 [===================>..........] - ETA: 1:20 - loss: 0.3823 - mae: 0.2360 - mse: 0.1184 - ssim_metric: 0.4717
227/326 [===================>..........] - ETA: 1:19 - loss: 0.3821 - mae: 0.2359 - mse: 0.1183 - ssim_metric: 0.4719
228/326 [===================>..........] - ETA: 1:18 - loss: 0.3821 - mae: 0.2359 - mse: 0.1183 - ssim_metric: 0.4720
229/326 [====================>.........] - ETA: 1:17 - loss: 0.3824 - mae: 0.2361 - mse: 0.1185 - ssim_metric: 0.4716
230/326 [====================>.........] - ETA: 1:16 - loss: 0.3824 - mae: 0.2361 - mse: 0.1184 - ssim_metric: 0.4715
231/326 [====================>.........] - ETA: 1:16 - loss: 0.3823 - mae: 0.2360 - mse: 0.1184 - ssim_metric: 0.4716
232/326 [====================>.........] - ETA: 1:15 - loss: 0.3821 - mae: 0.2360 - mse: 0.1184 - ssim_metric: 0.4717
233/326 [====================>.........] - ETA: 1:14 - loss: 0.3823 - mae: 0.2360 - mse: 0.1184 - ssim_metric: 0.4718
234/326 [====================>.........] - ETA: 1:13 - loss: 0.3826 - mae: 0.2362 - mse: 0.1185 - ssim_metric: 0.4714
235/326 [====================>.........] - ETA: 1:12 - loss: 0.3825 - mae: 0.2362 - mse: 0.1185 - ssim_metric: 0.4714
236/326 [====================>.........] - ETA: 1:12 - loss: 0.3820 - mae: 0.2359 - mse: 0.1183 - ssim_metric: 0.4720
237/326 [====================>.........] - ETA: 1:11 - loss: 0.3818 - mae: 0.2358 - mse: 0.1183 - ssim_metric: 0.4724
238/326 [====================>.........] - ETA: 1:10 - loss: 0.3820 - mae: 0.2358 - mse: 0.1183 - ssim_metric: 0.4725
239/326 [====================>.........] - ETA: 1:09 - loss: 0.3815 - mae: 0.2355 - mse: 0.1181 - ssim_metric: 0.4731
240/326 [=====================>........] - ETA: 1:08 - loss: 0.3815 - mae: 0.2355 - mse: 0.1182 - ssim_metric: 0.4733
241/326 [=====================>........] - ETA: 1:08 - loss: 0.3814 - mae: 0.2353 - mse: 0.1181 - ssim_metric: 0.4735
242/326 [=====================>........] - ETA: 1:07 - loss: 0.3809 - mae: 0.2351 - mse: 0.1180 - ssim_metric: 0.4739
243/326 [=====================>........] - ETA: 1:06 - loss: 0.3809 - mae: 0.2350 - mse: 0.1179 - ssim_metric: 0.4743
244/326 [=====================>........] - ETA: 1:05 - loss: 0.3810 - mae: 0.2350 - mse: 0.1180 - ssim_metric: 0.4743
245/326 [=====================>........] - ETA: 1:04 - loss: 0.3811 - mae: 0.2351 - mse: 0.1180 - ssim_metric: 0.4740
246/326 [=====================>........] - ETA: 1:04 - loss: 0.3809 - mae: 0.2350 - mse: 0.1180 - ssim_metric: 0.4743
247/326 [=====================>........] - ETA: 1:03 - loss: 0.3809 - mae: 0.2351 - mse: 0.1180 - ssim_metric: 0.4741
248/326 [=====================>........] - ETA: 1:02 - loss: 0.3813 - mae: 0.2352 - mse: 0.1181 - ssim_metric: 0.4740
249/326 [=====================>........] - ETA: 1:01 - loss: 0.3815 - mae: 0.2354 - mse: 0.1182 - ssim_metric: 0.4737
250/326 [======================>.......] - ETA: 1:00 - loss: 0.3813 - mae: 0.2354 - mse: 0.1181 - ssim_metric: 0.4735
251/326 [======================>.......] - ETA: 1:00 - loss: 0.3812 - mae: 0.2354 - mse: 0.1181 - ssim_metric: 0.4735
252/326 [======================>.......] - ETA: 59s - loss: 0.3808 - mae: 0.2352 - mse: 0.1179 - ssim_metric: 0.4736 
253/326 [======================>.......] - ETA: 58s - loss: 0.3814 - mae: 0.2354 - mse: 0.1181 - ssim_metric: 0.4734
254/326 [======================>.......] - ETA: 57s - loss: 0.3814 - mae: 0.2354 - mse: 0.1181 - ssim_metric: 0.4735
255/326 [======================>.......] - ETA: 56s - loss: 0.3811 - mae: 0.2354 - mse: 0.1180 - ssim_metric: 0.4736
256/326 [======================>.......] - ETA: 56s - loss: 0.3813 - mae: 0.2354 - mse: 0.1181 - ssim_metric: 0.4735
257/326 [======================>.......] - ETA: 55s - loss: 0.3813 - mae: 0.2354 - mse: 0.1181 - ssim_metric: 0.4736
258/326 [======================>.......] - ETA: 54s - loss: 0.3815 - mae: 0.2355 - mse: 0.1182 - ssim_metric: 0.4736
259/326 [======================>.......] - ETA: 53s - loss: 0.3817 - mae: 0.2356 - mse: 0.1182 - ssim_metric: 0.4733
260/326 [======================>.......] - ETA: 52s - loss: 0.3814 - mae: 0.2354 - mse: 0.1181 - ssim_metric: 0.4736
261/326 [=======================>......] - ETA: 52s - loss: 0.3816 - mae: 0.2354 - mse: 0.1182 - ssim_metric: 0.4736
262/326 [=======================>......] - ETA: 51s - loss: 0.3812 - mae: 0.2353 - mse: 0.1180 - ssim_metric: 0.4737
263/326 [=======================>......] - ETA: 50s - loss: 0.3817 - mae: 0.2355 - mse: 0.1182 - ssim_metric: 0.4735
264/326 [=======================>......] - ETA: 49s - loss: 0.3817 - mae: 0.2355 - mse: 0.1182 - ssim_metric: 0.4735
265/326 [=======================>......] - ETA: 48s - loss: 0.3818 - mae: 0.2356 - mse: 0.1183 - ssim_metric: 0.4734
266/326 [=======================>......] - ETA: 48s - loss: 0.3819 - mae: 0.2357 - mse: 0.1183 - ssim_metric: 0.4730
267/326 [=======================>......] - ETA: 47s - loss: 0.3820 - mae: 0.2358 - mse: 0.1183 - ssim_metric: 0.4727
268/326 [=======================>......] - ETA: 46s - loss: 0.3821 - mae: 0.2360 - mse: 0.1184 - ssim_metric: 0.4723
269/326 [=======================>......] - ETA: 45s - loss: 0.3820 - mae: 0.2360 - mse: 0.1183 - ssim_metric: 0.4722
270/326 [=======================>......] - ETA: 44s - loss: 0.3822 - mae: 0.2361 - mse: 0.1184 - ssim_metric: 0.4720
271/326 [=======================>......] - ETA: 44s - loss: 0.3823 - mae: 0.2362 - mse: 0.1184 - ssim_metric: 0.4719
272/326 [========================>.....] - ETA: 43s - loss: 0.3822 - mae: 0.2361 - mse: 0.1184 - ssim_metric: 0.4720
273/326 [========================>.....] - ETA: 42s - loss: 0.3819 - mae: 0.2360 - mse: 0.1183 - ssim_metric: 0.4722
274/326 [========================>.....] - ETA: 41s - loss: 0.3820 - mae: 0.2361 - mse: 0.1184 - ssim_metric: 0.4721
275/326 [========================>.....] - ETA: 40s - loss: 0.3822 - mae: 0.2361 - mse: 0.1184 - ssim_metric: 0.4723
276/326 [========================>.....] - ETA: 40s - loss: 0.3822 - mae: 0.2361 - mse: 0.1184 - ssim_metric: 0.4723
277/326 [========================>.....] - ETA: 39s - loss: 0.3824 - mae: 0.2362 - mse: 0.1185 - ssim_metric: 0.4720
278/326 [========================>.....] - ETA: 38s - loss: 0.3823 - mae: 0.2362 - mse: 0.1185 - ssim_metric: 0.4721
279/326 [========================>.....] - ETA: 37s - loss: 0.3821 - mae: 0.2360 - mse: 0.1184 - ssim_metric: 0.4725
280/326 [========================>.....] - ETA: 36s - loss: 0.3819 - mae: 0.2360 - mse: 0.1183 - ssim_metric: 0.4725
281/326 [========================>.....] - ETA: 36s - loss: 0.3823 - mae: 0.2361 - mse: 0.1185 - ssim_metric: 0.4723
282/326 [========================>.....] - ETA: 35s - loss: 0.3824 - mae: 0.2362 - mse: 0.1185 - ssim_metric: 0.4724
283/326 [=========================>....] - ETA: 34s - loss: 0.3828 - mae: 0.2363 - mse: 0.1186 - ssim_metric: 0.4722
284/326 [=========================>....] - ETA: 33s - loss: 0.3827 - mae: 0.2364 - mse: 0.1186 - ssim_metric: 0.4720
285/326 [=========================>....] - ETA: 32s - loss: 0.3829 - mae: 0.2365 - mse: 0.1187 - ssim_metric: 0.4717
286/326 [=========================>....] - ETA: 32s - loss: 0.3830 - mae: 0.2366 - mse: 0.1187 - ssim_metric: 0.4716
287/326 [=========================>....] - ETA: 31s - loss: 0.3833 - mae: 0.2367 - mse: 0.1188 - ssim_metric: 0.4714
288/326 [=========================>....] - ETA: 30s - loss: 0.3837 - mae: 0.2369 - mse: 0.1190 - ssim_metric: 0.4712
289/326 [=========================>....] - ETA: 29s - loss: 0.3837 - mae: 0.2370 - mse: 0.1190 - ssim_metric: 0.4711
290/326 [=========================>....] - ETA: 28s - loss: 0.3840 - mae: 0.2371 - mse: 0.1191 - ssim_metric: 0.4709
291/326 [=========================>....] - ETA: 28s - loss: 0.3842 - mae: 0.2372 - mse: 0.1191 - ssim_metric: 0.4707
292/326 [=========================>....] - ETA: 27s - loss: 0.3839 - mae: 0.2372 - mse: 0.1190 - ssim_metric: 0.4706
293/326 [=========================>....] - ETA: 26s - loss: 0.3838 - mae: 0.2372 - mse: 0.1190 - ssim_metric: 0.4706
294/326 [==========================>...] - ETA: 25s - loss: 0.3840 - mae: 0.2373 - mse: 0.1191 - ssim_metric: 0.4703
295/326 [==========================>...] - ETA: 24s - loss: 0.3841 - mae: 0.2374 - mse: 0.1191 - ssim_metric: 0.4702
296/326 [==========================>...] - ETA: 24s - loss: 0.3838 - mae: 0.2373 - mse: 0.1190 - ssim_metric: 0.4703
297/326 [==========================>...] - ETA: 23s - loss: 0.3840 - mae: 0.2374 - mse: 0.1190 - ssim_metric: 0.4703
298/326 [==========================>...] - ETA: 22s - loss: 0.3836 - mae: 0.2372 - mse: 0.1189 - ssim_metric: 0.4706
299/326 [==========================>...] - ETA: 21s - loss: 0.3834 - mae: 0.2371 - mse: 0.1188 - ssim_metric: 0.4708
300/326 [==========================>...] - ETA: 20s - loss: 0.3834 - mae: 0.2370 - mse: 0.1188 - ssim_metric: 0.4710
301/326 [==========================>...] - ETA: 20s - loss: 0.3831 - mae: 0.2369 - mse: 0.1187 - ssim_metric: 0.4714
302/326 [==========================>...] - ETA: 19s - loss: 0.3835 - mae: 0.2370 - mse: 0.1189 - ssim_metric: 0.4711
303/326 [==========================>...] - ETA: 18s - loss: 0.3835 - mae: 0.2370 - mse: 0.1189 - ssim_metric: 0.4712
304/326 [==========================>...] - ETA: 17s - loss: 0.3836 - mae: 0.2370 - mse: 0.1189 - ssim_metric: 0.4712
305/326 [===========================>..] - ETA: 16s - loss: 0.3836 - mae: 0.2370 - mse: 0.1189 - ssim_metric: 0.4712
306/326 [===========================>..] - ETA: 16s - loss: 0.3836 - mae: 0.2370 - mse: 0.1189 - ssim_metric: 0.4711
307/326 [===========================>..] - ETA: 15s - loss: 0.3836 - mae: 0.2371 - mse: 0.1189 - ssim_metric: 0.4710
308/326 [===========================>..] - ETA: 14s - loss: 0.3835 - mae: 0.2370 - mse: 0.1189 - ssim_metric: 0.4711
309/326 [===========================>..] - ETA: 13s - loss: 0.3835 - mae: 0.2370 - mse: 0.1189 - ssim_metric: 0.4711
310/326 [===========================>..] - ETA: 12s - loss: 0.3835 - mae: 0.2370 - mse: 0.1189 - ssim_metric: 0.4709
311/326 [===========================>..] - ETA: 12s - loss: 0.3834 - mae: 0.2369 - mse: 0.1188 - ssim_metric: 0.4710
312/326 [===========================>..] - ETA: 11s - loss: 0.3833 - mae: 0.2369 - mse: 0.1188 - ssim_metric: 0.4709
313/326 [===========================>..] - ETA: 10s - loss: 0.3834 - mae: 0.2370 - mse: 0.1189 - ssim_metric: 0.4708
314/326 [===========================>..] - ETA: 9s - loss: 0.3836 - mae: 0.2370 - mse: 0.1189 - ssim_metric: 0.4710 
315/326 [===========================>..] - ETA: 8s - loss: 0.3838 - mae: 0.2371 - mse: 0.1190 - ssim_metric: 0.4708
316/326 [============================>.] - ETA: 8s - loss: 0.3837 - mae: 0.2371 - mse: 0.1190 - ssim_metric: 0.4707
317/326 [============================>.] - ETA: 7s - loss: 0.3836 - mae: 0.2370 - mse: 0.1189 - ssim_metric: 0.4709
318/326 [============================>.] - ETA: 6s - loss: 0.3834 - mae: 0.2369 - mse: 0.1189 - ssim_metric: 0.4710
319/326 [============================>.] - ETA: 5s - loss: 0.3839 - mae: 0.2372 - mse: 0.1190 - ssim_metric: 0.4707
320/326 [============================>.] - ETA: 4s - loss: 0.3839 - mae: 0.2371 - mse: 0.1190 - ssim_metric: 0.4706
321/326 [============================>.] - ETA: 4s - loss: 0.3840 - mae: 0.2372 - mse: 0.1190 - ssim_metric: 0.4704
322/326 [============================>.] - ETA: 3s - loss: 0.3838 - mae: 0.2372 - mse: 0.1190 - ssim_metric: 0.4704
323/326 [============================>.] - ETA: 2s - loss: 0.3837 - mae: 0.2372 - mse: 0.1190 - ssim_metric: 0.4705
324/326 [============================>.] - ETA: 1s - loss: 0.3842 - mae: 0.2374 - mse: 0.1191 - ssim_metric: 0.4702
325/326 [============================>.] - ETA: 0s - loss: 0.3842 - mae: 0.2374 - mse: 0.1191 - ssim_metric: 0.4702
326/326 [==============================] - ETA: 0s - loss: 0.3844 - mae: 0.2374 - mse: 0.1192 - ssim_metric: 0.4702
Epoch 17: saving model to C:\d_surucusu\visual_navigation\benchmark\models_pipeline\20260909_223425\bce_b16\_JOB_bce_b16_10_09_2026__07_13_model_f48_k4_epoch_00017_helu_osigmoid_(1, 1)_.h5

Epoch 17: val_loss improved from 0.35102 to 0.34863, saving model to C:\d_surucusu\visual_navigation\benchmark\models_pipeline\20260909_223425\bce_b16\_JOB_bce_b16_10_09_2026__07_13_best_val_loss_model_f48_k4.h5

Epoch 17: val_mae did not improve from 0.21805

Epoch 17: val_ssim_metric did not improve from 0.56049

326/326 [==============================] - 277s 851ms/step - loss: 0.3844 - mae: 0.2374 - mse: 0.1192 - ssim_metric: 0.4702 - val_loss: 0.3486 - val_mae: 0.2182 - val_mse: 0.1061 - val_ssim_metric: 0.4993
Epoch 18/20

  1/326 [..............................] - ETA: 4:36 - loss: 0.4072 - mae: 0.2495 - mse: 0.1303 - ssim_metric: 0.4358
  2/326 [..............................] - ETA: 4:20 - loss: 0.4062 - mae: 0.2446 - mse: 0.1281 - ssim_metric: 0.4620
  3/326 [..............................] - ETA: 4:20 - loss: 0.4253 - mae: 0.2598 - mse: 0.1349 - ssim_metric: 0.4369
  4/326 [..............................] - ETA: 4:19 - loss: 0.4177 - mae: 0.2579 - mse: 0.1322 - ssim_metric: 0.4304
  5/326 [..............................] - ETA: 4:18 - loss: 0.4076 - mae: 0.2551 - mse: 0.1285 - ssim_metric: 0.4322
  6/326 [..............................] - ETA: 4:17 - loss: 0.4063 - mae: 0.2582 - mse: 0.1280 - ssim_metric: 0.4190
  7/326 [..............................] - ETA: 4:16 - loss: 0.4048 - mae: 0.2595 - mse: 0.1273 - ssim_metric: 0.4134
  8/326 [..............................] - ETA: 4:15 - loss: 0.3941 - mae: 0.2538 - mse: 0.1231 - ssim_metric: 0.4206
  9/326 [..............................] - ETA: 4:14 - loss: 0.3843 - mae: 0.2483 - mse: 0.1194 - ssim_metric: 0.4311
 10/326 [..............................] - ETA: 4:13 - loss: 0.3814 - mae: 0.2462 - mse: 0.1184 - ssim_metric: 0.4388
 11/326 [>.............................] - ETA: 4:12 - loss: 0.3845 - mae: 0.2468 - mse: 0.1198 - ssim_metric: 0.4433
 12/326 [>.............................] - ETA: 4:12 - loss: 0.3847 - mae: 0.2452 - mse: 0.1200 - ssim_metric: 0.4495
 13/326 [>.............................] - ETA: 4:11 - loss: 0.3892 - mae: 0.2454 - mse: 0.1216 - ssim_metric: 0.4534
 14/326 [>.............................] - ETA: 4:10 - loss: 0.4012 - mae: 0.2496 - mse: 0.1257 - ssim_metric: 0.4499
 15/326 [>.............................] - ETA: 4:09 - loss: 0.3915 - mae: 0.2439 - mse: 0.1222 - ssim_metric: 0.4624
 16/326 [>.............................] - ETA: 4:08 - loss: 0.3955 - mae: 0.2454 - mse: 0.1238 - ssim_metric: 0.4626
 17/326 [>.............................] - ETA: 4:07 - loss: 0.3944 - mae: 0.2450 - mse: 0.1234 - ssim_metric: 0.4644
 18/326 [>.............................] - ETA: 4:07 - loss: 0.3967 - mae: 0.2473 - mse: 0.1244 - ssim_metric: 0.4600
 19/326 [>.............................] - ETA: 4:06 - loss: 0.3970 - mae: 0.2483 - mse: 0.1244 - ssim_metric: 0.4578
 20/326 [>.............................] - ETA: 4:05 - loss: 0.3932 - mae: 0.2475 - mse: 0.1229 - ssim_metric: 0.4569
 21/326 [>.............................] - ETA: 4:04 - loss: 0.3886 - mae: 0.2454 - mse: 0.1211 - ssim_metric: 0.4592
 22/326 [=>............................] - ETA: 4:03 - loss: 0.3845 - mae: 0.2432 - mse: 0.1196 - ssim_metric: 0.4623
 23/326 [=>............................] - ETA: 4:03 - loss: 0.3807 - mae: 0.2405 - mse: 0.1183 - ssim_metric: 0.4692
 24/326 [=>............................] - ETA: 4:02 - loss: 0.3795 - mae: 0.2394 - mse: 0.1178 - ssim_metric: 0.4718
 25/326 [=>............................] - ETA: 4:01 - loss: 0.3833 - mae: 0.2405 - mse: 0.1192 - ssim_metric: 0.4705
 26/326 [=>............................] - ETA: 4:00 - loss: 0.3845 - mae: 0.2403 - mse: 0.1197 - ssim_metric: 0.4721
 27/326 [=>............................] - ETA: 3:59 - loss: 0.3833 - mae: 0.2392 - mse: 0.1192 - ssim_metric: 0.4748
 28/326 [=>............................] - ETA: 3:59 - loss: 0.3852 - mae: 0.2389 - mse: 0.1197 - ssim_metric: 0.4759
 29/326 [=>............................] - ETA: 3:58 - loss: 0.3838 - mae: 0.2380 - mse: 0.1192 - ssim_metric: 0.4771
 30/326 [=>............................] - ETA: 3:57 - loss: 0.3875 - mae: 0.2391 - mse: 0.1204 - ssim_metric: 0.4757
 31/326 [=>............................] - ETA: 3:56 - loss: 0.3875 - mae: 0.2393 - mse: 0.1204 - ssim_metric: 0.4745
 32/326 [=>............................] - ETA: 3:55 - loss: 0.3882 - mae: 0.2401 - mse: 0.1208 - ssim_metric: 0.4721
 33/326 [==>...........................] - ETA: 3:55 - loss: 0.3854 - mae: 0.2392 - mse: 0.1196 - ssim_metric: 0.4720
 34/326 [==>...........................] - ETA: 3:54 - loss: 0.3865 - mae: 0.2403 - mse: 0.1201 - ssim_metric: 0.4688
 35/326 [==>...........................] - ETA: 3:53 - loss: 0.3844 - mae: 0.2394 - mse: 0.1193 - ssim_metric: 0.4693
 36/326 [==>...........................] - ETA: 3:52 - loss: 0.3846 - mae: 0.2401 - mse: 0.1194 - ssim_metric: 0.4673
 37/326 [==>...........................] - ETA: 3:51 - loss: 0.3816 - mae: 0.2385 - mse: 0.1183 - ssim_metric: 0.4696
 38/326 [==>...........................] - ETA: 3:51 - loss: 0.3798 - mae: 0.2374 - mse: 0.1176 - ssim_metric: 0.4710
 39/326 [==>...........................] - ETA: 3:50 - loss: 0.3796 - mae: 0.2370 - mse: 0.1175 - ssim_metric: 0.4720
 40/326 [==>...........................] - ETA: 3:49 - loss: 0.3781 - mae: 0.2360 - mse: 0.1170 - ssim_metric: 0.4738
 41/326 [==>...........................] - ETA: 3:48 - loss: 0.3763 - mae: 0.2345 - mse: 0.1164 - ssim_metric: 0.4772
 42/326 [==>...........................] - ETA: 3:47 - loss: 0.3724 - mae: 0.2320 - mse: 0.1150 - ssim_metric: 0.4819
 43/326 [==>...........................] - ETA: 3:47 - loss: 0.3726 - mae: 0.2314 - mse: 0.1150 - ssim_metric: 0.4835
 44/326 [===>..........................] - ETA: 3:46 - loss: 0.3736 - mae: 0.2312 - mse: 0.1154 - ssim_metric: 0.4844
 45/326 [===>..........................] - ETA: 3:45 - loss: 0.3758 - mae: 0.2322 - mse: 0.1163 - ssim_metric: 0.4825
 46/326 [===>..........................] - ETA: 3:44 - loss: 0.3762 - mae: 0.2322 - mse: 0.1165 - ssim_metric: 0.4829
 47/326 [===>..........................] - ETA: 3:43 - loss: 0.3749 - mae: 0.2317 - mse: 0.1160 - ssim_metric: 0.4835
 48/326 [===>..........................] - ETA: 3:42 - loss: 0.3720 - mae: 0.2303 - mse: 0.1149 - ssim_metric: 0.4849
 49/326 [===>..........................] - ETA: 3:42 - loss: 0.3756 - mae: 0.2314 - mse: 0.1160 - ssim_metric: 0.4833
 50/326 [===>..........................] - ETA: 3:41 - loss: 0.3753 - mae: 0.2315 - mse: 0.1159 - ssim_metric: 0.4829
 51/326 [===>..........................] - ETA: 3:40 - loss: 0.3735 - mae: 0.2309 - mse: 0.1152 - ssim_metric: 0.4825
 52/326 [===>..........................] - ETA: 3:39 - loss: 0.3741 - mae: 0.2312 - mse: 0.1154 - ssim_metric: 0.4822
 53/326 [===>..........................] - ETA: 3:38 - loss: 0.3736 - mae: 0.2310 - mse: 0.1153 - ssim_metric: 0.4821
 54/326 [===>..........................] - ETA: 3:38 - loss: 0.3745 - mae: 0.2311 - mse: 0.1156 - ssim_metric: 0.4821
 55/326 [====>.........................] - ETA: 3:37 - loss: 0.3748 - mae: 0.2314 - mse: 0.1157 - ssim_metric: 0.4817
 56/326 [====>.........................] - ETA: 3:36 - loss: 0.3745 - mae: 0.2313 - mse: 0.1156 - ssim_metric: 0.4813
 57/326 [====>.........................] - ETA: 3:35 - loss: 0.3733 - mae: 0.2308 - mse: 0.1152 - ssim_metric: 0.4819
 58/326 [====>.........................] - ETA: 3:34 - loss: 0.3745 - mae: 0.2313 - mse: 0.1157 - ssim_metric: 0.4815
 59/326 [====>.........................] - ETA: 3:34 - loss: 0.3753 - mae: 0.2317 - mse: 0.1159 - ssim_metric: 0.4806
 60/326 [====>.........................] - ETA: 3:33 - loss: 0.3761 - mae: 0.2321 - mse: 0.1163 - ssim_metric: 0.4802
 61/326 [====>.........................] - ETA: 3:32 - loss: 0.3741 - mae: 0.2311 - mse: 0.1156 - ssim_metric: 0.4820
 62/326 [====>.........................] - ETA: 3:31 - loss: 0.3726 - mae: 0.2305 - mse: 0.1150 - ssim_metric: 0.4826
 63/326 [====>.........................] - ETA: 3:31 - loss: 0.3734 - mae: 0.2309 - mse: 0.1153 - ssim_metric: 0.4815
 64/326 [====>.........................] - ETA: 3:30 - loss: 0.3724 - mae: 0.2304 - mse: 0.1149 - ssim_metric: 0.4826
 65/326 [====>.........................] - ETA: 3:29 - loss: 0.3711 - mae: 0.2296 - mse: 0.1144 - ssim_metric: 0.4843
 66/326 [=====>........................] - ETA: 3:28 - loss: 0.3725 - mae: 0.2302 - mse: 0.1149 - ssim_metric: 0.4836
 67/326 [=====>........................] - ETA: 3:27 - loss: 0.3724 - mae: 0.2301 - mse: 0.1149 - ssim_metric: 0.4832
 68/326 [=====>........................] - ETA: 3:26 - loss: 0.3722 - mae: 0.2298 - mse: 0.1149 - ssim_metric: 0.4839
 69/326 [=====>........................] - ETA: 3:26 - loss: 0.3724 - mae: 0.2299 - mse: 0.1150 - ssim_metric: 0.4836
 70/326 [=====>........................] - ETA: 3:25 - loss: 0.3723 - mae: 0.2298 - mse: 0.1150 - ssim_metric: 0.4839
 71/326 [=====>........................] - ETA: 3:24 - loss: 0.3721 - mae: 0.2297 - mse: 0.1150 - ssim_metric: 0.4838
 72/326 [=====>........................] - ETA: 3:23 - loss: 0.3745 - mae: 0.2305 - mse: 0.1157 - ssim_metric: 0.4825
 73/326 [=====>........................] - ETA: 3:22 - loss: 0.3745 - mae: 0.2305 - mse: 0.1157 - ssim_metric: 0.4823
 74/326 [=====>........................] - ETA: 3:22 - loss: 0.3741 - mae: 0.2306 - mse: 0.1156 - ssim_metric: 0.4816
 75/326 [=====>........................] - ETA: 3:21 - loss: 0.3733 - mae: 0.2304 - mse: 0.1153 - ssim_metric: 0.4815
 76/326 [=====>........................] - ETA: 3:20 - loss: 0.3719 - mae: 0.2298 - mse: 0.1148 - ssim_metric: 0.4819
 77/326 [======>.......................] - ETA: 3:19 - loss: 0.3725 - mae: 0.2303 - mse: 0.1150 - ssim_metric: 0.4805
 78/326 [======>.......................] - ETA: 3:18 - loss: 0.3723 - mae: 0.2302 - mse: 0.1149 - ssim_metric: 0.4807
 79/326 [======>.......................] - ETA: 3:18 - loss: 0.3733 - mae: 0.2305 - mse: 0.1153 - ssim_metric: 0.4808
 80/326 [======>.......................] - ETA: 3:17 - loss: 0.3740 - mae: 0.2307 - mse: 0.1155 - ssim_metric: 0.4807
 81/326 [======>.......................] - ETA: 3:16 - loss: 0.3736 - mae: 0.2304 - mse: 0.1154 - ssim_metric: 0.4813
 82/326 [======>.......................] - ETA: 3:15 - loss: 0.3739 - mae: 0.2304 - mse: 0.1155 - ssim_metric: 0.4813
 83/326 [======>.......................] - ETA: 3:14 - loss: 0.3736 - mae: 0.2304 - mse: 0.1155 - ssim_metric: 0.4811
 84/326 [======>.......................] - ETA: 3:14 - loss: 0.3741 - mae: 0.2307 - mse: 0.1156 - ssim_metric: 0.4805
 85/326 [======>.......................] - ETA: 3:13 - loss: 0.3731 - mae: 0.2303 - mse: 0.1153 - ssim_metric: 0.4808
 86/326 [======>.......................] - ETA: 3:12 - loss: 0.3732 - mae: 0.2305 - mse: 0.1153 - ssim_metric: 0.4802
 87/326 [=======>......................] - ETA: 3:11 - loss: 0.3730 - mae: 0.2304 - mse: 0.1152 - ssim_metric: 0.4802
 88/326 [=======>......................] - ETA: 3:10 - loss: 0.3721 - mae: 0.2300 - mse: 0.1149 - ssim_metric: 0.4804
 89/326 [=======>......................] - ETA: 3:10 - loss: 0.3716 - mae: 0.2298 - mse: 0.1147 - ssim_metric: 0.4809
 90/326 [=======>......................] - ETA: 3:09 - loss: 0.3725 - mae: 0.2301 - mse: 0.1151 - ssim_metric: 0.4803
 91/326 [=======>......................] - ETA: 3:08 - loss: 0.3723 - mae: 0.2299 - mse: 0.1150 - ssim_metric: 0.4808
 92/326 [=======>......................] - ETA: 3:07 - loss: 0.3722 - mae: 0.2298 - mse: 0.1150 - ssim_metric: 0.4810
 93/326 [=======>......................] - ETA: 3:06 - loss: 0.3732 - mae: 0.2300 - mse: 0.1153 - ssim_metric: 0.4813
 94/326 [=======>......................] - ETA: 3:06 - loss: 0.3739 - mae: 0.2300 - mse: 0.1155 - ssim_metric: 0.4816
 95/326 [=======>......................] - ETA: 3:05 - loss: 0.3749 - mae: 0.2305 - mse: 0.1159 - ssim_metric: 0.4810
 96/326 [=======>......................] - ETA: 3:04 - loss: 0.3746 - mae: 0.2304 - mse: 0.1157 - ssim_metric: 0.4811
 97/326 [=======>......................] - ETA: 3:03 - loss: 0.3744 - mae: 0.2305 - mse: 0.1157 - ssim_metric: 0.4808
 98/326 [========>.....................] - ETA: 3:02 - loss: 0.3738 - mae: 0.2303 - mse: 0.1154 - ssim_metric: 0.4808
 99/326 [========>.....................] - ETA: 3:02 - loss: 0.3734 - mae: 0.2303 - mse: 0.1153 - ssim_metric: 0.4807
100/326 [========>.....................] - ETA: 3:01 - loss: 0.3734 - mae: 0.2305 - mse: 0.1153 - ssim_metric: 0.4802
101/326 [========>.....................] - ETA: 3:00 - loss: 0.3728 - mae: 0.2303 - mse: 0.1151 - ssim_metric: 0.4803
102/326 [========>.....................] - ETA: 2:59 - loss: 0.3721 - mae: 0.2300 - mse: 0.1148 - ssim_metric: 0.4805
103/326 [========>.....................] - ETA: 2:58 - loss: 0.3738 - mae: 0.2304 - mse: 0.1153 - ssim_metric: 0.4801
104/326 [========>.....................] - ETA: 2:58 - loss: 0.3737 - mae: 0.2304 - mse: 0.1153 - ssim_metric: 0.4804
105/326 [========>.....................] - ETA: 2:57 - loss: 0.3733 - mae: 0.2301 - mse: 0.1151 - ssim_metric: 0.4810
106/326 [========>.....................] - ETA: 2:56 - loss: 0.3724 - mae: 0.2296 - mse: 0.1148 - ssim_metric: 0.4819
107/326 [========>.....................] - ETA: 2:55 - loss: 0.3723 - mae: 0.2295 - mse: 0.1148 - ssim_metric: 0.4823
108/326 [========>.....................] - ETA: 2:54 - loss: 0.3744 - mae: 0.2301 - mse: 0.1154 - ssim_metric: 0.4818
109/326 [=========>....................] - ETA: 2:54 - loss: 0.3741 - mae: 0.2299 - mse: 0.1153 - ssim_metric: 0.4825
110/326 [=========>....................] - ETA: 2:53 - loss: 0.3747 - mae: 0.2301 - mse: 0.1155 - ssim_metric: 0.4821
111/326 [=========>....................] - ETA: 2:52 - loss: 0.3743 - mae: 0.2300 - mse: 0.1154 - ssim_metric: 0.4822
112/326 [=========>....................] - ETA: 2:51 - loss: 0.3745 - mae: 0.2301 - mse: 0.1155 - ssim_metric: 0.4819
113/326 [=========>....................] - ETA: 2:50 - loss: 0.3744 - mae: 0.2302 - mse: 0.1154 - ssim_metric: 0.4819
114/326 [=========>....................] - ETA: 2:50 - loss: 0.3741 - mae: 0.2302 - mse: 0.1153 - ssim_metric: 0.4818
115/326 [=========>....................] - ETA: 2:49 - loss: 0.3744 - mae: 0.2304 - mse: 0.1154 - ssim_metric: 0.4813
116/326 [=========>....................] - ETA: 2:48 - loss: 0.3746 - mae: 0.2306 - mse: 0.1155 - ssim_metric: 0.4809
117/326 [=========>....................] - ETA: 2:47 - loss: 0.3749 - mae: 0.2309 - mse: 0.1156 - ssim_metric: 0.4805
118/326 [=========>....................] - ETA: 2:46 - loss: 0.3744 - mae: 0.2306 - mse: 0.1154 - ssim_metric: 0.4812
119/326 [=========>....................] - ETA: 2:46 - loss: 0.3741 - mae: 0.2304 - mse: 0.1153 - ssim_metric: 0.4816
120/326 [==========>...................] - ETA: 2:45 - loss: 0.3738 - mae: 0.2303 - mse: 0.1152 - ssim_metric: 0.4819
121/326 [==========>...................] - ETA: 2:44 - loss: 0.3733 - mae: 0.2300 - mse: 0.1150 - ssim_metric: 0.4827
122/326 [==========>...................] - ETA: 2:43 - loss: 0.3737 - mae: 0.2300 - mse: 0.1152 - ssim_metric: 0.4830
123/326 [==========>...................] - ETA: 2:42 - loss: 0.3741 - mae: 0.2301 - mse: 0.1153 - ssim_metric: 0.4830
124/326 [==========>...................] - ETA: 2:42 - loss: 0.3746 - mae: 0.2303 - mse: 0.1155 - ssim_metric: 0.4826
125/326 [==========>...................] - ETA: 2:41 - loss: 0.3747 - mae: 0.2302 - mse: 0.1155 - ssim_metric: 0.4830
126/326 [==========>...................] - ETA: 2:40 - loss: 0.3744 - mae: 0.2301 - mse: 0.1154 - ssim_metric: 0.4828
127/326 [==========>...................] - ETA: 2:39 - loss: 0.3740 - mae: 0.2300 - mse: 0.1153 - ssim_metric: 0.4828
128/326 [==========>...................] - ETA: 2:38 - loss: 0.3736 - mae: 0.2299 - mse: 0.1151 - ssim_metric: 0.4829
129/326 [==========>...................] - ETA: 2:38 - loss: 0.3736 - mae: 0.2299 - mse: 0.1151 - ssim_metric: 0.4829
130/326 [==========>...................] - ETA: 2:37 - loss: 0.3746 - mae: 0.2305 - mse: 0.1155 - ssim_metric: 0.4820
131/326 [===========>..................] - ETA: 2:36 - loss: 0.3749 - mae: 0.2306 - mse: 0.1156 - ssim_metric: 0.4819
132/326 [===========>..................] - ETA: 2:35 - loss: 0.3750 - mae: 0.2306 - mse: 0.1156 - ssim_metric: 0.4821
133/326 [===========>..................] - ETA: 2:34 - loss: 0.3748 - mae: 0.2306 - mse: 0.1156 - ssim_metric: 0.4821
134/326 [===========>..................] - ETA: 2:34 - loss: 0.3752 - mae: 0.2309 - mse: 0.1157 - ssim_metric: 0.4818
135/326 [===========>..................] - ETA: 2:33 - loss: 0.3756 - mae: 0.2312 - mse: 0.1159 - ssim_metric: 0.4813
136/326 [===========>..................] - ETA: 2:32 - loss: 0.3757 - mae: 0.2313 - mse: 0.1159 - ssim_metric: 0.4809
137/326 [===========>..................] - ETA: 2:31 - loss: 0.3753 - mae: 0.2313 - mse: 0.1158 - ssim_metric: 0.4808
138/326 [===========>..................] - ETA: 2:30 - loss: 0.3757 - mae: 0.2315 - mse: 0.1159 - ssim_metric: 0.4801
139/326 [===========>..................] - ETA: 2:29 - loss: 0.3756 - mae: 0.2316 - mse: 0.1159 - ssim_metric: 0.4799
140/326 [===========>..................] - ETA: 2:29 - loss: 0.3756 - mae: 0.2316 - mse: 0.1159 - ssim_metric: 0.4799
141/326 [===========>..................] - ETA: 2:28 - loss: 0.3757 - mae: 0.2316 - mse: 0.1160 - ssim_metric: 0.4800
142/326 [============>.................] - ETA: 2:27 - loss: 0.3753 - mae: 0.2314 - mse: 0.1158 - ssim_metric: 0.4805
143/326 [============>.................] - ETA: 2:26 - loss: 0.3756 - mae: 0.2315 - mse: 0.1159 - ssim_metric: 0.4803
144/326 [============>.................] - ETA: 2:26 - loss: 0.3754 - mae: 0.2314 - mse: 0.1159 - ssim_metric: 0.4804
145/326 [============>.................] - ETA: 2:25 - loss: 0.3751 - mae: 0.2312 - mse: 0.1158 - ssim_metric: 0.4808
146/326 [============>.................] - ETA: 2:24 - loss: 0.3750 - mae: 0.2311 - mse: 0.1157 - ssim_metric: 0.4812
147/326 [============>.................] - ETA: 2:23 - loss: 0.3756 - mae: 0.2313 - mse: 0.1160 - ssim_metric: 0.4808
148/326 [============>.................] - ETA: 2:22 - loss: 0.3752 - mae: 0.2312 - mse: 0.1158 - ssim_metric: 0.4810
149/326 [============>.................] - ETA: 2:21 - loss: 0.3756 - mae: 0.2314 - mse: 0.1159 - ssim_metric: 0.4803
150/326 [============>.................] - ETA: 2:21 - loss: 0.3753 - mae: 0.2314 - mse: 0.1158 - ssim_metric: 0.4800
151/326 [============>.................] - ETA: 2:20 - loss: 0.3759 - mae: 0.2318 - mse: 0.1161 - ssim_metric: 0.4791
152/326 [============>.................] - ETA: 2:19 - loss: 0.3764 - mae: 0.2320 - mse: 0.1163 - ssim_metric: 0.4789
153/326 [=============>................] - ETA: 2:18 - loss: 0.3761 - mae: 0.2318 - mse: 0.1161 - ssim_metric: 0.4790
154/326 [=============>................] - ETA: 2:17 - loss: 0.3759 - mae: 0.2317 - mse: 0.1161 - ssim_metric: 0.4791
155/326 [=============>................] - ETA: 2:17 - loss: 0.3761 - mae: 0.2317 - mse: 0.1161 - ssim_metric: 0.4792
156/326 [=============>................] - ETA: 2:16 - loss: 0.3758 - mae: 0.2316 - mse: 0.1160 - ssim_metric: 0.4795
157/326 [=============>................] - ETA: 2:15 - loss: 0.3759 - mae: 0.2316 - mse: 0.1161 - ssim_metric: 0.4794
158/326 [=============>................] - ETA: 2:14 - loss: 0.3769 - mae: 0.2318 - mse: 0.1163 - ssim_metric: 0.4794
159/326 [=============>................] - ETA: 2:13 - loss: 0.3771 - mae: 0.2319 - mse: 0.1164 - ssim_metric: 0.4793
160/326 [=============>................] - ETA: 2:13 - loss: 0.3769 - mae: 0.2319 - mse: 0.1164 - ssim_metric: 0.4793
161/326 [=============>................] - ETA: 2:12 - loss: 0.3772 - mae: 0.2322 - mse: 0.1165 - ssim_metric: 0.4787
162/326 [=============>................] - ETA: 2:11 - loss: 0.3769 - mae: 0.2322 - mse: 0.1164 - ssim_metric: 0.4784
163/326 [==============>...............] - ETA: 2:10 - loss: 0.3766 - mae: 0.2322 - mse: 0.1163 - ssim_metric: 0.4784
164/326 [==============>...............] - ETA: 2:09 - loss: 0.3765 - mae: 0.2322 - mse: 0.1163 - ssim_metric: 0.4784
165/326 [==============>...............] - ETA: 2:09 - loss: 0.3766 - mae: 0.2322 - mse: 0.1163 - ssim_metric: 0.4783
166/326 [==============>...............] - ETA: 2:08 - loss: 0.3772 - mae: 0.2325 - mse: 0.1165 - ssim_metric: 0.4779
167/326 [==============>...............] - ETA: 2:07 - loss: 0.3772 - mae: 0.2325 - mse: 0.1165 - ssim_metric: 0.4777
168/326 [==============>...............] - ETA: 2:06 - loss: 0.3775 - mae: 0.2327 - mse: 0.1166 - ssim_metric: 0.4775
169/326 [==============>...............] - ETA: 2:05 - loss: 0.3772 - mae: 0.2326 - mse: 0.1165 - ssim_metric: 0.4778
170/326 [==============>...............] - ETA: 2:05 - loss: 0.3774 - mae: 0.2327 - mse: 0.1166 - ssim_metric: 0.4776
171/326 [==============>...............] - ETA: 2:04 - loss: 0.3772 - mae: 0.2326 - mse: 0.1166 - ssim_metric: 0.4778
172/326 [==============>...............] - ETA: 2:03 - loss: 0.3769 - mae: 0.2323 - mse: 0.1164 - ssim_metric: 0.4785
173/326 [==============>...............] - ETA: 2:02 - loss: 0.3771 - mae: 0.2324 - mse: 0.1165 - ssim_metric: 0.4783
174/326 [===============>..............] - ETA: 2:01 - loss: 0.3769 - mae: 0.2324 - mse: 0.1165 - ssim_metric: 0.4781
175/326 [===============>..............] - ETA: 2:01 - loss: 0.3770 - mae: 0.2325 - mse: 0.1165 - ssim_metric: 0.4779
176/326 [===============>..............] - ETA: 2:00 - loss: 0.3771 - mae: 0.2325 - mse: 0.1165 - ssim_metric: 0.4778
177/326 [===============>..............] - ETA: 1:59 - loss: 0.3773 - mae: 0.2325 - mse: 0.1166 - ssim_metric: 0.4778
178/326 [===============>..............] - ETA: 1:58 - loss: 0.3782 - mae: 0.2329 - mse: 0.1169 - ssim_metric: 0.4772
179/326 [===============>..............] - ETA: 1:57 - loss: 0.3783 - mae: 0.2330 - mse: 0.1170 - ssim_metric: 0.4771
180/326 [===============>..............] - ETA: 1:57 - loss: 0.3784 - mae: 0.2331 - mse: 0.1170 - ssim_metric: 0.4766
181/326 [===============>..............] - ETA: 1:56 - loss: 0.3789 - mae: 0.2336 - mse: 0.1172 - ssim_metric: 0.4756
182/326 [===============>..............] - ETA: 1:55 - loss: 0.3789 - mae: 0.2337 - mse: 0.1172 - ssim_metric: 0.4750
183/326 [===============>..............] - ETA: 1:54 - loss: 0.3788 - mae: 0.2338 - mse: 0.1172 - ssim_metric: 0.4746
184/326 [===============>..............] - ETA: 1:53 - loss: 0.3788 - mae: 0.2339 - mse: 0.1172 - ssim_metric: 0.4745
185/326 [================>.............] - ETA: 1:53 - loss: 0.3790 - mae: 0.2341 - mse: 0.1173 - ssim_metric: 0.4742
186/326 [================>.............] - ETA: 1:52 - loss: 0.3796 - mae: 0.2345 - mse: 0.1175 - ssim_metric: 0.4735
187/326 [================>.............] - ETA: 1:51 - loss: 0.3801 - mae: 0.2347 - mse: 0.1177 - ssim_metric: 0.4733
188/326 [================>.............] - ETA: 1:50 - loss: 0.3804 - mae: 0.2348 - mse: 0.1178 - ssim_metric: 0.4735
189/326 [================>.............] - ETA: 1:49 - loss: 0.3802 - mae: 0.2347 - mse: 0.1177 - ssim_metric: 0.4735
190/326 [================>.............] - ETA: 1:49 - loss: 0.3800 - mae: 0.2347 - mse: 0.1176 - ssim_metric: 0.4734
191/326 [================>.............] - ETA: 1:48 - loss: 0.3799 - mae: 0.2347 - mse: 0.1176 - ssim_metric: 0.4732
192/326 [================>.............] - ETA: 1:47 - loss: 0.3798 - mae: 0.2347 - mse: 0.1175 - ssim_metric: 0.4733
193/326 [================>.............] - ETA: 1:46 - loss: 0.3799 - mae: 0.2347 - mse: 0.1176 - ssim_metric: 0.4734
194/326 [================>.............] - ETA: 1:45 - loss: 0.3795 - mae: 0.2344 - mse: 0.1174 - ssim_metric: 0.4739
195/326 [================>.............] - ETA: 1:45 - loss: 0.3798 - mae: 0.2344 - mse: 0.1175 - ssim_metric: 0.4742
196/326 [=================>............] - ETA: 1:44 - loss: 0.3802 - mae: 0.2345 - mse: 0.1176 - ssim_metric: 0.4743
197/326 [=================>............] - ETA: 1:43 - loss: 0.3799 - mae: 0.2343 - mse: 0.1175 - ssim_metric: 0.4747
198/326 [=================>............] - ETA: 1:42 - loss: 0.3798 - mae: 0.2342 - mse: 0.1175 - ssim_metric: 0.4749
199/326 [=================>............] - ETA: 1:41 - loss: 0.3799 - mae: 0.2342 - mse: 0.1175 - ssim_metric: 0.4750
200/326 [=================>............] - ETA: 1:41 - loss: 0.3799 - mae: 0.2343 - mse: 0.1175 - ssim_metric: 0.4749
201/326 [=================>............] - ETA: 1:40 - loss: 0.3798 - mae: 0.2343 - mse: 0.1175 - ssim_metric: 0.4747
202/326 [=================>............] - ETA: 1:39 - loss: 0.3803 - mae: 0.2345 - mse: 0.1177 - ssim_metric: 0.4747
203/326 [=================>............] - ETA: 1:38 - loss: 0.3808 - mae: 0.2348 - mse: 0.1178 - ssim_metric: 0.4742
204/326 [=================>............] - ETA: 1:37 - loss: 0.3806 - mae: 0.2348 - mse: 0.1178 - ssim_metric: 0.4741
205/326 [=================>............] - ETA: 1:37 - loss: 0.3802 - mae: 0.2347 - mse: 0.1176 - ssim_metric: 0.4741
206/326 [=================>............] - ETA: 1:36 - loss: 0.3801 - mae: 0.2347 - mse: 0.1176 - ssim_metric: 0.4741
207/326 [==================>...........] - ETA: 1:35 - loss: 0.3801 - mae: 0.2347 - mse: 0.1176 - ssim_metric: 0.4741
208/326 [==================>...........] - ETA: 1:34 - loss: 0.3800 - mae: 0.2346 - mse: 0.1175 - ssim_metric: 0.4743
209/326 [==================>...........] - ETA: 1:33 - loss: 0.3800 - mae: 0.2346 - mse: 0.1176 - ssim_metric: 0.4744
210/326 [==================>...........] - ETA: 1:33 - loss: 0.3802 - mae: 0.2348 - mse: 0.1176 - ssim_metric: 0.4743
211/326 [==================>...........] - ETA: 1:32 - loss: 0.3802 - mae: 0.2346 - mse: 0.1176 - ssim_metric: 0.4748
212/326 [==================>...........] - ETA: 1:31 - loss: 0.3800 - mae: 0.2346 - mse: 0.1176 - ssim_metric: 0.4750
213/326 [==================>...........] - ETA: 1:30 - loss: 0.3798 - mae: 0.2344 - mse: 0.1175 - ssim_metric: 0.4753
214/326 [==================>...........] - ETA: 1:29 - loss: 0.3799 - mae: 0.2344 - mse: 0.1175 - ssim_metric: 0.4752
215/326 [==================>...........] - ETA: 1:29 - loss: 0.3798 - mae: 0.2344 - mse: 0.1175 - ssim_metric: 0.4751
216/326 [==================>...........] - ETA: 1:28 - loss: 0.3797 - mae: 0.2343 - mse: 0.1174 - ssim_metric: 0.4754
217/326 [==================>...........] - ETA: 1:27 - loss: 0.3798 - mae: 0.2343 - mse: 0.1175 - ssim_metric: 0.4753
218/326 [===================>..........] - ETA: 1:26 - loss: 0.3798 - mae: 0.2343 - mse: 0.1175 - ssim_metric: 0.4753
219/326 [===================>..........] - ETA: 1:25 - loss: 0.3797 - mae: 0.2343 - mse: 0.1175 - ssim_metric: 0.4753
220/326 [===================>..........] - ETA: 1:25 - loss: 0.3800 - mae: 0.2345 - mse: 0.1176 - ssim_metric: 0.4748
221/326 [===================>..........] - ETA: 1:24 - loss: 0.3802 - mae: 0.2347 - mse: 0.1177 - ssim_metric: 0.4744
222/326 [===================>..........] - ETA: 1:23 - loss: 0.3805 - mae: 0.2348 - mse: 0.1178 - ssim_metric: 0.4740
223/326 [===================>..........] - ETA: 1:22 - loss: 0.3803 - mae: 0.2348 - mse: 0.1177 - ssim_metric: 0.4740
224/326 [===================>..........] - ETA: 1:21 - loss: 0.3805 - mae: 0.2349 - mse: 0.1178 - ssim_metric: 0.4737
225/326 [===================>..........] - ETA: 1:21 - loss: 0.3807 - mae: 0.2351 - mse: 0.1179 - ssim_metric: 0.4735
226/326 [===================>..........] - ETA: 1:20 - loss: 0.3807 - mae: 0.2351 - mse: 0.1179 - ssim_metric: 0.4735
227/326 [===================>..........] - ETA: 1:19 - loss: 0.3805 - mae: 0.2349 - mse: 0.1178 - ssim_metric: 0.4737
228/326 [===================>..........] - ETA: 1:18 - loss: 0.3805 - mae: 0.2349 - mse: 0.1178 - ssim_metric: 0.4738
229/326 [====================>.........] - ETA: 1:17 - loss: 0.3808 - mae: 0.2351 - mse: 0.1179 - ssim_metric: 0.4734
230/326 [====================>.........] - ETA: 1:17 - loss: 0.3808 - mae: 0.2351 - mse: 0.1179 - ssim_metric: 0.4734
231/326 [====================>.........] - ETA: 1:16 - loss: 0.3807 - mae: 0.2351 - mse: 0.1179 - ssim_metric: 0.4734
232/326 [====================>.........] - ETA: 1:15 - loss: 0.3805 - mae: 0.2351 - mse: 0.1178 - ssim_metric: 0.4735
233/326 [====================>.........] - ETA: 1:14 - loss: 0.3807 - mae: 0.2351 - mse: 0.1179 - ssim_metric: 0.4736
234/326 [====================>.........] - ETA: 1:13 - loss: 0.3810 - mae: 0.2353 - mse: 0.1180 - ssim_metric: 0.4732
235/326 [====================>.........] - ETA: 1:13 - loss: 0.3809 - mae: 0.2353 - mse: 0.1180 - ssim_metric: 0.4732
236/326 [====================>.........] - ETA: 1:12 - loss: 0.3804 - mae: 0.2350 - mse: 0.1178 - ssim_metric: 0.4737
237/326 [====================>.........] - ETA: 1:11 - loss: 0.3802 - mae: 0.2349 - mse: 0.1177 - ssim_metric: 0.4742
238/326 [====================>.........] - ETA: 1:10 - loss: 0.3804 - mae: 0.2349 - mse: 0.1178 - ssim_metric: 0.4742
239/326 [====================>.........] - ETA: 1:09 - loss: 0.3799 - mae: 0.2346 - mse: 0.1176 - ssim_metric: 0.4748
240/326 [=====================>........] - ETA: 1:08 - loss: 0.3799 - mae: 0.2345 - mse: 0.1176 - ssim_metric: 0.4751
241/326 [=====================>........] - ETA: 1:08 - loss: 0.3798 - mae: 0.2344 - mse: 0.1176 - ssim_metric: 0.4753
242/326 [=====================>........] - ETA: 1:07 - loss: 0.3794 - mae: 0.2342 - mse: 0.1174 - ssim_metric: 0.4757
243/326 [=====================>........] - ETA: 1:06 - loss: 0.3793 - mae: 0.2341 - mse: 0.1174 - ssim_metric: 0.4761
244/326 [=====================>........] - ETA: 1:05 - loss: 0.3794 - mae: 0.2341 - mse: 0.1174 - ssim_metric: 0.4761
245/326 [=====================>........] - ETA: 1:04 - loss: 0.3795 - mae: 0.2342 - mse: 0.1175 - ssim_metric: 0.4759
246/326 [=====================>........] - ETA: 1:04 - loss: 0.3794 - mae: 0.2341 - mse: 0.1174 - ssim_metric: 0.4761
247/326 [=====================>........] - ETA: 1:03 - loss: 0.3793 - mae: 0.2341 - mse: 0.1174 - ssim_metric: 0.4760
248/326 [=====================>........] - ETA: 1:02 - loss: 0.3797 - mae: 0.2343 - mse: 0.1175 - ssim_metric: 0.4759
249/326 [=====================>........] - ETA: 1:01 - loss: 0.3799 - mae: 0.2344 - mse: 0.1176 - ssim_metric: 0.4755
250/326 [======================>.......] - ETA: 1:00 - loss: 0.3798 - mae: 0.2344 - mse: 0.1176 - ssim_metric: 0.4754
251/326 [======================>.......] - ETA: 1:00 - loss: 0.3796 - mae: 0.2344 - mse: 0.1175 - ssim_metric: 0.4753
252/326 [======================>.......] - ETA: 59s - loss: 0.3792 - mae: 0.2343 - mse: 0.1174 - ssim_metric: 0.4754 
253/326 [======================>.......] - ETA: 58s - loss: 0.3798 - mae: 0.2345 - mse: 0.1176 - ssim_metric: 0.4752
254/326 [======================>.......] - ETA: 57s - loss: 0.3798 - mae: 0.2345 - mse: 0.1176 - ssim_metric: 0.4752
255/326 [======================>.......] - ETA: 56s - loss: 0.3795 - mae: 0.2344 - mse: 0.1175 - ssim_metric: 0.4754
256/326 [======================>.......] - ETA: 56s - loss: 0.3797 - mae: 0.2345 - mse: 0.1175 - ssim_metric: 0.4753
257/326 [======================>.......] - ETA: 55s - loss: 0.3797 - mae: 0.2345 - mse: 0.1175 - ssim_metric: 0.4753
258/326 [======================>.......] - ETA: 54s - loss: 0.3800 - mae: 0.2346 - mse: 0.1176 - ssim_metric: 0.4753
259/326 [======================>.......] - ETA: 53s - loss: 0.3801 - mae: 0.2347 - mse: 0.1177 - ssim_metric: 0.4750
260/326 [======================>.......] - ETA: 52s - loss: 0.3798 - mae: 0.2345 - mse: 0.1176 - ssim_metric: 0.4753
261/326 [=======================>......] - ETA: 52s - loss: 0.3800 - mae: 0.2345 - mse: 0.1176 - ssim_metric: 0.4753
262/326 [=======================>......] - ETA: 51s - loss: 0.3797 - mae: 0.2344 - mse: 0.1175 - ssim_metric: 0.4755
263/326 [=======================>......] - ETA: 50s - loss: 0.3802 - mae: 0.2346 - mse: 0.1177 - ssim_metric: 0.4753
264/326 [=======================>......] - ETA: 49s - loss: 0.3802 - mae: 0.2346 - mse: 0.1177 - ssim_metric: 0.4753
265/326 [=======================>......] - ETA: 48s - loss: 0.3803 - mae: 0.2346 - mse: 0.1177 - ssim_metric: 0.4751
266/326 [=======================>......] - ETA: 48s - loss: 0.3804 - mae: 0.2348 - mse: 0.1178 - ssim_metric: 0.4748
267/326 [=======================>......] - ETA: 47s - loss: 0.3804 - mae: 0.2349 - mse: 0.1178 - ssim_metric: 0.4744
268/326 [=======================>......] - ETA: 46s - loss: 0.3805 - mae: 0.2350 - mse: 0.1178 - ssim_metric: 0.4741
269/326 [=======================>......] - ETA: 45s - loss: 0.3804 - mae: 0.2350 - mse: 0.1178 - ssim_metric: 0.4740
270/326 [=======================>......] - ETA: 44s - loss: 0.3807 - mae: 0.2352 - mse: 0.1179 - ssim_metric: 0.4737
271/326 [=======================>......] - ETA: 44s - loss: 0.3807 - mae: 0.2352 - mse: 0.1179 - ssim_metric: 0.4737
272/326 [========================>.....] - ETA: 43s - loss: 0.3807 - mae: 0.2352 - mse: 0.1179 - ssim_metric: 0.4737
273/326 [========================>.....] - ETA: 42s - loss: 0.3804 - mae: 0.2351 - mse: 0.1178 - ssim_metric: 0.4739
274/326 [========================>.....] - ETA: 41s - loss: 0.3805 - mae: 0.2352 - mse: 0.1178 - ssim_metric: 0.4738
275/326 [========================>.....] - ETA: 40s - loss: 0.3806 - mae: 0.2352 - mse: 0.1179 - ssim_metric: 0.4740
276/326 [========================>.....] - ETA: 40s - loss: 0.3806 - mae: 0.2352 - mse: 0.1179 - ssim_metric: 0.4740
277/326 [========================>.....] - ETA: 39s - loss: 0.3809 - mae: 0.2353 - mse: 0.1180 - ssim_metric: 0.4737
278/326 [========================>.....] - ETA: 38s - loss: 0.3808 - mae: 0.2353 - mse: 0.1179 - ssim_metric: 0.4738
279/326 [========================>.....] - ETA: 37s - loss: 0.3806 - mae: 0.2351 - mse: 0.1179 - ssim_metric: 0.4742
280/326 [========================>.....] - ETA: 36s - loss: 0.3804 - mae: 0.2351 - mse: 0.1178 - ssim_metric: 0.4742
281/326 [========================>.....] - ETA: 36s - loss: 0.3808 - mae: 0.2352 - mse: 0.1179 - ssim_metric: 0.4740
282/326 [========================>.....] - ETA: 35s - loss: 0.3809 - mae: 0.2352 - mse: 0.1180 - ssim_metric: 0.4741
283/326 [=========================>....] - ETA: 34s - loss: 0.3813 - mae: 0.2354 - mse: 0.1181 - ssim_metric: 0.4739
284/326 [=========================>....] - ETA: 33s - loss: 0.3812 - mae: 0.2354 - mse: 0.1181 - ssim_metric: 0.4738
285/326 [=========================>....] - ETA: 32s - loss: 0.3814 - mae: 0.2356 - mse: 0.1181 - ssim_metric: 0.4735
286/326 [=========================>....] - ETA: 32s - loss: 0.3815 - mae: 0.2357 - mse: 0.1182 - ssim_metric: 0.4733
287/326 [=========================>....] - ETA: 31s - loss: 0.3819 - mae: 0.2358 - mse: 0.1183 - ssim_metric: 0.4731
288/326 [=========================>....] - ETA: 30s - loss: 0.3822 - mae: 0.2360 - mse: 0.1185 - ssim_metric: 0.4729
289/326 [=========================>....] - ETA: 29s - loss: 0.3822 - mae: 0.2361 - mse: 0.1185 - ssim_metric: 0.4728
290/326 [=========================>....] - ETA: 28s - loss: 0.3825 - mae: 0.2362 - mse: 0.1186 - ssim_metric: 0.4726
291/326 [=========================>....] - ETA: 28s - loss: 0.3827 - mae: 0.2363 - mse: 0.1186 - ssim_metric: 0.4723
292/326 [=========================>....] - ETA: 27s - loss: 0.3825 - mae: 0.2363 - mse: 0.1185 - ssim_metric: 0.4723
293/326 [=========================>....] - ETA: 26s - loss: 0.3824 - mae: 0.2363 - mse: 0.1185 - ssim_metric: 0.4723
294/326 [==========================>...] - ETA: 25s - loss: 0.3826 - mae: 0.2364 - mse: 0.1186 - ssim_metric: 0.4720
295/326 [==========================>...] - ETA: 24s - loss: 0.3826 - mae: 0.2365 - mse: 0.1186 - ssim_metric: 0.4719
296/326 [==========================>...] - ETA: 24s - loss: 0.3824 - mae: 0.2364 - mse: 0.1185 - ssim_metric: 0.4720
297/326 [==========================>...] - ETA: 23s - loss: 0.3825 - mae: 0.2365 - mse: 0.1185 - ssim_metric: 0.4720
298/326 [==========================>...] - ETA: 22s - loss: 0.3821 - mae: 0.2363 - mse: 0.1184 - ssim_metric: 0.4724
299/326 [==========================>...] - ETA: 21s - loss: 0.3819 - mae: 0.2362 - mse: 0.1183 - ssim_metric: 0.4726
300/326 [==========================>...] - ETA: 20s - loss: 0.3819 - mae: 0.2361 - mse: 0.1183 - ssim_metric: 0.4728
301/326 [==========================>...] - ETA: 20s - loss: 0.3817 - mae: 0.2359 - mse: 0.1182 - ssim_metric: 0.4732
302/326 [==========================>...] - ETA: 19s - loss: 0.3820 - mae: 0.2361 - mse: 0.1184 - ssim_metric: 0.4730
303/326 [==========================>...] - ETA: 18s - loss: 0.3820 - mae: 0.2360 - mse: 0.1184 - ssim_metric: 0.4730
304/326 [==========================>...] - ETA: 17s - loss: 0.3821 - mae: 0.2361 - mse: 0.1184 - ssim_metric: 0.4730
305/326 [===========================>..] - ETA: 16s - loss: 0.3821 - mae: 0.2361 - mse: 0.1184 - ssim_metric: 0.4730
306/326 [===========================>..] - ETA: 16s - loss: 0.3821 - mae: 0.2361 - mse: 0.1184 - ssim_metric: 0.4729
307/326 [===========================>..] - ETA: 15s - loss: 0.3822 - mae: 0.2362 - mse: 0.1184 - ssim_metric: 0.4727
308/326 [===========================>..] - ETA: 14s - loss: 0.3821 - mae: 0.2361 - mse: 0.1184 - ssim_metric: 0.4729
309/326 [===========================>..] - ETA: 13s - loss: 0.3821 - mae: 0.2361 - mse: 0.1184 - ssim_metric: 0.4728
310/326 [===========================>..] - ETA: 12s - loss: 0.3820 - mae: 0.2361 - mse: 0.1184 - ssim_metric: 0.4726
311/326 [===========================>..] - ETA: 12s - loss: 0.3819 - mae: 0.2361 - mse: 0.1183 - ssim_metric: 0.4727
312/326 [===========================>..] - ETA: 11s - loss: 0.3819 - mae: 0.2361 - mse: 0.1183 - ssim_metric: 0.4726
313/326 [===========================>..] - ETA: 10s - loss: 0.3820 - mae: 0.2361 - mse: 0.1184 - ssim_metric: 0.4726
314/326 [===========================>..] - ETA: 9s - loss: 0.3822 - mae: 0.2361 - mse: 0.1184 - ssim_metric: 0.4728 
315/326 [===========================>..] - ETA: 8s - loss: 0.3824 - mae: 0.2362 - mse: 0.1185 - ssim_metric: 0.4725
316/326 [============================>.] - ETA: 8s - loss: 0.3823 - mae: 0.2362 - mse: 0.1185 - ssim_metric: 0.4725
317/326 [============================>.] - ETA: 7s - loss: 0.3822 - mae: 0.2361 - mse: 0.1184 - ssim_metric: 0.4727
318/326 [============================>.] - ETA: 6s - loss: 0.3820 - mae: 0.2361 - mse: 0.1184 - ssim_metric: 0.4727
319/326 [============================>.] - ETA: 5s - loss: 0.3825 - mae: 0.2363 - mse: 0.1185 - ssim_metric: 0.4725
320/326 [============================>.] - ETA: 4s - loss: 0.3825 - mae: 0.2363 - mse: 0.1185 - ssim_metric: 0.4723
321/326 [============================>.] - ETA: 4s - loss: 0.3826 - mae: 0.2364 - mse: 0.1186 - ssim_metric: 0.4721
322/326 [============================>.] - ETA: 3s - loss: 0.3824 - mae: 0.2363 - mse: 0.1185 - ssim_metric: 0.4721
323/326 [============================>.] - ETA: 2s - loss: 0.3823 - mae: 0.2363 - mse: 0.1185 - ssim_metric: 0.4722
324/326 [============================>.] - ETA: 1s - loss: 0.3828 - mae: 0.2365 - mse: 0.1186 - ssim_metric: 0.4719
325/326 [============================>.] - ETA: 0s - loss: 0.3828 - mae: 0.2365 - mse: 0.1186 - ssim_metric: 0.4718
326/326 [==============================] - ETA: 0s - loss: 0.3830 - mae: 0.2365 - mse: 0.1187 - ssim_metric: 0.4718
Epoch 18: saving model to C:\d_surucusu\visual_navigation\benchmark\models_pipeline\20260909_223425\bce_b16\_JOB_bce_b16_10_09_2026__07_13_model_f48_k4_epoch_00018_helu_osigmoid_(1, 1)_.h5

Epoch 18: val_loss did not improve from 0.34863

Epoch 18: val_mae did not improve from 0.21805

Epoch 18: val_ssim_metric did not improve from 0.56049

326/326 [==============================] - 277s 851ms/step - loss: 0.3830 - mae: 0.2365 - mse: 0.1187 - ssim_metric: 0.4718 - val_loss: 0.3526 - val_mae: 0.2219 - val_mse: 0.1073 - val_ssim_metric: 0.4892
Epoch 19/20

  1/326 [..............................] - ETA: 4:37 - loss: 0.4114 - mae: 0.2521 - mse: 0.1318 - ssim_metric: 0.4322
  2/326 [..............................] - ETA: 4:20 - loss: 0.4102 - mae: 0.2466 - mse: 0.1294 - ssim_metric: 0.4606
  3/326 [..............................] - ETA: 4:19 - loss: 0.4282 - mae: 0.2604 - mse: 0.1359 - ssim_metric: 0.4391
  4/326 [..............................] - ETA: 4:18 - loss: 0.4195 - mae: 0.2576 - mse: 0.1328 - ssim_metric: 0.4353
  5/326 [..............................] - ETA: 4:17 - loss: 0.4089 - mae: 0.2546 - mse: 0.1289 - ssim_metric: 0.4374
  6/326 [..............................] - ETA: 4:16 - loss: 0.4074 - mae: 0.2578 - mse: 0.1284 - ssim_metric: 0.4232
  7/326 [..............................] - ETA: 4:15 - loss: 0.4059 - mae: 0.2592 - mse: 0.1277 - ssim_metric: 0.4165
  8/326 [..............................] - ETA: 4:15 - loss: 0.3951 - mae: 0.2537 - mse: 0.1234 - ssim_metric: 0.4228
  9/326 [..............................] - ETA: 4:14 - loss: 0.3853 - mae: 0.2484 - mse: 0.1197 - ssim_metric: 0.4323
 10/326 [..............................] - ETA: 4:13 - loss: 0.3823 - mae: 0.2464 - mse: 0.1186 - ssim_metric: 0.4394
 11/326 [>.............................] - ETA: 4:13 - loss: 0.3851 - mae: 0.2470 - mse: 0.1200 - ssim_metric: 0.4436
 12/326 [>.............................] - ETA: 4:12 - loss: 0.3852 - mae: 0.2455 - mse: 0.1201 - ssim_metric: 0.4496
 13/326 [>.............................] - ETA: 4:11 - loss: 0.3897 - mae: 0.2457 - mse: 0.1217 - ssim_metric: 0.4534
 14/326 [>.............................] - ETA: 4:10 - loss: 0.4011 - mae: 0.2497 - mse: 0.1258 - ssim_metric: 0.4501
 15/326 [>.............................] - ETA: 4:09 - loss: 0.3914 - mae: 0.2441 - mse: 0.1223 - ssim_metric: 0.4623
 16/326 [>.............................] - ETA: 4:08 - loss: 0.3956 - mae: 0.2455 - mse: 0.1238 - ssim_metric: 0.4625
 17/326 [>.............................] - ETA: 4:08 - loss: 0.3944 - mae: 0.2451 - mse: 0.1234 - ssim_metric: 0.4644
 18/326 [>.............................] - ETA: 4:07 - loss: 0.3968 - mae: 0.2473 - mse: 0.1244 - ssim_metric: 0.4599
 19/326 [>.............................] - ETA: 4:06 - loss: 0.3969 - mae: 0.2482 - mse: 0.1244 - ssim_metric: 0.4579
 20/326 [>.............................] - ETA: 4:05 - loss: 0.3931 - mae: 0.2472 - mse: 0.1229 - ssim_metric: 0.4573
 21/326 [>.............................] - ETA: 4:04 - loss: 0.3882 - mae: 0.2449 - mse: 0.1211 - ssim_metric: 0.4601
 22/326 [=>............................] - ETA: 4:04 - loss: 0.3840 - mae: 0.2425 - mse: 0.1195 - ssim_metric: 0.4637
 23/326 [=>............................] - ETA: 4:03 - loss: 0.3803 - mae: 0.2397 - mse: 0.1182 - ssim_metric: 0.4707
 24/326 [=>............................] - ETA: 4:02 - loss: 0.3791 - mae: 0.2385 - mse: 0.1177 - ssim_metric: 0.4732
 25/326 [=>............................] - ETA: 4:01 - loss: 0.3828 - mae: 0.2396 - mse: 0.1191 - ssim_metric: 0.4718
 26/326 [=>............................] - ETA: 4:01 - loss: 0.3840 - mae: 0.2395 - mse: 0.1195 - ssim_metric: 0.4730
 27/326 [=>............................] - ETA: 4:00 - loss: 0.3828 - mae: 0.2385 - mse: 0.1191 - ssim_metric: 0.4753
 28/326 [=>............................] - ETA: 3:59 - loss: 0.3847 - mae: 0.2383 - mse: 0.1195 - ssim_metric: 0.4760
 29/326 [=>............................] - ETA: 3:58 - loss: 0.3833 - mae: 0.2374 - mse: 0.1191 - ssim_metric: 0.4769
 30/326 [=>............................] - ETA: 3:57 - loss: 0.3870 - mae: 0.2385 - mse: 0.1202 - ssim_metric: 0.4755
 31/326 [=>............................] - ETA: 3:57 - loss: 0.3870 - mae: 0.2387 - mse: 0.1203 - ssim_metric: 0.4741
 32/326 [=>............................] - ETA: 3:56 - loss: 0.3878 - mae: 0.2396 - mse: 0.1207 - ssim_metric: 0.4717
 33/326 [==>...........................] - ETA: 3:55 - loss: 0.3849 - mae: 0.2386 - mse: 0.1195 - ssim_metric: 0.4718
 34/326 [==>...........................] - ETA: 3:54 - loss: 0.3861 - mae: 0.2397 - mse: 0.1200 - ssim_metric: 0.4686
 35/326 [==>...........................] - ETA: 3:53 - loss: 0.3840 - mae: 0.2388 - mse: 0.1192 - ssim_metric: 0.4693
 36/326 [==>...........................] - ETA: 3:52 - loss: 0.3842 - mae: 0.2394 - mse: 0.1193 - ssim_metric: 0.4674
 37/326 [==>...........................] - ETA: 3:52 - loss: 0.3812 - mae: 0.2378 - mse: 0.1182 - ssim_metric: 0.4700
 38/326 [==>...........................] - ETA: 3:51 - loss: 0.3793 - mae: 0.2367 - mse: 0.1175 - ssim_metric: 0.4715
 39/326 [==>...........................] - ETA: 3:50 - loss: 0.3792 - mae: 0.2362 - mse: 0.1174 - ssim_metric: 0.4725
 40/326 [==>...........................] - ETA: 3:49 - loss: 0.3777 - mae: 0.2352 - mse: 0.1169 - ssim_metric: 0.4743
 41/326 [==>...........................] - ETA: 3:48 - loss: 0.3759 - mae: 0.2337 - mse: 0.1163 - ssim_metric: 0.4777
 42/326 [==>...........................] - ETA: 3:48 - loss: 0.3720 - mae: 0.2313 - mse: 0.1149 - ssim_metric: 0.4823
 43/326 [==>...........................] - ETA: 3:47 - loss: 0.3721 - mae: 0.2306 - mse: 0.1149 - ssim_metric: 0.4838
 44/326 [===>..........................] - ETA: 3:46 - loss: 0.3731 - mae: 0.2305 - mse: 0.1153 - ssim_metric: 0.4847
 45/326 [===>..........................] - ETA: 3:45 - loss: 0.3753 - mae: 0.2314 - mse: 0.1161 - ssim_metric: 0.4827
 46/326 [===>..........................] - ETA: 3:44 - loss: 0.3756 - mae: 0.2315 - mse: 0.1163 - ssim_metric: 0.4831
 47/326 [===>..........................] - ETA: 3:44 - loss: 0.3743 - mae: 0.2310 - mse: 0.1158 - ssim_metric: 0.4835
 48/326 [===>..........................] - ETA: 3:43 - loss: 0.3714 - mae: 0.2296 - mse: 0.1147 - ssim_metric: 0.4848
 49/326 [===>..........................] - ETA: 3:42 - loss: 0.3750 - mae: 0.2307 - mse: 0.1158 - ssim_metric: 0.4831
 50/326 [===>..........................] - ETA: 3:41 - loss: 0.3747 - mae: 0.2308 - mse: 0.1157 - ssim_metric: 0.4828
 51/326 [===>..........................] - ETA: 3:40 - loss: 0.3729 - mae: 0.2302 - mse: 0.1150 - ssim_metric: 0.4823
 52/326 [===>..........................] - ETA: 3:40 - loss: 0.3735 - mae: 0.2305 - mse: 0.1153 - ssim_metric: 0.4819
 53/326 [===>..........................] - ETA: 3:39 - loss: 0.3730 - mae: 0.2302 - mse: 0.1151 - ssim_metric: 0.4818
 54/326 [===>..........................] - ETA: 3:38 - loss: 0.3739 - mae: 0.2304 - mse: 0.1154 - ssim_metric: 0.4818
 55/326 [====>.........................] - ETA: 3:37 - loss: 0.3742 - mae: 0.2307 - mse: 0.1155 - ssim_metric: 0.4814
 56/326 [====>.........................] - ETA: 3:36 - loss: 0.3739 - mae: 0.2306 - mse: 0.1154 - ssim_metric: 0.4810
 57/326 [====>.........................] - ETA: 3:36 - loss: 0.3727 - mae: 0.2301 - mse: 0.1150 - ssim_metric: 0.4817
 58/326 [====>.........................] - ETA: 3:35 - loss: 0.3739 - mae: 0.2306 - mse: 0.1155 - ssim_metric: 0.4812
 59/326 [====>.........................] - ETA: 3:34 - loss: 0.3747 - mae: 0.2309 - mse: 0.1157 - ssim_metric: 0.4805
 60/326 [====>.........................] - ETA: 3:33 - loss: 0.3755 - mae: 0.2314 - mse: 0.1161 - ssim_metric: 0.4801
 61/326 [====>.........................] - ETA: 3:32 - loss: 0.3735 - mae: 0.2304 - mse: 0.1154 - ssim_metric: 0.4819
 62/326 [====>.........................] - ETA: 3:32 - loss: 0.3720 - mae: 0.2297 - mse: 0.1148 - ssim_metric: 0.4826
 63/326 [====>.........................] - ETA: 3:31 - loss: 0.3728 - mae: 0.2301 - mse: 0.1151 - ssim_metric: 0.4816
 64/326 [====>.........................] - ETA: 3:30 - loss: 0.3717 - mae: 0.2296 - mse: 0.1147 - ssim_metric: 0.4827
 65/326 [====>.........................] - ETA: 3:29 - loss: 0.3704 - mae: 0.2288 - mse: 0.1142 - ssim_metric: 0.4844
 66/326 [=====>........................] - ETA: 3:28 - loss: 0.3718 - mae: 0.2294 - mse: 0.1147 - ssim_metric: 0.4836
 67/326 [=====>........................] - ETA: 3:27 - loss: 0.3717 - mae: 0.2294 - mse: 0.1147 - ssim_metric: 0.4832
 68/326 [=====>........................] - ETA: 3:27 - loss: 0.3714 - mae: 0.2291 - mse: 0.1147 - ssim_metric: 0.4838
 69/326 [=====>........................] - ETA: 3:26 - loss: 0.3716 - mae: 0.2292 - mse: 0.1148 - ssim_metric: 0.4835
 70/326 [=====>........................] - ETA: 3:25 - loss: 0.3715 - mae: 0.2290 - mse: 0.1148 - ssim_metric: 0.4838
 71/326 [=====>........................] - ETA: 3:24 - loss: 0.3714 - mae: 0.2289 - mse: 0.1147 - ssim_metric: 0.4838
 72/326 [=====>........................] - ETA: 3:23 - loss: 0.3738 - mae: 0.2298 - mse: 0.1155 - ssim_metric: 0.4825
 73/326 [=====>........................] - ETA: 3:23 - loss: 0.3737 - mae: 0.2298 - mse: 0.1155 - ssim_metric: 0.4824
 74/326 [=====>........................] - ETA: 3:22 - loss: 0.3733 - mae: 0.2298 - mse: 0.1153 - ssim_metric: 0.4817
 75/326 [=====>........................] - ETA: 3:21 - loss: 0.3725 - mae: 0.2296 - mse: 0.1150 - ssim_metric: 0.4816
 76/326 [=====>........................] - ETA: 3:20 - loss: 0.3711 - mae: 0.2290 - mse: 0.1145 - ssim_metric: 0.4821
 77/326 [======>.......................] - ETA: 3:19 - loss: 0.3718 - mae: 0.2295 - mse: 0.1148 - ssim_metric: 0.4808
 78/326 [======>.......................] - ETA: 3:19 - loss: 0.3715 - mae: 0.2295 - mse: 0.1147 - ssim_metric: 0.4809
 79/326 [======>.......................] - ETA: 3:18 - loss: 0.3725 - mae: 0.2297 - mse: 0.1150 - ssim_metric: 0.4810
 80/326 [======>.......................] - ETA: 3:17 - loss: 0.3732 - mae: 0.2299 - mse: 0.1153 - ssim_metric: 0.4809
 81/326 [======>.......................] - ETA: 3:16 - loss: 0.3728 - mae: 0.2297 - mse: 0.1152 - ssim_metric: 0.4816
 82/326 [======>.......................] - ETA: 3:15 - loss: 0.3731 - mae: 0.2297 - mse: 0.1153 - ssim_metric: 0.4816
 83/326 [======>.......................] - ETA: 3:15 - loss: 0.3728 - mae: 0.2297 - mse: 0.1152 - ssim_metric: 0.4813
 84/326 [======>.......................] - ETA: 3:14 - loss: 0.3733 - mae: 0.2300 - mse: 0.1154 - ssim_metric: 0.4808
 85/326 [======>.......................] - ETA: 3:13 - loss: 0.3723 - mae: 0.2296 - mse: 0.1150 - ssim_metric: 0.4811
 86/326 [======>.......................] - ETA: 3:12 - loss: 0.3724 - mae: 0.2298 - mse: 0.1151 - ssim_metric: 0.4805
 87/326 [=======>......................] - ETA: 3:11 - loss: 0.3721 - mae: 0.2297 - mse: 0.1150 - ssim_metric: 0.4806
 88/326 [=======>......................] - ETA: 3:11 - loss: 0.3713 - mae: 0.2293 - mse: 0.1147 - ssim_metric: 0.4809
 89/326 [=======>......................] - ETA: 3:10 - loss: 0.3707 - mae: 0.2290 - mse: 0.1145 - ssim_metric: 0.4814
 90/326 [=======>......................] - ETA: 3:09 - loss: 0.3717 - mae: 0.2294 - mse: 0.1148 - ssim_metric: 0.4809
 91/326 [=======>......................] - ETA: 3:08 - loss: 0.3715 - mae: 0.2292 - mse: 0.1148 - ssim_metric: 0.4814
 92/326 [=======>......................] - ETA: 3:07 - loss: 0.3713 - mae: 0.2290 - mse: 0.1147 - ssim_metric: 0.4816
 93/326 [=======>......................] - ETA: 3:07 - loss: 0.3724 - mae: 0.2292 - mse: 0.1150 - ssim_metric: 0.4820
 94/326 [=======>......................] - ETA: 3:06 - loss: 0.3731 - mae: 0.2293 - mse: 0.1152 - ssim_metric: 0.4823
 95/326 [=======>......................] - ETA: 3:05 - loss: 0.3741 - mae: 0.2297 - mse: 0.1156 - ssim_metric: 0.4817
 96/326 [=======>......................] - ETA: 3:04 - loss: 0.3738 - mae: 0.2296 - mse: 0.1155 - ssim_metric: 0.4818
 97/326 [=======>......................] - ETA: 3:03 - loss: 0.3736 - mae: 0.2297 - mse: 0.1154 - ssim_metric: 0.4816
 98/326 [========>.....................] - ETA: 3:03 - loss: 0.3729 - mae: 0.2296 - mse: 0.1151 - ssim_metric: 0.4815
 99/326 [========>.....................] - ETA: 3:02 - loss: 0.3726 - mae: 0.2295 - mse: 0.1150 - ssim_metric: 0.4815
100/326 [========>.....................] - ETA: 3:01 - loss: 0.3726 - mae: 0.2297 - mse: 0.1150 - ssim_metric: 0.4810
101/326 [========>.....................] - ETA: 3:00 - loss: 0.3720 - mae: 0.2295 - mse: 0.1148 - ssim_metric: 0.4811
102/326 [========>.....................] - ETA: 2:59 - loss: 0.3713 - mae: 0.2293 - mse: 0.1145 - ssim_metric: 0.4813
103/326 [========>.....................] - ETA: 2:59 - loss: 0.3729 - mae: 0.2297 - mse: 0.1150 - ssim_metric: 0.4809
104/326 [========>.....................] - ETA: 2:58 - loss: 0.3729 - mae: 0.2296 - mse: 0.1150 - ssim_metric: 0.4812
105/326 [========>.....................] - ETA: 2:57 - loss: 0.3724 - mae: 0.2293 - mse: 0.1148 - ssim_metric: 0.4818
106/326 [========>.....................] - ETA: 2:56 - loss: 0.3715 - mae: 0.2288 - mse: 0.1145 - ssim_metric: 0.4827
107/326 [========>.....................] - ETA: 2:55 - loss: 0.3714 - mae: 0.2287 - mse: 0.1145 - ssim_metric: 0.4831
108/326 [========>.....................] - ETA: 2:55 - loss: 0.3735 - mae: 0.2293 - mse: 0.1151 - ssim_metric: 0.4827
109/326 [=========>....................] - ETA: 2:54 - loss: 0.3733 - mae: 0.2291 - mse: 0.1150 - ssim_metric: 0.4834
110/326 [=========>....................] - ETA: 2:53 - loss: 0.3738 - mae: 0.2294 - mse: 0.1152 - ssim_metric: 0.4830
111/326 [=========>....................] - ETA: 2:52 - loss: 0.3735 - mae: 0.2293 - mse: 0.1151 - ssim_metric: 0.4831
112/326 [=========>....................] - ETA: 2:51 - loss: 0.3736 - mae: 0.2294 - mse: 0.1152 - ssim_metric: 0.4827
113/326 [=========>....................] - ETA: 2:50 - loss: 0.3735 - mae: 0.2295 - mse: 0.1151 - ssim_metric: 0.4827
114/326 [=========>....................] - ETA: 2:50 - loss: 0.3733 - mae: 0.2295 - mse: 0.1150 - ssim_metric: 0.4826
115/326 [=========>....................] - ETA: 2:49 - loss: 0.3735 - mae: 0.2298 - mse: 0.1151 - ssim_metric: 0.4822
116/326 [=========>....................] - ETA: 2:48 - loss: 0.3737 - mae: 0.2299 - mse: 0.1152 - ssim_metric: 0.4818
117/326 [=========>....................] - ETA: 2:47 - loss: 0.3741 - mae: 0.2302 - mse: 0.1154 - ssim_metric: 0.4815
118/326 [=========>....................] - ETA: 2:46 - loss: 0.3735 - mae: 0.2299 - mse: 0.1152 - ssim_metric: 0.4823
119/326 [=========>....................] - ETA: 2:46 - loss: 0.3732 - mae: 0.2297 - mse: 0.1150 - ssim_metric: 0.4828
120/326 [==========>...................] - ETA: 2:45 - loss: 0.3730 - mae: 0.2296 - mse: 0.1150 - ssim_metric: 0.4831
121/326 [==========>...................] - ETA: 2:44 - loss: 0.3725 - mae: 0.2293 - mse: 0.1148 - ssim_metric: 0.4839
122/326 [==========>...................] - ETA: 2:43 - loss: 0.3729 - mae: 0.2293 - mse: 0.1149 - ssim_metric: 0.4842
123/326 [==========>...................] - ETA: 2:42 - loss: 0.3732 - mae: 0.2294 - mse: 0.1150 - ssim_metric: 0.4842
124/326 [==========>...................] - ETA: 2:42 - loss: 0.3738 - mae: 0.2296 - mse: 0.1152 - ssim_metric: 0.4837
125/326 [==========>...................] - ETA: 2:41 - loss: 0.3739 - mae: 0.2295 - mse: 0.1152 - ssim_metric: 0.4841
126/326 [==========>...................] - ETA: 2:40 - loss: 0.3735 - mae: 0.2294 - mse: 0.1151 - ssim_metric: 0.4838
127/326 [==========>...................] - ETA: 2:39 - loss: 0.3732 - mae: 0.2294 - mse: 0.1150 - ssim_metric: 0.4837
128/326 [==========>...................] - ETA: 2:38 - loss: 0.3727 - mae: 0.2292 - mse: 0.1148 - ssim_metric: 0.4838
129/326 [==========>...................] - ETA: 2:38 - loss: 0.3728 - mae: 0.2292 - mse: 0.1148 - ssim_metric: 0.4839
130/326 [==========>...................] - ETA: 2:37 - loss: 0.3738 - mae: 0.2298 - mse: 0.1152 - ssim_metric: 0.4831
131/326 [===========>..................] - ETA: 2:36 - loss: 0.3741 - mae: 0.2299 - mse: 0.1153 - ssim_metric: 0.4830
132/326 [===========>..................] - ETA: 2:35 - loss: 0.3741 - mae: 0.2299 - mse: 0.1153 - ssim_metric: 0.4832
133/326 [===========>..................] - ETA: 2:34 - loss: 0.3740 - mae: 0.2299 - mse: 0.1153 - ssim_metric: 0.4833
134/326 [===========>..................] - ETA: 2:34 - loss: 0.3744 - mae: 0.2302 - mse: 0.1154 - ssim_metric: 0.4830
135/326 [===========>..................] - ETA: 2:33 - loss: 0.3747 - mae: 0.2304 - mse: 0.1156 - ssim_metric: 0.4825
136/326 [===========>..................] - ETA: 2:32 - loss: 0.3749 - mae: 0.2306 - mse: 0.1156 - ssim_metric: 0.4821
137/326 [===========>..................] - ETA: 2:31 - loss: 0.3745 - mae: 0.2305 - mse: 0.1155 - ssim_metric: 0.4820
138/326 [===========>..................] - ETA: 2:30 - loss: 0.3748 - mae: 0.2308 - mse: 0.1156 - ssim_metric: 0.4813
139/326 [===========>..................] - ETA: 2:30 - loss: 0.3747 - mae: 0.2308 - mse: 0.1156 - ssim_metric: 0.4811
140/326 [===========>..................] - ETA: 2:29 - loss: 0.3748 - mae: 0.2309 - mse: 0.1156 - ssim_metric: 0.4811
141/326 [===========>..................] - ETA: 2:28 - loss: 0.3748 - mae: 0.2309 - mse: 0.1157 - ssim_metric: 0.4812
142/326 [============>.................] - ETA: 2:27 - loss: 0.3745 - mae: 0.2307 - mse: 0.1155 - ssim_metric: 0.4817
143/326 [============>.................] - ETA: 2:26 - loss: 0.3747 - mae: 0.2308 - mse: 0.1156 - ssim_metric: 0.4815
144/326 [============>.................] - ETA: 2:26 - loss: 0.3745 - mae: 0.2307 - mse: 0.1156 - ssim_metric: 0.4816
145/326 [============>.................] - ETA: 2:25 - loss: 0.3743 - mae: 0.2305 - mse: 0.1155 - ssim_metric: 0.4820
146/326 [============>.................] - ETA: 2:24 - loss: 0.3741 - mae: 0.2304 - mse: 0.1154 - ssim_metric: 0.4824
147/326 [============>.................] - ETA: 2:23 - loss: 0.3748 - mae: 0.2306 - mse: 0.1157 - ssim_metric: 0.4820
148/326 [============>.................] - ETA: 2:22 - loss: 0.3744 - mae: 0.2305 - mse: 0.1155 - ssim_metric: 0.4822
149/326 [============>.................] - ETA: 2:22 - loss: 0.3747 - mae: 0.2307 - mse: 0.1156 - ssim_metric: 0.4815
150/326 [============>.................] - ETA: 2:21 - loss: 0.3744 - mae: 0.2307 - mse: 0.1155 - ssim_metric: 0.4812
151/326 [============>.................] - ETA: 2:20 - loss: 0.3750 - mae: 0.2311 - mse: 0.1158 - ssim_metric: 0.4803
152/326 [============>.................] - ETA: 2:19 - loss: 0.3756 - mae: 0.2313 - mse: 0.1160 - ssim_metric: 0.4801
153/326 [=============>................] - ETA: 2:18 - loss: 0.3752 - mae: 0.2311 - mse: 0.1158 - ssim_metric: 0.4802
154/326 [=============>................] - ETA: 2:18 - loss: 0.3750 - mae: 0.2310 - mse: 0.1158 - ssim_metric: 0.4802
155/326 [=============>................] - ETA: 2:17 - loss: 0.3752 - mae: 0.2310 - mse: 0.1158 - ssim_metric: 0.4803
156/326 [=============>................] - ETA: 2:16 - loss: 0.3750 - mae: 0.2309 - mse: 0.1157 - ssim_metric: 0.4805
157/326 [=============>................] - ETA: 2:15 - loss: 0.3750 - mae: 0.2309 - mse: 0.1158 - ssim_metric: 0.4804
158/326 [=============>................] - ETA: 2:14 - loss: 0.3760 - mae: 0.2311 - mse: 0.1160 - ssim_metric: 0.4805
159/326 [=============>................] - ETA: 2:14 - loss: 0.3762 - mae: 0.2312 - mse: 0.1161 - ssim_metric: 0.4804
160/326 [=============>................] - ETA: 2:13 - loss: 0.3761 - mae: 0.2312 - mse: 0.1161 - ssim_metric: 0.4804
161/326 [=============>................] - ETA: 2:12 - loss: 0.3763 - mae: 0.2315 - mse: 0.1162 - ssim_metric: 0.4798
162/326 [=============>................] - ETA: 2:11 - loss: 0.3761 - mae: 0.2315 - mse: 0.1161 - ssim_metric: 0.4794
163/326 [==============>...............] - ETA: 2:10 - loss: 0.3758 - mae: 0.2315 - mse: 0.1160 - ssim_metric: 0.4793
164/326 [==============>...............] - ETA: 2:10 - loss: 0.3757 - mae: 0.2315 - mse: 0.1160 - ssim_metric: 0.4793
165/326 [==============>...............] - ETA: 2:09 - loss: 0.3758 - mae: 0.2316 - mse: 0.1160 - ssim_metric: 0.4792
166/326 [==============>...............] - ETA: 2:08 - loss: 0.3764 - mae: 0.2319 - mse: 0.1162 - ssim_metric: 0.4787
167/326 [==============>...............] - ETA: 2:07 - loss: 0.3764 - mae: 0.2319 - mse: 0.1162 - ssim_metric: 0.4786
168/326 [==============>...............] - ETA: 2:06 - loss: 0.3767 - mae: 0.2321 - mse: 0.1164 - ssim_metric: 0.4783
169/326 [==============>...............] - ETA: 2:06 - loss: 0.3764 - mae: 0.2320 - mse: 0.1163 - ssim_metric: 0.4786
170/326 [==============>...............] - ETA: 2:05 - loss: 0.3766 - mae: 0.2321 - mse: 0.1163 - ssim_metric: 0.4784
171/326 [==============>...............] - ETA: 2:04 - loss: 0.3764 - mae: 0.2320 - mse: 0.1163 - ssim_metric: 0.4786
172/326 [==============>...............] - ETA: 2:03 - loss: 0.3761 - mae: 0.2317 - mse: 0.1162 - ssim_metric: 0.4793
173/326 [==============>...............] - ETA: 2:02 - loss: 0.3763 - mae: 0.2318 - mse: 0.1162 - ssim_metric: 0.4791
174/326 [===============>..............] - ETA: 2:02 - loss: 0.3761 - mae: 0.2318 - mse: 0.1162 - ssim_metric: 0.4790
175/326 [===============>..............] - ETA: 2:01 - loss: 0.3762 - mae: 0.2318 - mse: 0.1162 - ssim_metric: 0.4788
176/326 [===============>..............] - ETA: 2:00 - loss: 0.3762 - mae: 0.2319 - mse: 0.1163 - ssim_metric: 0.4787
177/326 [===============>..............] - ETA: 1:59 - loss: 0.3764 - mae: 0.2319 - mse: 0.1163 - ssim_metric: 0.4788
178/326 [===============>..............] - ETA: 1:58 - loss: 0.3773 - mae: 0.2323 - mse: 0.1166 - ssim_metric: 0.4782
179/326 [===============>..............] - ETA: 1:58 - loss: 0.3775 - mae: 0.2324 - mse: 0.1167 - ssim_metric: 0.4780
180/326 [===============>..............] - ETA: 1:57 - loss: 0.3776 - mae: 0.2326 - mse: 0.1167 - ssim_metric: 0.4773
181/326 [===============>..............] - ETA: 1:56 - loss: 0.3781 - mae: 0.2330 - mse: 0.1170 - ssim_metric: 0.4763
182/326 [===============>..............] - ETA: 1:55 - loss: 0.3781 - mae: 0.2332 - mse: 0.1170 - ssim_metric: 0.4757
183/326 [===============>..............] - ETA: 1:54 - loss: 0.3780 - mae: 0.2333 - mse: 0.1169 - ssim_metric: 0.4754
184/326 [===============>..............] - ETA: 1:54 - loss: 0.3780 - mae: 0.2334 - mse: 0.1169 - ssim_metric: 0.4753
185/326 [================>.............] - ETA: 1:53 - loss: 0.3782 - mae: 0.2335 - mse: 0.1170 - ssim_metric: 0.4751
186/326 [================>.............] - ETA: 1:52 - loss: 0.3788 - mae: 0.2339 - mse: 0.1172 - ssim_metric: 0.4745
187/326 [================>.............] - ETA: 1:51 - loss: 0.3793 - mae: 0.2341 - mse: 0.1174 - ssim_metric: 0.4743
188/326 [================>.............] - ETA: 1:50 - loss: 0.3797 - mae: 0.2341 - mse: 0.1175 - ssim_metric: 0.4746
189/326 [================>.............] - ETA: 1:49 - loss: 0.3794 - mae: 0.2341 - mse: 0.1174 - ssim_metric: 0.4747
190/326 [================>.............] - ETA: 1:49 - loss: 0.3792 - mae: 0.2340 - mse: 0.1173 - ssim_metric: 0.4746
191/326 [================>.............] - ETA: 1:48 - loss: 0.3792 - mae: 0.2341 - mse: 0.1173 - ssim_metric: 0.4743
192/326 [================>.............] - ETA: 1:47 - loss: 0.3791 - mae: 0.2340 - mse: 0.1173 - ssim_metric: 0.4745
193/326 [================>.............] - ETA: 1:46 - loss: 0.3792 - mae: 0.2340 - mse: 0.1173 - ssim_metric: 0.4745
194/326 [================>.............] - ETA: 1:45 - loss: 0.3787 - mae: 0.2338 - mse: 0.1171 - ssim_metric: 0.4751
195/326 [================>.............] - ETA: 1:45 - loss: 0.3790 - mae: 0.2338 - mse: 0.1172 - ssim_metric: 0.4754
196/326 [=================>............] - ETA: 1:44 - loss: 0.3794 - mae: 0.2339 - mse: 0.1174 - ssim_metric: 0.4754
197/326 [=================>............] - ETA: 1:43 - loss: 0.3792 - mae: 0.2337 - mse: 0.1173 - ssim_metric: 0.4759
198/326 [=================>............] - ETA: 1:42 - loss: 0.3791 - mae: 0.2336 - mse: 0.1172 - ssim_metric: 0.4760
199/326 [=================>............] - ETA: 1:41 - loss: 0.3791 - mae: 0.2336 - mse: 0.1173 - ssim_metric: 0.4760
200/326 [=================>............] - ETA: 1:41 - loss: 0.3791 - mae: 0.2337 - mse: 0.1173 - ssim_metric: 0.4759
201/326 [=================>............] - ETA: 1:40 - loss: 0.3791 - mae: 0.2337 - mse: 0.1172 - ssim_metric: 0.4757
202/326 [=================>............] - ETA: 1:39 - loss: 0.3796 - mae: 0.2339 - mse: 0.1174 - ssim_metric: 0.4757
203/326 [=================>............] - ETA: 1:38 - loss: 0.3800 - mae: 0.2342 - mse: 0.1176 - ssim_metric: 0.4752
204/326 [=================>............] - ETA: 1:37 - loss: 0.3799 - mae: 0.2342 - mse: 0.1175 - ssim_metric: 0.4750
205/326 [=================>............] - ETA: 1:37 - loss: 0.3795 - mae: 0.2341 - mse: 0.1174 - ssim_metric: 0.4750
206/326 [=================>............] - ETA: 1:36 - loss: 0.3794 - mae: 0.2341 - mse: 0.1174 - ssim_metric: 0.4750
207/326 [==================>...........] - ETA: 1:35 - loss: 0.3794 - mae: 0.2341 - mse: 0.1173 - ssim_metric: 0.4750
208/326 [==================>...........] - ETA: 1:34 - loss: 0.3793 - mae: 0.2341 - mse: 0.1173 - ssim_metric: 0.4752
209/326 [==================>...........] - ETA: 1:33 - loss: 0.3793 - mae: 0.2341 - mse: 0.1173 - ssim_metric: 0.4753
210/326 [==================>...........] - ETA: 1:33 - loss: 0.3795 - mae: 0.2342 - mse: 0.1174 - ssim_metric: 0.4752
211/326 [==================>...........] - ETA: 1:32 - loss: 0.3795 - mae: 0.2341 - mse: 0.1174 - ssim_metric: 0.4758
212/326 [==================>...........] - ETA: 1:31 - loss: 0.3793 - mae: 0.2340 - mse: 0.1173 - ssim_metric: 0.4759
213/326 [==================>...........] - ETA: 1:30 - loss: 0.3791 - mae: 0.2338 - mse: 0.1172 - ssim_metric: 0.4763
214/326 [==================>...........] - ETA: 1:29 - loss: 0.3792 - mae: 0.2339 - mse: 0.1173 - ssim_metric: 0.4762
215/326 [==================>...........] - ETA: 1:29 - loss: 0.3791 - mae: 0.2338 - mse: 0.1173 - ssim_metric: 0.4762
216/326 [==================>...........] - ETA: 1:28 - loss: 0.3790 - mae: 0.2337 - mse: 0.1172 - ssim_metric: 0.4764
217/326 [==================>...........] - ETA: 1:27 - loss: 0.3791 - mae: 0.2338 - mse: 0.1172 - ssim_metric: 0.4763
218/326 [===================>..........] - ETA: 1:26 - loss: 0.3791 - mae: 0.2338 - mse: 0.1172 - ssim_metric: 0.4763
219/326 [===================>..........] - ETA: 1:25 - loss: 0.3790 - mae: 0.2337 - mse: 0.1172 - ssim_metric: 0.4763
220/326 [===================>..........] - ETA: 1:25 - loss: 0.3793 - mae: 0.2339 - mse: 0.1173 - ssim_metric: 0.4758
221/326 [===================>..........] - ETA: 1:24 - loss: 0.3795 - mae: 0.2341 - mse: 0.1174 - ssim_metric: 0.4754
222/326 [===================>..........] - ETA: 1:23 - loss: 0.3798 - mae: 0.2343 - mse: 0.1175 - ssim_metric: 0.4749
223/326 [===================>..........] - ETA: 1:22 - loss: 0.3796 - mae: 0.2342 - mse: 0.1175 - ssim_metric: 0.4750
224/326 [===================>..........] - ETA: 1:21 - loss: 0.3798 - mae: 0.2344 - mse: 0.1176 - ssim_metric: 0.4747
225/326 [===================>..........] - ETA: 1:21 - loss: 0.3800 - mae: 0.2345 - mse: 0.1176 - ssim_metric: 0.4745
226/326 [===================>..........] - ETA: 1:20 - loss: 0.3800 - mae: 0.2345 - mse: 0.1176 - ssim_metric: 0.4745
227/326 [===================>..........] - ETA: 1:19 - loss: 0.3798 - mae: 0.2344 - mse: 0.1176 - ssim_metric: 0.4748
228/326 [===================>..........] - ETA: 1:18 - loss: 0.3798 - mae: 0.2343 - mse: 0.1175 - ssim_metric: 0.4748
229/326 [====================>.........] - ETA: 1:17 - loss: 0.3801 - mae: 0.2346 - mse: 0.1177 - ssim_metric: 0.4744
230/326 [====================>.........] - ETA: 1:17 - loss: 0.3800 - mae: 0.2346 - mse: 0.1176 - ssim_metric: 0.4743
231/326 [====================>.........] - ETA: 1:16 - loss: 0.3800 - mae: 0.2345 - mse: 0.1176 - ssim_metric: 0.4743
232/326 [====================>.........] - ETA: 1:15 - loss: 0.3798 - mae: 0.2345 - mse: 0.1176 - ssim_metric: 0.4744
233/326 [====================>.........] - ETA: 1:14 - loss: 0.3800 - mae: 0.2345 - mse: 0.1176 - ssim_metric: 0.4745
234/326 [====================>.........] - ETA: 1:13 - loss: 0.3803 - mae: 0.2347 - mse: 0.1177 - ssim_metric: 0.4741
235/326 [====================>.........] - ETA: 1:13 - loss: 0.3802 - mae: 0.2347 - mse: 0.1177 - ssim_metric: 0.4741
236/326 [====================>.........] - ETA: 1:12 - loss: 0.3797 - mae: 0.2344 - mse: 0.1175 - ssim_metric: 0.4746
237/326 [====================>.........] - ETA: 1:11 - loss: 0.3795 - mae: 0.2343 - mse: 0.1175 - ssim_metric: 0.4750
238/326 [====================>.........] - ETA: 1:10 - loss: 0.3797 - mae: 0.2344 - mse: 0.1175 - ssim_metric: 0.4751
239/326 [====================>.........] - ETA: 1:09 - loss: 0.3792 - mae: 0.2340 - mse: 0.1174 - ssim_metric: 0.4757
240/326 [=====================>........] - ETA: 1:09 - loss: 0.3792 - mae: 0.2340 - mse: 0.1174 - ssim_metric: 0.4759
241/326 [=====================>........] - ETA: 1:08 - loss: 0.3791 - mae: 0.2339 - mse: 0.1173 - ssim_metric: 0.4761
242/326 [=====================>........] - ETA: 1:07 - loss: 0.3787 - mae: 0.2336 - mse: 0.1172 - ssim_metric: 0.4765
243/326 [=====================>........] - ETA: 1:06 - loss: 0.3786 - mae: 0.2335 - mse: 0.1172 - ssim_metric: 0.4769
244/326 [=====================>........] - ETA: 1:05 - loss: 0.3787 - mae: 0.2336 - mse: 0.1172 - ssim_metric: 0.4769
245/326 [=====================>........] - ETA: 1:05 - loss: 0.3788 - mae: 0.2336 - mse: 0.1172 - ssim_metric: 0.4767
246/326 [=====================>........] - ETA: 1:04 - loss: 0.3787 - mae: 0.2335 - mse: 0.1172 - ssim_metric: 0.4769
247/326 [=====================>........] - ETA: 1:03 - loss: 0.3787 - mae: 0.2336 - mse: 0.1172 - ssim_metric: 0.4768
248/326 [=====================>........] - ETA: 1:02 - loss: 0.3790 - mae: 0.2337 - mse: 0.1173 - ssim_metric: 0.4766
249/326 [=====================>........] - ETA: 1:01 - loss: 0.3792 - mae: 0.2339 - mse: 0.1174 - ssim_metric: 0.4763
250/326 [======================>.......] - ETA: 1:01 - loss: 0.3791 - mae: 0.2339 - mse: 0.1173 - ssim_metric: 0.4761
251/326 [======================>.......] - ETA: 1:00 - loss: 0.3789 - mae: 0.2339 - mse: 0.1173 - ssim_metric: 0.4761
252/326 [======================>.......] - ETA: 59s - loss: 0.3785 - mae: 0.2337 - mse: 0.1171 - ssim_metric: 0.4762 
253/326 [======================>.......] - ETA: 58s - loss: 0.3791 - mae: 0.2339 - mse: 0.1174 - ssim_metric: 0.4761
254/326 [======================>.......] - ETA: 57s - loss: 0.3791 - mae: 0.2340 - mse: 0.1174 - ssim_metric: 0.4761
255/326 [======================>.......] - ETA: 56s - loss: 0.3788 - mae: 0.2339 - mse: 0.1172 - ssim_metric: 0.4762
256/326 [======================>.......] - ETA: 56s - loss: 0.3790 - mae: 0.2340 - mse: 0.1173 - ssim_metric: 0.4762
257/326 [======================>.......] - ETA: 55s - loss: 0.3790 - mae: 0.2340 - mse: 0.1173 - ssim_metric: 0.4762
258/326 [======================>.......] - ETA: 54s - loss: 0.3793 - mae: 0.2340 - mse: 0.1174 - ssim_metric: 0.4762
259/326 [======================>.......] - ETA: 53s - loss: 0.3795 - mae: 0.2341 - mse: 0.1175 - ssim_metric: 0.4759
260/326 [======================>.......] - ETA: 52s - loss: 0.3792 - mae: 0.2340 - mse: 0.1174 - ssim_metric: 0.4761
261/326 [=======================>......] - ETA: 52s - loss: 0.3793 - mae: 0.2340 - mse: 0.1174 - ssim_metric: 0.4761
262/326 [=======================>......] - ETA: 51s - loss: 0.3790 - mae: 0.2338 - mse: 0.1173 - ssim_metric: 0.4763
263/326 [=======================>......] - ETA: 50s - loss: 0.3795 - mae: 0.2340 - mse: 0.1174 - ssim_metric: 0.4761
264/326 [=======================>......] - ETA: 49s - loss: 0.3795 - mae: 0.2340 - mse: 0.1175 - ssim_metric: 0.4761
265/326 [=======================>......] - ETA: 48s - loss: 0.3796 - mae: 0.2341 - mse: 0.1175 - ssim_metric: 0.4759
266/326 [=======================>......] - ETA: 48s - loss: 0.3797 - mae: 0.2343 - mse: 0.1175 - ssim_metric: 0.4755
267/326 [=======================>......] - ETA: 47s - loss: 0.3798 - mae: 0.2344 - mse: 0.1176 - ssim_metric: 0.4752
268/326 [=======================>......] - ETA: 46s - loss: 0.3798 - mae: 0.2345 - mse: 0.1176 - ssim_metric: 0.4749
269/326 [=======================>......] - ETA: 45s - loss: 0.3797 - mae: 0.2345 - mse: 0.1175 - ssim_metric: 0.4748
270/326 [=======================>......] - ETA: 44s - loss: 0.3799 - mae: 0.2346 - mse: 0.1176 - ssim_metric: 0.4746
271/326 [=======================>......] - ETA: 44s - loss: 0.3800 - mae: 0.2347 - mse: 0.1177 - ssim_metric: 0.4746
272/326 [========================>.....] - ETA: 43s - loss: 0.3800 - mae: 0.2347 - mse: 0.1177 - ssim_metric: 0.4746
273/326 [========================>.....] - ETA: 42s - loss: 0.3797 - mae: 0.2345 - mse: 0.1175 - ssim_metric: 0.4748
274/326 [========================>.....] - ETA: 41s - loss: 0.3798 - mae: 0.2346 - mse: 0.1176 - ssim_metric: 0.4747
275/326 [========================>.....] - ETA: 40s - loss: 0.3799 - mae: 0.2346 - mse: 0.1176 - ssim_metric: 0.4749
276/326 [========================>.....] - ETA: 40s - loss: 0.3799 - mae: 0.2346 - mse: 0.1176 - ssim_metric: 0.4749
277/326 [========================>.....] - ETA: 39s - loss: 0.3802 - mae: 0.2348 - mse: 0.1177 - ssim_metric: 0.4746
278/326 [========================>.....] - ETA: 38s - loss: 0.3801 - mae: 0.2347 - mse: 0.1177 - ssim_metric: 0.4747
279/326 [========================>.....] - ETA: 37s - loss: 0.3799 - mae: 0.2346 - mse: 0.1176 - ssim_metric: 0.4750
280/326 [========================>.....] - ETA: 36s - loss: 0.3797 - mae: 0.2345 - mse: 0.1176 - ssim_metric: 0.4750
281/326 [========================>.....] - ETA: 36s - loss: 0.3801 - mae: 0.2346 - mse: 0.1177 - ssim_metric: 0.4749
282/326 [========================>.....] - ETA: 35s - loss: 0.3802 - mae: 0.2347 - mse: 0.1177 - ssim_metric: 0.4749
283/326 [=========================>....] - ETA: 34s - loss: 0.3806 - mae: 0.2349 - mse: 0.1179 - ssim_metric: 0.4747
284/326 [=========================>....] - ETA: 33s - loss: 0.3805 - mae: 0.2349 - mse: 0.1178 - ssim_metric: 0.4746
285/326 [=========================>....] - ETA: 32s - loss: 0.3807 - mae: 0.2350 - mse: 0.1179 - ssim_metric: 0.4743
286/326 [=========================>....] - ETA: 32s - loss: 0.3808 - mae: 0.2351 - mse: 0.1179 - ssim_metric: 0.4741
287/326 [=========================>....] - ETA: 31s - loss: 0.3812 - mae: 0.2353 - mse: 0.1181 - ssim_metric: 0.4739
288/326 [=========================>....] - ETA: 30s - loss: 0.3815 - mae: 0.2355 - mse: 0.1182 - ssim_metric: 0.4737
289/326 [=========================>....] - ETA: 29s - loss: 0.3815 - mae: 0.2355 - mse: 0.1182 - ssim_metric: 0.4736
290/326 [=========================>....] - ETA: 28s - loss: 0.3818 - mae: 0.2357 - mse: 0.1183 - ssim_metric: 0.4734
291/326 [=========================>....] - ETA: 28s - loss: 0.3820 - mae: 0.2358 - mse: 0.1184 - ssim_metric: 0.4732
292/326 [=========================>....] - ETA: 27s - loss: 0.3818 - mae: 0.2357 - mse: 0.1183 - ssim_metric: 0.4731
293/326 [=========================>....] - ETA: 26s - loss: 0.3817 - mae: 0.2357 - mse: 0.1182 - ssim_metric: 0.4731
294/326 [==========================>...] - ETA: 25s - loss: 0.3819 - mae: 0.2359 - mse: 0.1183 - ssim_metric: 0.4729
295/326 [==========================>...] - ETA: 24s - loss: 0.3819 - mae: 0.2360 - mse: 0.1183 - ssim_metric: 0.4727
296/326 [==========================>...] - ETA: 24s - loss: 0.3817 - mae: 0.2359 - mse: 0.1182 - ssim_metric: 0.4729
297/326 [==========================>...] - ETA: 23s - loss: 0.3818 - mae: 0.2359 - mse: 0.1183 - ssim_metric: 0.4729
298/326 [==========================>...] - ETA: 22s - loss: 0.3814 - mae: 0.2357 - mse: 0.1181 - ssim_metric: 0.4733
299/326 [==========================>...] - ETA: 21s - loss: 0.3812 - mae: 0.2356 - mse: 0.1181 - ssim_metric: 0.4735
300/326 [==========================>...] - ETA: 20s - loss: 0.3812 - mae: 0.2356 - mse: 0.1181 - ssim_metric: 0.4737
301/326 [==========================>...] - ETA: 20s - loss: 0.3809 - mae: 0.2354 - mse: 0.1180 - ssim_metric: 0.4741
302/326 [==========================>...] - ETA: 19s - loss: 0.3813 - mae: 0.2355 - mse: 0.1181 - ssim_metric: 0.4738
303/326 [==========================>...] - ETA: 18s - loss: 0.3813 - mae: 0.2355 - mse: 0.1181 - ssim_metric: 0.4739
304/326 [==========================>...] - ETA: 17s - loss: 0.3814 - mae: 0.2355 - mse: 0.1182 - ssim_metric: 0.4739
305/326 [===========================>..] - ETA: 16s - loss: 0.3814 - mae: 0.2355 - mse: 0.1182 - ssim_metric: 0.4738
306/326 [===========================>..] - ETA: 16s - loss: 0.3814 - mae: 0.2355 - mse: 0.1182 - ssim_metric: 0.4737
307/326 [===========================>..] - ETA: 15s - loss: 0.3815 - mae: 0.2356 - mse: 0.1182 - ssim_metric: 0.4736
308/326 [===========================>..] - ETA: 14s - loss: 0.3814 - mae: 0.2355 - mse: 0.1181 - ssim_metric: 0.4737
309/326 [===========================>..] - ETA: 13s - loss: 0.3814 - mae: 0.2355 - mse: 0.1181 - ssim_metric: 0.4737
310/326 [===========================>..] - ETA: 12s - loss: 0.3813 - mae: 0.2355 - mse: 0.1181 - ssim_metric: 0.4735
311/326 [===========================>..] - ETA: 12s - loss: 0.3812 - mae: 0.2355 - mse: 0.1181 - ssim_metric: 0.4736
312/326 [===========================>..] - ETA: 11s - loss: 0.3811 - mae: 0.2355 - mse: 0.1181 - ssim_metric: 0.4735
313/326 [===========================>..] - ETA: 10s - loss: 0.3813 - mae: 0.2356 - mse: 0.1181 - ssim_metric: 0.4734
314/326 [===========================>..] - ETA: 9s - loss: 0.3815 - mae: 0.2356 - mse: 0.1182 - ssim_metric: 0.4736 
315/326 [===========================>..] - ETA: 8s - loss: 0.3817 - mae: 0.2357 - mse: 0.1182 - ssim_metric: 0.4734
316/326 [============================>.] - ETA: 8s - loss: 0.3816 - mae: 0.2357 - mse: 0.1182 - ssim_metric: 0.4733
317/326 [============================>.] - ETA: 7s - loss: 0.3815 - mae: 0.2356 - mse: 0.1182 - ssim_metric: 0.4735
318/326 [============================>.] - ETA: 6s - loss: 0.3813 - mae: 0.2355 - mse: 0.1181 - ssim_metric: 0.4736
319/326 [============================>.] - ETA: 5s - loss: 0.3818 - mae: 0.2357 - mse: 0.1183 - ssim_metric: 0.4733
320/326 [============================>.] - ETA: 4s - loss: 0.3817 - mae: 0.2357 - mse: 0.1183 - ssim_metric: 0.4732
321/326 [============================>.] - ETA: 4s - loss: 0.3818 - mae: 0.2358 - mse: 0.1183 - ssim_metric: 0.4730
322/326 [============================>.] - ETA: 3s - loss: 0.3817 - mae: 0.2358 - mse: 0.1182 - ssim_metric: 0.4730
323/326 [============================>.] - ETA: 2s - loss: 0.3816 - mae: 0.2357 - mse: 0.1182 - ssim_metric: 0.4731
324/326 [============================>.] - ETA: 1s - loss: 0.3821 - mae: 0.2359 - mse: 0.1184 - ssim_metric: 0.4728
325/326 [============================>.] - ETA: 0s - loss: 0.3821 - mae: 0.2359 - mse: 0.1184 - ssim_metric: 0.4728
326/326 [==============================] - ETA: 0s - loss: 0.3822 - mae: 0.2360 - mse: 0.1184 - ssim_metric: 0.4729
Epoch 19: saving model to C:\d_surucusu\visual_navigation\benchmark\models_pipeline\20260909_223425\bce_b16\_JOB_bce_b16_10_09_2026__07_13_model_f48_k4_epoch_00019_helu_osigmoid_(1, 1)_.h5

Epoch 19: val_loss improved from 0.34863 to 0.34710, saving model to C:\d_surucusu\visual_navigation\benchmark\models_pipeline\20260909_223425\bce_b16\_JOB_bce_b16_10_09_2026__07_13_best_val_loss_model_f48_k4.h5

Epoch 19: val_mae improved from 0.21805 to 0.21601, saving model to C:\d_surucusu\visual_navigation\benchmark\models_pipeline\20260909_223425\bce_b16\_JOB_bce_b16_10_09_2026__07_13_best_mae_model_f48_k4.h5

Epoch 19: val_ssim_metric did not improve from 0.56049

326/326 [==============================] - 278s 851ms/step - loss: 0.3822 - mae: 0.2360 - mse: 0.1184 - ssim_metric: 0.4729 - val_loss: 0.3471 - val_mae: 0.2160 - val_mse: 0.1056 - val_ssim_metric: 0.5137
Epoch 20/20

  1/326 [..............................] - ETA: 4:37 - loss: 0.4060 - mae: 0.2476 - mse: 0.1301 - ssim_metric: 0.4485
  2/326 [..............................] - ETA: 4:19 - loss: 0.4051 - mae: 0.2428 - mse: 0.1277 - ssim_metric: 0.4758
  3/326 [..............................] - ETA: 4:18 - loss: 0.4242 - mae: 0.2584 - mse: 0.1345 - ssim_metric: 0.4493
  4/326 [..............................] - ETA: 4:17 - loss: 0.4164 - mae: 0.2566 - mse: 0.1317 - ssim_metric: 0.4416
  5/326 [..............................] - ETA: 4:17 - loss: 0.4066 - mae: 0.2541 - mse: 0.1281 - ssim_metric: 0.4422
  6/326 [..............................] - ETA: 4:16 - loss: 0.4055 - mae: 0.2575 - mse: 0.1278 - ssim_metric: 0.4276
  7/326 [..............................] - ETA: 4:16 - loss: 0.4037 - mae: 0.2585 - mse: 0.1270 - ssim_metric: 0.4222
  8/326 [..............................] - ETA: 4:15 - loss: 0.3927 - mae: 0.2524 - mse: 0.1226 - ssim_metric: 0.4301
  9/326 [..............................] - ETA: 4:14 - loss: 0.3826 - mae: 0.2465 - mse: 0.1189 - ssim_metric: 0.4415
 10/326 [..............................] - ETA: 4:13 - loss: 0.3797 - mae: 0.2440 - mse: 0.1179 - ssim_metric: 0.4498
 11/326 [>.............................] - ETA: 4:12 - loss: 0.3828 - mae: 0.2444 - mse: 0.1194 - ssim_metric: 0.4547
 12/326 [>.............................] - ETA: 4:11 - loss: 0.3831 - mae: 0.2425 - mse: 0.1195 - ssim_metric: 0.4609
 13/326 [>.............................] - ETA: 4:11 - loss: 0.3879 - mae: 0.2426 - mse: 0.1212 - ssim_metric: 0.4646
 14/326 [>.............................] - ETA: 4:10 - loss: 0.4003 - mae: 0.2469 - mse: 0.1254 - ssim_metric: 0.4602
 15/326 [>.............................] - ETA: 4:09 - loss: 0.3907 - mae: 0.2415 - mse: 0.1219 - ssim_metric: 0.4716
 16/326 [>.............................] - ETA: 4:08 - loss: 0.3945 - mae: 0.2433 - mse: 0.1234 - ssim_metric: 0.4704
 17/326 [>.............................] - ETA: 4:08 - loss: 0.3934 - mae: 0.2433 - mse: 0.1230 - ssim_metric: 0.4706
 18/326 [>.............................] - ETA: 4:07 - loss: 0.3960 - mae: 0.2460 - mse: 0.1241 - ssim_metric: 0.4646
 19/326 [>.............................] - ETA: 4:06 - loss: 0.3964 - mae: 0.2473 - mse: 0.1242 - ssim_metric: 0.4614
 20/326 [>.............................] - ETA: 4:05 - loss: 0.3924 - mae: 0.2464 - mse: 0.1225 - ssim_metric: 0.4601
 21/326 [>.............................] - ETA: 4:04 - loss: 0.3877 - mae: 0.2442 - mse: 0.1207 - ssim_metric: 0.4621
 22/326 [=>............................] - ETA: 4:03 - loss: 0.3836 - mae: 0.2420 - mse: 0.1192 - ssim_metric: 0.4651
 23/326 [=>............................] - ETA: 4:03 - loss: 0.3799 - mae: 0.2393 - mse: 0.1179 - ssim_metric: 0.4716
 24/326 [=>............................] - ETA: 4:02 - loss: 0.3787 - mae: 0.2381 - mse: 0.1174 - ssim_metric: 0.4740
 25/326 [=>............................] - ETA: 4:01 - loss: 0.3823 - mae: 0.2391 - mse: 0.1187 - ssim_metric: 0.4726
 26/326 [=>............................] - ETA: 4:00 - loss: 0.3836 - mae: 0.2390 - mse: 0.1192 - ssim_metric: 0.4735
 27/326 [=>............................] - ETA: 3:59 - loss: 0.3825 - mae: 0.2380 - mse: 0.1188 - ssim_metric: 0.4756
 28/326 [=>............................] - ETA: 3:59 - loss: 0.3846 - mae: 0.2379 - mse: 0.1193 - ssim_metric: 0.4763
 29/326 [=>............................] - ETA: 3:58 - loss: 0.3832 - mae: 0.2371 - mse: 0.1189 - ssim_metric: 0.4772
 30/326 [=>............................] - ETA: 3:57 - loss: 0.3867 - mae: 0.2382 - mse: 0.1200 - ssim_metric: 0.4757
 31/326 [=>............................] - ETA: 3:56 - loss: 0.3866 - mae: 0.2385 - mse: 0.1200 - ssim_metric: 0.4740
 32/326 [=>............................] - ETA: 3:55 - loss: 0.3877 - mae: 0.2396 - mse: 0.1205 - ssim_metric: 0.4711
 33/326 [==>...........................] - ETA: 3:55 - loss: 0.3848 - mae: 0.2387 - mse: 0.1193 - ssim_metric: 0.4710
 34/326 [==>...........................] - ETA: 3:54 - loss: 0.3860 - mae: 0.2398 - mse: 0.1198 - ssim_metric: 0.4677
 35/326 [==>...........................] - ETA: 3:53 - loss: 0.3839 - mae: 0.2389 - mse: 0.1191 - ssim_metric: 0.4686
 36/326 [==>...........................] - ETA: 3:52 - loss: 0.3840 - mae: 0.2393 - mse: 0.1191 - ssim_metric: 0.4672
 37/326 [==>...........................] - ETA: 3:52 - loss: 0.3809 - mae: 0.2375 - mse: 0.1180 - ssim_metric: 0.4700
 38/326 [==>...........................] - ETA: 3:51 - loss: 0.3790 - mae: 0.2363 - mse: 0.1173 - ssim_metric: 0.4718
 39/326 [==>...........................] - ETA: 3:50 - loss: 0.3790 - mae: 0.2358 - mse: 0.1172 - ssim_metric: 0.4728
 40/326 [==>...........................] - ETA: 3:49 - loss: 0.3775 - mae: 0.2347 - mse: 0.1167 - ssim_metric: 0.4747
 41/326 [==>...........................] - ETA: 3:48 - loss: 0.3756 - mae: 0.2332 - mse: 0.1161 - ssim_metric: 0.4782
 42/326 [==>...........................] - ETA: 3:47 - loss: 0.3717 - mae: 0.2307 - mse: 0.1147 - ssim_metric: 0.4828
 43/326 [==>...........................] - ETA: 3:47 - loss: 0.3718 - mae: 0.2300 - mse: 0.1147 - ssim_metric: 0.4843
 44/326 [===>..........................] - ETA: 3:46 - loss: 0.3728 - mae: 0.2299 - mse: 0.1151 - ssim_metric: 0.4850
 45/326 [===>..........................] - ETA: 3:45 - loss: 0.3749 - mae: 0.2308 - mse: 0.1159 - ssim_metric: 0.4829
 46/326 [===>..........................] - ETA: 3:44 - loss: 0.3751 - mae: 0.2309 - mse: 0.1160 - ssim_metric: 0.4831
 47/326 [===>..........................] - ETA: 3:43 - loss: 0.3738 - mae: 0.2304 - mse: 0.1155 - ssim_metric: 0.4833
 48/326 [===>..........................] - ETA: 3:43 - loss: 0.3709 - mae: 0.2290 - mse: 0.1145 - ssim_metric: 0.4845
 49/326 [===>..........................] - ETA: 3:42 - loss: 0.3745 - mae: 0.2302 - mse: 0.1156 - ssim_metric: 0.4828
 50/326 [===>..........................] - ETA: 3:41 - loss: 0.3742 - mae: 0.2303 - mse: 0.1155 - ssim_metric: 0.4825
 51/326 [===>..........................] - ETA: 3:40 - loss: 0.3724 - mae: 0.2297 - mse: 0.1148 - ssim_metric: 0.4819
 52/326 [===>..........................] - ETA: 3:39 - loss: 0.3730 - mae: 0.2300 - mse: 0.1150 - ssim_metric: 0.4816
 53/326 [===>..........................] - ETA: 3:39 - loss: 0.3725 - mae: 0.2297 - mse: 0.1148 - ssim_metric: 0.4815
 54/326 [===>..........................] - ETA: 3:38 - loss: 0.3734 - mae: 0.2299 - mse: 0.1151 - ssim_metric: 0.4815
 55/326 [====>.........................] - ETA: 3:37 - loss: 0.3737 - mae: 0.2302 - mse: 0.1153 - ssim_metric: 0.4811
 56/326 [====>.........................] - ETA: 3:36 - loss: 0.3734 - mae: 0.2302 - mse: 0.1152 - ssim_metric: 0.4807
 57/326 [====>.........................] - ETA: 3:35 - loss: 0.3721 - mae: 0.2296 - mse: 0.1147 - ssim_metric: 0.4814
 58/326 [====>.........................] - ETA: 3:35 - loss: 0.3733 - mae: 0.2301 - mse: 0.1152 - ssim_metric: 0.4809
 59/326 [====>.........................] - ETA: 3:34 - loss: 0.3742 - mae: 0.2305 - mse: 0.1155 - ssim_metric: 0.4802
 60/326 [====>.........................] - ETA: 3:33 - loss: 0.3749 - mae: 0.2309 - mse: 0.1158 - ssim_metric: 0.4798
 61/326 [====>.........................] - ETA: 3:32 - loss: 0.3729 - mae: 0.2299 - mse: 0.1151 - ssim_metric: 0.4817
 62/326 [====>.........................] - ETA: 3:31 - loss: 0.3714 - mae: 0.2292 - mse: 0.1145 - ssim_metric: 0.4824
 63/326 [====>.........................] - ETA: 3:31 - loss: 0.3722 - mae: 0.2296 - mse: 0.1148 - ssim_metric: 0.4814
 64/326 [====>.........................] - ETA: 3:30 - loss: 0.3711 - mae: 0.2291 - mse: 0.1144 - ssim_metric: 0.4826
 65/326 [====>.........................] - ETA: 3:29 - loss: 0.3698 - mae: 0.2283 - mse: 0.1139 - ssim_metric: 0.4843
 66/326 [=====>........................] - ETA: 3:28 - loss: 0.3711 - mae: 0.2289 - mse: 0.1144 - ssim_metric: 0.4835
 67/326 [=====>........................] - ETA: 3:27 - loss: 0.3710 - mae: 0.2289 - mse: 0.1144 - ssim_metric: 0.4831
 68/326 [=====>........................] - ETA: 3:27 - loss: 0.3708 - mae: 0.2285 - mse: 0.1144 - ssim_metric: 0.4838
 69/326 [=====>........................] - ETA: 3:26 - loss: 0.3710 - mae: 0.2286 - mse: 0.1145 - ssim_metric: 0.4835
 70/326 [=====>........................] - ETA: 3:25 - loss: 0.3708 - mae: 0.2285 - mse: 0.1145 - ssim_metric: 0.4839
 71/326 [=====>........................] - ETA: 3:24 - loss: 0.3707 - mae: 0.2284 - mse: 0.1144 - ssim_metric: 0.4838
 72/326 [=====>........................] - ETA: 3:23 - loss: 0.3731 - mae: 0.2292 - mse: 0.1152 - ssim_metric: 0.4825
 73/326 [=====>........................] - ETA: 3:23 - loss: 0.3731 - mae: 0.2292 - mse: 0.1152 - ssim_metric: 0.4824
 74/326 [=====>........................] - ETA: 3:22 - loss: 0.3727 - mae: 0.2292 - mse: 0.1150 - ssim_metric: 0.4817
 75/326 [=====>........................] - ETA: 3:21 - loss: 0.3718 - mae: 0.2290 - mse: 0.1147 - ssim_metric: 0.4816
 76/326 [=====>........................] - ETA: 3:20 - loss: 0.3705 - mae: 0.2284 - mse: 0.1142 - ssim_metric: 0.4819
 77/326 [======>.......................] - ETA: 3:19 - loss: 0.3711 - mae: 0.2289 - mse: 0.1144 - ssim_metric: 0.4806
 78/326 [======>.......................] - ETA: 3:19 - loss: 0.3708 - mae: 0.2289 - mse: 0.1144 - ssim_metric: 0.4806
 79/326 [======>.......................] - ETA: 3:18 - loss: 0.3718 - mae: 0.2292 - mse: 0.1147 - ssim_metric: 0.4807
 80/326 [======>.......................] - ETA: 3:17 - loss: 0.3725 - mae: 0.2294 - mse: 0.1150 - ssim_metric: 0.4806
 81/326 [======>.......................] - ETA: 3:16 - loss: 0.3721 - mae: 0.2291 - mse: 0.1149 - ssim_metric: 0.4812
 82/326 [======>.......................] - ETA: 3:15 - loss: 0.3723 - mae: 0.2291 - mse: 0.1149 - ssim_metric: 0.4813
 83/326 [======>.......................] - ETA: 3:15 - loss: 0.3721 - mae: 0.2291 - mse: 0.1149 - ssim_metric: 0.4810
 84/326 [======>.......................] - ETA: 3:14 - loss: 0.3726 - mae: 0.2294 - mse: 0.1151 - ssim_metric: 0.4805
 85/326 [======>.......................] - ETA: 3:13 - loss: 0.3716 - mae: 0.2290 - mse: 0.1147 - ssim_metric: 0.4809
 86/326 [======>.......................] - ETA: 3:12 - loss: 0.3717 - mae: 0.2292 - mse: 0.1147 - ssim_metric: 0.4804
 87/326 [=======>......................] - ETA: 3:11 - loss: 0.3714 - mae: 0.2291 - mse: 0.1146 - ssim_metric: 0.4805
 88/326 [=======>......................] - ETA: 3:11 - loss: 0.3706 - mae: 0.2287 - mse: 0.1143 - ssim_metric: 0.4807
 89/326 [=======>......................] - ETA: 3:10 - loss: 0.3700 - mae: 0.2284 - mse: 0.1142 - ssim_metric: 0.4812
 90/326 [=======>......................] - ETA: 3:09 - loss: 0.3710 - mae: 0.2287 - mse: 0.1145 - ssim_metric: 0.4808
 91/326 [=======>......................] - ETA: 3:08 - loss: 0.3708 - mae: 0.2285 - mse: 0.1145 - ssim_metric: 0.4813
 92/326 [=======>......................] - ETA: 3:07 - loss: 0.3706 - mae: 0.2284 - mse: 0.1144 - ssim_metric: 0.4815
 93/326 [=======>......................] - ETA: 3:07 - loss: 0.3716 - mae: 0.2286 - mse: 0.1147 - ssim_metric: 0.4819
 94/326 [=======>......................] - ETA: 3:06 - loss: 0.3724 - mae: 0.2286 - mse: 0.1149 - ssim_metric: 0.4821
 95/326 [=======>......................] - ETA: 3:05 - loss: 0.3734 - mae: 0.2291 - mse: 0.1153 - ssim_metric: 0.4815
 96/326 [=======>......................] - ETA: 3:04 - loss: 0.3730 - mae: 0.2289 - mse: 0.1151 - ssim_metric: 0.4817
 97/326 [=======>......................] - ETA: 3:03 - loss: 0.3729 - mae: 0.2291 - mse: 0.1151 - ssim_metric: 0.4815
 98/326 [========>.....................] - ETA: 3:03 - loss: 0.3722 - mae: 0.2289 - mse: 0.1148 - ssim_metric: 0.4815
 99/326 [========>.....................] - ETA: 3:02 - loss: 0.3718 - mae: 0.2289 - mse: 0.1147 - ssim_metric: 0.4814
100/326 [========>.....................] - ETA: 3:01 - loss: 0.3718 - mae: 0.2290 - mse: 0.1147 - ssim_metric: 0.4810
101/326 [========>.....................] - ETA: 3:00 - loss: 0.3712 - mae: 0.2288 - mse: 0.1145 - ssim_metric: 0.4811
102/326 [========>.....................] - ETA: 2:59 - loss: 0.3705 - mae: 0.2286 - mse: 0.1142 - ssim_metric: 0.4813
103/326 [========>.....................] - ETA: 2:58 - loss: 0.3721 - mae: 0.2290 - mse: 0.1147 - ssim_metric: 0.4809
104/326 [========>.....................] - ETA: 2:58 - loss: 0.3721 - mae: 0.2289 - mse: 0.1147 - ssim_metric: 0.4812
105/326 [========>.....................] - ETA: 2:57 - loss: 0.3716 - mae: 0.2286 - mse: 0.1145 - ssim_metric: 0.4818
106/326 [========>.....................] - ETA: 2:56 - loss: 0.3707 - mae: 0.2282 - mse: 0.1142 - ssim_metric: 0.4828
107/326 [========>.....................] - ETA: 2:55 - loss: 0.3706 - mae: 0.2280 - mse: 0.1142 - ssim_metric: 0.4832
108/326 [========>.....................] - ETA: 2:54 - loss: 0.3728 - mae: 0.2286 - mse: 0.1148 - ssim_metric: 0.4828
109/326 [=========>....................] - ETA: 2:54 - loss: 0.3725 - mae: 0.2284 - mse: 0.1147 - ssim_metric: 0.4835
110/326 [=========>....................] - ETA: 2:53 - loss: 0.3730 - mae: 0.2287 - mse: 0.1149 - ssim_metric: 0.4831
111/326 [=========>....................] - ETA: 2:52 - loss: 0.3727 - mae: 0.2286 - mse: 0.1148 - ssim_metric: 0.4832
112/326 [=========>....................] - ETA: 2:51 - loss: 0.3728 - mae: 0.2287 - mse: 0.1148 - ssim_metric: 0.4828
113/326 [=========>....................] - ETA: 2:50 - loss: 0.3728 - mae: 0.2288 - mse: 0.1148 - ssim_metric: 0.4828
114/326 [=========>....................] - ETA: 2:50 - loss: 0.3725 - mae: 0.2288 - mse: 0.1147 - ssim_metric: 0.4827
115/326 [=========>....................] - ETA: 2:49 - loss: 0.3727 - mae: 0.2291 - mse: 0.1148 - ssim_metric: 0.4822
116/326 [=========>....................] - ETA: 2:48 - loss: 0.3729 - mae: 0.2293 - mse: 0.1149 - ssim_metric: 0.4819
117/326 [=========>....................] - ETA: 2:47 - loss: 0.3733 - mae: 0.2295 - mse: 0.1150 - ssim_metric: 0.4815
118/326 [=========>....................] - ETA: 2:46 - loss: 0.3727 - mae: 0.2293 - mse: 0.1148 - ssim_metric: 0.4822
119/326 [=========>....................] - ETA: 2:46 - loss: 0.3724 - mae: 0.2291 - mse: 0.1147 - ssim_metric: 0.4827
120/326 [==========>...................] - ETA: 2:45 - loss: 0.3722 - mae: 0.2290 - mse: 0.1146 - ssim_metric: 0.4830
121/326 [==========>...................] - ETA: 2:44 - loss: 0.3717 - mae: 0.2287 - mse: 0.1144 - ssim_metric: 0.4838
122/326 [==========>...................] - ETA: 2:43 - loss: 0.3721 - mae: 0.2287 - mse: 0.1146 - ssim_metric: 0.4842
123/326 [==========>...................] - ETA: 2:42 - loss: 0.3725 - mae: 0.2288 - mse: 0.1147 - ssim_metric: 0.4841
124/326 [==========>...................] - ETA: 2:42 - loss: 0.3730 - mae: 0.2290 - mse: 0.1149 - ssim_metric: 0.4837
125/326 [==========>...................] - ETA: 2:41 - loss: 0.3731 - mae: 0.2289 - mse: 0.1149 - ssim_metric: 0.4840
126/326 [==========>...................] - ETA: 2:40 - loss: 0.3728 - mae: 0.2288 - mse: 0.1148 - ssim_metric: 0.4838
127/326 [==========>...................] - ETA: 2:39 - loss: 0.3724 - mae: 0.2288 - mse: 0.1147 - ssim_metric: 0.4837
128/326 [==========>...................] - ETA: 2:38 - loss: 0.3720 - mae: 0.2285 - mse: 0.1145 - ssim_metric: 0.4838
129/326 [==========>...................] - ETA: 2:38 - loss: 0.3720 - mae: 0.2286 - mse: 0.1145 - ssim_metric: 0.4840
130/326 [==========>...................] - ETA: 2:37 - loss: 0.3730 - mae: 0.2291 - mse: 0.1149 - ssim_metric: 0.4831
131/326 [===========>..................] - ETA: 2:36 - loss: 0.3733 - mae: 0.2293 - mse: 0.1150 - ssim_metric: 0.4831
132/326 [===========>..................] - ETA: 2:35 - loss: 0.3734 - mae: 0.2293 - mse: 0.1150 - ssim_metric: 0.4833
133/326 [===========>..................] - ETA: 2:34 - loss: 0.3732 - mae: 0.2293 - mse: 0.1150 - ssim_metric: 0.4834
134/326 [===========>..................] - ETA: 2:34 - loss: 0.3736 - mae: 0.2295 - mse: 0.1151 - ssim_metric: 0.4830
135/326 [===========>..................] - ETA: 2:33 - loss: 0.3740 - mae: 0.2298 - mse: 0.1153 - ssim_metric: 0.4825
136/326 [===========>..................] - ETA: 2:32 - loss: 0.3741 - mae: 0.2300 - mse: 0.1153 - ssim_metric: 0.4821
137/326 [===========>..................] - ETA: 2:31 - loss: 0.3737 - mae: 0.2299 - mse: 0.1152 - ssim_metric: 0.4820
138/326 [===========>..................] - ETA: 2:30 - loss: 0.3740 - mae: 0.2302 - mse: 0.1153 - ssim_metric: 0.4813
139/326 [===========>..................] - ETA: 2:30 - loss: 0.3739 - mae: 0.2302 - mse: 0.1153 - ssim_metric: 0.4811
140/326 [===========>..................] - ETA: 2:29 - loss: 0.3740 - mae: 0.2303 - mse: 0.1153 - ssim_metric: 0.4810
141/326 [===========>..................] - ETA: 2:28 - loss: 0.3740 - mae: 0.2303 - mse: 0.1153 - ssim_metric: 0.4811
142/326 [============>.................] - ETA: 2:27 - loss: 0.3737 - mae: 0.2301 - mse: 0.1152 - ssim_metric: 0.4816
143/326 [============>.................] - ETA: 2:26 - loss: 0.3739 - mae: 0.2302 - mse: 0.1153 - ssim_metric: 0.4814
144/326 [============>.................] - ETA: 2:26 - loss: 0.3737 - mae: 0.2300 - mse: 0.1152 - ssim_metric: 0.4816
145/326 [============>.................] - ETA: 2:25 - loss: 0.3735 - mae: 0.2299 - mse: 0.1152 - ssim_metric: 0.4821
146/326 [============>.................] - ETA: 2:24 - loss: 0.3733 - mae: 0.2297 - mse: 0.1151 - ssim_metric: 0.4825
147/326 [============>.................] - ETA: 2:23 - loss: 0.3740 - mae: 0.2299 - mse: 0.1153 - ssim_metric: 0.4821
148/326 [============>.................] - ETA: 2:22 - loss: 0.3736 - mae: 0.2298 - mse: 0.1152 - ssim_metric: 0.4823
149/326 [============>.................] - ETA: 2:22 - loss: 0.3739 - mae: 0.2300 - mse: 0.1153 - ssim_metric: 0.4816
150/326 [============>.................] - ETA: 2:21 - loss: 0.3736 - mae: 0.2300 - mse: 0.1152 - ssim_metric: 0.4813
151/326 [============>.................] - ETA: 2:20 - loss: 0.3742 - mae: 0.2304 - mse: 0.1155 - ssim_metric: 0.4803
152/326 [============>.................] - ETA: 2:19 - loss: 0.3748 - mae: 0.2306 - mse: 0.1156 - ssim_metric: 0.4801
153/326 [=============>................] - ETA: 2:18 - loss: 0.3744 - mae: 0.2305 - mse: 0.1155 - ssim_metric: 0.4801
154/326 [=============>................] - ETA: 2:18 - loss: 0.3742 - mae: 0.2304 - mse: 0.1154 - ssim_metric: 0.4801
155/326 [=============>................] - ETA: 2:17 - loss: 0.3742 - mae: 0.2304 - mse: 0.1155 - ssim_metric: 0.4801
156/326 [=============>................] - ETA: 2:16 - loss: 0.3748 - mae: 0.2305 - mse: 0.1156 - ssim_metric: 0.4800
157/326 [=============>................] - ETA: 2:15 - loss: 0.3748 - mae: 0.2305 - mse: 0.1156 - ssim_metric: 0.4800
158/326 [=============>................] - ETA: 2:14 - loss: 0.3757 - mae: 0.2307 - mse: 0.1159 - ssim_metric: 0.4801
159/326 [=============>................] - ETA: 2:14 - loss: 0.3761 - mae: 0.2309 - mse: 0.1160 - ssim_metric: 0.4798
160/326 [=============>................] - ETA: 2:13 - loss: 0.3760 - mae: 0.2309 - mse: 0.1160 - ssim_metric: 0.4795
161/326 [=============>................] - ETA: 2:12 - loss: 0.3764 - mae: 0.2313 - mse: 0.1162 - ssim_metric: 0.4786
162/326 [=============>................] - ETA: 2:11 - loss: 0.3762 - mae: 0.2314 - mse: 0.1161 - ssim_metric: 0.4780
163/326 [==============>...............] - ETA: 2:10 - loss: 0.3760 - mae: 0.2314 - mse: 0.1160 - ssim_metric: 0.4778
164/326 [==============>...............] - ETA: 2:10 - loss: 0.3760 - mae: 0.2314 - mse: 0.1160 - ssim_metric: 0.4777
165/326 [==============>...............] - ETA: 2:09 - loss: 0.3762 - mae: 0.2315 - mse: 0.1161 - ssim_metric: 0.4776
166/326 [==============>...............] - ETA: 2:08 - loss: 0.3769 - mae: 0.2317 - mse: 0.1163 - ssim_metric: 0.4771
167/326 [==============>...............] - ETA: 2:07 - loss: 0.3770 - mae: 0.2318 - mse: 0.1164 - ssim_metric: 0.4768
168/326 [==============>...............] - ETA: 2:06 - loss: 0.3774 - mae: 0.2321 - mse: 0.1166 - ssim_metric: 0.4764
169/326 [==============>...............] - ETA: 2:06 - loss: 0.3772 - mae: 0.2321 - mse: 0.1165 - ssim_metric: 0.4765
170/326 [==============>...............] - ETA: 2:05 - loss: 0.3775 - mae: 0.2323 - mse: 0.1166 - ssim_metric: 0.4761
171/326 [==============>...............] - ETA: 2:04 - loss: 0.3774 - mae: 0.2323 - mse: 0.1166 - ssim_metric: 0.4762
172/326 [==============>...............] - ETA: 2:03 - loss: 0.3771 - mae: 0.2320 - mse: 0.1165 - ssim_metric: 0.4766
173/326 [==============>...............] - ETA: 2:02 - loss: 0.3774 - mae: 0.2322 - mse: 0.1166 - ssim_metric: 0.4764
174/326 [===============>..............] - ETA: 2:02 - loss: 0.3773 - mae: 0.2322 - mse: 0.1166 - ssim_metric: 0.4761
175/326 [===============>..............] - ETA: 2:01 - loss: 0.3775 - mae: 0.2324 - mse: 0.1166 - ssim_metric: 0.4758
176/326 [===============>..............] - ETA: 2:00 - loss: 0.3776 - mae: 0.2325 - mse: 0.1167 - ssim_metric: 0.4757
177/326 [===============>..............] - ETA: 1:59 - loss: 0.3778 - mae: 0.2326 - mse: 0.1168 - ssim_metric: 0.4756
178/326 [===============>..............] - ETA: 1:58 - loss: 0.3787 - mae: 0.2330 - mse: 0.1171 - ssim_metric: 0.4750
179/326 [===============>..............] - ETA: 1:57 - loss: 0.3789 - mae: 0.2332 - mse: 0.1172 - ssim_metric: 0.4746
180/326 [===============>..............] - ETA: 1:57 - loss: 0.3791 - mae: 0.2334 - mse: 0.1173 - ssim_metric: 0.4740
181/326 [===============>..............] - ETA: 1:56 - loss: 0.3797 - mae: 0.2340 - mse: 0.1175 - ssim_metric: 0.4731
182/326 [===============>..............] - ETA: 1:55 - loss: 0.3797 - mae: 0.2341 - mse: 0.1175 - ssim_metric: 0.4727
183/326 [===============>..............] - ETA: 1:54 - loss: 0.3796 - mae: 0.2342 - mse: 0.1175 - ssim_metric: 0.4726
184/326 [===============>..............] - ETA: 1:53 - loss: 0.3797 - mae: 0.2342 - mse: 0.1175 - ssim_metric: 0.4728
185/326 [================>.............] - ETA: 1:53 - loss: 0.3800 - mae: 0.2343 - mse: 0.1176 - ssim_metric: 0.4728
186/326 [================>.............] - ETA: 1:52 - loss: 0.3807 - mae: 0.2347 - mse: 0.1179 - ssim_metric: 0.4722
187/326 [================>.............] - ETA: 1:51 - loss: 0.3813 - mae: 0.2349 - mse: 0.1181 - ssim_metric: 0.4721
188/326 [================>.............] - ETA: 1:50 - loss: 0.3817 - mae: 0.2350 - mse: 0.1182 - ssim_metric: 0.4723
189/326 [================>.............] - ETA: 1:49 - loss: 0.3815 - mae: 0.2350 - mse: 0.1181 - ssim_metric: 0.4721
190/326 [================>.............] - ETA: 1:49 - loss: 0.3814 - mae: 0.2351 - mse: 0.1181 - ssim_metric: 0.4718
191/326 [================>.............] - ETA: 1:48 - loss: 0.3814 - mae: 0.2351 - mse: 0.1181 - ssim_metric: 0.4715
192/326 [================>.............] - ETA: 1:47 - loss: 0.3813 - mae: 0.2351 - mse: 0.1180 - ssim_metric: 0.4715
193/326 [================>.............] - ETA: 1:46 - loss: 0.3814 - mae: 0.2352 - mse: 0.1181 - ssim_metric: 0.4716
194/326 [================>.............] - ETA: 1:45 - loss: 0.3810 - mae: 0.2349 - mse: 0.1179 - ssim_metric: 0.4721
195/326 [================>.............] - ETA: 1:45 - loss: 0.3813 - mae: 0.2349 - mse: 0.1180 - ssim_metric: 0.4724
196/326 [=================>............] - ETA: 1:44 - loss: 0.3818 - mae: 0.2350 - mse: 0.1182 - ssim_metric: 0.4725
197/326 [=================>............] - ETA: 1:43 - loss: 0.3816 - mae: 0.2348 - mse: 0.1181 - ssim_metric: 0.4728
198/326 [=================>............] - ETA: 1:42 - loss: 0.3815 - mae: 0.2348 - mse: 0.1181 - ssim_metric: 0.4728
199/326 [=================>............] - ETA: 1:41 - loss: 0.3816 - mae: 0.2348 - mse: 0.1181 - ssim_metric: 0.4727
200/326 [=================>............] - ETA: 1:41 - loss: 0.3817 - mae: 0.2349 - mse: 0.1181 - ssim_metric: 0.4725
201/326 [=================>............] - ETA: 1:40 - loss: 0.3816 - mae: 0.2350 - mse: 0.1181 - ssim_metric: 0.4722
202/326 [=================>............] - ETA: 1:39 - loss: 0.3821 - mae: 0.2352 - mse: 0.1183 - ssim_metric: 0.4722
203/326 [=================>............] - ETA: 1:38 - loss: 0.3826 - mae: 0.2355 - mse: 0.1185 - ssim_metric: 0.4717
204/326 [=================>............] - ETA: 1:37 - loss: 0.3825 - mae: 0.2355 - mse: 0.1184 - ssim_metric: 0.4715
205/326 [=================>............] - ETA: 1:37 - loss: 0.3821 - mae: 0.2354 - mse: 0.1183 - ssim_metric: 0.4715
206/326 [=================>............] - ETA: 1:36 - loss: 0.3821 - mae: 0.2355 - mse: 0.1183 - ssim_metric: 0.4715
207/326 [==================>...........] - ETA: 1:35 - loss: 0.3820 - mae: 0.2355 - mse: 0.1182 - ssim_metric: 0.4715
208/326 [==================>...........] - ETA: 1:34 - loss: 0.3820 - mae: 0.2354 - mse: 0.1182 - ssim_metric: 0.4717
209/326 [==================>...........] - ETA: 1:33 - loss: 0.3820 - mae: 0.2354 - mse: 0.1182 - ssim_metric: 0.4719
210/326 [==================>...........] - ETA: 1:33 - loss: 0.3822 - mae: 0.2356 - mse: 0.1183 - ssim_metric: 0.4717
211/326 [==================>...........] - ETA: 1:32 - loss: 0.3822 - mae: 0.2354 - mse: 0.1183 - ssim_metric: 0.4723
212/326 [==================>...........] - ETA: 1:31 - loss: 0.3821 - mae: 0.2354 - mse: 0.1183 - ssim_metric: 0.4724
213/326 [==================>...........] - ETA: 1:30 - loss: 0.3818 - mae: 0.2352 - mse: 0.1182 - ssim_metric: 0.4726
214/326 [==================>...........] - ETA: 1:29 - loss: 0.3819 - mae: 0.2353 - mse: 0.1182 - ssim_metric: 0.4725
215/326 [==================>...........] - ETA: 1:29 - loss: 0.3819 - mae: 0.2353 - mse: 0.1182 - ssim_metric: 0.4724
216/326 [==================>...........] - ETA: 1:28 - loss: 0.3817 - mae: 0.2352 - mse: 0.1182 - ssim_metric: 0.4727
217/326 [==================>...........] - ETA: 1:27 - loss: 0.3818 - mae: 0.2352 - mse: 0.1182 - ssim_metric: 0.4727
218/326 [===================>..........] - ETA: 1:26 - loss: 0.3818 - mae: 0.2352 - mse: 0.1182 - ssim_metric: 0.4726
219/326 [===================>..........] - ETA: 1:25 - loss: 0.3818 - mae: 0.2352 - mse: 0.1182 - ssim_metric: 0.4726
220/326 [===================>..........] - ETA: 1:25 - loss: 0.3821 - mae: 0.2354 - mse: 0.1183 - ssim_metric: 0.4721
221/326 [===================>..........] - ETA: 1:24 - loss: 0.3823 - mae: 0.2356 - mse: 0.1184 - ssim_metric: 0.4717
222/326 [===================>..........] - ETA: 1:23 - loss: 0.3825 - mae: 0.2358 - mse: 0.1185 - ssim_metric: 0.4711
223/326 [===================>..........] - ETA: 1:22 - loss: 0.3823 - mae: 0.2358 - mse: 0.1184 - ssim_metric: 0.4712
224/326 [===================>..........] - ETA: 1:21 - loss: 0.3825 - mae: 0.2360 - mse: 0.1185 - ssim_metric: 0.4709
225/326 [===================>..........] - ETA: 1:21 - loss: 0.3827 - mae: 0.2361 - mse: 0.1186 - ssim_metric: 0.4706
226/326 [===================>..........] - ETA: 1:20 - loss: 0.3828 - mae: 0.2361 - mse: 0.1186 - ssim_metric: 0.4707
227/326 [===================>..........] - ETA: 1:19 - loss: 0.3826 - mae: 0.2359 - mse: 0.1185 - ssim_metric: 0.4710
228/326 [===================>..........] - ETA: 1:18 - loss: 0.3825 - mae: 0.2359 - mse: 0.1185 - ssim_metric: 0.4712
229/326 [====================>.........] - ETA: 1:17 - loss: 0.3829 - mae: 0.2361 - mse: 0.1186 - ssim_metric: 0.4708
230/326 [====================>.........] - ETA: 1:17 - loss: 0.3828 - mae: 0.2361 - mse: 0.1186 - ssim_metric: 0.4707
231/326 [====================>.........] - ETA: 1:16 - loss: 0.3827 - mae: 0.2360 - mse: 0.1186 - ssim_metric: 0.4707
232/326 [====================>.........] - ETA: 1:15 - loss: 0.3826 - mae: 0.2360 - mse: 0.1185 - ssim_metric: 0.4708
233/326 [====================>.........] - ETA: 1:14 - loss: 0.3828 - mae: 0.2360 - mse: 0.1186 - ssim_metric: 0.4709
234/326 [====================>.........] - ETA: 1:13 - loss: 0.3830 - mae: 0.2362 - mse: 0.1187 - ssim_metric: 0.4704
235/326 [====================>.........] - ETA: 1:13 - loss: 0.3830 - mae: 0.2362 - mse: 0.1187 - ssim_metric: 0.4704
236/326 [====================>.........] - ETA: 1:12 - loss: 0.3825 - mae: 0.2360 - mse: 0.1185 - ssim_metric: 0.4708
237/326 [====================>.........] - ETA: 1:11 - loss: 0.3823 - mae: 0.2359 - mse: 0.1184 - ssim_metric: 0.4712
238/326 [====================>.........] - ETA: 1:10 - loss: 0.3825 - mae: 0.2359 - mse: 0.1185 - ssim_metric: 0.4712
239/326 [====================>.........] - ETA: 1:09 - loss: 0.3820 - mae: 0.2356 - mse: 0.1183 - ssim_metric: 0.4718
240/326 [=====================>........] - ETA: 1:09 - loss: 0.3820 - mae: 0.2356 - mse: 0.1183 - ssim_metric: 0.4721
241/326 [=====================>........] - ETA: 1:08 - loss: 0.3819 - mae: 0.2355 - mse: 0.1183 - ssim_metric: 0.4723
242/326 [=====================>........] - ETA: 1:07 - loss: 0.3815 - mae: 0.2352 - mse: 0.1182 - ssim_metric: 0.4728
243/326 [=====================>........] - ETA: 1:06 - loss: 0.3815 - mae: 0.2351 - mse: 0.1181 - ssim_metric: 0.4732
244/326 [=====================>........] - ETA: 1:05 - loss: 0.3815 - mae: 0.2351 - mse: 0.1182 - ssim_metric: 0.4733
245/326 [=====================>........] - ETA: 1:05 - loss: 0.3816 - mae: 0.2352 - mse: 0.1182 - ssim_metric: 0.4731
246/326 [=====================>........] - ETA: 1:04 - loss: 0.3815 - mae: 0.2351 - mse: 0.1182 - ssim_metric: 0.4733
247/326 [=====================>........] - ETA: 1:03 - loss: 0.3815 - mae: 0.2352 - mse: 0.1182 - ssim_metric: 0.4732
248/326 [=====================>........] - ETA: 1:02 - loss: 0.3818 - mae: 0.2353 - mse: 0.1183 - ssim_metric: 0.4731
249/326 [=====================>........] - ETA: 1:01 - loss: 0.3820 - mae: 0.2355 - mse: 0.1184 - ssim_metric: 0.4727
250/326 [======================>.......] - ETA: 1:00 - loss: 0.3819 - mae: 0.2355 - mse: 0.1183 - ssim_metric: 0.4726
251/326 [======================>.......] - ETA: 1:00 - loss: 0.3817 - mae: 0.2355 - mse: 0.1183 - ssim_metric: 0.4725
252/326 [======================>.......] - ETA: 59s - loss: 0.3813 - mae: 0.2353 - mse: 0.1181 - ssim_metric: 0.4726 
253/326 [======================>.......] - ETA: 58s - loss: 0.3819 - mae: 0.2355 - mse: 0.1183 - ssim_metric: 0.4725
254/326 [======================>.......] - ETA: 57s - loss: 0.3819 - mae: 0.2356 - mse: 0.1183 - ssim_metric: 0.4725
255/326 [======================>.......] - ETA: 56s - loss: 0.3816 - mae: 0.2354 - mse: 0.1182 - ssim_metric: 0.4727
256/326 [======================>.......] - ETA: 56s - loss: 0.3818 - mae: 0.2355 - mse: 0.1183 - ssim_metric: 0.4727
257/326 [======================>.......] - ETA: 55s - loss: 0.3818 - mae: 0.2355 - mse: 0.1183 - ssim_metric: 0.4728
258/326 [======================>.......] - ETA: 54s - loss: 0.3820 - mae: 0.2355 - mse: 0.1184 - ssim_metric: 0.4727
259/326 [======================>.......] - ETA: 53s - loss: 0.3822 - mae: 0.2356 - mse: 0.1184 - ssim_metric: 0.4725
260/326 [======================>.......] - ETA: 52s - loss: 0.3819 - mae: 0.2355 - mse: 0.1183 - ssim_metric: 0.4727
261/326 [=======================>......] - ETA: 52s - loss: 0.3821 - mae: 0.2355 - mse: 0.1184 - ssim_metric: 0.4727
262/326 [=======================>......] - ETA: 51s - loss: 0.3817 - mae: 0.2354 - mse: 0.1182 - ssim_metric: 0.4727
263/326 [=======================>......] - ETA: 50s - loss: 0.3822 - mae: 0.2356 - mse: 0.1184 - ssim_metric: 0.4724
264/326 [=======================>......] - ETA: 49s - loss: 0.3823 - mae: 0.2356 - mse: 0.1184 - ssim_metric: 0.4724
265/326 [=======================>......] - ETA: 48s - loss: 0.3823 - mae: 0.2357 - mse: 0.1184 - ssim_metric: 0.4722
266/326 [=======================>......] - ETA: 48s - loss: 0.3824 - mae: 0.2358 - mse: 0.1185 - ssim_metric: 0.4717
267/326 [=======================>......] - ETA: 47s - loss: 0.3825 - mae: 0.2360 - mse: 0.1185 - ssim_metric: 0.4714
268/326 [=======================>......] - ETA: 46s - loss: 0.3826 - mae: 0.2361 - mse: 0.1185 - ssim_metric: 0.4710
269/326 [=======================>......] - ETA: 45s - loss: 0.3825 - mae: 0.2361 - mse: 0.1185 - ssim_metric: 0.4709
270/326 [=======================>......] - ETA: 44s - loss: 0.3827 - mae: 0.2362 - mse: 0.1186 - ssim_metric: 0.4707
271/326 [=======================>......] - ETA: 44s - loss: 0.3828 - mae: 0.2363 - mse: 0.1186 - ssim_metric: 0.4707
272/326 [========================>.....] - ETA: 43s - loss: 0.3827 - mae: 0.2362 - mse: 0.1186 - ssim_metric: 0.4708
273/326 [========================>.....] - ETA: 42s - loss: 0.3824 - mae: 0.2361 - mse: 0.1185 - ssim_metric: 0.4711
274/326 [========================>.....] - ETA: 41s - loss: 0.3825 - mae: 0.2362 - mse: 0.1185 - ssim_metric: 0.4710
275/326 [========================>.....] - ETA: 40s - loss: 0.3827 - mae: 0.2362 - mse: 0.1186 - ssim_metric: 0.4713
276/326 [========================>.....] - ETA: 40s - loss: 0.3827 - mae: 0.2362 - mse: 0.1186 - ssim_metric: 0.4712
277/326 [========================>.....] - ETA: 39s - loss: 0.3829 - mae: 0.2363 - mse: 0.1187 - ssim_metric: 0.4710
278/326 [========================>.....] - ETA: 38s - loss: 0.3828 - mae: 0.2363 - mse: 0.1187 - ssim_metric: 0.4711
279/326 [========================>.....] - ETA: 37s - loss: 0.3826 - mae: 0.2361 - mse: 0.1186 - ssim_metric: 0.4715
280/326 [========================>.....] - ETA: 36s - loss: 0.3825 - mae: 0.2361 - mse: 0.1185 - ssim_metric: 0.4714
281/326 [========================>.....] - ETA: 36s - loss: 0.3828 - mae: 0.2362 - mse: 0.1186 - ssim_metric: 0.4712
282/326 [========================>.....] - ETA: 35s - loss: 0.3830 - mae: 0.2363 - mse: 0.1187 - ssim_metric: 0.4713
283/326 [=========================>....] - ETA: 34s - loss: 0.3834 - mae: 0.2364 - mse: 0.1188 - ssim_metric: 0.4711
284/326 [=========================>....] - ETA: 33s - loss: 0.3833 - mae: 0.2365 - mse: 0.1188 - ssim_metric: 0.4709
285/326 [=========================>....] - ETA: 32s - loss: 0.3834 - mae: 0.2367 - mse: 0.1188 - ssim_metric: 0.4706
286/326 [=========================>....] - ETA: 32s - loss: 0.3835 - mae: 0.2367 - mse: 0.1189 - ssim_metric: 0.4703
287/326 [=========================>....] - ETA: 31s - loss: 0.3839 - mae: 0.2369 - mse: 0.1190 - ssim_metric: 0.4702
288/326 [=========================>....] - ETA: 30s - loss: 0.3843 - mae: 0.2371 - mse: 0.1192 - ssim_metric: 0.4699
289/326 [=========================>....] - ETA: 29s - loss: 0.3843 - mae: 0.2371 - mse: 0.1192 - ssim_metric: 0.4698
290/326 [=========================>....] - ETA: 28s - loss: 0.3845 - mae: 0.2373 - mse: 0.1193 - ssim_metric: 0.4697
291/326 [=========================>....] - ETA: 28s - loss: 0.3847 - mae: 0.2374 - mse: 0.1193 - ssim_metric: 0.4694
292/326 [=========================>....] - ETA: 27s - loss: 0.3845 - mae: 0.2374 - mse: 0.1192 - ssim_metric: 0.4694
293/326 [=========================>....] - ETA: 26s - loss: 0.3844 - mae: 0.2373 - mse: 0.1192 - ssim_metric: 0.4694
294/326 [==========================>...] - ETA: 25s - loss: 0.3846 - mae: 0.2375 - mse: 0.1193 - ssim_metric: 0.4692
295/326 [==========================>...] - ETA: 24s - loss: 0.3846 - mae: 0.2375 - mse: 0.1193 - ssim_metric: 0.4691
296/326 [==========================>...] - ETA: 24s - loss: 0.3844 - mae: 0.2374 - mse: 0.1192 - ssim_metric: 0.4693
297/326 [==========================>...] - ETA: 23s - loss: 0.3845 - mae: 0.2375 - mse: 0.1192 - ssim_metric: 0.4693
298/326 [==========================>...] - ETA: 22s - loss: 0.3841 - mae: 0.2373 - mse: 0.1191 - ssim_metric: 0.4698
299/326 [==========================>...] - ETA: 21s - loss: 0.3839 - mae: 0.2371 - mse: 0.1190 - ssim_metric: 0.4700
300/326 [==========================>...] - ETA: 20s - loss: 0.3839 - mae: 0.2371 - mse: 0.1190 - ssim_metric: 0.4702
301/326 [==========================>...] - ETA: 20s - loss: 0.3837 - mae: 0.2369 - mse: 0.1189 - ssim_metric: 0.4706
302/326 [==========================>...] - ETA: 19s - loss: 0.3840 - mae: 0.2370 - mse: 0.1191 - ssim_metric: 0.4704
303/326 [==========================>...] - ETA: 18s - loss: 0.3840 - mae: 0.2370 - mse: 0.1191 - ssim_metric: 0.4704
304/326 [==========================>...] - ETA: 17s - loss: 0.3842 - mae: 0.2370 - mse: 0.1191 - ssim_metric: 0.4704
305/326 [===========================>..] - ETA: 16s - loss: 0.3842 - mae: 0.2371 - mse: 0.1191 - ssim_metric: 0.4703
306/326 [===========================>..] - ETA: 16s - loss: 0.3841 - mae: 0.2371 - mse: 0.1191 - ssim_metric: 0.4702
307/326 [===========================>..] - ETA: 15s - loss: 0.3842 - mae: 0.2372 - mse: 0.1191 - ssim_metric: 0.4700
308/326 [===========================>..] - ETA: 14s - loss: 0.3841 - mae: 0.2371 - mse: 0.1191 - ssim_metric: 0.4701
309/326 [===========================>..] - ETA: 13s - loss: 0.3841 - mae: 0.2371 - mse: 0.1191 - ssim_metric: 0.4701
310/326 [===========================>..] - ETA: 12s - loss: 0.3841 - mae: 0.2371 - mse: 0.1191 - ssim_metric: 0.4699
311/326 [===========================>..] - ETA: 12s - loss: 0.3839 - mae: 0.2371 - mse: 0.1190 - ssim_metric: 0.4700
312/326 [===========================>..] - ETA: 11s - loss: 0.3839 - mae: 0.2371 - mse: 0.1190 - ssim_metric: 0.4699
313/326 [===========================>..] - ETA: 10s - loss: 0.3840 - mae: 0.2371 - mse: 0.1191 - ssim_metric: 0.4699
314/326 [===========================>..] - ETA: 9s - loss: 0.3842 - mae: 0.2371 - mse: 0.1191 - ssim_metric: 0.4701 
315/326 [===========================>..] - ETA: 8s - loss: 0.3844 - mae: 0.2372 - mse: 0.1192 - ssim_metric: 0.4698
316/326 [============================>.] - ETA: 8s - loss: 0.3843 - mae: 0.2372 - mse: 0.1192 - ssim_metric: 0.4698
317/326 [============================>.] - ETA: 7s - loss: 0.3842 - mae: 0.2371 - mse: 0.1191 - ssim_metric: 0.4699
318/326 [============================>.] - ETA: 6s - loss: 0.3840 - mae: 0.2371 - mse: 0.1191 - ssim_metric: 0.4700
319/326 [============================>.] - ETA: 5s - loss: 0.3845 - mae: 0.2373 - mse: 0.1192 - ssim_metric: 0.4697
320/326 [============================>.] - ETA: 4s - loss: 0.3845 - mae: 0.2373 - mse: 0.1192 - ssim_metric: 0.4696
321/326 [============================>.] - ETA: 4s - loss: 0.3846 - mae: 0.2374 - mse: 0.1192 - ssim_metric: 0.4694
322/326 [============================>.] - ETA: 3s - loss: 0.3844 - mae: 0.2373 - mse: 0.1192 - ssim_metric: 0.4693
323/326 [============================>.] - ETA: 2s - loss: 0.3843 - mae: 0.2373 - mse: 0.1192 - ssim_metric: 0.4694
324/326 [============================>.] - ETA: 1s - loss: 0.3848 - mae: 0.2375 - mse: 0.1193 - ssim_metric: 0.4692
325/326 [============================>.] - ETA: 0s - loss: 0.3848 - mae: 0.2375 - mse: 0.1193 - ssim_metric: 0.4692
326/326 [==============================] - ETA: 0s - loss: 0.3849 - mae: 0.2375 - mse: 0.1194 - ssim_metric: 0.4693
Epoch 20: saving model to C:\d_surucusu\visual_navigation\benchmark\models_pipeline\20260909_223425\bce_b16\_JOB_bce_b16_10_09_2026__07_13_model_f48_k4_epoch_00020_helu_osigmoid_(1, 1)_.h5

Epoch 20: val_loss did not improve from 0.34710

Epoch 20: val_mae did not improve from 0.21601

Epoch 20: val_ssim_metric did not improve from 0.56049

326/326 [==============================] - 277s 851ms/step - loss: 0.3849 - mae: 0.2375 - mse: 0.1194 - ssim_metric: 0.4693 - val_loss: 0.3494 - val_mae: 0.2198 - val_mse: 0.1062 - val_ssim_metric: 0.5079

Final model kaydedildi: C:\d_surucusu\visual_navigation\benchmark\models_pipeline\20260909_223425\bce_b16\_JOB_bce_b16_10_09_2026__08_51_son_model.h5

============================================================
                    EM TAMAMLANDI
============================================================

